file	pos	c*ABBA	c*BABA	c*AABB	D*	QuartetCnt
C:\Users\isaac\phlag\caster\data\ape.fa	0	1.06259	0.820426	6.55077	0.0287138	200000
C:\Users\isaac\phlag\caster\data\ape.fa	100	1.06259	0.820426	6.60779	0.028521	200000
C:\Users\isaac\phlag\caster\data\ape.fa	200	1.0896	0.791698	6.60779	0.035092	200000
C:\Users\isaac\phlag\caster\data\ape.fa	300	1.0896	0.777068	6.58005	0.0370001	200000
C:\Users\isaac\phlag\caster\data\ape.fa	400	1.0896	0.777068	6.58005	0.0370001	200000
C:\Users\isaac\phlag\caster\data\ape.fa	500	1.0896	0.777068	6.58005	0.0370001	200000
C:\Users\isaac\phlag\caster\data\ape.fa	600	1.15439	0.777068	6.57954	0.0443337	200000
C:\Users\isaac\phlag\caster\data\ape.fa	700	1.15439	0.777068	6.45702	0.0449812	200000
C:\Users\isaac\phlag\caster\data\ape.fa	800	1.16677	0.690761	6.44063	0.0573632	200000
C:\Users\isaac\phlag\caster\data\ape.fa	900	1.16677	0.690761	6.38207	0.0577709	200000
C:\Users\isaac\phlag\caster\data\ape.fa	1000	1.16677	0.690761	6.38207	0.0577709	200000
C:\Users\isaac\phlag\caster\data\ape.fa	1100	1.19738	0.663983	6.38207	0.0647053	200000
C:\Users\isaac\phlag\caster\data\ape.fa	1200	1.14325	0.609861	6.38465	0.0655455	200000
C:\Users\isaac\phlag\caster\data\ape.fa	1300	1.11189	0.609861	6.47602	0.0612399	200000
C:\Users\isaac\phlag\caster\data\ape.fa	1400	1.11189	0.609861	6.47602	0.0612399	200000
C:\Users\isaac\phlag\caster\data\ape.fa	1500	1.09659	0.609861	6.51802	0.0591812	200000
C:\Users\isaac\phlag\caster\data\ape.fa	1600	1.12666	0.609861	6.42826	0.0632964	200000
C:\Users\isaac\phlag\caster\data\ape.fa	1700	1.12666	0.609861	6.33802	0.0640037	200000
C:\Users\isaac\phlag\caster\data\ape.fa	1800	1.12666	0.609861	6.28058	0.0644623	200000
C:\Users\isaac\phlag\caster\data\ape.fa	1900	1.09798	0.609861	6.25127	0.0613285	200000
C:\Users\isaac\phlag\caster\data\ape.fa	2000	1.09798	0.609861	6.27864	0.0611183	200000
C:\Users\isaac\phlag\caster\data\ape.fa	2100	1.09798	0.609861	6.27564	0.0611413	200000
C:\Users\isaac\phlag\caster\data\ape.fa	2200	1.09798	0.609861	6.21677	0.0615955	200000
C:\Users\isaac\phlag\caster\data\ape.fa	2300	1.09798	0.633968	6.26498	0.0580239	200000
C:\Users\isaac\phlag\caster\data\ape.fa	2400	1.09798	0.633968	6.3247	0.0575939	200000
C:\Users\isaac\phlag\caster\data\ape.fa	2500	1.09798	0.647385	6.3247	0.0558356	200000
C:\Users\isaac\phlag\caster\data\ape.fa	2600	1.12737	0.647385	6.26296	0.0597164	200000
C:\Users\isaac\phlag\caster\data\ape.fa	2700	1.12737	0.647385	6.23307	0.0599393	200000
C:\Users\isaac\phlag\caster\data\ape.fa	2800	1.12737	0.618165	6.23307	0.0638211	200000
C:\Users\isaac\phlag\caster\data\ape.fa	2900	1.12737	0.618165	6.23307	0.0638211	200000
C:\Users\isaac\phlag\caster\data\ape.fa	3000	1.12737	0.586892	6.23307	0.0680072	200000
C:\Users\isaac\phlag\caster\data\ape.fa	3100	1.12737	0.586832	6.14054	0.0688165	200000
C:\Users\isaac\phlag\caster\data\ape.fa	3200	1.12737	0.586832	6.11185	0.0690689	200000
C:\Users\isaac\phlag\caster\data\ape.fa	3300	1.18777	0.586832	6.02116	0.077085	200000
C:\Users\isaac\phlag\caster\data\ape.fa	3400	1.18777	0.586832	6.02002	0.0770962	200000
C:\Users\isaac\phlag\caster\data\ape.fa	3500	1.12977	0.586832	6.02002	0.0701779	200000
C:\Users\isaac\phlag\caster\data\ape.fa	3600	1.0982	0.586832	6.02002	0.0663676	200000
C:\Users\isaac\phlag\caster\data\ape.fa	3700	1.0982	0.525581	5.9894	0.0752139	200000
C:\Users\isaac\phlag\caster\data\ape.fa	3800	1.0982	0.525581	5.9894	0.0752139	200000
C:\Users\isaac\phlag\caster\data\ape.fa	3900	1.0982	0.525581	5.9894	0.0752139	200000
C:\Users\isaac\phlag\caster\data\ape.fa	4000	1.0982	0.525581	5.9894	0.0752139	200000
C:\Users\isaac\phlag\caster\data\ape.fa	4100	1.0982	0.539796	5.98875	0.0732162	200000
C:\Users\isaac\phlag\caster\data\ape.fa	4200	1.06685	0.539796	6.01919	0.0691142	200000
C:\Users\isaac\phlag\caster\data\ape.fa	4300	1.06685	0.539796	5.89695	0.0702402	200000
C:\Users\isaac\phlag\caster\data\ape.fa	4400	1.06685	0.539796	5.95846	0.0696691	200000
C:\Users\isaac\phlag\caster\data\ape.fa	4500	1.08349	0.539796	5.94414	0.0718471	200000
C:\Users\isaac\phlag\caster\data\ape.fa	4600	1.08349	0.539796	5.94309	0.0718571	200000
C:\Users\isaac\phlag\caster\data\ape.fa	4700	1.08349	0.539796	6.00507	0.0712732	200000
C:\Users\isaac\phlag\caster\data\ape.fa	4800	1.08349	0.539796	6.0832	0.0705507	200000
C:\Users\isaac\phlag\caster\data\ape.fa	4900	1.08349	0.539796	5.91504	0.0721244	200000
C:\Users\isaac\phlag\caster\data\ape.fa	5000	1.08349	0.539796	5.85414	0.0727119	200000
C:\Users\isaac\phlag\caster\data\ape.fa	5100	1.08349	0.539796	5.82402	0.0730059	200000
C:\Users\isaac\phlag\caster\data\ape.fa	5200	1.08349	0.515032	5.82402	0.0765859	200000
C:\Users\isaac\phlag\caster\data\ape.fa	5300	1.08349	0.501882	5.8577	0.0781413	200000
C:\Users\isaac\phlag\caster\data\ape.fa	5400	1.08349	0.501882	5.88526	0.077853	200000
C:\Users\isaac\phlag\caster\data\ape.fa	5500	1.08349	0.501882	5.82746	0.0784601	200000
C:\Users\isaac\phlag\caster\data\ape.fa	5600	1.08349	0.501882	5.79501	0.0788051	200000
C:\Users\isaac\phlag\caster\data\ape.fa	5700	1.08349	0.501882	5.81879	0.0785521	200000
C:\Users\isaac\phlag\caster\data\ape.fa	5800	1.05368	0.501882	5.83986	0.074614	200000
C:\Users\isaac\phlag\caster\data\ape.fa	5900	1.05368	0.435657	5.83986	0.084324	200000
C:\Users\isaac\phlag\caster\data\ape.fa	6000	1.02323	0.435657	5.89466	0.0799036	200000
C:\Users\isaac\phlag\caster\data\ape.fa	6100	1.02323	0.435657	5.83275	0.0805821	200000
C:\Users\isaac\phlag\caster\data\ape.fa	6200	1.02323	0.435657	5.83275	0.0805821	200000
C:\Users\isaac\phlag\caster\data\ape.fa	6300	1.02323	0.377562	5.83275	0.0892606	200000
C:\Users\isaac\phlag\caster\data\ape.fa	6400	1.02323	0.377562	5.7716	0.0900216	200000
C:\Users\isaac\phlag\caster\data\ape.fa	6500	1.02323	0.377562	5.77159	0.0900217	200000
C:\Users\isaac\phlag\caster\data\ape.fa	6600	1.02323	0.311355	5.77159	0.100177	200000
C:\Users\isaac\phlag\caster\data\ape.fa	6700	1.02323	0.311355	5.77159	0.100177	200000
C:\Users\isaac\phlag\caster\data\ape.fa	6800	1.02323	0.311355	5.77672	0.100105	200000
C:\Users\isaac\phlag\caster\data\ape.fa	6900	1.02323	0.311355	5.72305	0.100866	200000
C:\Users\isaac\phlag\caster\data\ape.fa	7000	1.02323	0.311355	5.72305	0.100866	200000
C:\Users\isaac\phlag\caster\data\ape.fa	7100	1.02323	0.32718	5.72305	0.0984034	200000
C:\Users\isaac\phlag\caster\data\ape.fa	7200	1.02323	0.32718	5.72305	0.0984034	200000
C:\Users\isaac\phlag\caster\data\ape.fa	7300	1.02323	0.32718	5.71592	0.0985026	200000
C:\Users\isaac\phlag\caster\data\ape.fa	7400	1.02323	0.27281	5.71592	0.10702	200000
C:\Users\isaac\phlag\caster\data\ape.fa	7500	1.02547	0.27281	5.71592	0.107306	200000
C:\Users\isaac\phlag\caster\data\ape.fa	7600	1.04064	0.287734	5.76195	0.106188	200000
C:\Users\isaac\phlag\caster\data\ape.fa	7700	1.04064	0.287734	5.76155	0.106194	200000
C:\Users\isaac\phlag\caster\data\ape.fa	7800	1.04064	0.301994	5.76155	0.103973	200000
C:\Users\isaac\phlag\caster\data\ape.fa	7900	1.04064	0.301994	5.76155	0.103973	200000
C:\Users\isaac\phlag\caster\data\ape.fa	8000	0.999974	0.301994	5.76155	0.0988149	200000
C:\Users\isaac\phlag\caster\data\ape.fa	8100	0.950623	0.301994	5.71592	0.0930798	200000
C:\Users\isaac\phlag\caster\data\ape.fa	8200	0.952513	0.301994	5.71592	0.0933256	200000
C:\Users\isaac\phlag\caster\data\ape.fa	8300	0.952513	0.286515	5.71592	0.0957588	200000
C:\Users\isaac\phlag\caster\data\ape.fa	8400	0.952513	0.286515	5.74552	0.0953529	200000
C:\Users\isaac\phlag\caster\data\ape.fa	8500	0.952513	0.286515	5.7484	0.0953136	200000
C:\Users\isaac\phlag\caster\data\ape.fa	8600	0.952513	0.286515	5.77796	0.0949121	200000
C:\Users\isaac\phlag\caster\data\ape.fa	8700	0.952513	0.286515	5.83831	0.0941028	200000
C:\Users\isaac\phlag\caster\data\ape.fa	8800	0.952513	0.286515	5.83831	0.0941028	200000
C:\Users\isaac\phlag\caster\data\ape.fa	8900	0.952513	0.27123	5.89703	0.0956753	200000
C:\Users\isaac\phlag\caster\data\ape.fa	9000	0.952513	0.27123	5.89703	0.0956753	200000
C:\Users\isaac\phlag\caster\data\ape.fa	9100	0.952513	0.27123	5.89703	0.0956753	200000
C:\Users\isaac\phlag\caster\data\ape.fa	9200	0.952513	0.27123	5.89703	0.0956753	200000
C:\Users\isaac\phlag\caster\data\ape.fa	9300	0.952513	0.27123	5.95627	0.094886	200000
C:\Users\isaac\phlag\caster\data\ape.fa	9400	0.952513	0.27123	6.1295	0.0926506	200000
C:\Users\isaac\phlag\caster\data\ape.fa	9500	0.952513	0.27123	6.1295	0.0926506	200000
C:\Users\isaac\phlag\caster\data\ape.fa	9600	0.952513	0.320832	6.1295	0.0853294	200000
C:\Users\isaac\phlag\caster\data\ape.fa	9700	0.952513	0.320832	6.1295	0.0853294	200000
C:\Users\isaac\phlag\caster\data\ape.fa	9800	0.952513	0.320832	5.9478	0.0874764	200000
C:\Users\isaac\phlag\caster\data\ape.fa	9900	0.952513	0.320832	5.88667	0.0882233	200000
C:\Users\isaac\phlag\caster\data\ape.fa	10000	0.952513	0.380319	5.82733	0.0799136	200000
C:\Users\isaac\phlag\caster\data\ape.fa	10100	0.952513	0.380319	5.82169	0.0799765	200000
C:\Users\isaac\phlag\caster\data\ape.fa	10200	0.952513	0.380319	5.82169	0.0799765	200000
C:\Users\isaac\phlag\caster\data\ape.fa	10300	1.00807	0.380319	5.82169	0.0870654	200000
C:\Users\isaac\phlag\caster\data\ape.fa	10400	1.00807	0.380319	5.82169	0.0870654	200000
C:\Users\isaac\phlag\caster\data\ape.fa	10500	1.00807	0.380319	5.79229	0.087422	200000
C:\Users\isaac\phlag\caster\data\ape.fa	10600	1.00807	0.380319	5.80136	0.0873116	200000
C:\Users\isaac\phlag\caster\data\ape.fa	10700	1.03742	0.380319	5.86121	0.0902747	200000
C:\Users\isaac\phlag\caster\data\ape.fa	10800	1.03742	0.380319	5.91998	0.0895517	200000
C:\Users\isaac\phlag\caster\data\ape.fa	10900	1.03742	0.380319	5.85824	0.0903116	200000
C:\Users\isaac\phlag\caster\data\ape.fa	11000	1.06739	0.380319	5.88728	0.0936702	200000
C:\Users\isaac\phlag\caster\data\ape.fa	11100	1.03698	0.380319	5.85687	0.0902728	200000
C:\Users\isaac\phlag\caster\data\ape.fa	11200	1.03698	0.380319	5.82616	0.0906555	200000
C:\Users\isaac\phlag\caster\data\ape.fa	11300	1.03698	0.380319	5.94636	0.0891757	200000
C:\Users\isaac\phlag\caster\data\ape.fa	11400	1.03698	0.380319	6.03698	0.0880916	200000
C:\Users\isaac\phlag\caster\data\ape.fa	11500	1.03698	0.380319	6.0975	0.0873822	200000
C:\Users\isaac\phlag\caster\data\ape.fa	11600	1.03698	0.380319	6.06722	0.0877356	200000
C:\Users\isaac\phlag\caster\data\ape.fa	11700	1.03698	0.380319	6.06237	0.0877926	200000
C:\Users\isaac\phlag\caster\data\ape.fa	11800	1.03698	0.380319	6.11119	0.0872233	200000
C:\Users\isaac\phlag\caster\data\ape.fa	11900	1.03698	0.380319	6.11119	0.0872233	200000
C:\Users\isaac\phlag\caster\data\ape.fa	12000	1.03698	0.411218	6.11119	0.0827792	200000
C:\Users\isaac\phlag\caster\data\ape.fa	12100	1.03698	0.411218	6.05631	0.0833845	200000
C:\Users\isaac\phlag\caster\data\ape.fa	12200	1.03698	0.411218	6.05631	0.0833845	200000
C:\Users\isaac\phlag\caster\data\ape.fa	12300	1.03698	0.411218	5.87925	0.0853994	200000
C:\Users\isaac\phlag\caster\data\ape.fa	12400	1.06599	0.411218	5.70005	0.0912292	200000
C:\Users\isaac\phlag\caster\data\ape.fa	12500	1.09588	0.411218	5.48897	0.0978636	200000
C:\Users\isaac\phlag\caster\data\ape.fa	12600	1.09588	0.398577	5.54799	0.0990139	200000
C:\Users\isaac\phlag\caster\data\ape.fa	12700	1.09588	0.398577	5.51778	0.0994405	200000
C:\Users\isaac\phlag\caster\data\ape.fa	12800	1.09588	0.413944	5.57137	0.0963022	200000
C:\Users\isaac\phlag\caster\data\ape.fa	12900	1.09588	0.384721	5.57137	0.100845	200000
C:\Users\isaac\phlag\caster\data\ape.fa	13000	1.09588	0.338576	5.60019	0.107653	200000
C:\Users\isaac\phlag\caster\data\ape.fa	13100	1.09588	0.310821	5.60019	0.112041	200000
C:\Users\isaac\phlag\caster\data\ape.fa	13200	1.09588	0.310821	5.60019	0.112041	200000
C:\Users\isaac\phlag\caster\data\ape.fa	13300	1.11771	0.321759	5.60019	0.113066	200000
C:\Users\isaac\phlag\caster\data\ape.fa	13400	1.11771	0.321759	5.56989	0.113555	200000
C:\Users\isaac\phlag\caster\data\ape.fa	13500	1.11771	0.321759	5.56989	0.113555	200000
C:\Users\isaac\phlag\caster\data\ape.fa	13600	1.08945	0.307629	5.62866	0.111279	200000
C:\Users\isaac\phlag\caster\data\ape.fa	13700	1.06255	0.307629	5.6906	0.106917	200000
C:\Users\isaac\phlag\caster\data\ape.fa	13800	1.06255	0.281901	5.66609	0.111353	200000
C:\Users\isaac\phlag\caster\data\ape.fa	13900	1.06255	0.281901	5.66609	0.111353	200000
C:\Users\isaac\phlag\caster\data\ape.fa	14000	1.06255	0.267416	5.63659	0.114135	200000
C:\Users\isaac\phlag\caster\data\ape.fa	14100	1.06255	0.267416	5.69764	0.113144	200000
C:\Users\isaac\phlag\caster\data\ape.fa	14200	1.06255	0.296784	5.63892	0.109422	200000
C:\Users\isaac\phlag\caster\data\ape.fa	14300	1.06255	0.296784	5.60881	0.109895	200000
C:\Users\isaac\phlag\caster\data\ape.fa	14400	1.06255	0.296784	5.60881	0.109895	200000
C:\Users\isaac\phlag\caster\data\ape.fa	14500	1.06255	0.296784	5.60881	0.109895	200000
C:\Users\isaac\phlag\caster\data\ape.fa	14600	1.06255	0.296784	5.63477	0.109487	200000
C:\Users\isaac\phlag\caster\data\ape.fa	14700	1.06255	0.296784	5.63129	0.109541	200000
C:\Users\isaac\phlag\caster\data\ape.fa	14800	1.03232	0.296784	5.63129	0.105675	200000
C:\Users\isaac\phlag\caster\data\ape.fa	14900	1.03232	0.296784	5.63129	0.105675	200000
C:\Users\isaac\phlag\caster\data\ape.fa	15000	1.03232	0.281324	5.63685	0.10805	200000
C:\Users\isaac\phlag\caster\data\ape.fa	15100	1.03232	0.281324	5.6969	0.107124	200000
C:\Users\isaac\phlag\caster\data\ape.fa	15200	1.06345	0.280029	5.60938	0.112676	200000
C:\Users\isaac\phlag\caster\data\ape.fa	15300	1.06345	0.280029	5.60942	0.112675	200000
C:\Users\isaac\phlag\caster\data\ape.fa	15400	1.06345	0.292668	5.60895	0.110664	200000
C:\Users\isaac\phlag\caster\data\ape.fa	15500	1.06345	0.292668	5.60895	0.110664	200000
C:\Users\isaac\phlag\caster\data\ape.fa	15600	1.06345	0.292668	5.70136	0.109215	200000
C:\Users\isaac\phlag\caster\data\ape.fa	15700	1.06345	0.352434	5.69808	0.0999463	200000
C:\Users\isaac\phlag\caster\data\ape.fa	15800	1.08597	0.326612	5.71729	0.106503	200000
C:\Users\isaac\phlag\caster\data\ape.fa	15900	1.08597	0.310988	5.71695	0.108938	200000
C:\Users\isaac\phlag\caster\data\ape.fa	16000	1.08597	0.310988	5.7136	0.10899	200000
C:\Users\isaac\phlag\caster\data\ape.fa	16100	1.08597	0.310988	5.7136	0.10899	200000
C:\Users\isaac\phlag\caster\data\ape.fa	16200	1.08597	0.310988	5.7136	0.10899	200000
C:\Users\isaac\phlag\caster\data\ape.fa	16300	1.08597	0.296234	5.7136	0.111296	200000
C:\Users\isaac\phlag\caster\data\ape.fa	16400	1.08597	0.296234	5.7136	0.111296	200000
C:\Users\isaac\phlag\caster\data\ape.fa	16500	1.08597	0.296234	5.74229	0.110847	200000
C:\Users\isaac\phlag\caster\data\ape.fa	16600	1.08597	0.296234	5.74229	0.110847	200000
C:\Users\isaac\phlag\caster\data\ape.fa	16700	1.08597	0.296234	5.74229	0.110847	200000
C:\Users\isaac\phlag\caster\data\ape.fa	16800	1.08597	0.296234	5.74229	0.110847	200000
C:\Users\isaac\phlag\caster\data\ape.fa	16900	1.08597	0.296234	5.74229	0.110847	200000
C:\Users\isaac\phlag\caster\data\ape.fa	17000	1.08597	0.296234	5.80062	0.109947	200000
C:\Users\isaac\phlag\caster\data\ape.fa	17100	1.08597	0.280997	5.83	0.111848	200000
C:\Users\isaac\phlag\caster\data\ape.fa	17200	1.08597	0.167963	5.92328	0.127905	200000
C:\Users\isaac\phlag\caster\data\ape.fa	17300	1.08597	0.138661	5.92328	0.132529	200000
C:\Users\isaac\phlag\caster\data\ape.fa	17400	1.08597	0.16887	5.89006	0.128357	200000
C:\Users\isaac\phlag\caster\data\ape.fa	17500	1.11717	0.16887	5.89006	0.132147	200000
C:\Users\isaac\phlag\caster\data\ape.fa	17600	1.11717	0.138912	5.89006	0.136893	200000
C:\Users\isaac\phlag\caster\data\ape.fa	17700	1.11717	0.108655	5.83434	0.142846	200000
C:\Users\isaac\phlag\caster\data\ape.fa	17800	1.11717	0.124156	5.83434	0.140342	200000
C:\Users\isaac\phlag\caster\data\ape.fa	17900	1.11717	0.124156	5.83434	0.140342	200000
C:\Users\isaac\phlag\caster\data\ape.fa	18000	1.13278	0.124156	5.88119	0.141302	200000
C:\Users\isaac\phlag\caster\data\ape.fa	18100	1.1317	0.124156	5.82272	0.142337	200000
C:\Users\isaac\phlag\caster\data\ape.fa	18200	1.1317	0.124156	5.82272	0.142337	200000
C:\Users\isaac\phlag\caster\data\ape.fa	18300	1.1317	0.124156	5.77064	0.143392	200000
C:\Users\isaac\phlag\caster\data\ape.fa	18400	1.1317	0.124156	5.77064	0.143392	200000
C:\Users\isaac\phlag\caster\data\ape.fa	18500	1.1317	0.124156	5.77064	0.143392	200000
C:\Users\isaac\phlag\caster\data\ape.fa	18600	1.16048	0.124156	5.83039	0.145654	200000
C:\Users\isaac\phlag\caster\data\ape.fa	18700	1.13031	0.124156	5.83039	0.142015	200000
C:\Users\isaac\phlag\caster\data\ape.fa	18800	1.13031	0.124156	5.77681	0.143097	200000
C:\Users\isaac\phlag\caster\data\ape.fa	18900	1.13031	0.124156	5.74921	0.143661	200000
C:\Users\isaac\phlag\caster\data\ape.fa	19000	1.13031	0.107996	5.74921	0.146306	200000
C:\Users\isaac\phlag\caster\data\ape.fa	19100	1.13031	0.107996	5.68506	0.147662	200000
C:\Users\isaac\phlag\caster\data\ape.fa	19200	1.13031	0.121673	5.6281	0.146603	200000
C:\Users\isaac\phlag\caster\data\ape.fa	19300	1.13031	0.121673	5.6833	0.145436	200000
C:\Users\isaac\phlag\caster\data\ape.fa	19400	1.13031	0.121673	5.7442	0.14417	200000
C:\Users\isaac\phlag\caster\data\ape.fa	19500	1.13031	0.121673	5.7442	0.14417	200000
C:\Users\isaac\phlag\caster\data\ape.fa	19600	1.06441	0.121673	5.7442	0.136032	200000
C:\Users\isaac\phlag\caster\data\ape.fa	19700	1.09808	0.121673	5.7442	0.140209	200000
C:\Users\isaac\phlag\caster\data\ape.fa	19800	1.09808	0.121673	5.7442	0.140209	200000
C:\Users\isaac\phlag\caster\data\ape.fa	19900	1.09808	0.121673	5.7442	0.140209	200000
C:\Users\isaac\phlag\caster\data\ape.fa	20000	1.09808	0.121673	5.77374	0.139617	200000
C:\Users\isaac\phlag\caster\data\ape.fa	20100	1.09808	0.121673	5.77374	0.139617	200000
C:\Users\isaac\phlag\caster\data\ape.fa	20200	1.09808	0.121673	5.71607	0.140778	200000
C:\Users\isaac\phlag\caster\data\ape.fa	20300	1.09808	0.121673	5.74511	0.140191	200000
C:\Users\isaac\phlag\caster\data\ape.fa	20400	1.09808	0.121673	5.77359	0.13962	200000
C:\Users\isaac\phlag\caster\data\ape.fa	20500	1.09808	0.121673	5.82515	0.138598	200000
C:\Users\isaac\phlag\caster\data\ape.fa	20600	1.09808	0.186003	5.82515	0.128295	200000
C:\Users\isaac\phlag\caster\data\ape.fa	20700	1.09808	0.216375	5.82515	0.123495	200000
C:\Users\isaac\phlag\caster\data\ape.fa	20800	1.15943	0.216375	5.85644	0.130396	200000
C:\Users\isaac\phlag\caster\data\ape.fa	20900	1.15943	0.216375	5.85644	0.130396	200000
C:\Users\isaac\phlag\caster\data\ape.fa	21000	1.21005	0.216375	5.85644	0.13644	200000
C:\Users\isaac\phlag\caster\data\ape.fa	21100	1.21005	0.216375	5.85644	0.13644	200000
C:\Users\isaac\phlag\caster\data\ape.fa	21200	1.21005	0.216375	5.88434	0.13592	200000
C:\Users\isaac\phlag\caster\data\ape.fa	21300	1.21005	0.216375	5.97348	0.134282	200000
C:\Users\isaac\phlag\caster\data\ape.fa	21400	1.21005	0.216375	5.94732	0.134759	200000
C:\Users\isaac\phlag\caster\data\ape.fa	21500	1.21005	0.216375	5.94732	0.134759	200000
C:\Users\isaac\phlag\caster\data\ape.fa	21600	1.21005	0.216375	5.9781	0.134199	200000
C:\Users\isaac\phlag\caster\data\ape.fa	21700	1.21005	0.190021	5.97739	0.138263	200000
C:\Users\isaac\phlag\caster\data\ape.fa	21800	1.21005	0.190021	6.03348	0.13722	200000
C:\Users\isaac\phlag\caster\data\ape.fa	21900	1.21005	0.190021	6.03761	0.137144	200000
C:\Users\isaac\phlag\caster\data\ape.fa	22000	1.21005	0.190021	5.97932	0.138227	200000
C:\Users\isaac\phlag\caster\data\ape.fa	22100	1.21005	0.190021	5.97932	0.138227	200000
C:\Users\isaac\phlag\caster\data\ape.fa	22200	1.21005	0.190021	6.00674	0.137715	200000
C:\Users\isaac\phlag\caster\data\ape.fa	22300	1.21005	0.190021	5.94578	0.138858	200000
C:\Users\isaac\phlag\caster\data\ape.fa	22400	1.21005	0.220506	5.94486	0.134168	200000
C:\Users\isaac\phlag\caster\data\ape.fa	22500	1.1803	0.220506	5.88862	0.131669	200000
C:\Users\isaac\phlag\caster\data\ape.fa	22600	1.1803	0.247676	5.88862	0.127466	200000
C:\Users\isaac\phlag\caster\data\ape.fa	22700	1.23775	0.247676	5.76981	0.136463	200000
C:\Users\isaac\phlag\caster\data\ape.fa	22800	1.23775	0.247676	5.74249	0.136979	200000
C:\Users\isaac\phlag\caster\data\ape.fa	22900	1.26871	0.247676	5.74249	0.14066	200000
C:\Users\isaac\phlag\caster\data\ape.fa	23000	1.26871	0.247676	5.74249	0.14066	200000
C:\Users\isaac\phlag\caster\data\ape.fa	23100	1.26871	0.247676	5.74249	0.14066	200000
C:\Users\isaac\phlag\caster\data\ape.fa	23200	1.26871	0.247676	5.68442	0.141794	200000
C:\Users\isaac\phlag\caster\data\ape.fa	23300	1.25476	0.217676	5.64258	0.14576	200000
C:\Users\isaac\phlag\caster\data\ape.fa	23400	1.25476	0.203609	5.6447	0.147985	200000
C:\Users\isaac\phlag\caster\data\ape.fa	23500	1.22553	0.174382	5.6447	0.149213	200000
C:\Users\isaac\phlag\caster\data\ape.fa	23600	1.22553	0.174382	5.6447	0.149213	200000
C:\Users\isaac\phlag\caster\data\ape.fa	23700	1.22553	0.174382	5.6447	0.149213	200000
C:\Users\isaac\phlag\caster\data\ape.fa	23800	1.22553	0.174382	5.70921	0.14786	200000
C:\Users\isaac\phlag\caster\data\ape.fa	23900	1.25618	0.235678	5.70921	0.141716	200000
C:\Users\isaac\phlag\caster\data\ape.fa	24000	1.25618	0.235678	5.70921	0.141716	200000
C:\Users\isaac\phlag\caster\data\ape.fa	24100	1.25618	0.235678	5.70825	0.141735	200000
C:\Users\isaac\phlag\caster\data\ape.fa	24200	1.25618	0.235678	5.76459	0.140634	200000
C:\Users\isaac\phlag\caster\data\ape.fa	24300	1.25618	0.235678	5.73554	0.141199	200000
C:\Users\isaac\phlag\caster\data\ape.fa	24400	1.25618	0.235678	5.70673	0.141764	200000
C:\Users\isaac\phlag\caster\data\ape.fa	24500	1.25618	0.235678	5.70673	0.141764	200000
C:\Users\isaac\phlag\caster\data\ape.fa	24600	1.25618	0.235678	5.64836	0.142923	200000
C:\Users\isaac\phlag\caster\data\ape.fa	24700	1.25618	0.290321	5.61994	0.134775	200000
C:\Users\isaac\phlag\caster\data\ape.fa	24800	1.25618	0.290321	5.61994	0.134775	200000
C:\Users\isaac\phlag\caster\data\ape.fa	24900	1.25618	0.290203	5.61994	0.134794	200000
C:\Users\isaac\phlag\caster\data\ape.fa	25000	1.22805	0.289931	5.59445	0.131899	200000
C:\Users\isaac\phlag\caster\data\ape.fa	25100	1.22805	0.289931	5.71318	0.129733	200000
C:\Users\isaac\phlag\caster\data\ape.fa	25200	1.25437	0.289931	5.77522	0.131763	200000
C:\Users\isaac\phlag\caster\data\ape.fa	25300	1.25437	0.289931	5.86336	0.130195	200000
C:\Users\isaac\phlag\caster\data\ape.fa	25400	1.25437	0.289931	5.86336	0.130195	200000
C:\Users\isaac\phlag\caster\data\ape.fa	25500	1.16328	0.304717	5.89441	0.116615	200000
C:\Users\isaac\phlag\caster\data\ape.fa	25600	1.16328	0.304717	5.92549	0.116125	200000
C:\Users\isaac\phlag\caster\data\ape.fa	25700	1.08996	0.320048	5.82349	0.106437	200000
C:\Users\isaac\phlag\caster\data\ape.fa	25800	1.08996	0.304425	5.85474	0.108362	200000
C:\Users\isaac\phlag\caster\data\ape.fa	25900	1.08996	0.304425	5.90938	0.107552	200000
C:\Users\isaac\phlag\caster\data\ape.fa	26000	1.08996	0.304425	5.9106	0.107534	200000
C:\Users\isaac\phlag\caster\data\ape.fa	26100	1.08996	0.304425	5.9106	0.107534	200000
C:\Users\isaac\phlag\caster\data\ape.fa	26200	1.08996	0.36209	5.9106	0.0988594	200000
C:\Users\isaac\phlag\caster\data\ape.fa	26300	1.08996	0.36209	5.9106	0.0988594	200000
C:\Users\isaac\phlag\caster\data\ape.fa	26400	1.08996	0.36209	5.96681	0.0981104	200000
C:\Users\isaac\phlag\caster\data\ape.fa	26500	1.08996	0.36209	5.93612	0.0985178	200000
C:\Users\isaac\phlag\caster\data\ape.fa	26600	1.08996	0.36209	5.87664	0.0993175	200000
C:\Users\isaac\phlag\caster\data\ape.fa	26700	1.08996	0.36209	5.87664	0.0993175	200000
C:\Users\isaac\phlag\caster\data\ape.fa	26800	1.08996	0.317374	5.87654	0.106068	200000
C:\Users\isaac\phlag\caster\data\ape.fa	26900	1.08996	0.301978	5.87654	0.10841	200000
C:\Users\isaac\phlag\caster\data\ape.fa	27000	1.08996	0.27197	5.84653	0.113476	200000
C:\Users\isaac\phlag\caster\data\ape.fa	27100	1.06248	0.27197	5.84653	0.110084	200000
C:\Users\isaac\phlag\caster\data\ape.fa	27200	1.06248	0.27197	5.96932	0.108234	200000
C:\Users\isaac\phlag\caster\data\ape.fa	27300	1.09437	0.27197	6.02507	0.111264	200000
C:\Users\isaac\phlag\caster\data\ape.fa	27400	1.09437	0.256852	6.11415	0.112187	200000
C:\Users\isaac\phlag\caster\data\ape.fa	27500	1.03758	0.256852	6.16969	0.104598	200000
C:\Users\isaac\phlag\caster\data\ape.fa	27600	1.03758	0.256852	6.13844	0.105037	200000
C:\Users\isaac\phlag\caster\data\ape.fa	27700	0.98051	0.256852	6.14091	0.0980796	200000
C:\Users\isaac\phlag\caster\data\ape.fa	27800	0.951437	0.256852	6.16966	0.0941434	200000
C:\Users\isaac\phlag\caster\data\ape.fa	27900	0.951437	0.256852	6.14028	0.0945198	200000
C:\Users\isaac\phlag\caster\data\ape.fa	28000	0.951437	0.256852	6.08441	0.0952439	200000
C:\Users\isaac\phlag\caster\data\ape.fa	28100	0.951437	0.256852	6.03326	0.0959166	200000
C:\Users\isaac\phlag\caster\data\ape.fa	28200	0.891525	0.256852	6.05846	0.0880654	200000
C:\Users\isaac\phlag\caster\data\ape.fa	28300	0.849269	0.256852	5.91895	0.084329	200000
C:\Users\isaac\phlag\caster\data\ape.fa	28400	0.849269	0.256852	5.97702	0.0836377	200000
C:\Users\isaac\phlag\caster\data\ape.fa	28500	0.849269	0.271583	5.97702	0.0813887	200000
C:\Users\isaac\phlag\caster\data\ape.fa	28600	0.790302	0.271583	5.97702	0.0736932	200000
C:\Users\isaac\phlag\caster\data\ape.fa	28700	0.759719	0.286874	5.97702	0.0673222	200000
C:\Users\isaac\phlag\caster\data\ape.fa	28800	0.759719	0.286874	5.97702	0.0673222	200000
C:\Users\isaac\phlag\caster\data\ape.fa	28900	0.759719	0.301428	6.03517	0.0645815	200000
C:\Users\isaac\phlag\caster\data\ape.fa	29000	0.759719	0.286467	6.00671	0.0671005	200000
C:\Users\isaac\phlag\caster\data\ape.fa	29100	0.759719	0.286467	5.95412	0.0676046	200000
C:\Users\isaac\phlag\caster\data\ape.fa	29200	0.731352	0.286467	5.95412	0.0638108	200000
C:\Users\isaac\phlag\caster\data\ape.fa	29300	0.731352	0.312304	5.92428	0.0601394	200000
C:\Users\isaac\phlag\caster\data\ape.fa	29400	0.700534	0.312304	5.92796	0.0559345	200000
C:\Users\isaac\phlag\caster\data\ape.fa	29500	0.700534	0.312304	5.98152	0.0555061	200000
C:\Users\isaac\phlag\caster\data\ape.fa	29600	0.685128	0.312304	5.9608	0.0535802	200000
C:\Users\isaac\phlag\caster\data\ape.fa	29700	0.685128	0.29694	5.9608	0.0559118	200000
C:\Users\isaac\phlag\caster\data\ape.fa	29800	0.685128	0.29694	5.98851	0.0556895	200000
C:\Users\isaac\phlag\caster\data\ape.fa	29900	0.685128	0.29694	5.95377	0.0559684	200000
C:\Users\isaac\phlag\caster\data\ape.fa	30000	0.685128	0.29694	5.95377	0.0559684	200000
C:\Users\isaac\phlag\caster\data\ape.fa	30100	0.685128	0.312471	5.95377	0.0536091	200000
C:\Users\isaac\phlag\caster\data\ape.fa	30200	0.685128	0.312643	5.95259	0.0535922	200000
C:\Users\isaac\phlag\caster\data\ape.fa	30300	0.685128	0.312643	5.89025	0.0540772	200000
C:\Users\isaac\phlag\caster\data\ape.fa	30400	0.685128	0.295696	6.00116	0.0557767	200000
C:\Users\isaac\phlag\caster\data\ape.fa	30500	0.685128	0.28073	6.00116	0.0580446	200000
C:\Users\isaac\phlag\caster\data\ape.fa	30600	0.660595	0.28073	6.0528	0.054312	200000
C:\Users\isaac\phlag\caster\data\ape.fa	30700	0.660595	0.28073	6.02323	0.0545426	200000
C:\Users\isaac\phlag\caster\data\ape.fa	30800	0.629214	0.32704	5.96922	0.0436323	200000
C:\Users\isaac\phlag\caster\data\ape.fa	30900	0.629214	0.32704	5.9074	0.0440253	200000
C:\Users\isaac\phlag\caster\data\ape.fa	31000	0.629214	0.31248	5.9074	0.0462447	200000
C:\Users\isaac\phlag\caster\data\ape.fa	31100	0.629214	0.31248	5.9074	0.0462447	200000
C:\Users\isaac\phlag\caster\data\ape.fa	31200	0.629214	0.31248	5.93735	0.0460433	200000
C:\Users\isaac\phlag\caster\data\ape.fa	31300	0.629214	0.327649	5.96769	0.0435502	200000
C:\Users\isaac\phlag\caster\data\ape.fa	31400	0.597269	0.327649	6.08671	0.0384533	200000
C:\Users\isaac\phlag\caster\data\ape.fa	31500	0.566211	0.343184	6.08671	0.0318788	200000
C:\Users\isaac\phlag\caster\data\ape.fa	31600	0.566211	0.343184	6.14595	0.0316112	200000
C:\Users\isaac\phlag\caster\data\ape.fa	31700	0.566211	0.343184	6.14595	0.0316112	200000
C:\Users\isaac\phlag\caster\data\ape.fa	31800	0.566211	0.343184	6.14595	0.0316112	200000
C:\Users\isaac\phlag\caster\data\ape.fa	31900	0.566211	0.343184	6.08764	0.0318746	200000
C:\Users\isaac\phlag\caster\data\ape.fa	32000	0.620067	0.343184	6.05649	0.0394436	200000
C:\Users\isaac\phlag\caster\data\ape.fa	32100	0.620067	0.343184	6.05649	0.0394436	200000
C:\Users\isaac\phlag\caster\data\ape.fa	32200	0.620067	0.343184	6.05649	0.0394436	200000
C:\Users\isaac\phlag\caster\data\ape.fa	32300	0.594519	0.343184	6.05649	0.0359348	200000
C:\Users\isaac\phlag\caster\data\ape.fa	32400	0.594519	0.343184	6.05649	0.0359348	200000
C:\Users\isaac\phlag\caster\data\ape.fa	32500	0.594519	0.343184	6.05649	0.0359348	200000
C:\Users\isaac\phlag\caster\data\ape.fa	32600	0.594519	0.314514	6.08609	0.0400286	200000
C:\Users\isaac\phlag\caster\data\ape.fa	32700	0.594519	0.345764	6.08609	0.035403	200000
C:\Users\isaac\phlag\caster\data\ape.fa	32800	0.594519	0.345764	6.14754	0.0350961	200000
C:\Users\isaac\phlag\caster\data\ape.fa	32900	0.594519	0.345764	6.28616	0.0344229	200000
C:\Users\isaac\phlag\caster\data\ape.fa	33000	0.594519	0.345764	6.28609	0.0344232	200000
C:\Users\isaac\phlag\caster\data\ape.fa	33100	0.594519	0.345764	6.28609	0.0344232	200000
C:\Users\isaac\phlag\caster\data\ape.fa	33200	0.594519	0.345764	6.28609	0.0344232	200000
C:\Users\isaac\phlag\caster\data\ape.fa	33300	0.594519	0.345764	6.19644	0.0348556	200000
C:\Users\isaac\phlag\caster\data\ape.fa	33400	0.594519	0.345764	6.19644	0.0348556	200000
C:\Users\isaac\phlag\caster\data\ape.fa	33500	0.594756	0.345764	6.19644	0.0348877	200000
C:\Users\isaac\phlag\caster\data\ape.fa	33600	0.594756	0.345764	6.19644	0.0348877	200000
C:\Users\isaac\phlag\caster\data\ape.fa	33700	0.508577	0.345764	6.24366	0.0229378	200000
C:\Users\isaac\phlag\caster\data\ape.fa	33800	0.508577	0.407441	6.21204	0.0141883	200000
C:\Users\isaac\phlag\caster\data\ape.fa	33900	0.508577	0.407441	6.21204	0.0141883	200000
C:\Users\isaac\phlag\caster\data\ape.fa	34000	0.508577	0.407441	6.21204	0.0141883	200000
C:\Users\isaac\phlag\caster\data\ape.fa	34100	0.508577	0.468709	6.21204	0.00554544	200000
C:\Users\isaac\phlag\caster\data\ape.fa	34200	0.508577	0.468709	6.23893	0.00552478	200000
C:\Users\isaac\phlag\caster\data\ape.fa	34300	0.508577	0.468709	6.18385	0.00556727	200000
C:\Users\isaac\phlag\caster\data\ape.fa	34400	0.508577	0.468709	6.15434	0.00559031	200000
C:\Users\isaac\phlag\caster\data\ape.fa	34500	0.508577	0.468709	6.15434	0.00559031	200000
C:\Users\isaac\phlag\caster\data\ape.fa	34600	0.508577	0.468709	6.2143	0.0055437	200000
C:\Users\isaac\phlag\caster\data\ape.fa	34700	0.508577	0.468709	6.26877	0.00550202	200000
C:\Users\isaac\phlag\caster\data\ape.fa	34800	0.508577	0.468709	6.23976	0.00552415	200000
C:\Users\isaac\phlag\caster\data\ape.fa	34900	0.508577	0.468709	6.30124	0.00547748	200000
C:\Users\isaac\phlag\caster\data\ape.fa	35000	0.508577	0.468709	6.30124	0.00547748	200000
C:\Users\isaac\phlag\caster\data\ape.fa	35100	0.508577	0.468709	6.41942	0.00538997	200000
C:\Users\isaac\phlag\caster\data\ape.fa	35200	0.483222	0.468709	6.41942	0.00196889	200000
C:\Users\isaac\phlag\caster\data\ape.fa	35300	0.483222	0.468709	6.41942	0.00196889	200000
C:\Users\isaac\phlag\caster\data\ape.fa	35400	0.484917	0.468709	6.41942	0.00219828	200000
C:\Users\isaac\phlag\caster\data\ape.fa	35500	0.484917	0.468709	6.50972	0.00217168	200000
C:\Users\isaac\phlag\caster\data\ape.fa	35600	0.484917	0.468709	6.50972	0.00217168	200000
C:\Users\isaac\phlag\caster\data\ape.fa	35700	0.369028	0.468709	6.44802	-0.0136816	200000
C:\Users\isaac\phlag\caster\data\ape.fa	35800	0.369028	0.468709	6.38723	-0.0137967	200000
C:\Users\isaac\phlag\caster\data\ape.fa	35900	0.27513	0.468709	6.40844	-0.0270653	200000
C:\Users\isaac\phlag\caster\data\ape.fa	36000	0.27513	0.459254	6.40844	-0.0257775	200000
C:\Users\isaac\phlag\caster\data\ape.fa	36100	0.27513	0.459254	6.40844	-0.0257775	200000
C:\Users\isaac\phlag\caster\data\ape.fa	36200	0.27513	0.459254	6.40844	-0.0257775	200000
C:\Users\isaac\phlag\caster\data\ape.fa	36300	0.27513	0.443508	6.47868	-0.0233946	200000
C:\Users\isaac\phlag\caster\data\ape.fa	36400	0.24721	0.443508	6.47868	-0.02738	200000
C:\Users\isaac\phlag\caster\data\ape.fa	36500	0.24721	0.443508	6.53242	-0.0271763	200000
C:\Users\isaac\phlag\caster\data\ape.fa	36600	0.24721	0.443508	6.56222	-0.0270646	200000
C:\Users\isaac\phlag\caster\data\ape.fa	36700	0.24721	0.443508	6.56222	-0.0270646	200000
C:\Users\isaac\phlag\caster\data\ape.fa	36800	0.24721	0.443508	6.59025	-0.0269604	200000
C:\Users\isaac\phlag\caster\data\ape.fa	36900	0.24721	0.386724	6.56186	-0.0193883	200000
C:\Users\isaac\phlag\caster\data\ape.fa	37000	0.24721	0.386724	6.71768	-0.0189773	200000
C:\Users\isaac\phlag\caster\data\ape.fa	37100	0.24721	0.374022	6.71768	-0.0172794	200000
C:\Users\isaac\phlag\caster\data\ape.fa	37200	0.24721	0.374022	6.71768	-0.0172794	200000
C:\Users\isaac\phlag\caster\data\ape.fa	37300	0.24721	0.374022	6.77706	-0.0171407	200000
C:\Users\isaac\phlag\caster\data\ape.fa	37400	0.24721	0.374022	6.77706	-0.0171407	200000
C:\Users\isaac\phlag\caster\data\ape.fa	37500	0.24721	0.374022	6.74967	-0.0172044	200000
C:\Users\isaac\phlag\caster\data\ape.fa	37600	0.216237	0.374022	6.7188	-0.0215875	200000
C:\Users\isaac\phlag\caster\data\ape.fa	37700	0.185866	0.374022	6.68826	-0.025959	200000
C:\Users\isaac\phlag\caster\data\ape.fa	37800	0.155447	0.374022	6.66228	-0.0303923	200000
C:\Users\isaac\phlag\caster\data\ape.fa	37900	0.155447	0.374141	6.7236	-0.0301514	200000
C:\Users\isaac\phlag\caster\data\ape.fa	38000	0.155447	0.374141	6.69366	-0.0302764	200000
C:\Users\isaac\phlag\caster\data\ape.fa	38100	0.155447	0.374141	6.72515	-0.0301449	200000
C:\Users\isaac\phlag\caster\data\ape.fa	38200	0.155447	0.374141	6.72515	-0.0301449	200000
C:\Users\isaac\phlag\caster\data\ape.fa	38300	0.15551	0.403648	6.75466	-0.0339273	200000
C:\Users\isaac\phlag\caster\data\ape.fa	38400	0.184063	0.460756	6.75466	-0.0373935	200000
C:\Users\isaac\phlag\caster\data\ape.fa	38500	0.212694	0.460756	6.75466	-0.033395	200000
C:\Users\isaac\phlag\caster\data\ape.fa	38600	0.212694	0.460756	6.75466	-0.033395	200000
C:\Users\isaac\phlag\caster\data\ape.fa	38700	0.242946	0.460756	6.75466	-0.0292034	200000
C:\Users\isaac\phlag\caster\data\ape.fa	38800	0.242946	0.460756	6.75466	-0.0292034	200000
C:\Users\isaac\phlag\caster\data\ape.fa	38900	0.242946	0.460756	6.75466	-0.0292034	200000
C:\Users\isaac\phlag\caster\data\ape.fa	39000	0.242946	0.416404	6.69967	-0.0235708	200000
C:\Users\isaac\phlag\caster\data\ape.fa	39100	0.242946	0.398832	6.6756	-0.0213035	200000
C:\Users\isaac\phlag\caster\data\ape.fa	39200	0.211825	0.36771	6.64435	-0.0215792	200000
C:\Users\isaac\phlag\caster\data\ape.fa	39300	0.211825	0.36771	6.58437	-0.0217598	200000
C:\Users\isaac\phlag\caster\data\ape.fa	39400	0.211825	0.383242	6.6465	-0.0236712	200000
C:\Users\isaac\phlag\caster\data\ape.fa	39500	0.211825	0.443478	6.58731	-0.0319847	200000
C:\Users\isaac\phlag\caster\data\ape.fa	39600	0.211825	0.443478	6.55993	-0.0321061	200000
C:\Users\isaac\phlag\caster\data\ape.fa	39700	0.248941	0.443478	6.4852	-0.0271033	200000
C:\Users\isaac\phlag\caster\data\ape.fa	39800	0.248941	0.427948	6.4852	-0.0249937	200000
C:\Users\isaac\phlag\caster\data\ape.fa	39900	0.248941	0.427948	6.45499	-0.0250996	200000
C:\Users\isaac\phlag\caster\data\ape.fa	40000	0.248941	0.443914	6.45499	-0.0272772	200000
C:\Users\isaac\phlag\caster\data\ape.fa	40100	0.248941	0.355648	6.45499	-0.0151153	200000
C:\Users\isaac\phlag\caster\data\ape.fa	40200	0.248941	0.298323	6.45499	-0.00705242	200000
C:\Users\isaac\phlag\caster\data\ape.fa	40300	0.248941	0.312285	6.51921	-0.0089464	200000
C:\Users\isaac\phlag\caster\data\ape.fa	40400	0.248941	0.295441	6.52232	-0.00658016	200000
C:\Users\isaac\phlag\caster\data\ape.fa	40500	0.248941	0.295441	6.45167	-0.00664661	200000
C:\Users\isaac\phlag\caster\data\ape.fa	40600	0.248941	0.295441	6.39679	-0.00669916	200000
C:\Users\isaac\phlag\caster\data\ape.fa	40700	0.248941	0.295441	6.39679	-0.00669916	200000
C:\Users\isaac\phlag\caster\data\ape.fa	40800	0.248941	0.323234	6.37031	-0.0107012	200000
C:\Users\isaac\phlag\caster\data\ape.fa	40900	0.297825	0.338742	6.40178	-0.00581347	200000
C:\Users\isaac\phlag\caster\data\ape.fa	41000	0.297825	0.338742	6.40178	-0.00581347	200000
C:\Users\isaac\phlag\caster\data\ape.fa	41100	0.330073	0.338742	6.34256	-0.00123641	200000
C:\Users\isaac\phlag\caster\data\ape.fa	41200	0.330073	0.340886	6.34256	-0.00154178	200000
C:\Users\isaac\phlag\caster\data\ape.fa	41300	0.330073	0.340886	6.34256	-0.00154178	200000
C:\Users\isaac\phlag\caster\data\ape.fa	41400	0.330073	0.35489	6.34256	-0.00353143	200000
C:\Users\isaac\phlag\caster\data\ape.fa	41500	0.330073	0.370429	6.37364	-0.00570468	200000
C:\Users\isaac\phlag\caster\data\ape.fa	41600	0.330073	0.370429	6.37066	-0.00570709	200000
C:\Users\isaac\phlag\caster\data\ape.fa	41700	0.330073	0.370429	6.37053	-0.00570719	200000
C:\Users\isaac\phlag\caster\data\ape.fa	41800	0.330073	0.370429	6.37053	-0.00570719	200000
C:\Users\isaac\phlag\caster\data\ape.fa	41900	0.330073	0.384975	6.37053	-0.00774837	200000
C:\Users\isaac\phlag\caster\data\ape.fa	42000	0.330073	0.399944	6.37053	-0.00984029	200000
C:\Users\isaac\phlag\caster\data\ape.fa	42100	0.330073	0.41513	6.37053	-0.0119533	200000
C:\Users\isaac\phlag\caster\data\ape.fa	42200	0.330073	0.41513	6.37053	-0.0119533	200000
C:\Users\isaac\phlag\caster\data\ape.fa	42300	0.330073	0.41513	6.4234	-0.0118652	200000
C:\Users\isaac\phlag\caster\data\ape.fa	42400	0.330073	0.429872	6.45458	-0.013833	200000
C:\Users\isaac\phlag\caster\data\ape.fa	42500	0.315261	0.41543	6.52494	-0.0138057	200000
C:\Users\isaac\phlag\caster\data\ape.fa	42600	0.315261	0.467436	6.52494	-0.0208241	200000
C:\Users\isaac\phlag\caster\data\ape.fa	42700	0.300726	0.467436	6.48133	-0.0229961	200000
C:\Users\isaac\phlag\caster\data\ape.fa	42800	0.300726	0.452988	6.48133	-0.0210451	200000
C:\Users\isaac\phlag\caster\data\ape.fa	42900	0.241423	0.482153	6.39129	-0.0338348	200000
C:\Users\isaac\phlag\caster\data\ape.fa	43000	0.241423	0.468511	6.39129	-0.0319787	200000
C:\Users\isaac\phlag\caster\data\ape.fa	43100	0.241423	0.468511	6.41894	-0.0318547	200000
C:\Users\isaac\phlag\caster\data\ape.fa	43200	0.299679	0.468511	6.41894	-0.0234908	200000
C:\Users\isaac\phlag\caster\data\ape.fa	43300	0.299679	0.468511	6.41894	-0.0234908	200000
C:\Users\isaac\phlag\caster\data\ape.fa	43400	0.299679	0.455421	6.47126	-0.0215519	200000
C:\Users\isaac\phlag\caster\data\ape.fa	43500	0.299679	0.438749	6.52205	-0.0191543	200000
C:\Users\isaac\phlag\caster\data\ape.fa	43600	0.268544	0.438749	6.52205	-0.0235435	200000
C:\Users\isaac\phlag\caster\data\ape.fa	43700	0.268544	0.373467	6.52205	-0.0146457	200000
C:\Users\isaac\phlag\caster\data\ape.fa	43800	0.268544	0.373467	6.52205	-0.0146457	200000
C:\Users\isaac\phlag\caster\data\ape.fa	43900	0.268544	0.373467	6.57758	-0.0145331	200000
C:\Users\isaac\phlag\caster\data\ape.fa	44000	0.268544	0.373467	6.55245	-0.0145839	200000
C:\Users\isaac\phlag\caster\data\ape.fa	44100	0.268544	0.373467	6.55245	-0.0145839	200000
C:\Users\isaac\phlag\caster\data\ape.fa	44200	0.268544	0.373467	6.52252	-0.0146448	200000
C:\Users\isaac\phlag\caster\data\ape.fa	44300	0.268544	0.373467	6.5222	-0.0146454	200000
C:\Users\isaac\phlag\caster\data\ape.fa	44400	0.268544	0.373467	6.48779	-0.0147161	200000
C:\Users\isaac\phlag\caster\data\ape.fa	44500	0.268544	0.373467	6.57539	-0.0145375	200000
C:\Users\isaac\phlag\caster\data\ape.fa	44600	0.268544	0.356148	6.54558	-0.0122176	200000
C:\Users\isaac\phlag\caster\data\ape.fa	44700	0.300778	0.386976	6.54558	-0.0119167	200000
C:\Users\isaac\phlag\caster\data\ape.fa	44800	0.271522	0.386976	6.54558	-0.0160262	200000
C:\Users\isaac\phlag\caster\data\ape.fa	44900	0.271522	0.400401	6.48316	-0.0180123	200000
C:\Users\isaac\phlag\caster\data\ape.fa	45000	0.271522	0.400401	6.45616	-0.0180805	200000
C:\Users\isaac\phlag\caster\data\ape.fa	45100	0.227046	0.430285	6.4717	-0.0285085	200000
C:\Users\isaac\phlag\caster\data\ape.fa	45200	0.227046	0.446083	6.4717	-0.0306566	200000
C:\Users\isaac\phlag\caster\data\ape.fa	45300	0.227046	0.444996	6.53433	-0.0302441	200000
C:\Users\isaac\phlag\caster\data\ape.fa	45400	0.257907	0.444996	6.59585	-0.025633	200000
C:\Users\isaac\phlag\caster\data\ape.fa	45500	0.257907	0.444996	6.59585	-0.025633	200000
C:\Users\isaac\phlag\caster\data\ape.fa	45600	0.257907	0.444996	6.50859	-0.0259432	200000
C:\Users\isaac\phlag\caster\data\ape.fa	45700	0.22958	0.459777	6.4815	-0.0321017	200000
C:\Users\isaac\phlag\caster\data\ape.fa	45800	0.22958	0.398191	6.53481	-0.0235406	200000
C:\Users\isaac\phlag\caster\data\ape.fa	45900	0.22958	0.398191	6.53481	-0.0235406	200000
C:\Users\isaac\phlag\caster\data\ape.fa	46000	0.229734	0.412297	6.53453	-0.0254387	200000
C:\Users\isaac\phlag\caster\data\ape.fa	46100	0.216753	0.4155	6.60526	-0.0274607	200000
C:\Users\isaac\phlag\caster\data\ape.fa	46200	0.216753	0.4155	6.63566	-0.0273458	200000
C:\Users\isaac\phlag\caster\data\ape.fa	46300	0.216753	0.400986	6.66698	-0.0252903	200000
C:\Users\isaac\phlag\caster\data\ape.fa	46400	0.216753	0.400986	6.67063	-0.0252777	200000
C:\Users\isaac\phlag\caster\data\ape.fa	46500	0.216753	0.41645	6.67063	-0.0273414	200000
C:\Users\isaac\phlag\caster\data\ape.fa	46600	0.216753	0.41645	6.67063	-0.0273414	200000
C:\Users\isaac\phlag\caster\data\ape.fa	46700	0.216753	0.41645	6.67063	-0.0273414	200000
C:\Users\isaac\phlag\caster\data\ape.fa	46800	0.216753	0.41645	6.73064	-0.0271186	200000
C:\Users\isaac\phlag\caster\data\ape.fa	46900	0.216753	0.41645	6.75535	-0.0270279	200000
C:\Users\isaac\phlag\caster\data\ape.fa	47000	0.216753	0.428319	6.78046	-0.0284917	200000
C:\Users\isaac\phlag\caster\data\ape.fa	47100	0.216753	0.428319	6.78046	-0.0284917	200000
C:\Users\isaac\phlag\caster\data\ape.fa	47200	0.216753	0.428319	6.84017	-0.0282645	200000
C:\Users\isaac\phlag\caster\data\ape.fa	47300	0.245568	0.428319	6.84017	-0.0243212	200000
C:\Users\isaac\phlag\caster\data\ape.fa	47400	0.245568	0.428319	6.90022	-0.0241284	200000
C:\Users\isaac\phlag\caster\data\ape.fa	47500	0.245568	0.428319	7.04142	-0.0236868	200000
C:\Users\isaac\phlag\caster\data\ape.fa	47600	0.245568	0.428319	7.15967	-0.0233293	200000
C:\Users\isaac\phlag\caster\data\ape.fa	47700	0.245568	0.428319	7.1891	-0.023242	200000
C:\Users\isaac\phlag\caster\data\ape.fa	47800	0.245568	0.428319	7.15963	-0.0233294	200000
C:\Users\isaac\phlag\caster\data\ape.fa	47900	0.215893	0.428319	7.12995	-0.0273246	200000
C:\Users\isaac\phlag\caster\data\ape.fa	48000	0.1892	0.395284	7.12652	-0.026726	200000
C:\Users\isaac\phlag\caster\data\ape.fa	48100	0.213733	0.419817	7.06831	-0.0267577	200000
C:\Users\isaac\phlag\caster\data\ape.fa	48200	0.213733	0.40391	7.06714	-0.0247471	200000
C:\Users\isaac\phlag\caster\data\ape.fa	48300	0.213733	0.40391	7.06714	-0.0247471	200000
C:\Users\isaac\phlag\caster\data\ape.fa	48400	0.241388	0.40391	7.06714	-0.0210727	200000
C:\Users\isaac\phlag\caster\data\ape.fa	48500	0.241388	0.40391	7.09557	-0.0209953	200000
C:\Users\isaac\phlag\caster\data\ape.fa	48600	0.241388	0.40391	7.09557	-0.0209953	200000
C:\Users\isaac\phlag\caster\data\ape.fa	48700	0.241388	0.40391	7.09557	-0.0209953	200000
C:\Users\isaac\phlag\caster\data\ape.fa	48800	0.241388	0.376158	7.12237	-0.0174124	200000
C:\Users\isaac\phlag\caster\data\ape.fa	48900	0.241388	0.376158	7.15054	-0.0173493	200000
C:\Users\isaac\phlag\caster\data\ape.fa	49000	0.241388	0.376158	7.07245	-0.0175254	200000
C:\Users\isaac\phlag\caster\data\ape.fa	49100	0.210723	0.345493	7.12373	-0.0175484	200000
C:\Users\isaac\phlag\caster\data\ape.fa	49200	0.17989	0.345493	7.03117	-0.0219152	200000
C:\Users\isaac\phlag\caster\data\ape.fa	49300	0.17989	0.345493	6.97298	-0.0220853	200000
C:\Users\isaac\phlag\caster\data\ape.fa	49400	0.151124	0.345493	6.94421	-0.026122	200000
C:\Users\isaac\phlag\caster\data\ape.fa	49500	0.151124	0.345493	6.94421	-0.026122	200000
C:\Users\isaac\phlag\caster\data\ape.fa	49600	0.118308	0.360176	6.94438	-0.0325842	200000
C:\Users\isaac\phlag\caster\data\ape.fa	49700	0.118308	0.360176	6.9687	-0.0324777	200000
C:\Users\isaac\phlag\caster\data\ape.fa	49800	0.118308	0.360176	7.02236	-0.0322454	200000
C:\Users\isaac\phlag\caster\data\ape.fa	49900	0.118308	0.344405	7.02236	-0.0302063	200000
C:\Users\isaac\phlag\caster\data\ape.fa	50000	0.118308	0.344405	6.9645	-0.0304417	200000
C:\Users\isaac\phlag\caster\data\ape.fa	50100	0.118308	0.344405	6.90748	-0.0306772	200000
C:\Users\isaac\phlag\caster\data\ape.fa	50200	0.0913034	0.344405	6.90748	-0.0344675	200000
C:\Users\isaac\phlag\caster\data\ape.fa	50300	0.0913034	0.359035	6.90748	-0.0363874	200000
C:\Users\isaac\phlag\caster\data\ape.fa	50400	0.0913034	0.41925	6.90748	-0.0442094	200000
C:\Users\isaac\phlag\caster\data\ape.fa	50500	0.0913034	0.41925	6.90748	-0.0442094	200000
C:\Users\isaac\phlag\caster\data\ape.fa	50600	0.0913034	0.41925	6.90799	-0.0442064	200000
C:\Users\isaac\phlag\caster\data\ape.fa	50700	0.0913034	0.475521	6.9389	-0.05119	200000
C:\Users\isaac\phlag\caster\data\ape.fa	50800	0.0789254	0.475521	6.92652	-0.053014	200000
C:\Users\isaac\phlag\caster\data\ape.fa	50900	0.0789254	0.475521	6.92652	-0.053014	200000
C:\Users\isaac\phlag\caster\data\ape.fa	51000	0.0789254	0.534182	6.92652	-0.0603818	200000
C:\Users\isaac\phlag\caster\data\ape.fa	51100	0.0789254	0.53149	6.92652	-0.0600462	200000
C:\Users\isaac\phlag\caster\data\ape.fa	51200	0.0789254	0.53149	6.86983	-0.0605013	200000
C:\Users\isaac\phlag\caster\data\ape.fa	51300	0.0789254	0.53149	6.80959	-0.0609925	200000
C:\Users\isaac\phlag\caster\data\ape.fa	51400	0.107845	0.647168	6.80959	-0.0712957	200000
C:\Users\isaac\phlag\caster\data\ape.fa	51500	0.134132	0.647168	6.75293	-0.068094	200000
C:\Users\isaac\phlag\caster\data\ape.fa	51600	0.134132	0.647168	6.75293	-0.068094	200000
C:\Users\isaac\phlag\caster\data\ape.fa	51700	0.134132	0.647168	6.7823	-0.0678296	200000
C:\Users\isaac\phlag\caster\data\ape.fa	51800	0.134132	0.660952	6.80986	-0.0692732	200000
C:\Users\isaac\phlag\caster\data\ape.fa	51900	0.13413	0.660952	6.83917	-0.0690077	200000
C:\Users\isaac\phlag\caster\data\ape.fa	52000	0.13413	0.64729	6.8118	-0.0675813	200000
C:\Users\isaac\phlag\caster\data\ape.fa	52100	0.13413	0.64729	6.81479	-0.0675547	200000
C:\Users\isaac\phlag\caster\data\ape.fa	52200	0.13413	0.64729	6.81479	-0.0675547	200000
C:\Users\isaac\phlag\caster\data\ape.fa	52300	0.13413	0.623182	6.76658	-0.0649999	200000
C:\Users\isaac\phlag\caster\data\ape.fa	52400	0.13413	0.675778	6.70687	-0.0720586	200000
C:\Users\isaac\phlag\caster\data\ape.fa	52500	0.13413	0.662361	6.70687	-0.0703993	200000
C:\Users\isaac\phlag\caster\data\ape.fa	52600	0.104743	0.707141	6.70687	-0.0801194	200000
C:\Users\isaac\phlag\caster\data\ape.fa	52700	0.104743	0.694059	6.73676	-0.0782047	200000
C:\Users\isaac\phlag\caster\data\ape.fa	52800	0.104743	0.723272	6.73676	-0.0817644	200000
C:\Users\isaac\phlag\caster\data\ape.fa	52900	0.104743	0.814961	6.73676	-0.0927606	200000
C:\Users\isaac\phlag\caster\data\ape.fa	53000	0.104743	0.846234	6.73676	-0.0964511	200000
C:\Users\isaac\phlag\caster\data\ape.fa	53100	0.104743	0.966083	6.73676	-0.110321	200000
C:\Users\isaac\phlag\caster\data\ape.fa	53200	0.104743	0.991944	6.67626	-0.114139	200000
C:\Users\isaac\phlag\caster\data\ape.fa	53300	0.0443434	0.991944	6.67626	-0.122865	200000
C:\Users\isaac\phlag\caster\data\ape.fa	53400	0.0443434	1.04937	6.6774	-0.129328	200000
C:\Users\isaac\phlag\caster\data\ape.fa	53500	0.0443434	1.03155	6.6774	-0.127328	200000
C:\Users\isaac\phlag\caster\data\ape.fa	53600	0.0759175	1.03155	6.6774	-0.122755	200000
C:\Users\isaac\phlag\caster\data\ape.fa	53700	0.0759175	1.04624	6.6774	-0.124407	200000
C:\Users\isaac\phlag\caster\data\ape.fa	53800	0.0759175	1.13063	6.6774	-0.13378	200000
C:\Users\isaac\phlag\caster\data\ape.fa	53900	0.0759175	1.18774	6.6774	-0.140009	200000
C:\Users\isaac\phlag\caster\data\ape.fa	54000	0.0759175	1.21453	6.6437	-0.143507	200000
C:\Users\isaac\phlag\caster\data\ape.fa	54100	0.0759175	1.20031	6.64436	-0.141958	200000
C:\Users\isaac\phlag\caster\data\ape.fa	54200	0.107265	1.32183	6.61391	-0.151009	200000
C:\Users\isaac\phlag\caster\data\ape.fa	54300	0.107265	1.31775	6.61391	-0.150578	200000
C:\Users\isaac\phlag\caster\data\ape.fa	54400	0.107265	1.31775	6.5524	-0.151739	200000
C:\Users\isaac\phlag\caster\data\ape.fa	54500	0.107265	1.40644	6.5524	-0.161066	200000
C:\Users\isaac\phlag\caster\data\ape.fa	54600	0.107265	1.40644	6.55346	-0.161045	200000
C:\Users\isaac\phlag\caster\data\ape.fa	54700	0.107265	1.5117	6.52338	-0.172485	200000
C:\Users\isaac\phlag\caster\data\ape.fa	54800	0.107265	1.5117	6.44525	-0.174157	200000
C:\Users\isaac\phlag\caster\data\ape.fa	54900	0.107265	1.77393	6.44525	-0.200165	200000
C:\Users\isaac\phlag\caster\data\ape.fa	55000	0.107265	1.77393	6.44525	-0.200165	200000
C:\Users\isaac\phlag\caster\data\ape.fa	55100	0.107265	1.86436	6.44525	-0.208759	200000
C:\Users\isaac\phlag\caster\data\ape.fa	55200	0.107265	1.86436	6.44525	-0.208759	200000
C:\Users\isaac\phlag\caster\data\ape.fa	55300	0.107265	1.86436	6.44525	-0.208759	200000
C:\Users\isaac\phlag\caster\data\ape.fa	55400	0.107265	1.86436	6.41769	-0.209444	200000
C:\Users\isaac\phlag\caster\data\ape.fa	55500	0.107265	1.86337	6.41769	-0.209351	200000
C:\Users\isaac\phlag\caster\data\ape.fa	55600	0.107265	1.97083	6.38887	-0.220098	200000
C:\Users\isaac\phlag\caster\data\ape.fa	55700	0.107265	1.97083	6.3651	-0.220718	200000
C:\Users\isaac\phlag\caster\data\ape.fa	55800	0.107265	1.97083	6.31422	-0.222056	200000
C:\Users\isaac\phlag\caster\data\ape.fa	55900	0.107265	2.03705	6.31422	-0.228147	200000
C:\Users\isaac\phlag\caster\data\ape.fa	56000	0.107265	2.08981	6.25941	-0.234441	200000
C:\Users\isaac\phlag\caster\data\ape.fa	56100	0.107265	2.08981	6.25941	-0.234441	200000
C:\Users\isaac\phlag\caster\data\ape.fa	56200	0.107265	2.08981	6.25941	-0.234441	200000
C:\Users\isaac\phlag\caster\data\ape.fa	56300	0.107265	2.08981	6.25941	-0.234441	200000
C:\Users\isaac\phlag\caster\data\ape.fa	56400	0.107265	2.0597	6.25941	-0.231705	200000
C:\Users\isaac\phlag\caster\data\ape.fa	56500	0.107265	2.0597	6.25942	-0.231705	200000
C:\Users\isaac\phlag\caster\data\ape.fa	56600	0.107265	2.21551	6.25942	-0.245653	200000
C:\Users\isaac\phlag\caster\data\ape.fa	56700	0.107265	2.21551	6.25942	-0.245653	200000
C:\Users\isaac\phlag\caster\data\ape.fa	56800	0.107265	2.21457	6.19937	-0.247301	200000
C:\Users\isaac\phlag\caster\data\ape.fa	56900	0.107265	2.30395	6.19937	-0.255114	200000
C:\Users\isaac\phlag\caster\data\ape.fa	57000	0.107265	2.42415	6.19937	-0.26537	200000
C:\Users\isaac\phlag\caster\data\ape.fa	57100	0.107265	2.42415	6.19937	-0.26537	200000
C:\Users\isaac\phlag\caster\data\ape.fa	57200	0.107265	2.42415	6.19937	-0.26537	200000
C:\Users\isaac\phlag\caster\data\ape.fa	57300	0.107265	2.42415	6.17564	-0.266093	200000
C:\Users\isaac\phlag\caster\data\ape.fa	57400	0.107265	2.42415	6.17564	-0.266093	200000
C:\Users\isaac\phlag\caster\data\ape.fa	57500	0.107265	2.42415	6.17564	-0.266093	200000
C:\Users\isaac\phlag\caster\data\ape.fa	57600	0.107265	2.42415	6.11518	-0.267953	200000
C:\Users\isaac\phlag\caster\data\ape.fa	57700	0.107265	2.47524	6.11558	-0.272241	200000
C:\Users\isaac\phlag\caster\data\ape.fa	57800	0.107265	2.47524	6.11558	-0.272241	200000
C:\Users\isaac\phlag\caster\data\ape.fa	57900	0.107265	2.47524	6.11558	-0.272241	200000
C:\Users\isaac\phlag\caster\data\ape.fa	58000	0.14793	2.47524	6.11558	-0.266321	200000
C:\Users\isaac\phlag\caster\data\ape.fa	58100	0.14793	2.47524	6.11558	-0.266321	200000
C:\Users\isaac\phlag\caster\data\ape.fa	58200	0.118272	2.44359	6.11558	-0.267973	200000
C:\Users\isaac\phlag\caster\data\ape.fa	58300	0.118272	2.44359	6.11558	-0.267973	200000
C:\Users\isaac\phlag\caster\data\ape.fa	58400	0.118272	2.44359	6.08598	-0.26889	200000
C:\Users\isaac\phlag\caster\data\ape.fa	58500	0.118272	2.44359	6.08598	-0.26889	200000
C:\Users\isaac\phlag\caster\data\ape.fa	58600	0.179637	2.44359	6.05642	-0.260835	200000
C:\Users\isaac\phlag\caster\data\ape.fa	58700	0.179637	2.44359	5.99607	-0.262661	200000
C:\Users\isaac\phlag\caster\data\ape.fa	58800	0.179637	2.44359	5.99607	-0.262661	200000
C:\Users\isaac\phlag\caster\data\ape.fa	58900	0.179637	2.45888	5.93735	-0.265774	200000
C:\Users\isaac\phlag\caster\data\ape.fa	59000	0.179637	2.45888	5.93735	-0.265774	200000
C:\Users\isaac\phlag\caster\data\ape.fa	59100	0.179637	2.45888	5.93735	-0.265774	200000
C:\Users\isaac\phlag\caster\data\ape.fa	59200	0.147811	2.55029	5.93735	-0.278212	200000
C:\Users\isaac\phlag\caster\data\ape.fa	59300	0.147811	2.55029	5.87811	-0.280133	200000
C:\Users\isaac\phlag\caster\data\ape.fa	59400	0.147811	2.49222	5.70488	-0.280939	200000
C:\Users\isaac\phlag\caster\data\ape.fa	59500	0.147811	2.4892	5.70488	-0.280678	200000
C:\Users\isaac\phlag\caster\data\ape.fa	59600	0.147811	2.50457	5.70488	-0.282001	200000
C:\Users\isaac\phlag\caster\data\ape.fa	59700	0.147811	2.50457	5.70488	-0.282001	200000
C:\Users\isaac\phlag\caster\data\ape.fa	59800	0.147811	2.50457	5.70488	-0.282001	200000
C:\Users\isaac\phlag\caster\data\ape.fa	59900	0.147811	2.55622	5.73624	-0.285348	200000
C:\Users\isaac\phlag\caster\data\ape.fa	60000	0.147811	2.55622	5.73624	-0.285348	200000
C:\Users\isaac\phlag\caster\data\ape.fa	60100	0.147811	2.58727	5.74188	-0.287775	200000
C:\Users\isaac\phlag\caster\data\ape.fa	60200	0.147811	2.64719	5.74188	-0.292775	200000
C:\Users\isaac\phlag\caster\data\ape.fa	60300	0.0922567	2.64719	5.74188	-0.301243	200000
C:\Users\isaac\phlag\caster\data\ape.fa	60400	0.0922567	2.64719	5.74188	-0.301243	200000
C:\Users\isaac\phlag\caster\data\ape.fa	60500	0.0922567	2.64719	5.77128	-0.300202	200000
C:\Users\isaac\phlag\caster\data\ape.fa	60600	0.0922567	2.64719	5.71738	-0.302115	200000
C:\Users\isaac\phlag\caster\data\ape.fa	60700	0.0922567	2.75012	5.68689	-0.311617	200000
C:\Users\isaac\phlag\caster\data\ape.fa	60800	0.0922567	2.78091	5.62812	-0.316264	200000
C:\Users\isaac\phlag\caster\data\ape.fa	60900	0.0922567	2.77958	5.62812	-0.316157	200000
C:\Users\isaac\phlag\caster\data\ape.fa	61000	0.0922567	2.77607	5.59908	-0.316958	200000
C:\Users\isaac\phlag\caster\data\ape.fa	61100	0.0922567	2.77607	5.59908	-0.316958	200000
C:\Users\isaac\phlag\caster\data\ape.fa	61200	0.121414	2.77607	5.56856	-0.313565	200000
C:\Users\isaac\phlag\caster\data\ape.fa	61300	0.121414	2.83802	5.44836	-0.323106	200000
C:\Users\isaac\phlag\caster\data\ape.fa	61400	0.121414	2.83802	5.35774	-0.326626	200000
C:\Users\isaac\phlag\caster\data\ape.fa	61500	0.121414	2.83802	5.29722	-0.32902	200000
C:\Users\isaac\phlag\caster\data\ape.fa	61600	0.0917499	2.83802	5.32571	-0.33266	200000
C:\Users\isaac\phlag\caster\data\ape.fa	61700	0.0917499	2.83802	5.33057	-0.332465	200000
C:\Users\isaac\phlag\caster\data\ape.fa	61800	0.0917499	2.83802	5.33057	-0.332465	200000
C:\Users\isaac\phlag\caster\data\ape.fa	61900	0.0917499	2.83457	5.33057	-0.332185	200000
C:\Users\isaac\phlag\caster\data\ape.fa	62000	0.0917499	2.77274	5.33057	-0.327147	200000
C:\Users\isaac\phlag\caster\data\ape.fa	62100	0.0605397	2.77274	5.33057	-0.332221	200000
C:\Users\isaac\phlag\caster\data\ape.fa	62200	0.0605397	2.75719	5.33057	-0.330946	200000
C:\Users\isaac\phlag\caster\data\ape.fa	62300	0.0605397	2.90818	5.33057	-0.343118	200000
C:\Users\isaac\phlag\caster\data\ape.fa	62400	0.0315242	2.96452	5.35962	-0.351019	200000
C:\Users\isaac\phlag\caster\data\ape.fa	62500	0.00163898	3.1088	5.35962	-0.366841	200000
C:\Users\isaac\phlag\caster\data\ape.fa	62600	0.00163898	3.22057	5.3006	-0.377685	200000
C:\Users\isaac\phlag\caster\data\ape.fa	62700	0.00163898	3.28287	5.3006	-0.382201	200000
C:\Users\isaac\phlag\caster\data\ape.fa	62800	0.00163898	3.28287	5.24701	-0.384601	200000
C:\Users\isaac\phlag\caster\data\ape.fa	62900	0.00163898	3.28287	5.24701	-0.384601	200000
C:\Users\isaac\phlag\caster\data\ape.fa	63000	0.00163898	3.3522	5.21819	-0.390871	200000
C:\Users\isaac\phlag\caster\data\ape.fa	63100	0.00163898	3.3522	5.21819	-0.390871	200000
C:\Users\isaac\phlag\caster\data\ape.fa	63200	0.00163898	3.46504	5.21819	-0.398786	200000
C:\Users\isaac\phlag\caster\data\ape.fa	63300	-0.0201904	3.48171	5.21819	-0.403458	200000
C:\Users\isaac\phlag\caster\data\ape.fa	63400	-0.0201904	3.60268	5.24849	-0.410246	200000
C:\Users\isaac\phlag\caster\data\ape.fa	63500	-0.0201904	3.60268	5.24849	-0.410246	200000
C:\Users\isaac\phlag\caster\data\ape.fa	63600	-0.0201904	3.66473	5.18972	-0.417117	200000
C:\Users\isaac\phlag\caster\data\ape.fa	63700	-0.0201904	3.57086	5.12778	-0.41379	200000
C:\Users\isaac\phlag\caster\data\ape.fa	63800	-0.0201904	3.57029	5.12656	-0.413809	200000
C:\Users\isaac\phlag\caster\data\ape.fa	63900	-0.0201904	3.58503	5.12656	-0.414803	200000
C:\Users\isaac\phlag\caster\data\ape.fa	64000	-0.0201904	3.58503	5.15607	-0.4134	200000
C:\Users\isaac\phlag\caster\data\ape.fa	64100	-0.0201904	3.64616	5.09501	-0.420406	200000
C:\Users\isaac\phlag\caster\data\ape.fa	64200	-0.0201904	3.9205	5.09501	-0.438082	200000
C:\Users\isaac\phlag\caster\data\ape.fa	64300	-0.0201904	3.98262	5.09501	-0.441936	200000
C:\Users\isaac\phlag\caster\data\ape.fa	64400	-0.0201904	3.98262	5.09501	-0.441936	200000
C:\Users\isaac\phlag\caster\data\ape.fa	64500	-0.0201904	4.01148	5.09501	-0.443709	200000
C:\Users\isaac\phlag\caster\data\ape.fa	64600	-0.0201904	4.02677	5.06905	-0.445915	200000
C:\Users\isaac\phlag\caster\data\ape.fa	64700	-0.0201904	4.02677	5.07253	-0.445744	200000
C:\Users\isaac\phlag\caster\data\ape.fa	64800	-0.0201904	4.08467	5.07253	-0.449256	200000
C:\Users\isaac\phlag\caster\data\ape.fa	64900	-0.0201904	4.08467	5.05092	-0.450321	200000
C:\Users\isaac\phlag\caster\data\ape.fa	65000	0.0106417	4.10012	4.95848	-0.450917	200000
C:\Users\isaac\phlag\caster\data\ape.fa	65100	0.0106417	4.13014	4.89843	-0.455736	200000
C:\Users\isaac\phlag\caster\data\ape.fa	65200	0.0106417	4.19316	4.89843	-0.459505	200000
C:\Users\isaac\phlag\caster\data\ape.fa	65300	0.0106417	4.19316	4.89843	-0.459505	200000
C:\Users\isaac\phlag\caster\data\ape.fa	65400	0.0106417	4.27617	4.87316	-0.465671	200000
C:\Users\isaac\phlag\caster\data\ape.fa	65500	0.0106417	4.27617	4.87316	-0.465671	200000
C:\Users\isaac\phlag\caster\data\ape.fa	65600	0.0106417	4.32175	4.81295	-0.471399	200000
C:\Users\isaac\phlag\caster\data\ape.fa	65700	0.0106417	4.37973	4.81295	-0.474729	200000
C:\Users\isaac\phlag\caster\data\ape.fa	65800	-0.0279127	4.37973	4.78083	-0.482625	200000
C:\Users\isaac\phlag\caster\data\ape.fa	65900	-0.0279127	4.39535	4.81138	-0.481899	200000
C:\Users\isaac\phlag\caster\data\ape.fa	66000	-0.0279127	4.39535	4.84434	-0.480175	200000
C:\Users\isaac\phlag\caster\data\ape.fa	66100	-0.0279127	4.45261	4.84434	-0.483386	200000
C:\Users\isaac\phlag\caster\data\ape.fa	66200	-0.0573936	4.51152	4.84434	-0.491362	200000
C:\Users\isaac\phlag\caster\data\ape.fa	66300	-0.0573936	4.48075	4.84434	-0.489674	200000
C:\Users\isaac\phlag\caster\data\ape.fa	66400	-0.0573936	4.6212	4.84434	-0.497292	200000
C:\Users\isaac\phlag\caster\data\ape.fa	66500	-0.0573936	4.68182	4.84449	-0.500502	200000
C:\Users\isaac\phlag\caster\data\ape.fa	66600	-0.0573936	4.79607	4.84449	-0.506457	200000
C:\Users\isaac\phlag\caster\data\ape.fa	66700	-0.0277311	4.91472	4.84449	-0.507883	200000
C:\Users\isaac\phlag\caster\data\ape.fa	66800	-0.0277311	4.97689	4.84449	-0.511007	200000
C:\Users\isaac\phlag\caster\data\ape.fa	66900	-0.0277311	4.97689	4.84449	-0.511007	200000
C:\Users\isaac\phlag\caster\data\ape.fa	67000	-0.0277311	5.02983	4.78616	-0.516697	200000
C:\Users\isaac\phlag\caster\data\ape.fa	67100	-0.0277311	5.04507	4.75678	-0.519003	200000
C:\Users\isaac\phlag\caster\data\ape.fa	67200	-0.0277311	5.04507	4.66349	-0.524005	200000
C:\Users\isaac\phlag\caster\data\ape.fa	67300	-0.0277311	5.16861	4.66349	-0.530002	200000
C:\Users\isaac\phlag\caster\data\ape.fa	67400	-0.0277311	5.2305	4.69672	-0.531162	200000
C:\Users\isaac\phlag\caster\data\ape.fa	67500	-0.0277311	5.36935	4.69672	-0.537647	200000
C:\Users\isaac\phlag\caster\data\ape.fa	67600	-0.0277311	5.36935	4.69672	-0.537647	200000
C:\Users\isaac\phlag\caster\data\ape.fa	67700	-0.0592624	5.39979	4.69672	-0.54388	200000
C:\Users\isaac\phlag\caster\data\ape.fa	67800	-0.0592624	5.51499	4.69672	-0.549055	200000
C:\Users\isaac\phlag\caster\data\ape.fa	67900	-0.0592624	5.51499	4.69672	-0.549055	200000
C:\Users\isaac\phlag\caster\data\ape.fa	68000	-0.074877	5.51499	4.67406	-0.552677	200000
C:\Users\isaac\phlag\caster\data\ape.fa	68100	-0.0737908	5.76443	4.67386	-0.56329	200000
C:\Users\isaac\phlag\caster\data\ape.fa	68200	-0.0737908	5.77963	4.67386	-0.56393	200000
C:\Users\isaac\phlag\caster\data\ape.fa	68300	-0.0737908	5.77963	4.73337	-0.560715	200000
C:\Users\isaac\phlag\caster\data\ape.fa	68400	-0.0737908	5.77963	4.69681	-0.562686	200000
C:\Users\isaac\phlag\caster\data\ape.fa	68500	-0.0737908	5.83359	4.69681	-0.564942	200000
C:\Users\isaac\phlag\caster\data\ape.fa	68600	-0.0497617	5.83359	4.63706	-0.564573	200000
C:\Users\isaac\phlag\caster\data\ape.fa	68700	-0.0195895	5.94704	4.63706	-0.56478	200000
C:\Users\isaac\phlag\caster\data\ape.fa	68800	-0.0195895	5.94629	4.63706	-0.56475	200000
C:\Users\isaac\phlag\caster\data\ape.fa	68900	-0.0195895	5.94629	4.63706	-0.56475	200000
C:\Users\isaac\phlag\caster\data\ape.fa	69000	-0.0195895	6.08583	4.63706	-0.570424	200000
C:\Users\isaac\phlag\caster\data\ape.fa	69100	-0.0195895	6.1413	4.70122	-0.569244	200000
C:\Users\isaac\phlag\caster\data\ape.fa	69200	-0.0195895	6.06325	4.70122	-0.566115	200000
C:\Users\isaac\phlag\caster\data\ape.fa	69300	-0.0195895	6.12214	4.64602	-0.571399	200000
C:\Users\isaac\phlag\caster\data\ape.fa	69400	-0.0195895	6.21424	4.58512	-0.57829	200000
C:\Users\isaac\phlag\caster\data\ape.fa	69500	-0.0195895	6.27305	4.58512	-0.580578	200000
C:\Users\isaac\phlag\caster\data\ape.fa	69600	0.0159641	6.25698	4.58512	-0.574782	200000
C:\Users\isaac\phlag\caster\data\ape.fa	69700	0.0159641	6.25698	4.58512	-0.574782	200000
C:\Users\isaac\phlag\caster\data\ape.fa	69800	0.0159641	6.25698	4.58512	-0.574782	200000
C:\Users\isaac\phlag\caster\data\ape.fa	69900	0.0159641	6.24228	4.58512	-0.574205	200000
C:\Users\isaac\phlag\caster\data\ape.fa	70000	0.0159641	6.24228	4.55606	-0.575748	200000
C:\Users\isaac\phlag\caster\data\ape.fa	70100	0.0159641	6.2997	4.55606	-0.577989	200000
C:\Users\isaac\phlag\caster\data\ape.fa	70200	0.0159641	6.37272	4.55606	-0.580804	200000
C:\Users\isaac\phlag\caster\data\ape.fa	70300	0.0159641	6.43021	4.52702	-0.584538	200000
C:\Users\isaac\phlag\caster\data\ape.fa	70400	0.0159641	6.43021	4.49854	-0.586059	200000
C:\Users\isaac\phlag\caster\data\ape.fa	70500	0.0159641	6.43021	4.44698	-0.588833	200000
C:\Users\isaac\phlag\caster\data\ape.fa	70600	0.0159641	6.43021	4.44698	-0.588833	200000
C:\Users\isaac\phlag\caster\data\ape.fa	70700	0.0159641	6.39984	4.44698	-0.587683	200000
C:\Users\isaac\phlag\caster\data\ape.fa	70800	-0.045387	6.39984	4.38563	-0.60011	200000
C:\Users\isaac\phlag\caster\data\ape.fa	70900	-0.045387	6.48422	4.38563	-0.603227	200000
C:\Users\isaac\phlag\caster\data\ape.fa	71000	-0.096009	6.48422	4.38563	-0.61076	200000
C:\Users\isaac\phlag\caster\data\ape.fa	71100	-0.096009	6.59302	4.38563	-0.614652	200000
C:\Users\isaac\phlag\caster\data\ape.fa	71200	-0.096009	6.53109	4.35773	-0.614029	200000
C:\Users\isaac\phlag\caster\data\ape.fa	71300	-0.096009	6.53109	4.26859	-0.619143	200000
C:\Users\isaac\phlag\caster\data\ape.fa	71400	-0.096009	6.53109	4.27072	-0.619019	200000
C:\Users\isaac\phlag\caster\data\ape.fa	71500	-0.096009	6.5892	4.27072	-0.621076	200000
C:\Users\isaac\phlag\caster\data\ape.fa	71600	-0.096009	6.56166	4.27072	-0.620104	200000
C:\Users\isaac\phlag\caster\data\ape.fa	71700	-0.096009	6.62267	4.27143	-0.62221	200000
C:\Users\isaac\phlag\caster\data\ape.fa	71800	-0.096009	6.67978	4.21534	-0.62744	200000
C:\Users\isaac\phlag\caster\data\ape.fa	71900	-0.096009	6.73575	4.15481	-0.63289	200000
C:\Users\isaac\phlag\caster\data\ape.fa	72000	-0.096009	6.73575	4.15586	-0.632828	200000
C:\Users\isaac\phlag\caster\data\ape.fa	72100	-0.096009	6.73575	4.15586	-0.632828	200000
C:\Users\isaac\phlag\caster\data\ape.fa	72200	-0.096009	6.79254	4.12845	-0.636357	200000
C:\Users\isaac\phlag\caster\data\ape.fa	72300	-0.096009	6.82121	4.15711	-0.635639	200000
C:\Users\isaac\phlag\caster\data\ape.fa	72400	-0.096009	6.97223	4.15803	-0.640572	200000
C:\Users\isaac\phlag\caster\data\ape.fa	72500	-0.0395321	6.97221	4.15803	-0.632218	200000
C:\Users\isaac\phlag\caster\data\ape.fa	72600	-0.0395321	7.00442	4.15803	-0.633283	200000
C:\Users\isaac\phlag\caster\data\ape.fa	72700	-0.0969858	7.11542	4.18851	-0.643566	200000
C:\Users\isaac\phlag\caster\data\ape.fa	72800	-0.0969858	7.11542	4.18851	-0.643566	200000
C:\Users\isaac\phlag\caster\data\ape.fa	72900	-0.0969858	7.28591	4.18851	-0.648907	200000
C:\Users\isaac\phlag\caster\data\ape.fa	73000	-0.0969858	7.25599	4.18851	-0.647981	200000
C:\Users\isaac\phlag\caster\data\ape.fa	73100	-0.0969858	7.2856	4.18851	-0.648898	200000
C:\Users\isaac\phlag\caster\data\ape.fa	73200	-0.0969858	7.2515	4.18851	-0.647842	200000
C:\Users\isaac\phlag\caster\data\ape.fa	73300	-0.0969858	7.26755	4.18851	-0.64834	200000
C:\Users\isaac\phlag\caster\data\ape.fa	73400	0.0131052	7.26755	4.15825	-0.634191	200000
C:\Users\isaac\phlag\caster\data\ape.fa	73500	0.0423322	7.29678	4.15825	-0.630966	200000
C:\Users\isaac\phlag\caster\data\ape.fa	73600	0.0423322	7.35613	4.15825	-0.632862	200000
C:\Users\isaac\phlag\caster\data\ape.fa	73700	0.0423322	7.35613	4.15825	-0.632862	200000
C:\Users\isaac\phlag\caster\data\ape.fa	73800	0.0423322	7.35613	4.15825	-0.632862	200000
C:\Users\isaac\phlag\caster\data\ape.fa	73900	0.0116842	7.29484	4.15825	-0.635264	200000
C:\Users\isaac\phlag\caster\data\ape.fa	74000	0.0116842	7.29484	4.15825	-0.635264	200000
C:\Users\isaac\phlag\caster\data\ape.fa	74100	0.0116842	7.29484	4.15921	-0.635211	200000
C:\Users\isaac\phlag\caster\data\ape.fa	74200	0.0116842	7.29484	4.10286	-0.638348	200000
C:\Users\isaac\phlag\caster\data\ape.fa	74300	0.0116842	7.34894	4.10286	-0.640054	200000
C:\Users\isaac\phlag\caster\data\ape.fa	74400	0.0116842	7.53023	4.13567	-0.643844	200000
C:\Users\isaac\phlag\caster\data\ape.fa	74500	0.0116842	7.53023	4.13567	-0.643844	200000
C:\Users\isaac\phlag\caster\data\ape.fa	74600	0.0116842	7.58557	4.19404	-0.642329	200000
C:\Users\isaac\phlag\caster\data\ape.fa	74700	0.0116842	7.53093	4.19404	-0.640663	200000
C:\Users\isaac\phlag\caster\data\ape.fa	74800	0.0116842	7.53093	4.19404	-0.640663	200000
C:\Users\isaac\phlag\caster\data\ape.fa	74900	0.0116842	7.56154	4.19404	-0.641598	200000
C:\Users\isaac\phlag\caster\data\ape.fa	75000	0.0398118	7.56174	4.19404	-0.63769	200000
C:\Users\isaac\phlag\caster\data\ape.fa	75100	0.0398118	7.61701	4.13693	-0.642476	200000
C:\Users\isaac\phlag\caster\data\ape.fa	75200	0.0134959	7.64529	4.13693	-0.646997	200000
C:\Users\isaac\phlag\caster\data\ape.fa	75300	0.0134959	7.67204	4.04879	-0.652662	200000
C:\Users\isaac\phlag\caster\data\ape.fa	75400	0.0134959	7.67204	4.04879	-0.652662	200000
C:\Users\isaac\phlag\caster\data\ape.fa	75500	0.0432902	7.71696	4.04879	-0.649813	200000
C:\Users\isaac\phlag\caster\data\ape.fa	75600	0.0432902	7.71696	3.99129	-0.652993	200000
C:\Users\isaac\phlag\caster\data\ape.fa	75700	0.0432902	7.70162	3.99129	-0.652539	200000
C:\Users\isaac\phlag\caster\data\ape.fa	75800	0.0432902	7.71725	3.96004	-0.654742	200000
C:\Users\isaac\phlag\caster\data\ape.fa	75900	0.0432902	7.71144	3.9054	-0.657638	200000
C:\Users\isaac\phlag\caster\data\ape.fa	76000	0.0432902	7.71144	3.84624	-0.660992	200000
C:\Users\isaac\phlag\caster\data\ape.fa	76100	0.0432902	7.76606	3.84624	-0.662581	200000
C:\Users\isaac\phlag\caster\data\ape.fa	76200	0.0432902	7.70639	3.84624	-0.660845	200000
C:\Users\isaac\phlag\caster\data\ape.fa	76300	0.0432902	7.70639	3.84624	-0.660845	200000
C:\Users\isaac\phlag\caster\data\ape.fa	76400	0.0432902	7.76516	3.75958	-0.667518	200000
C:\Users\isaac\phlag\caster\data\ape.fa	76500	0.0982579	7.93006	3.70572	-0.667443	200000
C:\Users\isaac\phlag\caster\data\ape.fa	76600	0.0982579	7.93006	3.70572	-0.667443	200000
C:\Users\isaac\phlag\caster\data\ape.fa	76700	0.0982579	7.93006	3.73521	-0.66577	200000
C:\Users\isaac\phlag\caster\data\ape.fa	76800	0.0982579	7.97799	3.73531	-0.667121	200000
C:\Users\isaac\phlag\caster\data\ape.fa	76900	0.0982579	7.97799	3.73531	-0.66712	200000
C:\Users\isaac\phlag\caster\data\ape.fa	77000	0.0982579	8.03449	3.73531	-0.668705	200000
C:\Users\isaac\phlag\caster\data\ape.fa	77100	0.0982579	8.03449	3.73531	-0.668705	200000
C:\Users\isaac\phlag\caster\data\ape.fa	77200	0.0982579	8.11805	3.67461	-0.674447	200000
C:\Users\isaac\phlag\caster\data\ape.fa	77300	0.0982579	8.16021	3.61886	-0.678769	200000
C:\Users\isaac\phlag\caster\data\ape.fa	77400	0.0982579	8.23545	3.52978	-0.685902	200000
C:\Users\isaac\phlag\caster\data\ape.fa	77500	0.0982579	8.23545	3.53197	-0.685775	200000
C:\Users\isaac\phlag\caster\data\ape.fa	77600	0.0982579	8.28656	3.56322	-0.685326	200000
C:\Users\isaac\phlag\caster\data\ape.fa	77700	0.127861	8.28656	3.50582	-0.684441	200000
C:\Users\isaac\phlag\caster\data\ape.fa	77800	0.156935	8.31496	3.47707	-0.682739	200000
C:\Users\isaac\phlag\caster\data\ape.fa	77900	0.186748	8.31496	3.47707	-0.678551	200000
C:\Users\isaac\phlag\caster\data\ape.fa	78000	0.186748	8.31496	3.47707	-0.678551	200000
C:\Users\isaac\phlag\caster\data\ape.fa	78100	0.186748	8.31496	3.52823	-0.675666	200000
C:\Users\isaac\phlag\caster\data\ape.fa	78200	0.24666	8.31496	3.44135	-0.672192	200000
C:\Users\isaac\phlag\caster\data\ape.fa	78300	0.273534	8.31496	3.47319	-0.666692	200000
C:\Users\isaac\phlag\caster\data\ape.fa	78400	0.273534	8.3753	3.44645	-0.669829	200000
C:\Users\isaac\phlag\caster\data\ape.fa	78500	0.288625	8.4662	3.43079	-0.671084	200000
C:\Users\isaac\phlag\caster\data\ape.fa	78600	0.347592	8.54455	3.43079	-0.665179	200000
C:\Users\isaac\phlag\caster\data\ape.fa	78700	0.347592	8.54041	3.43079	-0.665067	200000
C:\Users\isaac\phlag\caster\data\ape.fa	78800	0.347592	8.65721	3.43079	-0.668212	200000
C:\Users\isaac\phlag\caster\data\ape.fa	78900	0.347592	8.71671	3.37264	-0.672924	200000
C:\Users\isaac\phlag\caster\data\ape.fa	79000	0.347592	8.71667	3.4011	-0.671387	200000
C:\Users\isaac\phlag\caster\data\ape.fa	79100	0.347592	8.71667	3.4011	-0.671387	200000
C:\Users\isaac\phlag\caster\data\ape.fa	79200	0.347592	8.71667	3.4011	-0.671387	200000
C:\Users\isaac\phlag\caster\data\ape.fa	79300	0.347592	8.69083	3.43094	-0.669099	200000
C:\Users\isaac\phlag\caster\data\ape.fa	79400	0.37841	8.77748	3.40042	-0.668912	200000
C:\Users\isaac\phlag\caster\data\ape.fa	79500	0.37841	8.9589	3.34686	-0.676472	200000
C:\Users\isaac\phlag\caster\data\ape.fa	79600	0.37841	8.98997	3.35217	-0.67698	200000
C:\Users\isaac\phlag\caster\data\ape.fa	79700	0.37841	9.0498	3.35217	-0.678492	200000
C:\Users\isaac\phlag\caster\data\ape.fa	79800	0.438219	9.0498	3.32446	-0.672124	200000
C:\Users\isaac\phlag\caster\data\ape.fa	79900	0.438219	9.0498	3.26861	-0.675067	200000
C:\Users\isaac\phlag\caster\data\ape.fa	80000	0.438219	9.0498	3.26861	-0.675067	200000
C:\Users\isaac\phlag\caster\data\ape.fa	80100	0.438219	9.10877	3.26861	-0.676562	200000
C:\Users\isaac\phlag\caster\data\ape.fa	80200	0.438219	9.13816	3.24024	-0.678802	200000
C:\Users\isaac\phlag\caster\data\ape.fa	80300	0.438219	9.19688	3.24024	-0.680267	200000
C:\Users\isaac\phlag\caster\data\ape.fa	80400	0.438219	9.30622	3.12933	-0.688843	200000
C:\Users\isaac\phlag\caster\data\ape.fa	80500	0.438219	9.30515	3.12933	-0.688817	200000
C:\Users\isaac\phlag\caster\data\ape.fa	80600	0.438219	9.30515	3.07769	-0.691591	200000
C:\Users\isaac\phlag\caster\data\ape.fa	80700	0.438219	9.35552	3.07769	-0.692798	200000
C:\Users\isaac\phlag\caster\data\ape.fa	80800	0.4696	9.30921	3.07769	-0.687559	200000
C:\Users\isaac\phlag\caster\data\ape.fa	80900	0.4696	9.3545	3.13952	-0.685372	200000
C:\Users\isaac\phlag\caster\data\ape.fa	81000	0.4696	9.47642	3.13952	-0.688303	200000
C:\Users\isaac\phlag\caster\data\ape.fa	81100	0.4696	9.59379	3.13952	-0.691074	200000
C:\Users\isaac\phlag\caster\data\ape.fa	81200	0.4696	9.59379	3.13952	-0.691074	200000
C:\Users\isaac\phlag\caster\data\ape.fa	81300	0.4696	9.64621	3.10918	-0.693884	200000
C:\Users\isaac\phlag\caster\data\ape.fa	81400	0.501546	9.70818	2.99016	-0.697479	200000
C:\Users\isaac\phlag\caster\data\ape.fa	81500	0.501546	9.7683	2.99016	-0.69885	200000
C:\Users\isaac\phlag\caster\data\ape.fa	81600	0.473631	9.7683	2.93092	-0.705593	200000
C:\Users\isaac\phlag\caster\data\ape.fa	81700	0.473631	9.79868	2.93092	-0.70627	200000
C:\Users\isaac\phlag\caster\data\ape.fa	81800	0.473631	9.85947	2.93092	-0.707616	200000
C:\Users\isaac\phlag\caster\data\ape.fa	81900	0.473631	9.978	2.93092	-0.710206	200000
C:\Users\isaac\phlag\caster\data\ape.fa	82000	0.388547	10.0402	2.99316	-0.719097	200000
C:\Users\isaac\phlag\caster\data\ape.fa	82100	0.388547	10.0984	2.99316	-0.72031	200000
C:\Users\isaac\phlag\caster\data\ape.fa	82200	0.388547	10.0984	2.99316	-0.72031	200000
C:\Users\isaac\phlag\caster\data\ape.fa	82300	0.388547	10.0984	2.99316	-0.72031	200000
C:\Users\isaac\phlag\caster\data\ape.fa	82400	0.388547	10.0984	2.99316	-0.72031	200000
C:\Users\isaac\phlag\caster\data\ape.fa	82500	0.388547	10.0984	2.99316	-0.72031	200000
C:\Users\isaac\phlag\caster\data\ape.fa	82600	0.388547	10.0984	2.99316	-0.72031	200000
C:\Users\isaac\phlag\caster\data\ape.fa	82700	0.388547	10.0671	2.99316	-0.71966	200000
C:\Users\isaac\phlag\caster\data\ape.fa	82800	0.388547	10.1264	2.93171	-0.724184	200000
C:\Users\isaac\phlag\caster\data\ape.fa	82900	0.388547	10.1264	2.82467	-0.729995	200000
C:\Users\isaac\phlag\caster\data\ape.fa	83000	0.388547	10.065	2.82473	-0.728743	200000
C:\Users\isaac\phlag\caster\data\ape.fa	83100	0.388547	10.065	2.82473	-0.728743	200000
C:\Users\isaac\phlag\caster\data\ape.fa	83200	0.388547	10.065	2.82473	-0.728743	200000
C:\Users\isaac\phlag\caster\data\ape.fa	83300	0.388547	10.0358	2.85559	-0.726453	200000
C:\Users\isaac\phlag\caster\data\ape.fa	83400	0.388547	10.0351	2.85559	-0.726439	200000
C:\Users\isaac\phlag\caster\data\ape.fa	83500	0.388547	10.1575	2.85559	-0.728938	200000
C:\Users\isaac\phlag\caster\data\ape.fa	83600	0.388547	10.1575	2.85559	-0.728938	200000
C:\Users\isaac\phlag\caster\data\ape.fa	83700	0.388547	10.1575	2.75091	-0.734676	200000
C:\Users\isaac\phlag\caster\data\ape.fa	83800	0.388547	10.0381	2.78253	-0.730518	200000
C:\Users\isaac\phlag\caster\data\ape.fa	83900	0.388547	10.0381	2.78253	-0.730518	200000
C:\Users\isaac\phlag\caster\data\ape.fa	84000	0.388547	10.0985	2.78253	-0.731746	200000
C:\Users\isaac\phlag\caster\data\ape.fa	84100	0.388547	10.0985	2.78253	-0.731746	200000
C:\Users\isaac\phlag\caster\data\ape.fa	84200	0.388547	10.1517	2.6989	-0.737445	200000
C:\Users\isaac\phlag\caster\data\ape.fa	84300	0.388547	10.1517	2.6989	-0.737445	200000
C:\Users\isaac\phlag\caster\data\ape.fa	84400	0.388547	10.2071	2.6989	-0.73854	200000
C:\Users\isaac\phlag\caster\data\ape.fa	84500	0.388547	10.2683	2.6989	-0.739739	200000
C:\Users\isaac\phlag\caster\data\ape.fa	84600	0.388547	10.2683	2.63893	-0.743075	200000
C:\Users\isaac\phlag\caster\data\ape.fa	84700	0.388547	10.2683	2.58446	-0.746132	200000
C:\Users\isaac\phlag\caster\data\ape.fa	84800	0.388547	10.2669	2.53422	-0.748947	200000
C:\Users\isaac\phlag\caster\data\ape.fa	84900	0.388547	10.2669	2.47274	-0.752455	200000
C:\Users\isaac\phlag\caster\data\ape.fa	85000	0.388547	10.2669	2.47274	-0.752455	200000
C:\Users\isaac\phlag\caster\data\ape.fa	85100	0.388547	10.3209	2.35456	-0.760283	200000
C:\Users\isaac\phlag\caster\data\ape.fa	85200	0.388547	10.3209	2.35456	-0.760283	200000
C:\Users\isaac\phlag\caster\data\ape.fa	85300	0.388547	10.3209	2.35456	-0.760283	200000
C:\Users\isaac\phlag\caster\data\ape.fa	85400	0.473866	10.5039	2.35456	-0.752309	200000
C:\Users\isaac\phlag\caster\data\ape.fa	85500	0.473866	10.5039	2.23281	-0.759242	200000
C:\Users\isaac\phlag\caster\data\ape.fa	85600	0.473866	10.5039	2.23281	-0.759242	200000
C:\Users\isaac\phlag\caster\data\ape.fa	85700	0.473866	10.5344	2.29451	-0.756273	200000
C:\Users\isaac\phlag\caster\data\ape.fa	85800	0.503705	10.5643	2.29451	-0.752896	200000
C:\Users\isaac\phlag\caster\data\ape.fa	85900	0.489425	10.673	2.25167	-0.759169	200000
C:\Users\isaac\phlag\caster\data\ape.fa	86000	0.489425	10.6824	2.25167	-0.759339	200000
C:\Users\isaac\phlag\caster\data\ape.fa	86100	0.489396	10.6824	2.25167	-0.759343	200000
C:\Users\isaac\phlag\caster\data\ape.fa	86200	0.489396	10.6824	2.25167	-0.759343	200000
C:\Users\isaac\phlag\caster\data\ape.fa	86300	0.489396	10.6982	2.12337	-0.766947	200000
C:\Users\isaac\phlag\caster\data\ape.fa	86400	0.462389	10.7123	2.12337	-0.770783	200000
C:\Users\isaac\phlag\caster\data\ape.fa	86500	0.522058	10.772	2.06963	-0.767	200000
C:\Users\isaac\phlag\caster\data\ape.fa	86600	0.575762	10.772	2.03982	-0.761619	200000
C:\Users\isaac\phlag\caster\data\ape.fa	86700	0.575762	10.772	2.03982	-0.761619	200000
C:\Users\isaac\phlag\caster\data\ape.fa	86800	0.545541	10.8617	2.01179	-0.768771	200000
C:\Users\isaac\phlag\caster\data\ape.fa	86900	0.545541	10.937	2.01179	-0.77006	200000
C:\Users\isaac\phlag\caster\data\ape.fa	87000	0.545541	11.044	1.88851	-0.77893	200000
C:\Users\isaac\phlag\caster\data\ape.fa	87100	0.606783	11.0428	1.88851	-0.770864	200000
C:\Users\isaac\phlag\caster\data\ape.fa	87200	0.606783	11.0932	1.88851	-0.771713	200000
C:\Users\isaac\phlag\caster\data\ape.fa	87300	0.606783	11.21	1.82913	-0.777026	200000
C:\Users\isaac\phlag\caster\data\ape.fa	87400	0.606783	11.21	1.82913	-0.777026	200000
C:\Users\isaac\phlag\caster\data\ape.fa	87500	0.606783	11.2714	1.89045	-0.774558	200000
C:\Users\isaac\phlag\caster\data\ape.fa	87600	0.637756	11.2714	1.89045	-0.770575	200000
C:\Users\isaac\phlag\caster\data\ape.fa	87700	0.637756	11.2659	1.86024	-0.772176	200000
C:\Users\isaac\phlag\caster\data\ape.fa	87800	0.668175	11.2659	1.86024	-0.768268	200000
C:\Users\isaac\phlag\caster\data\ape.fa	87900	0.668175	11.3162	1.84915	-0.769726	200000
C:\Users\isaac\phlag\caster\data\ape.fa	88000	0.668175	11.3162	1.87909	-0.768063	200000
C:\Users\isaac\phlag\caster\data\ape.fa	88100	0.668175	11.3162	1.81927	-0.771392	200000
C:\Users\isaac\phlag\caster\data\ape.fa	88200	0.668175	11.3459	1.81927	-0.771883	200000
C:\Users\isaac\phlag\caster\data\ape.fa	88300	0.668175	11.4993	1.78976	-0.776022	200000
C:\Users\isaac\phlag\caster\data\ape.fa	88400	0.639621	11.5512	1.78976	-0.780482	200000
C:\Users\isaac\phlag\caster\data\ape.fa	88500	0.61099	11.5982	1.78976	-0.78486	200000
C:\Users\isaac\phlag\caster\data\ape.fa	88600	0.579702	11.6283	1.78976	-0.789312	200000
C:\Users\isaac\phlag\caster\data\ape.fa	88700	0.54945	11.7499	1.78976	-0.794972	200000
C:\Users\isaac\phlag\caster\data\ape.fa	88800	0.54945	11.8996	1.78976	-0.797127	200000
C:\Users\isaac\phlag\caster\data\ape.fa	88900	0.54945	11.9288	1.78976	-0.797543	200000
C:\Users\isaac\phlag\caster\data\ape.fa	89000	0.54945	11.9431	1.69447	-0.803104	200000
C:\Users\isaac\phlag\caster\data\ape.fa	89100	0.54945	12.0196	1.69447	-0.80416	200000
C:\Users\isaac\phlag\caster\data\ape.fa	89200	0.54945	12.0196	1.72572	-0.802402	200000
C:\Users\isaac\phlag\caster\data\ape.fa	89300	0.54945	11.9573	1.75682	-0.799789	200000
C:\Users\isaac\phlag\caster\data\ape.fa	89400	0.54945	11.9417	1.6947	-0.803072	200000
C:\Users\isaac\phlag\caster\data\ape.fa	89500	0.54945	12.0791	1.66389	-0.806696	200000
C:\Users\isaac\phlag\caster\data\ape.fa	89600	0.54945	12.0309	1.66389	-0.806042	200000
C:\Users\isaac\phlag\caster\data\ape.fa	89700	0.54945	12.1334	1.66389	-0.807427	200000
C:\Users\isaac\phlag\caster\data\ape.fa	89800	0.54945	12.2429	1.66389	-0.808886	200000
C:\Users\isaac\phlag\caster\data\ape.fa	89900	0.54945	12.267	1.66389	-0.809205	200000
C:\Users\isaac\phlag\caster\data\ape.fa	90000	0.54945	12.2964	1.66389	-0.80959	200000
C:\Users\isaac\phlag\caster\data\ape.fa	90100	0.54945	12.3481	1.66389	-0.810267	200000
C:\Users\isaac\phlag\caster\data\ape.fa	90200	0.54945	12.3481	1.66389	-0.810267	200000
C:\Users\isaac\phlag\caster\data\ape.fa	90300	0.54945	12.461	1.6342	-0.813372	200000
C:\Users\isaac\phlag\caster\data\ape.fa	90400	0.54945	12.6112	1.6342	-0.815267	200000
C:\Users\isaac\phlag\caster\data\ape.fa	90500	0.54945	12.6112	1.58147	-0.818183	200000
C:\Users\isaac\phlag\caster\data\ape.fa	90600	0.54945	12.6112	1.58147	-0.818183	200000
C:\Users\isaac\phlag\caster\data\ape.fa	90700	0.54945	12.6112	1.58147	-0.818183	200000
C:\Users\isaac\phlag\caster\data\ape.fa	90800	0.54945	12.5834	1.58147	-0.81784	200000
C:\Users\isaac\phlag\caster\data\ape.fa	90900	0.500566	12.614	1.58147	-0.824266	200000
C:\Users\isaac\phlag\caster\data\ape.fa	91000	0.500566	12.614	1.58147	-0.824266	200000
C:\Users\isaac\phlag\caster\data\ape.fa	91100	0.500566	12.614	1.58147	-0.824266	200000
C:\Users\isaac\phlag\caster\data\ape.fa	91200	0.500566	12.6722	1.58147	-0.824959	200000
C:\Users\isaac\phlag\caster\data\ape.fa	91300	0.500566	12.7286	1.58147	-0.825625	200000
C:\Users\isaac\phlag\caster\data\ape.fa	91400	0.500566	12.7725	1.58147	-0.82614	200000
C:\Users\isaac\phlag\caster\data\ape.fa	91500	0.500566	12.8157	1.55039	-0.828373	200000
C:\Users\isaac\phlag\caster\data\ape.fa	91600	0.500566	12.8157	1.55337	-0.828207	200000
C:\Users\isaac\phlag\caster\data\ape.fa	91700	0.500566	12.8467	1.49385	-0.831887	200000
C:\Users\isaac\phlag\caster\data\ape.fa	91800	0.500566	12.8758	1.49385	-0.832216	200000
C:\Users\isaac\phlag\caster\data\ape.fa	91900	0.500566	12.8182	1.49385	-0.831564	200000
C:\Users\isaac\phlag\caster\data\ape.fa	92000	0.500566	12.8182	1.49385	-0.831564	200000
C:\Users\isaac\phlag\caster\data\ape.fa	92100	0.500566	12.8621	1.49385	-0.832062	200000
C:\Users\isaac\phlag\caster\data\ape.fa	92200	0.500566	12.8621	1.49385	-0.832062	200000
C:\Users\isaac\phlag\caster\data\ape.fa	92300	0.500566	12.95	1.44097	-0.836007	200000
C:\Users\isaac\phlag\caster\data\ape.fa	92400	0.500566	13.0191	1.38201	-0.840075	200000
C:\Users\isaac\phlag\caster\data\ape.fa	92500	0.486494	12.958	1.31165	-0.845173	200000
C:\Users\isaac\phlag\caster\data\ape.fa	92600	0.486494	12.96	1.31165	-0.845195	200000
C:\Users\isaac\phlag\caster\data\ape.fa	92700	0.486494	12.9283	1.31165	-0.844861	200000
C:\Users\isaac\phlag\caster\data\ape.fa	92800	0.486494	12.9283	1.31165	-0.844861	200000
C:\Users\isaac\phlag\caster\data\ape.fa	92900	0.515783	13.0987	1.37315	-0.839554	200000
C:\Users\isaac\phlag\caster\data\ape.fa	93000	0.515783	13.0987	1.37315	-0.839554	200000
C:\Users\isaac\phlag\caster\data\ape.fa	93100	0.515783	13.1341	1.3455	-0.84148	200000
C:\Users\isaac\phlag\caster\data\ape.fa	93200	0.457526	13.1341	1.3455	-0.848662	200000
C:\Users\isaac\phlag\caster\data\ape.fa	93300	0.457526	13.1614	1.3455	-0.848938	200000
C:\Users\isaac\phlag\caster\data\ape.fa	93400	0.457526	13.2189	1.29318	-0.852485	200000
C:\Users\isaac\phlag\caster\data\ape.fa	93500	0.457526	13.164	1.24239	-0.854854	200000
C:\Users\isaac\phlag\caster\data\ape.fa	93600	0.457526	13.164	1.24239	-0.854854	200000
C:\Users\isaac\phlag\caster\data\ape.fa	93700	0.457526	13.3181	1.24239	-0.856343	200000
C:\Users\isaac\phlag\caster\data\ape.fa	93800	0.457526	13.4467	1.24239	-0.857563	200000
C:\Users\isaac\phlag\caster\data\ape.fa	93900	0.487279	13.5062	1.18687	-0.857617	200000
C:\Users\isaac\phlag\caster\data\ape.fa	94000	0.487279	13.593	1.18687	-0.858427	200000
C:\Users\isaac\phlag\caster\data\ape.fa	94100	0.487279	13.7123	1.18687	-0.859524	200000
C:\Users\isaac\phlag\caster\data\ape.fa	94200	0.487279	13.7123	1.21679	-0.857856	200000
C:\Users\isaac\phlag\caster\data\ape.fa	94300	0.487279	13.7411	1.27514	-0.854891	200000
C:\Users\isaac\phlag\caster\data\ape.fa	94400	0.487279	13.8022	1.30954	-0.853574	200000
C:\Users\isaac\phlag\caster\data\ape.fa	94500	0.487279	13.8621	1.16741	-0.861958	200000
C:\Users\isaac\phlag\caster\data\ape.fa	94600	0.487279	14.0038	1.16741	-0.863208	200000
C:\Users\isaac\phlag\caster\data\ape.fa	94700	0.456093	13.9883	1.16741	-0.866793	200000
C:\Users\isaac\phlag\caster\data\ape.fa	94800	0.456093	13.9727	1.16741	-0.86666	200000
C:\Users\isaac\phlag\caster\data\ape.fa	94900	0.456093	14.0656	1.16741	-0.867449	200000
C:\Users\isaac\phlag\caster\data\ape.fa	95000	0.456093	14.0656	1.16741	-0.867449	200000
C:\Users\isaac\phlag\caster\data\ape.fa	95100	0.515193	14.0935	1.16741	-0.860688	200000
C:\Users\isaac\phlag\caster\data\ape.fa	95200	0.515193	14.0897	1.16741	-0.860654	200000
C:\Users\isaac\phlag\caster\data\ape.fa	95300	0.515193	14.12	1.16741	-0.860922	200000
C:\Users\isaac\phlag\caster\data\ape.fa	95400	0.484332	14.1775	1.0736	-0.870212	200000
C:\Users\isaac\phlag\caster\data\ape.fa	95500	0.484332	14.3011	1.0736	-0.871224	200000
C:\Users\isaac\phlag\caster\data\ape.fa	95600	0.484332	14.3011	1.0736	-0.871224	200000
C:\Users\isaac\phlag\caster\data\ape.fa	95700	0.484332	14.2852	1.04404	-0.872723	200000
C:\Users\isaac\phlag\caster\data\ape.fa	95800	0.484332	14.4047	0.959925	-0.878314	200000
C:\Users\isaac\phlag\caster\data\ape.fa	95900	0.484332	14.4047	0.959925	-0.878314	200000
C:\Users\isaac\phlag\caster\data\ape.fa	96000	0.484332	14.4213	0.960212	-0.878426	200000
C:\Users\isaac\phlag\caster\data\ape.fa	96100	0.484332	14.4808	0.876502	-0.883524	200000
C:\Users\isaac\phlag\caster\data\ape.fa	96200	0.484332	14.5966	0.846094	-0.886058	200000
C:\Users\isaac\phlag\caster\data\ape.fa	96300	0.484332	14.659	0.846094	-0.886502	200000
C:\Users\isaac\phlag\caster\data\ape.fa	96400	0.484332	14.659	0.846094	-0.886502	200000
C:\Users\isaac\phlag\caster\data\ape.fa	96500	0.484332	14.6899	0.846094	-0.886721	200000
C:\Users\isaac\phlag\caster\data\ape.fa	96600	0.484332	14.6899	0.846094	-0.886721	200000
C:\Users\isaac\phlag\caster\data\ape.fa	96700	0.484332	14.7413	0.846094	-0.887084	200000
C:\Users\isaac\phlag\caster\data\ape.fa	96800	0.484332	14.7999	0.786077	-0.890809	200000
C:\Users\isaac\phlag\caster\data\ape.fa	96900	0.484332	14.7974	0.761367	-0.892163	200000
C:\Users\isaac\phlag\caster\data\ape.fa	97000	0.484332	14.7855	0.736257	-0.893483	200000
C:\Users\isaac\phlag\caster\data\ape.fa	97100	0.484332	14.8457	0.736257	-0.893882	200000
C:\Users\isaac\phlag\caster\data\ape.fa	97200	0.484332	14.8457	0.710028	-0.895344	200000
C:\Users\isaac\phlag\caster\data\ape.fa	97300	0.484332	14.8457	0.710028	-0.895344	200000
C:\Users\isaac\phlag\caster\data\ape.fa	97400	0.484332	15.0017	0.649969	-0.899688	200000
C:\Users\isaac\phlag\caster\data\ape.fa	97500	0.484332	15.0017	0.508773	-0.90763	200000
C:\Users\isaac\phlag\caster\data\ape.fa	97600	0.484332	15.0577	0.390524	-0.914691	200000
C:\Users\isaac\phlag\caster\data\ape.fa	97700	0.484332	15.2833	0.361097	-0.917553	200000
C:\Users\isaac\phlag\caster\data\ape.fa	97800	0.484332	15.4675	0.390567	-0.916828	200000
C:\Users\isaac\phlag\caster\data\ape.fa	97900	0.484332	15.5153	0.390567	-0.91707	200000
C:\Users\isaac\phlag\caster\data\ape.fa	98000	0.484332	15.6071	0.390567	-0.917532	200000
C:\Users\isaac\phlag\caster\data\ape.fa	98100	0.459799	15.6055	0.390567	-0.920383	200000
C:\Users\isaac\phlag\caster\data\ape.fa	98200	0.459799	15.5883	0.391734	-0.920234	200000
C:\Users\isaac\phlag\caster\data\ape.fa	98300	0.459799	15.6184	0.451915	-0.917029	200000
C:\Users\isaac\phlag\caster\data\ape.fa	98400	0.432145	15.6046	0.451915	-0.920175	200000
C:\Users\isaac\phlag\caster\data\ape.fa	98500	0.432145	15.7137	0.423486	-0.922279	200000
C:\Users\isaac\phlag\caster\data\ape.fa	98600	0.432145	15.757	0.423486	-0.922482	200000
C:\Users\isaac\phlag\caster\data\ape.fa	98700	0.432145	15.757	0.481376	-0.919279	200000
C:\Users\isaac\phlag\caster\data\ape.fa	98800	0.432145	15.9102	0.454579	-0.921482	200000
C:\Users\isaac\phlag\caster\data\ape.fa	98900	0.432145	15.9982	0.42641	-0.923431	200000
C:\Users\isaac\phlag\caster\data\ape.fa	99000	0.432145	16.1004	0.42641	-0.923893	200000
C:\Users\isaac\phlag\caster\data\ape.fa	99100	0.432145	16.1004	0.405415	-0.925038	200000
C:\Users\isaac\phlag\caster\data\ape.fa	99200	0.462978	16.159	0.436809	-0.920114	200000
C:\Users\isaac\phlag\caster\data\ape.fa	99300	0.462978	16.1889	0.436809	-0.920254	200000
C:\Users\isaac\phlag\caster\data\ape.fa	99400	0.462978	16.1889	0.436809	-0.920254	200000
C:\Users\isaac\phlag\caster\data\ape.fa	99500	0.462978	16.1889	0.436809	-0.920254	200000
C:\Users\isaac\phlag\caster\data\ape.fa	99600	0.523666	16.2037	0.436809	-0.913533	200000
C:\Users\isaac\phlag\caster\data\ape.fa	99700	0.523666	16.2037	0.443273	-0.913189	200000
C:\Users\isaac\phlag\caster\data\ape.fa	99800	0.523666	16.2646	0.420068	-0.914728	200000
C:\Users\isaac\phlag\caster\data\ape.fa	99900	0.523666	16.2804	0.420068	-0.914806	200000
C:\Users\isaac\phlag\caster\data\ape.fa	100000	0.523666	16.2945	0.420068	-0.914875	200000
C:\Users\isaac\phlag\caster\data\ape.fa	100100	0.523666	16.3845	0.420068	-0.915318	200000
C:\Users\isaac\phlag\caster\data\ape.fa	100200	0.523666	16.3845	0.420068	-0.915318	200000
C:\Users\isaac\phlag\caster\data\ape.fa	100300	0.523666	16.3979	0.420068	-0.915383	200000
C:\Users\isaac\phlag\caster\data\ape.fa	100400	0.523666	16.3377	0.420068	-0.915088	200000
C:\Users\isaac\phlag\caster\data\ape.fa	100500	0.523666	16.3377	0.420068	-0.915088	200000
C:\Users\isaac\phlag\caster\data\ape.fa	100600	0.523666	16.393	0.420068	-0.915359	200000
C:\Users\isaac\phlag\caster\data\ape.fa	100700	0.523666	16.3367	0.356774	-0.918447	200000
C:\Users\isaac\phlag\caster\data\ape.fa	100800	0.523666	16.3971	0.356774	-0.918732	200000
C:\Users\isaac\phlag\caster\data\ape.fa	100900	0.523666	16.4536	0.356774	-0.918997	200000
C:\Users\isaac\phlag\caster\data\ape.fa	101000	0.523666	16.3949	0.356774	-0.918722	200000
C:\Users\isaac\phlag\caster\data\ape.fa	101100	0.523666	16.4577	0.356774	-0.919016	200000
C:\Users\isaac\phlag\caster\data\ape.fa	101200	0.523666	16.4577	0.356774	-0.919016	200000
C:\Users\isaac\phlag\caster\data\ape.fa	101300	0.523666	16.4577	0.356774	-0.919016	200000
C:\Users\isaac\phlag\caster\data\ape.fa	101400	0.494746	16.3724	0.356774	-0.921837	200000
C:\Users\isaac\phlag\caster\data\ape.fa	101500	0.468459	16.3407	0.387862	-0.922964	200000
C:\Users\isaac\phlag\caster\data\ape.fa	101600	0.468459	16.3407	0.387862	-0.922964	200000
C:\Users\isaac\phlag\caster\data\ape.fa	101700	0.468459	16.3407	0.387862	-0.922964	200000
C:\Users\isaac\phlag\caster\data\ape.fa	101800	0.468459	16.3269	0.360296	-0.924386	200000
C:\Users\isaac\phlag\caster\data\ape.fa	101900	0.468459	16.3269	0.360296	-0.924386	200000
C:\Users\isaac\phlag\caster\data\ape.fa	102000	0.468459	16.3406	0.360296	-0.924446	200000
C:\Users\isaac\phlag\caster\data\ape.fa	102100	0.468459	16.3406	0.360296	-0.924446	200000
C:\Users\isaac\phlag\caster\data\ape.fa	102200	0.468459	16.364	0.415523	-0.921588	200000
C:\Users\isaac\phlag\caster\data\ape.fa	102300	0.468459	16.364	0.415523	-0.921588	200000
C:\Users\isaac\phlag\caster\data\ape.fa	102400	0.468459	16.3716	0.415523	-0.921623	200000
C:\Users\isaac\phlag\caster\data\ape.fa	102500	0.468459	16.3716	0.415523	-0.921623	200000
C:\Users\isaac\phlag\caster\data\ape.fa	102600	0.468459	16.3844	0.415523	-0.921681	200000
C:\Users\isaac\phlag\caster\data\ape.fa	102700	0.468459	16.3975	0.415523	-0.92174	200000
C:\Users\isaac\phlag\caster\data\ape.fa	102800	0.468459	16.4234	0.415523	-0.921857	200000
C:\Users\isaac\phlag\caster\data\ape.fa	102900	0.468459	16.3932	0.415523	-0.921721	200000
C:\Users\isaac\phlag\caster\data\ape.fa	103000	0.468459	16.4489	0.415523	-0.921973	200000
C:\Users\isaac\phlag\caster\data\ape.fa	103100	0.468459	16.3291	0.415523	-0.92143	200000
C:\Users\isaac\phlag\caster\data\ape.fa	103200	0.468459	16.3639	0.415523	-0.921588	200000
C:\Users\isaac\phlag\caster\data\ape.fa	103300	0.468459	16.3639	0.415523	-0.921588	200000
C:\Users\isaac\phlag\caster\data\ape.fa	103400	0.468459	16.3065	0.415523	-0.921326	200000
C:\Users\isaac\phlag\caster\data\ape.fa	103500	0.468459	16.4364	0.415523	-0.921916	200000
C:\Users\isaac\phlag\caster\data\ape.fa	103600	0.468459	16.4965	0.415523	-0.922186	200000
C:\Users\isaac\phlag\caster\data\ape.fa	103700	0.468459	16.6015	0.415523	-0.922654	200000
C:\Users\isaac\phlag\caster\data\ape.fa	103800	0.468459	16.5685	0.415523	-0.922507	200000
C:\Users\isaac\phlag\caster\data\ape.fa	103900	0.468459	16.5102	0.415523	-0.922248	200000
C:\Users\isaac\phlag\caster\data\ape.fa	104000	0.468459	16.4834	0.449217	-0.920342	200000
C:\Users\isaac\phlag\caster\data\ape.fa	104100	0.468459	16.5737	0.449217	-0.920753	200000
C:\Users\isaac\phlag\caster\data\ape.fa	104200	0.468459	16.5919	0.449217	-0.920836	200000
C:\Users\isaac\phlag\caster\data\ape.fa	104300	0.468459	16.6556	0.449217	-0.921123	200000
C:\Users\isaac\phlag\caster\data\ape.fa	104400	0.468459	16.7158	0.449217	-0.921392	200000
C:\Users\isaac\phlag\caster\data\ape.fa	104500	0.468459	16.6848	0.449217	-0.921253	200000
C:\Users\isaac\phlag\caster\data\ape.fa	104600	0.468459	16.7647	0.449217	-0.921609	200000
C:\Users\isaac\phlag\caster\data\ape.fa	104700	0.468459	16.6594	0.449217	-0.92114	200000
C:\Users\isaac\phlag\caster\data\ape.fa	104800	0.468459	16.716	0.449217	-0.921393	200000
C:\Users\isaac\phlag\caster\data\ape.fa	104900	0.468459	16.4396	0.449217	-0.920141	200000
C:\Users\isaac\phlag\caster\data\ape.fa	105000	0.468459	16.4396	0.449217	-0.920141	200000
C:\Users\isaac\phlag\caster\data\ape.fa	105100	0.468459	16.3492	0.449217	-0.919723	200000
C:\Users\isaac\phlag\caster\data\ape.fa	105200	0.468459	16.3492	0.449217	-0.919723	200000
C:\Users\isaac\phlag\caster\data\ape.fa	105300	0.468459	16.3492	0.449217	-0.919723	200000
C:\Users\isaac\phlag\caster\data\ape.fa	105400	0.468459	16.4098	0.449217	-0.920004	200000
C:\Users\isaac\phlag\caster\data\ape.fa	105500	0.468459	16.4108	0.449217	-0.920008	200000
C:\Users\isaac\phlag\caster\data\ape.fa	105600	0.468459	16.3834	0.449217	-0.919881	200000
C:\Users\isaac\phlag\caster\data\ape.fa	105700	0.527998	16.3834	0.449217	-0.913297	200000
C:\Users\isaac\phlag\caster\data\ape.fa	105800	0.527998	16.3834	0.449217	-0.913297	200000
C:\Users\isaac\phlag\caster\data\ape.fa	105900	0.527998	16.3834	0.449217	-0.913297	200000
C:\Users\isaac\phlag\caster\data\ape.fa	106000	0.527998	16.3912	0.449217	-0.913336	200000
C:\Users\isaac\phlag\caster\data\ape.fa	106100	0.527998	16.4375	0.449217	-0.913567	200000
C:\Users\isaac\phlag\caster\data\ape.fa	106200	0.527998	16.499	0.449217	-0.913871	200000
C:\Users\isaac\phlag\caster\data\ape.fa	106300	0.527998	16.499	0.449217	-0.913871	200000
C:\Users\isaac\phlag\caster\data\ape.fa	106400	0.527998	16.5291	0.449217	-0.914019	200000
C:\Users\isaac\phlag\caster\data\ape.fa	106500	0.527998	16.5291	0.449217	-0.914019	200000
C:\Users\isaac\phlag\caster\data\ape.fa	106600	0.527998	16.5132	0.449217	-0.91394	200000
C:\Users\isaac\phlag\caster\data\ape.fa	106700	0.527998	16.5132	0.449217	-0.91394	200000
C:\Users\isaac\phlag\caster\data\ape.fa	106800	0.527998	16.6336	0.449217	-0.914529	200000
C:\Users\isaac\phlag\caster\data\ape.fa	106900	0.527998	16.6043	0.449217	-0.914387	200000
C:\Users\isaac\phlag\caster\data\ape.fa	107000	0.527998	16.4841	0.449217	-0.913797	200000
C:\Users\isaac\phlag\caster\data\ape.fa	107100	0.527998	16.4841	0.449217	-0.913797	200000
C:\Users\isaac\phlag\caster\data\ape.fa	107200	0.527998	16.4841	0.449217	-0.913797	200000
C:\Users\isaac\phlag\caster\data\ape.fa	107300	0.527998	16.4841	0.449217	-0.913797	200000
C:\Users\isaac\phlag\caster\data\ape.fa	107400	0.527998	16.4841	0.449217	-0.913797	200000
C:\Users\isaac\phlag\caster\data\ape.fa	107500	0.527998	16.4841	0.449217	-0.913797	200000
C:\Users\isaac\phlag\caster\data\ape.fa	107600	0.527998	16.4841	0.449217	-0.913797	200000
C:\Users\isaac\phlag\caster\data\ape.fa	107700	0.527998	16.4919	0.449217	-0.913836	200000
C:\Users\isaac\phlag\caster\data\ape.fa	107800	0.527998	16.4919	0.449217	-0.913836	200000
C:\Users\isaac\phlag\caster\data\ape.fa	107900	0.527998	16.4919	0.449217	-0.913836	200000
C:\Users\isaac\phlag\caster\data\ape.fa	108000	0.527998	16.4919	0.449217	-0.913836	200000
C:\Users\isaac\phlag\caster\data\ape.fa	108100	0.527998	16.4919	0.449217	-0.913836	200000
C:\Users\isaac\phlag\caster\data\ape.fa	108200	0.527998	16.5236	0.449217	-0.913992	200000
C:\Users\isaac\phlag\caster\data\ape.fa	108300	0.527998	16.6124	0.449217	-0.914426	200000
C:\Users\isaac\phlag\caster\data\ape.fa	108400	0.527998	16.666	0.449217	-0.914686	200000
C:\Users\isaac\phlag\caster\data\ape.fa	108500	0.527998	16.7837	0.449217	-0.915251	200000
C:\Users\isaac\phlag\caster\data\ape.fa	108600	0.466633	16.7837	0.449217	-0.921892	200000
C:\Users\isaac\phlag\caster\data\ape.fa	108700	0.466633	16.7837	0.449217	-0.921892	200000
C:\Users\isaac\phlag\caster\data\ape.fa	108800	0.466633	16.7837	0.449217	-0.921892	200000
C:\Users\isaac\phlag\caster\data\ape.fa	108900	0.466633	16.9045	0.449217	-0.922421	200000
C:\Users\isaac\phlag\caster\data\ape.fa	109000	0.466633	16.934	0.449217	-0.922549	200000
C:\Users\isaac\phlag\caster\data\ape.fa	109100	0.466633	16.934	0.449217	-0.922549	200000
C:\Users\isaac\phlag\caster\data\ape.fa	109200	0.498459	16.9005	0.449217	-0.918976	200000
C:\Users\isaac\phlag\caster\data\ape.fa	109300	0.527398	17.0163	0.449217	-0.916411	200000
C:\Users\isaac\phlag\caster\data\ape.fa	109400	0.527398	17.1853	0.449217	-0.917188	200000
C:\Users\isaac\phlag\caster\data\ape.fa	109500	0.527398	17.1883	0.449217	-0.917202	200000
C:\Users\isaac\phlag\caster\data\ape.fa	109600	0.527398	17.1883	0.449217	-0.917202	200000
C:\Users\isaac\phlag\caster\data\ape.fa	109700	0.527398	17.2456	0.449217	-0.917463	200000
C:\Users\isaac\phlag\caster\data\ape.fa	109800	0.527398	17.2456	0.449217	-0.917463	200000
C:\Users\isaac\phlag\caster\data\ape.fa	109900	0.527398	17.194	0.449217	-0.917228	200000
C:\Users\isaac\phlag\caster\data\ape.fa	110000	0.527398	17.4052	0.449217	-0.918179	200000
C:\Users\isaac\phlag\caster\data\ape.fa	110100	0.527398	17.3742	0.449217	-0.918041	200000
C:\Users\isaac\phlag\caster\data\ape.fa	110200	0.527398	17.3143	0.449912	-0.917738	200000
C:\Users\isaac\phlag\caster\data\ape.fa	110300	0.527398	17.3391	0.449912	-0.917849	200000
C:\Users\isaac\phlag\caster\data\ape.fa	110400	0.527398	17.3986	0.449912	-0.918115	200000
C:\Users\isaac\phlag\caster\data\ape.fa	110500	0.527398	17.3986	0.449912	-0.918115	200000
C:\Users\isaac\phlag\caster\data\ape.fa	110600	0.527398	17.4509	0.449912	-0.918348	200000
C:\Users\isaac\phlag\caster\data\ape.fa	110700	0.527398	17.348	0.449912	-0.917889	200000
C:\Users\isaac\phlag\caster\data\ape.fa	110800	0.527398	17.343	0.449912	-0.917866	200000
C:\Users\isaac\phlag\caster\data\ape.fa	110900	0.527398	17.3443	0.449912	-0.917872	200000
C:\Users\isaac\phlag\caster\data\ape.fa	111000	0.527398	17.4034	0.449912	-0.918136	200000
C:\Users\isaac\phlag\caster\data\ape.fa	111100	0.527398	17.4034	0.449912	-0.918136	200000
C:\Users\isaac\phlag\caster\data\ape.fa	111200	0.498241	17.4034	0.449912	-0.921184	200000
C:\Users\isaac\phlag\caster\data\ape.fa	111300	0.526898	17.3988	0.449912	-0.918168	200000
C:\Users\isaac\phlag\caster\data\ape.fa	111400	0.497894	17.3987	0.449912	-0.9212	200000
C:\Users\isaac\phlag\caster\data\ape.fa	111500	0.497894	17.459	0.449912	-0.921458	200000
C:\Users\isaac\phlag\caster\data\ape.fa	111600	0.527558	17.6237	0.451696	-0.919002	200000
C:\Users\isaac\phlag\caster\data\ape.fa	111700	0.527558	17.6841	0.451696	-0.919264	200000
C:\Users\isaac\phlag\caster\data\ape.fa	111800	0.527558	17.7149	0.451696	-0.919397	200000
C:\Users\isaac\phlag\caster\data\ape.fa	111900	0.527558	17.7183	0.451696	-0.919411	200000
C:\Users\isaac\phlag\caster\data\ape.fa	112000	0.527558	17.7802	0.451696	-0.919677	200000
C:\Users\isaac\phlag\caster\data\ape.fa	112100	0.558768	17.7669	0.451696	-0.916429	200000
C:\Users\isaac\phlag\caster\data\ape.fa	112200	0.558768	17.9006	0.451696	-0.91702	200000
C:\Users\isaac\phlag\caster\data\ape.fa	112300	0.558768	17.7496	0.451696	-0.916353	200000
C:\Users\isaac\phlag\caster\data\ape.fa	112400	0.58672	17.6933	0.451696	-0.913241	200000
C:\Users\isaac\phlag\caster\data\ape.fa	112500	0.58672	17.549	0.451696	-0.912568	200000
C:\Users\isaac\phlag\caster\data\ape.fa	112600	0.58672	17.4372	0.451696	-0.912039	200000
C:\Users\isaac\phlag\caster\data\ape.fa	112700	0.58672	17.3749	0.451696	-0.911741	200000
C:\Users\isaac\phlag\caster\data\ape.fa	112800	0.58672	17.3749	0.451696	-0.911741	200000
C:\Users\isaac\phlag\caster\data\ape.fa	112900	0.58672	17.3749	0.451696	-0.911741	200000
C:\Users\isaac\phlag\caster\data\ape.fa	113000	0.58672	17.3481	0.451696	-0.911612	200000
C:\Users\isaac\phlag\caster\data\ape.fa	113100	0.58672	17.3481	0.451696	-0.911612	200000
C:\Users\isaac\phlag\caster\data\ape.fa	113200	0.58672	17.2352	0.451696	-0.911067	200000
C:\Users\isaac\phlag\caster\data\ape.fa	113300	0.58672	17.2076	0.451696	-0.910932	200000
C:\Users\isaac\phlag\caster\data\ape.fa	113400	0.58672	17.0867	0.481272	-0.908855	200000
C:\Users\isaac\phlag\caster\data\ape.fa	113500	0.58672	17.0867	0.481272	-0.908855	200000
C:\Users\isaac\phlag\caster\data\ape.fa	113600	0.58672	17.0246	0.481272	-0.908542	200000
C:\Users\isaac\phlag\caster\data\ape.fa	113700	0.555433	17.2006	0.481272	-0.912699	200000
C:\Users\isaac\phlag\caster\data\ape.fa	113800	0.555433	17.1867	0.481272	-0.912632	200000
C:\Users\isaac\phlag\caster\data\ape.fa	113900	0.609339	17.172	0.481272	-0.906916	200000
C:\Users\isaac\phlag\caster\data\ape.fa	114000	0.609339	17.172	0.481272	-0.906916	200000
C:\Users\isaac\phlag\caster\data\ape.fa	114100	0.609339	17.1621	0.481272	-0.906866	200000
C:\Users\isaac\phlag\caster\data\ape.fa	114200	0.609339	16.8877	0.481272	-0.905445	200000
C:\Users\isaac\phlag\caster\data\ape.fa	114300	0.609339	16.8256	0.481272	-0.905117	200000
C:\Users\isaac\phlag\caster\data\ape.fa	114400	0.609339	16.8256	0.481272	-0.905117	200000
C:\Users\isaac\phlag\caster\data\ape.fa	114500	0.609339	16.7968	0.541777	-0.901913	200000
C:\Users\isaac\phlag\caster\data\ape.fa	114600	0.609339	16.8428	0.541777	-0.902164	200000
C:\Users\isaac\phlag\caster\data\ape.fa	114700	0.609339	16.8428	0.541777	-0.902164	200000
C:\Users\isaac\phlag\caster\data\ape.fa	114800	0.609339	16.8159	0.541777	-0.902017	200000
C:\Users\isaac\phlag\caster\data\ape.fa	114900	0.609339	16.8009	0.563387	-0.900851	200000
C:\Users\isaac\phlag\caster\data\ape.fa	115000	0.578507	16.7405	0.594901	-0.902204	200000
C:\Users\isaac\phlag\caster\data\ape.fa	115100	0.578507	16.7105	0.594901	-0.902039	200000
C:\Users\isaac\phlag\caster\data\ape.fa	115200	0.578507	16.725	0.594901	-0.902119	200000
C:\Users\isaac\phlag\caster\data\ape.fa	115300	0.578507	16.725	0.594901	-0.902119	200000
C:\Users\isaac\phlag\caster\data\ape.fa	115400	0.578507	16.6293	0.594901	-0.901593	200000
C:\Users\isaac\phlag\caster\data\ape.fa	115500	0.578507	16.6264	0.594901	-0.901577	200000
C:\Users\isaac\phlag\caster\data\ape.fa	115600	0.578507	16.5808	0.594901	-0.901324	200000
C:\Users\isaac\phlag\caster\data\ape.fa	115700	0.578507	16.5206	0.594901	-0.900988	200000
C:\Users\isaac\phlag\caster\data\ape.fa	115800	0.594544	16.5206	0.581991	-0.899923	200000
C:\Users\isaac\phlag\caster\data\ape.fa	115900	0.594544	16.5685	0.575689	-0.900513	200000
C:\Users\isaac\phlag\caster\data\ape.fa	116000	0.594544	16.6308	0.575689	-0.900861	200000
C:\Users\isaac\phlag\caster\data\ape.fa	116100	0.594544	16.6285	0.575689	-0.900848	200000
C:\Users\isaac\phlag\caster\data\ape.fa	116200	0.624025	16.5696	0.575689	-0.897366	200000
C:\Users\isaac\phlag\caster\data\ape.fa	116300	0.624025	16.6297	0.575689	-0.897712	200000
C:\Users\isaac\phlag\caster\data\ape.fa	116400	0.624025	16.4863	0.544444	-0.89847	200000
C:\Users\isaac\phlag\caster\data\ape.fa	116500	0.624025	16.5303	0.544444	-0.898722	200000
C:\Users\isaac\phlag\caster\data\ape.fa	116600	0.624025	16.4757	0.544444	-0.898409	200000
C:\Users\isaac\phlag\caster\data\ape.fa	116700	0.594363	16.357	0.544444	-0.900938	200000
C:\Users\isaac\phlag\caster\data\ape.fa	116800	0.594363	16.2791	0.544444	-0.900495	200000
C:\Users\isaac\phlag\caster\data\ape.fa	116900	0.594363	16.307	0.544444	-0.900654	200000
C:\Users\isaac\phlag\caster\data\ape.fa	117000	0.594363	16.3772	0.544444	-0.901052	200000
C:\Users\isaac\phlag\caster\data\ape.fa	117100	0.594363	16.3474	0.544444	-0.900883	200000
C:\Users\isaac\phlag\caster\data\ape.fa	117200	0.594363	16.3612	0.513187	-0.902574	200000
C:\Users\isaac\phlag\caster\data\ape.fa	117300	0.594363	16.2376	0.513187	-0.90188	200000
C:\Users\isaac\phlag\caster\data\ape.fa	117400	0.594363	16.1757	0.513187	-0.901528	200000
C:\Users\isaac\phlag\caster\data\ape.fa	117500	0.594363	16.0804	0.513187	-0.900983	200000
C:\Users\isaac\phlag\caster\data\ape.fa	117600	0.594363	16.0804	0.513187	-0.900983	200000
C:\Users\isaac\phlag\caster\data\ape.fa	117700	0.625894	16.0652	0.513187	-0.897411	200000
C:\Users\isaac\phlag\caster\data\ape.fa	117800	0.625894	15.95	0.513187	-0.896719	200000
C:\Users\isaac\phlag\caster\data\ape.fa	117900	0.625894	15.9638	0.513187	-0.896802	200000
C:\Users\isaac\phlag\caster\data\ape.fa	118000	0.625894	16.0824	0.489003	-0.898775	200000
C:\Users\isaac\phlag\caster\data\ape.fa	118100	0.625894	15.949	0.489003	-0.897984	200000
C:\Users\isaac\phlag\caster\data\ape.fa	118200	0.625894	15.9338	0.489003	-0.897893	200000
C:\Users\isaac\phlag\caster\data\ape.fa	118300	0.625894	15.9201	0.429492	-0.900959	200000
C:\Users\isaac\phlag\caster\data\ape.fa	118400	0.625894	15.9201	0.466057	-0.899022	200000
C:\Users\isaac\phlag\caster\data\ape.fa	118500	0.625894	15.9701	0.466057	-0.899318	200000
C:\Users\isaac\phlag\caster\data\ape.fa	118600	0.601865	16.0009	0.466057	-0.902173	200000
C:\Users\isaac\phlag\caster\data\ape.fa	118700	0.601865	15.9147	0.466057	-0.901677	200000
C:\Users\isaac\phlag\caster\data\ape.fa	118800	0.601865	16.031	0.466057	-0.902345	200000
C:\Users\isaac\phlag\caster\data\ape.fa	118900	0.601865	16.031	0.466057	-0.902345	200000
C:\Users\isaac\phlag\caster\data\ape.fa	119000	0.601865	15.9372	0.466057	-0.901807	200000
C:\Users\isaac\phlag\caster\data\ape.fa	119100	0.601865	15.9731	0.466057	-0.902013	200000
C:\Users\isaac\phlag\caster\data\ape.fa	119200	0.601865	16.1564	0.466057	-0.903056	200000
C:\Users\isaac\phlag\caster\data\ape.fa	119300	0.601865	16.0975	0.466057	-0.902724	200000
C:\Users\isaac\phlag\caster\data\ape.fa	119400	0.601865	16.1226	0.466057	-0.902866	200000
C:\Users\isaac\phlag\caster\data\ape.fa	119500	0.585688	16.2338	0.44988	-0.906119	200000
C:\Users\isaac\phlag\caster\data\ape.fa	119600	0.616037	16.2498	0.44988	-0.902866	200000
C:\Users\isaac\phlag\caster\data\ape.fa	119700	0.616037	16.2498	0.44988	-0.902866	200000
C:\Users\isaac\phlag\caster\data\ape.fa	119800	0.616037	16.2498	0.44988	-0.902866	200000
C:\Users\isaac\phlag\caster\data\ape.fa	119900	0.616037	16.3861	0.44988	-0.903624	200000
C:\Users\isaac\phlag\caster\data\ape.fa	120000	0.616037	16.3861	0.44988	-0.903624	200000
C:\Users\isaac\phlag\caster\data\ape.fa	120100	0.616037	16.4174	0.44988	-0.903797	200000
C:\Users\isaac\phlag\caster\data\ape.fa	120200	0.616037	16.4364	0.44988	-0.903901	200000
C:\Users\isaac\phlag\caster\data\ape.fa	120300	0.616037	16.3789	0.44988	-0.903584	200000
C:\Users\isaac\phlag\caster\data\ape.fa	120400	0.616037	16.3789	0.44988	-0.903584	200000
C:\Users\isaac\phlag\caster\data\ape.fa	120500	0.678473	16.3789	0.44988	-0.896796	200000
C:\Users\isaac\phlag\caster\data\ape.fa	120600	0.646781	16.4969	0.44988	-0.900905	200000
C:\Users\isaac\phlag\caster\data\ape.fa	120700	0.646781	16.4969	0.44988	-0.900905	200000
C:\Users\isaac\phlag\caster\data\ape.fa	120800	0.646781	16.5394	0.44988	-0.901144	200000
C:\Users\isaac\phlag\caster\data\ape.fa	120900	0.646781	16.4551	0.44988	-0.900668	200000
C:\Users\isaac\phlag\caster\data\ape.fa	121000	0.646781	16.5111	0.44988	-0.900985	200000
C:\Users\isaac\phlag\caster\data\ape.fa	121100	0.646781	16.4023	0.44988	-0.900369	200000
C:\Users\isaac\phlag\caster\data\ape.fa	121200	0.646781	16.4643	0.44988	-0.90072	200000
C:\Users\isaac\phlag\caster\data\ape.fa	121300	0.646781	16.4643	0.44988	-0.90072	200000
C:\Users\isaac\phlag\caster\data\ape.fa	121400	0.646781	16.5577	0.44988	-0.901246	200000
C:\Users\isaac\phlag\caster\data\ape.fa	121500	0.646781	16.5872	0.44988	-0.90141	200000
C:\Users\isaac\phlag\caster\data\ape.fa	121600	0.646781	16.6764	0.44988	-0.901905	200000
C:\Users\isaac\phlag\caster\data\ape.fa	121700	0.646781	16.6734	0.44988	-0.901889	200000
C:\Users\isaac\phlag\caster\data\ape.fa	121800	0.646781	16.6163	0.44988	-0.901572	200000
C:\Users\isaac\phlag\caster\data\ape.fa	121900	0.646781	16.591	0.44988	-0.901432	200000
C:\Users\isaac\phlag\caster\data\ape.fa	122000	0.646781	16.591	0.355001	-0.906293	200000
C:\Users\isaac\phlag\caster\data\ape.fa	122100	0.646781	16.6611	0.353261	-0.906754	200000
C:\Users\isaac\phlag\caster\data\ape.fa	122200	0.646781	16.6814	0.353261	-0.906861	200000
C:\Users\isaac\phlag\caster\data\ape.fa	122300	0.646781	16.7109	0.324596	-0.908487	200000
C:\Users\isaac\phlag\caster\data\ape.fa	122400	0.646781	16.5881	0.324596	-0.907847	200000
C:\Users\isaac\phlag\caster\data\ape.fa	122500	0.62006	16.5878	0.324596	-0.910753	200000
C:\Users\isaac\phlag\caster\data\ape.fa	122600	0.62006	16.6496	0.324596	-0.911067	200000
C:\Users\isaac\phlag\caster\data\ape.fa	122700	0.62006	16.5386	0.324596	-0.910502	200000
C:\Users\isaac\phlag\caster\data\ape.fa	122800	0.62006	16.6616	0.324596	-0.911127	200000
C:\Users\isaac\phlag\caster\data\ape.fa	122900	0.62006	16.5003	0.324596	-0.910306	200000
C:\Users\isaac\phlag\caster\data\ape.fa	123000	0.62006	16.5899	0.324596	-0.910764	200000
C:\Users\isaac\phlag\caster\data\ape.fa	123100	0.62006	16.5603	0.324596	-0.910613	200000
C:\Users\isaac\phlag\caster\data\ape.fa	123200	0.680668	16.5944	0.324596	-0.904206	200000
C:\Users\isaac\phlag\caster\data\ape.fa	123300	0.680668	16.5944	0.354358	-0.90268	200000
C:\Users\isaac\phlag\caster\data\ape.fa	123400	0.570577	16.5936	0.354358	-0.914633	200000
C:\Users\isaac\phlag\caster\data\ape.fa	123500	0.570577	16.637	0.354358	-0.914844	200000
C:\Users\isaac\phlag\caster\data\ape.fa	123600	0.570577	16.6504	0.354358	-0.914909	200000
C:\Users\isaac\phlag\caster\data\ape.fa	123700	0.570577	16.7093	0.354358	-0.915193	200000
C:\Users\isaac\phlag\caster\data\ape.fa	123800	0.570577	16.7093	0.354358	-0.915193	200000
C:\Users\isaac\phlag\caster\data\ape.fa	123900	0.570577	16.7093	0.354358	-0.915193	200000
C:\Users\isaac\phlag\caster\data\ape.fa	124000	0.570577	16.7093	0.354358	-0.915193	200000
C:\Users\isaac\phlag\caster\data\ape.fa	124100	0.570577	16.7093	0.354358	-0.915193	200000
C:\Users\isaac\phlag\caster\data\ape.fa	124200	0.570577	16.7695	0.354358	-0.915481	200000
C:\Users\isaac\phlag\caster\data\ape.fa	124300	0.570577	16.8232	0.354358	-0.915737	200000
C:\Users\isaac\phlag\caster\data\ape.fa	124400	0.570577	16.6935	0.354358	-0.915117	200000
C:\Users\isaac\phlag\caster\data\ape.fa	124500	0.570577	16.6935	0.354358	-0.915117	200000
C:\Users\isaac\phlag\caster\data\ape.fa	124600	0.539623	16.7001	0.354358	-0.918518	200000
C:\Users\isaac\phlag\caster\data\ape.fa	124700	0.539623	16.7914	0.354358	-0.918938	200000
C:\Users\isaac\phlag\caster\data\ape.fa	124800	0.539623	16.8213	0.354358	-0.919075	200000
C:\Users\isaac\phlag\caster\data\ape.fa	124900	0.539623	16.775	0.354358	-0.918863	200000
C:\Users\isaac\phlag\caster\data\ape.fa	125000	0.539623	16.775	0.354358	-0.918863	200000
C:\Users\isaac\phlag\caster\data\ape.fa	125100	0.539623	16.7789	0.354358	-0.918881	200000
C:\Users\isaac\phlag\caster\data\ape.fa	125200	0.539623	16.7506	0.354358	-0.918751	200000
C:\Users\isaac\phlag\caster\data\ape.fa	125300	0.539623	16.7239	0.354358	-0.918628	200000
C:\Users\isaac\phlag\caster\data\ape.fa	125400	0.539623	16.7804	0.354358	-0.918888	200000
C:\Users\isaac\phlag\caster\data\ape.fa	125500	0.539623	16.7827	0.354358	-0.918899	200000
C:\Users\isaac\phlag\caster\data\ape.fa	125600	0.539623	16.7827	0.354358	-0.918899	200000
C:\Users\isaac\phlag\caster\data\ape.fa	125700	0.539623	16.8433	0.354358	-0.919176	200000
C:\Users\isaac\phlag\caster\data\ape.fa	125800	0.539623	16.8433	0.354358	-0.919176	200000
C:\Users\isaac\phlag\caster\data\ape.fa	125900	0.539623	16.8491	0.354358	-0.919202	200000
C:\Users\isaac\phlag\caster\data\ape.fa	126000	0.539623	16.9702	0.354358	-0.91975	200000
C:\Users\isaac\phlag\caster\data\ape.fa	126100	0.539623	16.9156	0.354358	-0.919504	200000
C:\Users\isaac\phlag\caster\data\ape.fa	126200	0.569048	17.0206	0.354358	-0.916827	200000
C:\Users\isaac\phlag\caster\data\ape.fa	126300	0.569048	17.0808	0.354358	-0.917105	200000
C:\Users\isaac\phlag\caster\data\ape.fa	126400	0.569048	17.1001	0.354358	-0.917194	200000
C:\Users\isaac\phlag\caster\data\ape.fa	126500	0.51408	16.9352	0.354358	-0.922346	200000
C:\Users\isaac\phlag\caster\data\ape.fa	126600	0.51408	16.9352	0.354358	-0.922346	200000
C:\Users\isaac\phlag\caster\data\ape.fa	126700	0.51408	16.9352	0.324868	-0.923877	200000
C:\Users\isaac\phlag\caster\data\ape.fa	126800	0.51408	16.9321	0.354767	-0.922312	200000
C:\Users\isaac\phlag\caster\data\ape.fa	126900	0.51408	16.9321	0.354767	-0.922312	200000
C:\Users\isaac\phlag\caster\data\ape.fa	127000	0.51408	16.9195	0.354767	-0.922257	200000
C:\Users\isaac\phlag\caster\data\ape.fa	127100	0.51408	16.9439	0.321973	-0.924064	200000
C:\Users\isaac\phlag\caster\data\ape.fa	127200	0.51408	16.9996	0.321973	-0.924301	200000
C:\Users\isaac\phlag\caster\data\ape.fa	127300	0.51408	16.9574	0.321973	-0.924122	200000
C:\Users\isaac\phlag\caster\data\ape.fa	127400	0.51408	16.8973	0.293473	-0.925352	200000
C:\Users\isaac\phlag\caster\data\ape.fa	127500	0.51408	16.954	0.32763	-0.923813	200000
C:\Users\isaac\phlag\caster\data\ape.fa	127600	0.51408	16.9029	0.32763	-0.923594	200000
C:\Users\isaac\phlag\caster\data\ape.fa	127700	0.51408	16.8881	0.32763	-0.92353	200000
C:\Users\isaac\phlag\caster\data\ape.fa	127800	0.51408	16.8833	0.32763	-0.92351	200000
C:\Users\isaac\phlag\caster\data\ape.fa	127900	0.484267	16.8833	0.32763	-0.926751	200000
C:\Users\isaac\phlag\caster\data\ape.fa	128000	0.484267	16.8833	0.32763	-0.926751	200000
C:\Users\isaac\phlag\caster\data\ape.fa	128100	0.484267	16.8833	0.32763	-0.926751	200000
C:\Users\isaac\phlag\caster\data\ape.fa	128200	0.484267	16.9115	0.358397	-0.925261	200000
C:\Users\isaac\phlag\caster\data\ape.fa	128300	0.484267	16.9811	0.358397	-0.925553	200000
C:\Users\isaac\phlag\caster\data\ape.fa	128400	0.484267	16.9343	0.358397	-0.925357	200000
C:\Users\isaac\phlag\caster\data\ape.fa	128500	0.469177	16.9529	0.374052	-0.926253	200000
C:\Users\isaac\phlag\caster\data\ape.fa	128600	0.469177	16.9302	0.374052	-0.926159	200000
C:\Users\isaac\phlag\caster\data\ape.fa	128700	0.469177	16.93	0.374052	-0.926158	200000
C:\Users\isaac\phlag\caster\data\ape.fa	128800	0.469177	16.8132	0.374052	-0.92567	200000
C:\Users\isaac\phlag\caster\data\ape.fa	128900	0.469177	16.7537	0.374052	-0.925419	200000
C:\Users\isaac\phlag\caster\data\ape.fa	129000	0.469177	16.7672	0.374052	-0.925476	200000
C:\Users\isaac\phlag\caster\data\ape.fa	129100	0.469177	16.7528	0.374052	-0.925415	200000
C:\Users\isaac\phlag\caster\data\ape.fa	129200	0.469177	16.8111	0.374052	-0.925661	200000
C:\Users\isaac\phlag\caster\data\ape.fa	129300	0.469078	16.8413	0.374052	-0.925799	200000
C:\Users\isaac\phlag\caster\data\ape.fa	129400	0.469078	16.7547	0.374052	-0.925433	200000
C:\Users\isaac\phlag\caster\data\ape.fa	129500	0.469078	16.5733	0.374052	-0.924657	200000
C:\Users\isaac\phlag\caster\data\ape.fa	129600	0.469078	16.5422	0.374052	-0.924522	200000
C:\Users\isaac\phlag\caster\data\ape.fa	129700	0.469078	16.4824	0.374052	-0.924261	200000
C:\Users\isaac\phlag\caster\data\ape.fa	129800	0.409269	16.571	0.374052	-0.93128	200000
C:\Users\isaac\phlag\caster\data\ape.fa	129900	0.409269	16.5836	0.403248	-0.929767	200000
C:\Users\isaac\phlag\caster\data\ape.fa	130000	0.409269	16.6989	0.403248	-0.930229	200000
C:\Users\isaac\phlag\caster\data\ape.fa	130100	0.409269	16.6399	0.403248	-0.929993	200000
C:\Users\isaac\phlag\caster\data\ape.fa	130200	0.409269	16.6683	0.403248	-0.930107	200000
C:\Users\isaac\phlag\caster\data\ape.fa	130300	0.409269	16.6096	0.403248	-0.929872	200000
C:\Users\isaac\phlag\caster\data\ape.fa	130400	0.409269	16.5172	0.403248	-0.929498	200000
C:\Users\isaac\phlag\caster\data\ape.fa	130500	0.409269	16.5771	0.403248	-0.929741	200000
C:\Users\isaac\phlag\caster\data\ape.fa	130600	0.409269	16.5771	0.403248	-0.929741	200000
C:\Users\isaac\phlag\caster\data\ape.fa	130700	0.409269	16.5268	0.403248	-0.929537	200000
C:\Users\isaac\phlag\caster\data\ape.fa	130800	0.409269	16.4637	0.403248	-0.929279	200000
C:\Users\isaac\phlag\caster\data\ape.fa	130900	0.409269	16.5449	0.403248	-0.92961	200000
C:\Users\isaac\phlag\caster\data\ape.fa	131000	0.409269	16.4213	0.403248	-0.929106	200000
C:\Users\isaac\phlag\caster\data\ape.fa	131100	0.409269	16.4283	0.403248	-0.929134	200000
C:\Users\isaac\phlag\caster\data\ape.fa	131200	0.409269	16.4283	0.403248	-0.929134	200000
C:\Users\isaac\phlag\caster\data\ape.fa	131300	0.409269	16.4789	0.403248	-0.929341	200000
C:\Users\isaac\phlag\caster\data\ape.fa	131400	0.409269	16.4169	0.403248	-0.929087	200000
C:\Users\isaac\phlag\caster\data\ape.fa	131500	0.409269	16.3568	0.403248	-0.928839	200000
C:\Users\isaac\phlag\caster\data\ape.fa	131600	0.437183	16.3568	0.403248	-0.925708	200000
C:\Users\isaac\phlag\caster\data\ape.fa	131700	0.437183	16.371	0.403248	-0.925769	200000
C:\Users\isaac\phlag\caster\data\ape.fa	131800	0.437183	16.3527	0.403248	-0.92569	200000
C:\Users\isaac\phlag\caster\data\ape.fa	131900	0.409118	16.241	0.344301	-0.931593	200000
C:\Users\isaac\phlag\caster\data\ape.fa	132000	0.440346	16.1788	0.31321	-0.92949	200000
C:\Users\isaac\phlag\caster\data\ape.fa	132100	0.440346	16.1054	0.31321	-0.929183	200000
C:\Users\isaac\phlag\caster\data\ape.fa	132200	0.440346	16.1054	0.31321	-0.929183	200000
C:\Users\isaac\phlag\caster\data\ape.fa	132300	0.440346	16.1876	0.31321	-0.929527	200000
C:\Users\isaac\phlag\caster\data\ape.fa	132400	0.440346	16.1194	0.31321	-0.929242	200000
C:\Users\isaac\phlag\caster\data\ape.fa	132500	0.440346	16.1806	0.31321	-0.929498	200000
C:\Users\isaac\phlag\caster\data\ape.fa	132600	0.440346	16.1806	0.31321	-0.929498	200000
C:\Users\isaac\phlag\caster\data\ape.fa	132700	0.440346	16.196	0.31321	-0.929561	200000
C:\Users\isaac\phlag\caster\data\ape.fa	132800	0.440346	16.1367	0.31321	-0.929314	200000
C:\Users\isaac\phlag\caster\data\ape.fa	132900	0.440346	16.1367	0.278352	-0.931236	200000
C:\Users\isaac\phlag\caster\data\ape.fa	133000	0.440346	16.2071	0.278352	-0.931522	200000
C:\Users\isaac\phlag\caster\data\ape.fa	133100	0.440346	16.2349	0.278352	-0.931635	200000
C:\Users\isaac\phlag\caster\data\ape.fa	133200	0.415217	16.3263	0.324039	-0.932351	200000
C:\Users\isaac\phlag\caster\data\ape.fa	133300	0.415217	16.3555	0.324039	-0.932466	200000
C:\Users\isaac\phlag\caster\data\ape.fa	133400	0.415217	16.417	0.324039	-0.932709	200000
C:\Users\isaac\phlag\caster\data\ape.fa	133500	0.415217	16.2947	0.324039	-0.932225	200000
C:\Users\isaac\phlag\caster\data\ape.fa	133600	0.415217	16.3451	0.324039	-0.932425	200000
C:\Users\isaac\phlag\caster\data\ape.fa	133700	0.415217	16.4591	0.324039	-0.932873	200000
C:\Users\isaac\phlag\caster\data\ape.fa	133800	0.446082	16.5169	0.324039	-0.929646	200000
C:\Users\isaac\phlag\caster\data\ape.fa	133900	0.446082	16.5743	0.324039	-0.929879	200000
C:\Users\isaac\phlag\caster\data\ape.fa	134000	0.446082	16.4987	0.324039	-0.929572	200000
C:\Users\isaac\phlag\caster\data\ape.fa	134100	0.446082	16.4987	0.29147	-0.931329	200000
C:\Users\isaac\phlag\caster\data\ape.fa	134200	0.446082	16.4456	0.291293	-0.931126	200000
C:\Users\isaac\phlag\caster\data\ape.fa	134300	0.446082	16.4456	0.291293	-0.931126	200000
C:\Users\isaac\phlag\caster\data\ape.fa	134400	0.446082	16.4498	0.291293	-0.931143	200000
C:\Users\isaac\phlag\caster\data\ape.fa	134500	0.446082	16.3886	0.291293	-0.930897	200000
C:\Users\isaac\phlag\caster\data\ape.fa	134600	0.446082	16.3886	0.291293	-0.930897	200000
C:\Users\isaac\phlag\caster\data\ape.fa	134700	0.446082	16.3886	0.291293	-0.930897	200000
C:\Users\isaac\phlag\caster\data\ape.fa	134800	0.446082	16.39	0.291293	-0.930903	200000
C:\Users\isaac\phlag\caster\data\ape.fa	134900	0.446082	16.39	0.291293	-0.930903	200000
C:\Users\isaac\phlag\caster\data\ape.fa	135000	0.446082	16.39	0.291293	-0.930903	200000
C:\Users\isaac\phlag\caster\data\ape.fa	135100	0.446082	16.3867	0.291293	-0.930889	200000
C:\Users\isaac\phlag\caster\data\ape.fa	135200	0.446082	16.3277	0.291293	-0.930651	200000
C:\Users\isaac\phlag\caster\data\ape.fa	135300	0.446082	16.3544	0.291293	-0.930759	200000
C:\Users\isaac\phlag\caster\data\ape.fa	135400	0.389779	16.1714	0.291293	-0.936457	200000
C:\Users\isaac\phlag\caster\data\ape.fa	135500	0.389779	16.1714	0.32274	-0.934713	200000
C:\Users\isaac\phlag\caster\data\ape.fa	135600	0.389779	16.1714	0.32274	-0.934713	200000
C:\Users\isaac\phlag\caster\data\ape.fa	135700	0.389779	16.2024	0.32274	-0.934833	200000
C:\Users\isaac\phlag\caster\data\ape.fa	135800	0.359941	16.2439	0.32274	-0.938403	200000
C:\Users\isaac\phlag\caster\data\ape.fa	135900	0.359941	16.1193	0.32274	-0.937947	200000
C:\Users\isaac\phlag\caster\data\ape.fa	136000	0.359941	16.2359	0.32274	-0.938374	200000
C:\Users\isaac\phlag\caster\data\ape.fa	136100	0.35997	16.2359	0.349804	-0.936872	200000
C:\Users\isaac\phlag\caster\data\ape.fa	136200	0.35997	16.3292	0.349804	-0.937218	200000
C:\Users\isaac\phlag\caster\data\ape.fa	136300	0.35997	16.3793	0.349804	-0.937402	200000
C:\Users\isaac\phlag\caster\data\ape.fa	136400	0.35997	16.3651	0.372057	-0.93613	200000
C:\Users\isaac\phlag\caster\data\ape.fa	136500	0.327408	16.3054	0.372057	-0.939613	200000
C:\Users\isaac\phlag\caster\data\ape.fa	136600	0.273705	16.3054	0.372057	-0.945758	200000
C:\Users\isaac\phlag\caster\data\ape.fa	136700	0.244748	16.3629	0.372057	-0.94926	200000
C:\Users\isaac\phlag\caster\data\ape.fa	136800	0.274969	16.2732	0.372057	-0.945509	200000
C:\Users\isaac\phlag\caster\data\ape.fa	136900	0.274969	16.1979	0.400123	-0.943694	200000
C:\Users\isaac\phlag\caster\data\ape.fa	137000	0.274969	16.0909	0.369616	-0.945054	200000
C:\Users\isaac\phlag\caster\data\ape.fa	137100	0.213727	16.0921	0.369616	-0.952201	200000
C:\Users\isaac\phlag\caster\data\ape.fa	137200	0.213727	16.0417	0.369616	-0.952056	200000
C:\Users\isaac\phlag\caster\data\ape.fa	137300	0.213727	15.9819	0.369616	-0.951883	200000
C:\Users\isaac\phlag\caster\data\ape.fa	137400	0.213727	16.0396	0.369616	-0.95205	200000
C:\Users\isaac\phlag\caster\data\ape.fa	137500	0.213727	16.0359	0.308295	-0.955565	200000
C:\Users\isaac\phlag\caster\data\ape.fa	137600	0.213727	16.0359	0.308295	-0.955565	200000
C:\Users\isaac\phlag\caster\data\ape.fa	137700	0.183716	16.0413	0.308295	-0.959129	200000
C:\Users\isaac\phlag\caster\data\ape.fa	137800	0.183716	16.1011	0.308295	-0.959277	200000
C:\Users\isaac\phlag\caster\data\ape.fa	137900	0.183716	16.11	0.258071	-0.962209	200000
C:\Users\isaac\phlag\caster\data\ape.fa	138000	0.183716	16.1296	0.258071	-0.962254	200000
C:\Users\isaac\phlag\caster\data\ape.fa	138100	0.183703	16.3142	0.258071	-0.962671	200000
C:\Users\isaac\phlag\caster\data\ape.fa	138200	0.183703	16.4008	0.258071	-0.962863	200000
C:\Users\isaac\phlag\caster\data\ape.fa	138300	0.183703	16.2179	0.258071	-0.962456	200000
C:\Users\isaac\phlag\caster\data\ape.fa	138400	0.183703	16.1089	0.258071	-0.962208	200000
C:\Users\isaac\phlag\caster\data\ape.fa	138500	0.212875	16.0619	0.258071	-0.958639	200000
C:\Users\isaac\phlag\caster\data\ape.fa	138600	0.244162	16.0318	0.258071	-0.954857	200000
C:\Users\isaac\phlag\caster\data\ape.fa	138700	0.244162	15.9703	0.258071	-0.954689	200000
C:\Users\isaac\phlag\caster\data\ape.fa	138800	0.244162	15.8206	0.258071	-0.954273	200000
C:\Users\isaac\phlag\caster\data\ape.fa	138900	0.244162	15.9148	0.258071	-0.954535	200000
C:\Users\isaac\phlag\caster\data\ape.fa	139000	0.212393	15.9148	0.258071	-0.958325	200000
C:\Users\isaac\phlag\caster\data\ape.fa	139100	0.212393	15.8383	0.258071	-0.958129	200000
C:\Users\isaac\phlag\caster\data\ape.fa	139200	0.212393	15.9548	0.258071	-0.958426	200000
C:\Users\isaac\phlag\caster\data\ape.fa	139300	0.212393	16.0131	0.226972	-0.960385	200000
C:\Users\isaac\phlag\caster\data\ape.fa	139400	0.212393	16.0131	0.226972	-0.960385	200000
C:\Users\isaac\phlag\caster\data\ape.fa	139500	0.212393	15.9053	0.257778	-0.958318	200000
C:\Users\isaac\phlag\caster\data\ape.fa	139600	0.302854	15.9534	0.257778	-0.947712	200000
C:\Users\isaac\phlag\caster\data\ape.fa	139700	0.302854	15.8798	0.257778	-0.947478	200000
C:\Users\isaac\phlag\caster\data\ape.fa	139800	0.302854	15.7703	0.257778	-0.947126	200000
C:\Users\isaac\phlag\caster\data\ape.fa	139900	0.302854	15.8278	0.257778	-0.947311	200000
C:\Users\isaac\phlag\caster\data\ape.fa	140000	0.302854	15.8269	0.257778	-0.947308	200000
C:\Users\isaac\phlag\caster\data\ape.fa	140100	0.302854	15.7901	0.227565	-0.948943	200000
C:\Users\isaac\phlag\caster\data\ape.fa	140200	0.302854	15.7901	0.227565	-0.948943	200000
C:\Users\isaac\phlag\caster\data\ape.fa	140300	0.302854	15.6772	0.227565	-0.948588	200000
C:\Users\isaac\phlag\caster\data\ape.fa	140400	0.302854	15.782	0.227565	-0.948918	200000
C:\Users\isaac\phlag\caster\data\ape.fa	140500	0.302854	15.9014	0.227565	-0.949289	200000
C:\Users\isaac\phlag\caster\data\ape.fa	140600	0.302854	15.9014	0.227565	-0.949289	200000
C:\Users\isaac\phlag\caster\data\ape.fa	140700	0.302854	15.9148	0.227565	-0.94933	200000
C:\Users\isaac\phlag\caster\data\ape.fa	140800	0.302854	15.9743	0.227565	-0.949513	200000
C:\Users\isaac\phlag\caster\data\ape.fa	140900	0.302854	15.9286	0.227565	-0.949373	200000
C:\Users\isaac\phlag\caster\data\ape.fa	141000	0.302854	15.9286	0.227565	-0.949373	200000
C:\Users\isaac\phlag\caster\data\ape.fa	141100	0.302854	15.9141	0.227565	-0.949328	200000
C:\Users\isaac\phlag\caster\data\ape.fa	141200	0.302854	15.8391	0.227565	-0.949096	200000
C:\Users\isaac\phlag\caster\data\ape.fa	141300	0.302854	15.7674	0.227565	-0.948872	200000
C:\Users\isaac\phlag\caster\data\ape.fa	141400	0.302854	15.7095	0.227565	-0.94869	200000
C:\Users\isaac\phlag\caster\data\ape.fa	141500	0.302854	15.769	0.227565	-0.948877	200000
C:\Users\isaac\phlag\caster\data\ape.fa	141600	0.302854	15.769	0.227565	-0.948877	200000
C:\Users\isaac\phlag\caster\data\ape.fa	141700	0.302854	15.8274	0.227565	-0.94906	200000
C:\Users\isaac\phlag\caster\data\ape.fa	141800	0.302854	15.7983	0.227565	-0.948969	200000
C:\Users\isaac\phlag\caster\data\ape.fa	141900	0.302854	15.8559	0.318791	-0.943893	200000
C:\Users\isaac\phlag\caster\data\ape.fa	142000	0.302854	15.8559	0.318791	-0.943893	200000
C:\Users\isaac\phlag\caster\data\ape.fa	142100	0.302854	15.7968	0.318791	-0.943691	200000
C:\Users\isaac\phlag\caster\data\ape.fa	142200	0.302854	15.9189	0.318791	-0.944107	200000
C:\Users\isaac\phlag\caster\data\ape.fa	142300	0.302854	15.8917	0.318791	-0.944015	200000
C:\Users\isaac\phlag\caster\data\ape.fa	142400	0.302854	15.8688	0.318791	-0.943937	200000
C:\Users\isaac\phlag\caster\data\ape.fa	142500	0.302854	15.93	0.318791	-0.944144	200000
C:\Users\isaac\phlag\caster\data\ape.fa	142600	0.302854	15.8759	0.318791	-0.943962	200000
C:\Users\isaac\phlag\caster\data\ape.fa	142700	0.302854	15.9077	0.318791	-0.944069	200000
C:\Users\isaac\phlag\caster\data\ape.fa	142800	0.302854	15.9371	0.318791	-0.944169	200000
C:\Users\isaac\phlag\caster\data\ape.fa	142900	0.302854	15.7526	0.225303	-0.948958	200000
C:\Users\isaac\phlag\caster\data\ape.fa	143000	0.302854	15.7525	0.225303	-0.948957	200000
C:\Users\isaac\phlag\caster\data\ape.fa	143100	0.302854	15.8298	0.225303	-0.949198	200000
C:\Users\isaac\phlag\caster\data\ape.fa	143200	0.302854	16.0473	0.225303	-0.949865	200000
C:\Users\isaac\phlag\caster\data\ape.fa	143300	0.329176	16.02	0.225303	-0.946686	200000
C:\Users\isaac\phlag\caster\data\ape.fa	143400	0.329176	16.0037	0.225303	-0.946633	200000
C:\Users\isaac\phlag\caster\data\ape.fa	143500	0.329176	16.0586	0.225303	-0.94681	200000
C:\Users\isaac\phlag\caster\data\ape.fa	143600	0.329176	16.0587	0.225303	-0.94681	200000
C:\Users\isaac\phlag\caster\data\ape.fa	143700	0.329176	15.9535	0.225303	-0.946471	200000
C:\Users\isaac\phlag\caster\data\ape.fa	143800	0.329176	16.0084	0.225303	-0.946648	200000
C:\Users\isaac\phlag\caster\data\ape.fa	143900	0.299424	15.9489	0.225303	-0.949971	200000
C:\Users\isaac\phlag\caster\data\ape.fa	144000	0.299424	15.8603	0.254453	-0.948014	200000
C:\Users\isaac\phlag\caster\data\ape.fa	144100	0.299424	15.8566	0.254453	-0.948003	200000
C:\Users\isaac\phlag\caster\data\ape.fa	144200	0.328144	15.8566	0.254453	-0.944599	200000
C:\Users\isaac\phlag\caster\data\ape.fa	144300	0.328144	15.8895	0.196428	-0.94805	200000
C:\Users\isaac\phlag\caster\data\ape.fa	144400	0.328144	15.8713	0.196428	-0.947992	200000
C:\Users\isaac\phlag\caster\data\ape.fa	144500	0.328144	15.8112	0.196428	-0.947801	200000
C:\Users\isaac\phlag\caster\data\ape.fa	144600	0.328144	15.7435	0.196428	-0.947583	200000
C:\Users\isaac\phlag\caster\data\ape.fa	144700	0.328144	15.7435	0.196428	-0.947583	200000
C:\Users\isaac\phlag\caster\data\ape.fa	144800	0.328144	15.8121	0.196428	-0.947804	200000
C:\Users\isaac\phlag\caster\data\ape.fa	144900	0.328144	15.7058	0.196428	-0.947462	200000
C:\Users\isaac\phlag\caster\data\ape.fa	145000	0.328144	15.7058	0.196428	-0.947462	200000
C:\Users\isaac\phlag\caster\data\ape.fa	145100	0.328824	15.7021	0.196428	-0.947368	200000
C:\Users\isaac\phlag\caster\data\ape.fa	145200	0.328824	15.706	0.196428	-0.947381	200000
C:\Users\isaac\phlag\caster\data\ape.fa	145300	0.328824	15.7254	0.196428	-0.947444	200000
C:\Users\isaac\phlag\caster\data\ape.fa	145400	0.272881	15.7233	0.228724	-0.952266	200000
C:\Users\isaac\phlag\caster\data\ape.fa	145500	0.272881	15.67	0.228724	-0.952108	200000
C:\Users\isaac\phlag\caster\data\ape.fa	145600	0.272881	15.67	0.228724	-0.952108	200000
C:\Users\isaac\phlag\caster\data\ape.fa	145700	0.272881	15.7332	0.228724	-0.952295	200000
C:\Users\isaac\phlag\caster\data\ape.fa	145800	0.272881	15.6137	0.228724	-0.951941	200000
C:\Users\isaac\phlag\caster\data\ape.fa	145900	0.272881	15.6734	0.228724	-0.952118	200000
C:\Users\isaac\phlag\caster\data\ape.fa	146000	0.272881	15.6427	0.228724	-0.952027	200000
C:\Users\isaac\phlag\caster\data\ape.fa	146100	0.272881	15.5832	0.228724	-0.95185	200000
C:\Users\isaac\phlag\caster\data\ape.fa	146200	0.272881	15.5898	0.228724	-0.95187	200000
C:\Users\isaac\phlag\caster\data\ape.fa	146300	0.272881	15.5625	0.228724	-0.951788	200000
C:\Users\isaac\phlag\caster\data\ape.fa	146400	0.272881	15.5315	0.228724	-0.951694	200000
C:\Users\isaac\phlag\caster\data\ape.fa	146500	0.272881	15.5604	0.228724	-0.951782	200000
C:\Users\isaac\phlag\caster\data\ape.fa	146600	0.272881	15.5604	0.228724	-0.951782	200000
C:\Users\isaac\phlag\caster\data\ape.fa	146700	0.272881	15.509	0.228724	-0.951627	200000
C:\Users\isaac\phlag\caster\data\ape.fa	146800	0.272881	15.4503	0.228724	-0.951449	200000
C:\Users\isaac\phlag\caster\data\ape.fa	146900	0.272881	15.4529	0.259685	-0.949614	200000
C:\Users\isaac\phlag\caster\data\ape.fa	147000	0.302161	15.4529	0.259685	-0.946049	200000
C:\Users\isaac\phlag\caster\data\ape.fa	147100	0.302161	15.4533	0.259685	-0.946051	200000
C:\Users\isaac\phlag\caster\data\ape.fa	147200	0.302161	15.5128	0.259685	-0.946251	200000
C:\Users\isaac\phlag\caster\data\ape.fa	147300	0.302161	15.543	0.259685	-0.946351	200000
C:\Users\isaac\phlag\caster\data\ape.fa	147400	0.302161	15.5194	0.259685	-0.946272	200000
C:\Users\isaac\phlag\caster\data\ape.fa	147500	0.302161	15.5632	0.259685	-0.946418	200000
C:\Users\isaac\phlag\caster\data\ape.fa	147600	0.302161	15.565	0.259685	-0.946424	200000
C:\Users\isaac\phlag\caster\data\ape.fa	147700	0.302161	15.5051	0.259685	-0.946225	200000
C:\Users\isaac\phlag\caster\data\ape.fa	147800	0.302161	15.4435	0.259685	-0.946018	200000
C:\Users\isaac\phlag\caster\data\ape.fa	147900	0.302161	15.3957	0.259685	-0.945856	200000
C:\Users\isaac\phlag\caster\data\ape.fa	148000	0.302161	15.337	0.259685	-0.945656	200000
C:\Users\isaac\phlag\caster\data\ape.fa	148100	0.302161	15.3141	0.288129	-0.943886	200000
C:\Users\isaac\phlag\caster\data\ape.fa	148200	0.302161	15.4636	0.288129	-0.944409	200000
C:\Users\isaac\phlag\caster\data\ape.fa	148300	0.302161	15.4875	0.227948	-0.94804	200000
C:\Users\isaac\phlag\caster\data\ape.fa	148400	0.302161	15.5013	0.227948	-0.948085	200000
C:\Users\isaac\phlag\caster\data\ape.fa	148500	0.302161	15.3922	0.227948	-0.947729	200000
C:\Users\isaac\phlag\caster\data\ape.fa	148600	0.302161	15.4102	0.227948	-0.947788	200000
C:\Users\isaac\phlag\caster\data\ape.fa	148700	0.302161	15.4102	0.170057	-0.951243	200000
C:\Users\isaac\phlag\caster\data\ape.fa	148800	0.302161	15.2711	0.170057	-0.950812	200000
C:\Users\isaac\phlag\caster\data\ape.fa	148900	0.302161	15.2675	0.170057	-0.950801	200000
C:\Users\isaac\phlag\caster\data\ape.fa	149000	0.302161	15.1653	0.170057	-0.950479	200000
C:\Users\isaac\phlag\caster\data\ape.fa	149100	0.302161	15.1936	0.139776	-0.95241	200000
C:\Users\isaac\phlag\caster\data\ape.fa	149200	0.302161	15.1837	0.139776	-0.95238	200000
C:\Users\isaac\phlag\caster\data\ape.fa	149300	0.302161	15.2603	0.139776	-0.952612	200000
C:\Users\isaac\phlag\caster\data\ape.fa	149400	0.302161	15.3186	0.139776	-0.952787	200000
C:\Users\isaac\phlag\caster\data\ape.fa	149500	0.302161	15.3186	0.139776	-0.952787	200000
C:\Users\isaac\phlag\caster\data\ape.fa	149600	0.274288	15.3186	0.139776	-0.956247	200000
C:\Users\isaac\phlag\caster\data\ape.fa	149700	0.274288	15.3186	0.108984	-0.958122	200000
C:\Users\isaac\phlag\caster\data\ape.fa	149800	0.274288	15.2267	0.132973	-0.956406	200000
C:\Users\isaac\phlag\caster\data\ape.fa	149900	0.274288	15.2267	0.132973	-0.956406	200000
C:\Users\isaac\phlag\caster\data\ape.fa	150000	0.274288	15.2126	0.132973	-0.956366	200000
C:\Users\isaac\phlag\caster\data\ape.fa	150100	0.274288	15.1226	0.265751	-0.948008	200000
C:\Users\isaac\phlag\caster\data\ape.fa	150200	0.274288	15.1226	0.265751	-0.948008	200000
C:\Users\isaac\phlag\caster\data\ape.fa	150300	0.274288	15.1143	0.265751	-0.947981	200000
C:\Users\isaac\phlag\caster\data\ape.fa	150400	0.274288	15.1143	0.265751	-0.947981	200000
C:\Users\isaac\phlag\caster\data\ape.fa	150500	0.274288	15.1143	0.235687	-0.949805	200000
C:\Users\isaac\phlag\caster\data\ape.fa	150600	0.274288	15.059	0.235687	-0.949627	200000
C:\Users\isaac\phlag\caster\data\ape.fa	150700	0.274288	15.0902	0.298981	-0.945889	200000
C:\Users\isaac\phlag\caster\data\ape.fa	150800	0.274288	15.0298	0.298981	-0.94568	200000
C:\Users\isaac\phlag\caster\data\ape.fa	150900	0.274288	14.9734	0.298981	-0.945483	200000
C:\Users\isaac\phlag\caster\data\ape.fa	151000	0.274288	15.034	0.329319	-0.94386	200000
C:\Users\isaac\phlag\caster\data\ape.fa	151100	0.274288	14.9891	0.329319	-0.943698	200000
C:\Users\isaac\phlag\caster\data\ape.fa	151200	0.274288	14.9891	0.329319	-0.943698	200000
C:\Users\isaac\phlag\caster\data\ape.fa	151300	0.303359	15.0037	0.387459	-0.936654	200000
C:\Users\isaac\phlag\caster\data\ape.fa	151400	0.303359	15.0006	0.387459	-0.936642	200000
C:\Users\isaac\phlag\caster\data\ape.fa	151500	0.303359	15.0323	0.383493	-0.937006	200000
C:\Users\isaac\phlag\caster\data\ape.fa	151600	0.303359	15.0323	0.383493	-0.937006	200000
C:\Users\isaac\phlag\caster\data\ape.fa	151700	0.329008	15.0156	0.391312	-0.933316	200000
C:\Users\isaac\phlag\caster\data\ape.fa	151800	0.329008	15.0156	0.445545	-0.930111	200000
C:\Users\isaac\phlag\caster\data\ape.fa	151900	0.329008	15.0156	0.445205	-0.930131	200000
C:\Users\isaac\phlag\caster\data\ape.fa	152000	0.298188	15.0156	0.445205	-0.933906	200000
C:\Users\isaac\phlag\caster\data\ape.fa	152100	0.298188	15.0156	0.445205	-0.933906	200000
C:\Users\isaac\phlag\caster\data\ape.fa	152200	0.298188	14.9957	0.389978	-0.93711	200000
C:\Users\isaac\phlag\caster\data\ape.fa	152300	0.298188	14.9957	0.360173	-0.938894	200000
C:\Users\isaac\phlag\caster\data\ape.fa	152400	0.267064	14.9973	0.360308	-0.942755	200000
C:\Users\isaac\phlag\caster\data\ape.fa	152500	0.267064	14.9973	0.360308	-0.942755	200000
C:\Users\isaac\phlag\caster\data\ape.fa	152600	0.267064	14.9688	0.418886	-0.939123	200000
C:\Users\isaac\phlag\caster\data\ape.fa	152700	0.267064	14.9688	0.418886	-0.939123	200000
C:\Users\isaac\phlag\caster\data\ape.fa	152800	0.267064	14.9428	0.418886	-0.939022	200000
C:\Users\isaac\phlag\caster\data\ape.fa	152900	0.267064	14.9103	0.418886	-0.938895	200000
C:\Users\isaac\phlag\caster\data\ape.fa	153000	0.267064	14.8546	0.418886	-0.938676	200000
C:\Users\isaac\phlag\caster\data\ape.fa	153100	0.267064	14.8394	0.449216	-0.936785	200000
C:\Users\isaac\phlag\caster\data\ape.fa	153200	0.267064	14.7787	0.449216	-0.936538	200000
C:\Users\isaac\phlag\caster\data\ape.fa	153300	0.267064	14.7787	0.449216	-0.936538	200000
C:\Users\isaac\phlag\caster\data\ape.fa	153400	0.267064	14.793	0.506363	-0.933158	200000
C:\Users\isaac\phlag\caster\data\ape.fa	153500	0.267064	14.6809	0.506363	-0.932673	200000
C:\Users\isaac\phlag\caster\data\ape.fa	153600	0.267064	14.6208	0.447658	-0.93598	200000
C:\Users\isaac\phlag\caster\data\ape.fa	153700	0.267064	14.5273	0.473918	-0.933978	200000
C:\Users\isaac\phlag\caster\data\ape.fa	153800	0.267064	14.4759	0.473918	-0.933755	200000
C:\Users\isaac\phlag\caster\data\ape.fa	153900	0.267064	14.4772	0.473918	-0.93376	200000
C:\Users\isaac\phlag\caster\data\ape.fa	154000	0.267064	14.4772	0.473918	-0.93376	200000
C:\Users\isaac\phlag\caster\data\ape.fa	154100	0.267064	14.3869	0.473918	-0.933365	200000
C:\Users\isaac\phlag\caster\data\ape.fa	154200	0.267064	14.2324	0.527685	-0.92934	200000
C:\Users\isaac\phlag\caster\data\ape.fa	154300	0.267064	14.1727	0.669766	-0.920322	200000
C:\Users\isaac\phlag\caster\data\ape.fa	154400	0.237383	14.1125	0.669766	-0.923798	200000
C:\Users\isaac\phlag\caster\data\ape.fa	154500	0.237383	14.0549	0.669766	-0.923504	200000
C:\Users\isaac\phlag\caster\data\ape.fa	154600	0.237383	13.975	0.6387	-0.925024	200000
C:\Users\isaac\phlag\caster\data\ape.fa	154700	0.237383	13.975	0.6387	-0.925024	200000
C:\Users\isaac\phlag\caster\data\ape.fa	154800	0.237383	13.9184	0.6387	-0.924738	200000
C:\Users\isaac\phlag\caster\data\ape.fa	154900	0.237383	13.9325	0.698109	-0.921114	200000
C:\Users\isaac\phlag\caster\data\ape.fa	155000	0.264978	13.9325	0.698109	-0.917555	200000
C:\Users\isaac\phlag\caster\data\ape.fa	155100	0.23484	13.9325	0.698109	-0.921443	200000
C:\Users\isaac\phlag\caster\data\ape.fa	155200	0.23484	13.9325	0.786132	-0.916019	200000
C:\Users\isaac\phlag\caster\data\ape.fa	155300	0.23484	13.9325	0.756194	-0.917856	200000
C:\Users\isaac\phlag\caster\data\ape.fa	155400	0.23484	13.8719	0.799676	-0.914845	200000
C:\Users\isaac\phlag\caster\data\ape.fa	155500	0.23484	13.8719	0.799676	-0.914845	200000
C:\Users\isaac\phlag\caster\data\ape.fa	155600	0.23484	13.7919	0.858713	-0.910759	200000
C:\Users\isaac\phlag\caster\data\ape.fa	155700	0.175301	13.7919	0.827928	-0.920343	200000
C:\Users\isaac\phlag\caster\data\ape.fa	155800	0.175301	13.7919	0.827928	-0.920343	200000
C:\Users\isaac\phlag\caster\data\ape.fa	155900	0.175301	13.7919	0.827928	-0.920343	200000
C:\Users\isaac\phlag\caster\data\ape.fa	156000	0.175301	13.7313	0.937438	-0.913229	200000
C:\Users\isaac\phlag\caster\data\ape.fa	156100	0.175301	13.685	0.937438	-0.912957	200000
C:\Users\isaac\phlag\caster\data\ape.fa	156200	0.175301	13.6235	0.937438	-0.912594	200000
C:\Users\isaac\phlag\caster\data\ape.fa	156300	0.175301	13.6235	0.937438	-0.912594	200000
C:\Users\isaac\phlag\caster\data\ape.fa	156400	0.175301	13.6235	0.994861	-0.909051	200000
C:\Users\isaac\phlag\caster\data\ape.fa	156500	0.175301	13.6235	0.96408	-0.910947	200000
C:\Users\isaac\phlag\caster\data\ape.fa	156600	0.175301	13.5499	0.96408	-0.9105	200000
C:\Users\isaac\phlag\caster\data\ape.fa	156700	0.145269	13.5499	0.96408	-0.914414	200000
C:\Users\isaac\phlag\caster\data\ape.fa	156800	0.145269	13.4304	0.96408	-0.913711	200000
C:\Users\isaac\phlag\caster\data\ape.fa	156900	0.145269	13.3703	1.01857	-0.909929	200000
C:\Users\isaac\phlag\caster\data\ape.fa	157000	0.114306	13.3703	1.01857	-0.914006	200000
C:\Users\isaac\phlag\caster\data\ape.fa	157100	0.114306	13.3703	1.01857	-0.914006	200000
C:\Users\isaac\phlag\caster\data\ape.fa	157200	0.114306	13.3703	1.01857	-0.914006	200000
C:\Users\isaac\phlag\caster\data\ape.fa	157300	0.114306	13.3703	1.0461	-0.912274	200000
C:\Users\isaac\phlag\caster\data\ape.fa	157400	0.0993171	13.3703	1.03112	-0.915194	200000
C:\Users\isaac\phlag\caster\data\ape.fa	157500	0.0993171	13.3703	1.03112	-0.915194	200000
C:\Users\isaac\phlag\caster\data\ape.fa	157600	0.0993171	13.3703	1.03112	-0.915194	200000
C:\Users\isaac\phlag\caster\data\ape.fa	157700	0.0993171	13.3114	0.96326	-0.919167	200000
C:\Users\isaac\phlag\caster\data\ape.fa	157800	0.0993171	13.3114	0.96326	-0.919167	200000
C:\Users\isaac\phlag\caster\data\ape.fa	157900	0.0691393	13.3114	1.02254	-0.919404	200000
C:\Users\isaac\phlag\caster\data\ape.fa	158000	0.0691393	13.3114	1.10618	-0.914096	200000
C:\Users\isaac\phlag\caster\data\ape.fa	158100	0.0691393	13.3114	1.16073	-0.910667	200000
C:\Users\isaac\phlag\caster\data\ape.fa	158200	0.0691393	13.3407	1.16073	-0.910847	200000
C:\Users\isaac\phlag\caster\data\ape.fa	158300	0.0691393	13.2519	1.16073	-0.9103	200000
C:\Users\isaac\phlag\caster\data\ape.fa	158400	0.0691393	13.1675	1.16073	-0.909775	200000
C:\Users\isaac\phlag\caster\data\ape.fa	158500	0.0691393	13.0499	1.16073	-0.909031	200000
C:\Users\isaac\phlag\caster\data\ape.fa	158600	0.0691393	13.0341	1.16073	-0.908931	200000
C:\Users\isaac\phlag\caster\data\ape.fa	158700	0.096821	13.02	1.16073	-0.90514	200000
C:\Users\isaac\phlag\caster\data\ape.fa	158800	0.096821	13.02	1.16073	-0.90514	200000
C:\Users\isaac\phlag\caster\data\ape.fa	158900	0.096821	12.8993	1.16073	-0.90433	200000
C:\Users\isaac\phlag\caster\data\ape.fa	159000	0.096821	12.8553	1.18784	-0.902299	200000
C:\Users\isaac\phlag\caster\data\ape.fa	159100	0.096821	12.8553	1.27416	-0.896825	200000
C:\Users\isaac\phlag\caster\data\ape.fa	159200	0.096821	12.7627	1.32484	-0.892947	200000
C:\Users\isaac\phlag\caster\data\ape.fa	159300	0.0678817	12.6469	1.32484	-0.895966	200000
C:\Users\isaac\phlag\caster\data\ape.fa	159400	0.0678817	12.4707	1.32484	-0.894643	200000
C:\Users\isaac\phlag\caster\data\ape.fa	159500	0.0678817	12.4707	1.32364	-0.89472	200000
C:\Users\isaac\phlag\caster\data\ape.fa	159600	0.0678817	12.4707	1.32364	-0.89472	200000
C:\Users\isaac\phlag\caster\data\ape.fa	159700	0.0678817	12.4133	1.32364	-0.894283	200000
C:\Users\isaac\phlag\caster\data\ape.fa	159800	0.0678817	12.4133	1.35302	-0.892384	200000
C:\Users\isaac\phlag\caster\data\ape.fa	159900	0.0678817	12.4133	1.35302	-0.892384	200000
C:\Users\isaac\phlag\caster\data\ape.fa	160000	0.0678817	12.2021	1.35302	-0.890715	200000
C:\Users\isaac\phlag\caster\data\ape.fa	160100	0.0678817	12.2021	1.35302	-0.890715	200000
C:\Users\isaac\phlag\caster\data\ape.fa	160200	0.0365438	12.2021	1.35232	-0.89512	200000
C:\Users\isaac\phlag\caster\data\ape.fa	160300	0.0365438	12.1772	1.38007	-0.893102	200000
C:\Users\isaac\phlag\caster\data\ape.fa	160400	0.0365438	12.1177	1.38007	-0.892632	200000
C:\Users\isaac\phlag\caster\data\ape.fa	160500	0.0548669	12.1177	1.38007	-0.890073	200000
C:\Users\isaac\phlag\caster\data\ape.fa	160600	0.0548669	12.0654	1.40845	-0.887781	200000
C:\Users\isaac\phlag\caster\data\ape.fa	160700	0.0548669	12.0654	1.40636	-0.887918	200000
C:\Users\isaac\phlag\caster\data\ape.fa	160800	0.0548669	12.0397	1.40636	-0.887704	200000
C:\Users\isaac\phlag\caster\data\ape.fa	160900	0.0548669	12.0397	1.40636	-0.887704	200000
C:\Users\isaac\phlag\caster\data\ape.fa	161000	0.0548669	11.9841	1.40636	-0.88724	200000
C:\Users\isaac\phlag\caster\data\ape.fa	161100	0.0548669	11.9841	1.43531	-0.885333	200000
C:\Users\isaac\phlag\caster\data\ape.fa	161200	0.0548669	11.9841	1.43531	-0.885333	200000
C:\Users\isaac\phlag\caster\data\ape.fa	161300	0.0262098	11.9268	1.48941	-0.885301	200000
C:\Users\isaac\phlag\caster\data\ape.fa	161400	0.0552139	11.9268	1.54852	-0.877392	200000
C:\Users\isaac\phlag\caster\data\ape.fa	161500	0.0552139	11.8523	1.54852	-0.876714	200000
C:\Users\isaac\phlag\caster\data\ape.fa	161600	0.0552139	11.7484	1.54852	-0.875754	200000
C:\Users\isaac\phlag\caster\data\ape.fa	161700	0.0552139	11.7494	1.54852	-0.875763	200000
C:\Users\isaac\phlag\caster\data\ape.fa	161800	0.0232066	11.7186	1.54847	-0.879996	200000
C:\Users\isaac\phlag\caster\data\ape.fa	161900	0.0232066	11.7186	1.67219	-0.87188	200000
C:\Users\isaac\phlag\caster\data\ape.fa	162000	0.0232066	11.7186	1.72836	-0.868244	200000
C:\Users\isaac\phlag\caster\data\ape.fa	162100	0.0232066	11.7319	1.72836	-0.868374	200000
C:\Users\isaac\phlag\caster\data\ape.fa	162200	0.0232066	11.6137	1.7869	-0.863428	200000
C:\Users\isaac\phlag\caster\data\ape.fa	162300	0.0232066	11.6137	1.75646	-0.865391	200000
C:\Users\isaac\phlag\caster\data\ape.fa	162400	-0.00474522	11.6137	1.86714	-0.862153	200000
C:\Users\isaac\phlag\caster\data\ape.fa	162500	-0.00474522	11.6137	1.86714	-0.862153	200000
C:\Users\isaac\phlag\caster\data\ape.fa	162600	-0.00474522	11.6137	1.89469	-0.860394	200000
C:\Users\isaac\phlag\caster\data\ape.fa	162700	-0.00474522	11.6137	1.89469	-0.860394	200000
C:\Users\isaac\phlag\caster\data\ape.fa	162800	-0.00474522	11.6137	1.89449	-0.860407	200000
C:\Users\isaac\phlag\caster\data\ape.fa	162900	-0.00474522	11.6137	1.89449	-0.860407	200000
C:\Users\isaac\phlag\caster\data\ape.fa	163000	0.0255346	11.5568	1.89449	-0.855637	200000
C:\Users\isaac\phlag\caster\data\ape.fa	163100	0.0547051	11.6152	1.89449	-0.852268	200000
C:\Users\isaac\phlag\caster\data\ape.fa	163200	0.0547051	11.6152	1.89449	-0.852268	200000
C:\Users\isaac\phlag\caster\data\ape.fa	163300	0.0849858	11.6152	1.89449	-0.848142	200000
C:\Users\isaac\phlag\caster\data\ape.fa	163400	0.0849858	11.6152	1.95301	-0.844506	200000
C:\Users\isaac\phlag\caster\data\ape.fa	163500	0.0849858	11.6152	2.01266	-0.840833	200000
C:\Users\isaac\phlag\caster\data\ape.fa	163600	0.0849858	11.5998	2.06585	-0.837403	200000
C:\Users\isaac\phlag\caster\data\ape.fa	163700	0.116273	11.5177	2.06585	-0.832231	200000
C:\Users\isaac\phlag\caster\data\ape.fa	163800	0.116273	11.5322	2.12742	-0.828688	200000
C:\Users\isaac\phlag\caster\data\ape.fa	163900	0.0623664	11.5322	2.12742	-0.835872	200000
C:\Users\isaac\phlag\caster\data\ape.fa	164000	0.0623664	11.5322	2.12742	-0.835872	200000
C:\Users\isaac\phlag\caster\data\ape.fa	164100	0.0623664	11.4809	2.21079	-0.830194	200000
C:\Users\isaac\phlag\caster\data\ape.fa	164200	0.0911445	11.4809	2.21079	-0.826373	200000
C:\Users\isaac\phlag\caster\data\ape.fa	164300	0.0911445	11.4809	2.18009	-0.828218	200000
C:\Users\isaac\phlag\caster\data\ape.fa	164400	0.0761599	11.4809	2.19312	-0.829425	200000
C:\Users\isaac\phlag\caster\data\ape.fa	164500	0.106293	11.4809	2.13262	-0.829065	200000
C:\Users\isaac\phlag\caster\data\ape.fa	164600	0.106293	11.4196	2.1326	-0.828298	200000
C:\Users\isaac\phlag\caster\data\ape.fa	164700	0.106293	11.4196	2.1326	-0.828298	200000
C:\Users\isaac\phlag\caster\data\ape.fa	164800	0.106293	11.3886	2.1326	-0.827908	200000
C:\Users\isaac\phlag\caster\data\ape.fa	164900	0.106293	11.4036	2.19184	-0.824517	200000
C:\Users\isaac\phlag\caster\data\ape.fa	165000	0.106293	11.4328	2.19184	-0.82489	200000
C:\Users\isaac\phlag\caster\data\ape.fa	165100	0.106293	11.4025	2.19051	-0.824583	200000
C:\Users\isaac\phlag\caster\data\ape.fa	165200	0.106293	11.3263	2.27525	-0.818509	200000
C:\Users\isaac\phlag\caster\data\ape.fa	165300	0.106293	11.3263	2.27525	-0.818509	200000
C:\Users\isaac\phlag\caster\data\ape.fa	165400	0.106293	11.3263	2.27525	-0.818509	200000
C:\Users\isaac\phlag\caster\data\ape.fa	165500	0.137364	11.3292	2.33739	-0.810769	200000
C:\Users\isaac\phlag\caster\data\ape.fa	165600	0.137364	11.3292	2.38922	-0.807737	200000
C:\Users\isaac\phlag\caster\data\ape.fa	165700	0.137364	11.2846	2.38922	-0.807117	200000
C:\Users\isaac\phlag\caster\data\ape.fa	165800	0.137364	11.2846	2.38922	-0.807117	200000
C:\Users\isaac\phlag\caster\data\ape.fa	165900	0.137364	11.2368	2.42506	-0.804352	200000
C:\Users\isaac\phlag\caster\data\ape.fa	166000	0.137364	11.1745	2.42506	-0.803465	200000
C:\Users\isaac\phlag\caster\data\ape.fa	166100	0.152179	11.1195	2.40962	-0.801629	200000
C:\Users\isaac\phlag\caster\data\ape.fa	166200	0.152179	11.1195	2.40962	-0.801629	200000
C:\Users\isaac\phlag\caster\data\ape.fa	166300	0.152179	11.0755	2.40962	-0.800989	200000
C:\Users\isaac\phlag\caster\data\ape.fa	166400	0.152179	11.0785	2.44086	-0.799201	200000
C:\Users\isaac\phlag\caster\data\ape.fa	166500	0.152179	10.9738	2.44086	-0.797652	200000
C:\Users\isaac\phlag\caster\data\ape.fa	166600	0.152179	10.9142	2.44086	-0.796759	200000
C:\Users\isaac\phlag\caster\data\ape.fa	166700	0.181413	10.9142	2.44086	-0.792879	200000
C:\Users\isaac\phlag\caster\data\ape.fa	166800	0.181413	10.93	2.44086	-0.79312	200000
C:\Users\isaac\phlag\caster\data\ape.fa	166900	0.181413	10.902	2.44086	-0.792693	200000
C:\Users\isaac\phlag\caster\data\ape.fa	167000	0.181413	10.7789	2.47202	-0.788954	200000
C:\Users\isaac\phlag\caster\data\ape.fa	167100	0.181413	10.8088	2.47202	-0.789422	200000
C:\Users\isaac\phlag\caster\data\ape.fa	167200	0.181413	10.8093	2.50327	-0.787601	200000
C:\Users\isaac\phlag\caster\data\ape.fa	167300	0.181413	10.8093	2.56497	-0.784017	200000
C:\Users\isaac\phlag\caster\data\ape.fa	167400	0.181413	10.8093	2.67692	-0.777595	200000
C:\Users\isaac\phlag\caster\data\ape.fa	167500	0.181413	10.7657	2.67692	-0.776884	200000
C:\Users\isaac\phlag\caster\data\ape.fa	167600	0.181413	10.7657	2.73658	-0.773497	200000
C:\Users\isaac\phlag\caster\data\ape.fa	167700	0.181413	10.7809	2.73658	-0.773748	200000
C:\Users\isaac\phlag\caster\data\ape.fa	167800	0.181413	10.7809	2.73658	-0.773748	200000
C:\Users\isaac\phlag\caster\data\ape.fa	167900	0.181413	10.7672	2.73658	-0.773521	200000
C:\Users\isaac\phlag\caster\data\ape.fa	168000	0.212435	10.6486	2.73658	-0.767499	200000
C:\Users\isaac\phlag\caster\data\ape.fa	168100	0.212435	10.5325	2.73658	-0.765497	200000
C:\Users\isaac\phlag\caster\data\ape.fa	168200	0.212435	10.5472	2.73658	-0.765753	200000
C:\Users\isaac\phlag\caster\data\ape.fa	168300	0.212435	10.5609	2.73658	-0.765991	200000
C:\Users\isaac\phlag\caster\data\ape.fa	168400	0.212435	10.5609	2.73658	-0.765991	200000
C:\Users\isaac\phlag\caster\data\ape.fa	168500	0.212435	10.457	2.91589	-0.75409	200000
C:\Users\isaac\phlag\caster\data\ape.fa	168600	0.212435	10.4262	2.91589	-0.753531	200000
C:\Users\isaac\phlag\caster\data\ape.fa	168700	0.270248	10.3989	2.88692	-0.747168	200000
C:\Users\isaac\phlag\caster\data\ape.fa	168800	0.270248	10.2834	2.88692	-0.744995	200000
C:\Users\isaac\phlag\caster\data\ape.fa	168900	0.270248	10.2834	2.88692	-0.744995	200000
C:\Users\isaac\phlag\caster\data\ape.fa	169000	0.270248	10.2538	2.93953	-0.741523	200000
C:\Users\isaac\phlag\caster\data\ape.fa	169100	0.270248	10.1625	3.02263	-0.73519	200000
C:\Users\isaac\phlag\caster\data\ape.fa	169200	0.270248	10.0586	3.02263	-0.733129	200000
C:\Users\isaac\phlag\caster\data\ape.fa	169300	0.270248	10.0586	3.02263	-0.733129	200000
C:\Users\isaac\phlag\caster\data\ape.fa	169400	0.239902	9.94135	3.02263	-0.734743	200000
C:\Users\isaac\phlag\caster\data\ape.fa	169500	0.256079	9.77143	3.09066	-0.725357	200000
C:\Users\isaac\phlag\caster\data\ape.fa	169600	0.256079	9.77143	3.09066	-0.725357	200000
C:\Users\isaac\phlag\caster\data\ape.fa	169700	0.256079	9.77143	3.09066	-0.725357	200000
C:\Users\isaac\phlag\caster\data\ape.fa	169800	0.256079	9.77143	3.09066	-0.725357	200000
C:\Users\isaac\phlag\caster\data\ape.fa	169900	0.256079	9.64987	3.09066	-0.722788	200000
C:\Users\isaac\phlag\caster\data\ape.fa	170000	0.256079	9.64987	3.09066	-0.722788	200000
C:\Users\isaac\phlag\caster\data\ape.fa	170100	0.256079	9.56116	3.09066	-0.720883	200000
C:\Users\isaac\phlag\caster\data\ape.fa	170200	0.256079	9.46911	3.14817	-0.715666	200000
C:\Users\isaac\phlag\caster\data\ape.fa	170300	0.256079	9.46911	3.31357	-0.706588	200000
C:\Users\isaac\phlag\caster\data\ape.fa	170400	0.256079	9.46911	3.34035	-0.70514	200000
C:\Users\isaac\phlag\caster\data\ape.fa	170500	0.193643	9.46911	3.5114	-0.704066	200000
C:\Users\isaac\phlag\caster\data\ape.fa	170600	0.225335	9.31938	3.56652	-0.693607	200000
C:\Users\isaac\phlag\caster\data\ape.fa	170700	0.225335	9.31938	3.56652	-0.693607	200000
C:\Users\isaac\phlag\caster\data\ape.fa	170800	0.225335	9.27687	3.59632	-0.691035	200000
C:\Users\isaac\phlag\caster\data\ape.fa	170900	0.225335	9.27687	3.64664	-0.68839	200000
C:\Users\isaac\phlag\caster\data\ape.fa	171000	0.225335	9.2053	3.64664	-0.686685	200000
C:\Users\isaac\phlag\caster\data\ape.fa	171100	0.225335	9.2053	3.64664	-0.686685	200000
C:\Users\isaac\phlag\caster\data\ape.fa	171200	0.225335	9.2053	3.67334	-0.685285	200000
C:\Users\isaac\phlag\caster\data\ape.fa	171300	0.225335	9.2053	3.70299	-0.683739	200000
C:\Users\isaac\phlag\caster\data\ape.fa	171400	0.225335	9.1119	3.70299	-0.681474	200000
C:\Users\isaac\phlag\caster\data\ape.fa	171500	0.225335	9.02431	3.70299	-0.679319	200000
C:\Users\isaac\phlag\caster\data\ape.fa	171600	0.225335	8.96265	3.75887	-0.67486	200000
C:\Users\isaac\phlag\caster\data\ape.fa	171700	0.225335	8.90461	3.81578	-0.670435	200000
C:\Users\isaac\phlag\caster\data\ape.fa	171800	0.225335	8.90461	3.81578	-0.670435	200000
C:\Users\isaac\phlag\caster\data\ape.fa	171900	0.225335	8.8739	3.81578	-0.669652	200000
C:\Users\isaac\phlag\caster\data\ape.fa	172000	0.225335	8.8739	3.91066	-0.664768	200000
C:\Users\isaac\phlag\caster\data\ape.fa	172100	0.225335	8.80386	3.93944	-0.661482	200000
C:\Users\isaac\phlag\caster\data\ape.fa	172200	0.225335	8.72678	3.93944	-0.659458	200000
C:\Users\isaac\phlag\caster\data\ape.fa	172300	0.225335	8.66859	4.09008	-0.650281	200000
C:\Users\isaac\phlag\caster\data\ape.fa	172400	0.225335	8.60982	4.09008	-0.648691	200000
C:\Users\isaac\phlag\caster\data\ape.fa	172500	0.254667	8.61019	4.09008	-0.644969	200000
C:\Users\isaac\phlag\caster\data\ape.fa	172600	0.254667	8.489	4.09008	-0.641616	200000
C:\Users\isaac\phlag\caster\data\ape.fa	172700	0.254667	8.489	4.09008	-0.641616	200000
C:\Users\isaac\phlag\caster\data\ape.fa	172800	0.277088	8.36599	4.09008	-0.635263	200000
C:\Users\isaac\phlag\caster\data\ape.fa	172900	0.277088	8.35677	4.09008	-0.634999	200000
C:\Users\isaac\phlag\caster\data\ape.fa	173000	0.277088	8.29715	4.09008	-0.63328	200000
C:\Users\isaac\phlag\caster\data\ape.fa	173100	0.277088	8.3259	4.09008	-0.634111	200000
C:\Users\isaac\phlag\caster\data\ape.fa	173200	0.216481	8.29587	4.09008	-0.641098	200000
C:\Users\isaac\phlag\caster\data\ape.fa	173300	0.216481	8.29587	4.06031	-0.642615	200000
C:\Users\isaac\phlag\caster\data\ape.fa	173400	0.216481	8.29658	4.06031	-0.642636	200000
C:\Users\isaac\phlag\caster\data\ape.fa	173500	0.216481	8.25318	4.06031	-0.641398	200000
C:\Users\isaac\phlag\caster\data\ape.fa	173600	0.216481	8.18046	4.06031	-0.639304	200000
C:\Users\isaac\phlag\caster\data\ape.fa	173700	0.18329	8.12159	4.06031	-0.641987	200000
C:\Users\isaac\phlag\caster\data\ape.fa	173800	0.18329	8.12159	4.11549	-0.639135	200000
C:\Users\isaac\phlag\caster\data\ape.fa	173900	0.18329	8.12159	4.11549	-0.639135	200000
C:\Users\isaac\phlag\caster\data\ape.fa	174000	0.18329	8.12159	4.11549	-0.639135	200000
C:\Users\isaac\phlag\caster\data\ape.fa	174100	0.18329	8.18166	4.11549	-0.640872	200000
C:\Users\isaac\phlag\caster\data\ape.fa	174200	0.211703	8.12145	4.1439	-0.633943	200000
C:\Users\isaac\phlag\caster\data\ape.fa	174300	0.211703	8.01362	4.1439	-0.630752	200000
C:\Users\isaac\phlag\caster\data\ape.fa	174400	0.211703	7.96202	4.1439	-0.629206	200000
C:\Users\isaac\phlag\caster\data\ape.fa	174500	0.211703	7.94683	4.2619	-0.622774	200000
C:\Users\isaac\phlag\caster\data\ape.fa	174600	0.242657	7.88495	4.35162	-0.612401	200000
C:\Users\isaac\phlag\caster\data\ape.fa	174700	0.242657	7.79362	4.35162	-0.609544	200000
C:\Users\isaac\phlag\caster\data\ape.fa	174800	0.242657	7.76368	4.32023	-0.610147	200000
C:\Users\isaac\phlag\caster\data\ape.fa	174900	0.242657	7.77956	4.32023	-0.610649	200000
C:\Users\isaac\phlag\caster\data\ape.fa	175000	0.242657	7.77956	4.32023	-0.610649	200000
C:\Users\isaac\phlag\caster\data\ape.fa	175100	0.242657	7.72043	4.32023	-0.608774	200000
C:\Users\isaac\phlag\caster\data\ape.fa	175200	0.242657	7.72043	4.32023	-0.608774	200000
C:\Users\isaac\phlag\caster\data\ape.fa	175300	0.242657	7.72043	4.32023	-0.608774	200000
C:\Users\isaac\phlag\caster\data\ape.fa	175400	0.242657	7.66388	4.32023	-0.606965	200000
C:\Users\isaac\phlag\caster\data\ape.fa	175500	0.242657	7.60189	4.32023	-0.604962	200000
C:\Users\isaac\phlag\caster\data\ape.fa	175600	0.242657	7.60189	4.32023	-0.604962	200000
C:\Users\isaac\phlag\caster\data\ape.fa	175700	0.242657	7.54129	4.38185	-0.599931	200000
C:\Users\isaac\phlag\caster\data\ape.fa	175800	0.242657	7.5548	4.38185	-0.600374	200000
C:\Users\isaac\phlag\caster\data\ape.fa	175900	0.242657	7.5548	4.38185	-0.600374	200000
C:\Users\isaac\phlag\caster\data\ape.fa	176000	0.242657	7.43368	4.38185	-0.59636	200000
C:\Users\isaac\phlag\caster\data\ape.fa	176100	0.242657	7.43368	4.38185	-0.59636	200000
C:\Users\isaac\phlag\caster\data\ape.fa	176200	0.213232	7.33069	4.38185	-0.596813	200000
C:\Users\isaac\phlag\caster\data\ape.fa	176300	0.213232	7.29986	4.38185	-0.595768	200000
C:\Users\isaac\phlag\caster\data\ape.fa	176400	0.213232	7.2218	4.38185	-0.593098	200000
C:\Users\isaac\phlag\caster\data\ape.fa	176500	0.213232	7.2218	4.38185	-0.593098	200000
C:\Users\isaac\phlag\caster\data\ape.fa	176600	0.213232	7.2218	4.38185	-0.593098	200000
C:\Users\isaac\phlag\caster\data\ape.fa	176700	0.213232	7.2218	4.38185	-0.593098	200000
C:\Users\isaac\phlag\caster\data\ape.fa	176800	0.213232	7.20734	4.35195	-0.594104	200000
C:\Users\isaac\phlag\caster\data\ape.fa	176900	0.157467	7.20734	4.32341	-0.60316	200000
C:\Users\isaac\phlag\caster\data\ape.fa	177000	0.157467	7.16345	4.32341	-0.601665	200000
C:\Users\isaac\phlag\caster\data\ape.fa	177100	0.157467	7.13904	4.35621	-0.599137	200000
C:\Users\isaac\phlag\caster\data\ape.fa	177200	0.157467	6.99978	4.35621	-0.594288	200000
C:\Users\isaac\phlag\caster\data\ape.fa	177300	0.157467	6.99978	4.35621	-0.594288	200000
C:\Users\isaac\phlag\caster\data\ape.fa	177400	0.157467	6.98538	4.38471	-0.592312	200000
C:\Users\isaac\phlag\caster\data\ape.fa	177500	0.157467	6.92875	4.35055	-0.592063	200000
C:\Users\isaac\phlag\caster\data\ape.fa	177600	0.157467	6.92875	4.32033	-0.593632	200000
C:\Users\isaac\phlag\caster\data\ape.fa	177700	0.157467	6.94353	4.25266	-0.597699	200000
C:\Users\isaac\phlag\caster\data\ape.fa	177800	0.157467	6.91989	4.28215	-0.59531	200000
C:\Users\isaac\phlag\caster\data\ape.fa	177900	0.157467	6.91989	4.34297	-0.592139	200000
C:\Users\isaac\phlag\caster\data\ape.fa	178000	0.157467	6.91989	4.34261	-0.592158	200000
C:\Users\isaac\phlag\caster\data\ape.fa	178100	0.157467	6.91989	4.34261	-0.592158	200000
C:\Users\isaac\phlag\caster\data\ape.fa	178200	0.157467	6.8917	4.34261	-0.591148	200000
C:\Users\isaac\phlag\caster\data\ape.fa	178300	0.157467	6.82206	4.34261	-0.588634	200000
C:\Users\isaac\phlag\caster\data\ape.fa	178400	0.157467	6.80854	4.3717	-0.586633	200000
C:\Users\isaac\phlag\caster\data\ape.fa	178500	0.157467	6.68433	4.3717	-0.582054	200000
C:\Users\isaac\phlag\caster\data\ape.fa	178600	0.157467	6.62865	4.3717	-0.579969	200000
C:\Users\isaac\phlag\caster\data\ape.fa	178700	0.157467	6.63299	4.43313	-0.576956	200000
C:\Users\isaac\phlag\caster\data\ape.fa	178800	0.157467	6.63299	4.48981	-0.574058	200000
C:\Users\isaac\phlag\caster\data\ape.fa	178900	0.157467	6.63299	4.54927	-0.571047	200000
C:\Users\isaac\phlag\caster\data\ape.fa	179000	0.157467	6.61957	4.54927	-0.570539	200000
C:\Users\isaac\phlag\caster\data\ape.fa	179100	0.157467	6.63062	4.54927	-0.570958	200000
C:\Users\isaac\phlag\caster\data\ape.fa	179200	0.157467	6.57233	4.54927	-0.56874	200000
C:\Users\isaac\phlag\caster\data\ape.fa	179300	0.157567	6.54207	4.57735	-0.566153	200000
C:\Users\isaac\phlag\caster\data\ape.fa	179400	0.157567	6.54207	4.63523	-0.563262	200000
C:\Users\isaac\phlag\caster\data\ape.fa	179500	0.157567	6.54207	4.69003	-0.560552	200000
C:\Users\isaac\phlag\caster\data\ape.fa	179600	0.157567	6.60067	4.69003	-0.562802	200000
C:\Users\isaac\phlag\caster\data\ape.fa	179700	0.157567	6.60067	4.75249	-0.559748	200000
C:\Users\isaac\phlag\caster\data\ape.fa	179800	0.157567	6.51207	4.75249	-0.556333	200000
C:\Users\isaac\phlag\caster\data\ape.fa	179900	0.157567	6.49946	4.75249	-0.555843	200000
C:\Users\isaac\phlag\caster\data\ape.fa	180000	0.157567	6.38415	4.75249	-0.551308	200000
C:\Users\isaac\phlag\caster\data\ape.fa	180100	0.157567	6.39892	4.81108	-0.549049	200000
C:\Users\isaac\phlag\caster\data\ape.fa	180200	0.157567	6.35499	4.84192	-0.545814	200000
C:\Users\isaac\phlag\caster\data\ape.fa	180300	0.157567	6.35499	4.8705	-0.544443	200000
C:\Users\isaac\phlag\caster\data\ape.fa	180400	0.157567	6.35499	4.92296	-0.541945	200000
C:\Users\isaac\phlag\caster\data\ape.fa	180500	0.157567	6.29614	4.97547	-0.537097	200000
C:\Users\isaac\phlag\caster\data\ape.fa	180600	0.157567	6.29614	4.97547	-0.537097	200000
C:\Users\isaac\phlag\caster\data\ape.fa	180700	0.157567	6.28023	4.97547	-0.536452	200000
C:\Users\isaac\phlag\caster\data\ape.fa	180800	0.157567	6.34331	5.03016	-0.536443	200000
C:\Users\isaac\phlag\caster\data\ape.fa	180900	0.127294	6.21683	5.06025	-0.533965	200000
C:\Users\isaac\phlag\caster\data\ape.fa	181000	0.127294	6.21845	5.06025	-0.534031	200000
C:\Users\isaac\phlag\caster\data\ape.fa	181100	0.127294	6.0941	5.06025	-0.528895	200000
C:\Users\isaac\phlag\caster\data\ape.fa	181200	0.156137	6.0941	5.06025	-0.524996	200000
C:\Users\isaac\phlag\caster\data\ape.fa	181300	0.156137	5.97596	5.06025	-0.519982	200000
C:\Users\isaac\phlag\caster\data\ape.fa	181400	0.156137	5.97596	5.06025	-0.519982	200000
C:\Users\isaac\phlag\caster\data\ape.fa	181500	0.156137	5.97596	5.11863	-0.517284	200000
C:\Users\isaac\phlag\caster\data\ape.fa	181600	0.156137	5.97596	5.11863	-0.517284	200000
C:\Users\isaac\phlag\caster\data\ape.fa	181700	0.156137	5.93137	5.11863	-0.515364	200000
C:\Users\isaac\phlag\caster\data\ape.fa	181800	0.156137	5.88891	5.11863	-0.51352	200000
C:\Users\isaac\phlag\caster\data\ape.fa	181900	0.184203	5.88201	5.17317	-0.506951	200000
C:\Users\isaac\phlag\caster\data\ape.fa	182000	0.184203	5.88201	5.17315	-0.506951	200000
C:\Users\isaac\phlag\caster\data\ape.fa	182100	0.184203	5.89719	5.32651	-0.500792	200000
C:\Users\isaac\phlag\caster\data\ape.fa	182200	0.184203	5.89719	5.32651	-0.500792	200000
C:\Users\isaac\phlag\caster\data\ape.fa	182300	0.184203	5.81504	5.32651	-0.497171	200000
C:\Users\isaac\phlag\caster\data\ape.fa	182400	0.184203	5.88323	5.32651	-0.500181	200000
C:\Users\isaac\phlag\caster\data\ape.fa	182500	0.184203	5.82199	5.35624	-0.496178	200000
C:\Users\isaac\phlag\caster\data\ape.fa	182600	0.198554	5.8507	5.37059	-0.49494	200000
C:\Users\isaac\phlag\caster\data\ape.fa	182700	0.167765	5.83536	5.37059	-0.498306	200000
C:\Users\isaac\phlag\caster\data\ape.fa	182800	0.219574	5.81969	5.37059	-0.490814	200000
C:\Users\isaac\phlag\caster\data\ape.fa	182900	0.219574	5.81969	5.40545	-0.489319	200000
C:\Users\isaac\phlag\caster\data\ape.fa	183000	0.219574	5.8107	5.40545	-0.488917	200000
C:\Users\isaac\phlag\caster\data\ape.fa	183100	0.219574	5.7829	5.40545	-0.487672	200000
C:\Users\isaac\phlag\caster\data\ape.fa	183200	0.244703	5.69152	5.42025	-0.479622	200000
C:\Users\isaac\phlag\caster\data\ape.fa	183300	0.244703	5.69152	5.42025	-0.479622	200000
C:\Users\isaac\phlag\caster\data\ape.fa	183400	0.244703	5.63065	5.42025	-0.476818	200000
C:\Users\isaac\phlag\caster\data\ape.fa	183500	0.244703	5.63065	5.42025	-0.476818	200000
C:\Users\isaac\phlag\caster\data\ape.fa	183600	0.244703	5.58016	5.42025	-0.474469	200000
C:\Users\isaac\phlag\caster\data\ape.fa	183700	0.244703	5.48085	5.4789	-0.467327	200000
C:\Users\isaac\phlag\caster\data\ape.fa	183800	0.213838	5.48085	5.4789	-0.471381	200000
C:\Users\isaac\phlag\caster\data\ape.fa	183900	0.213838	5.42346	5.57164	-0.464774	200000
C:\Users\isaac\phlag\caster\data\ape.fa	184000	0.213838	5.43859	5.68303	-0.460921	200000
C:\Users\isaac\phlag\caster\data\ape.fa	184100	0.213838	5.43859	5.7156	-0.459601	200000
C:\Users\isaac\phlag\caster\data\ape.fa	184200	0.213838	5.43859	5.71577	-0.459593	200000
C:\Users\isaac\phlag\caster\data\ape.fa	184300	0.213838	5.43859	5.8091	-0.455851	200000
C:\Users\isaac\phlag\caster\data\ape.fa	184400	0.213838	5.37887	5.8091	-0.453001	200000
C:\Users\isaac\phlag\caster\data\ape.fa	184500	0.213838	5.37887	5.8091	-0.453001	200000
C:\Users\isaac\phlag\caster\data\ape.fa	184600	0.213838	5.37887	5.77946	-0.454182	200000
C:\Users\isaac\phlag\caster\data\ape.fa	184700	0.243425	5.37887	5.80905	-0.449242	200000
C:\Users\isaac\phlag\caster\data\ape.fa	184800	0.243425	5.31728	5.80905	-0.446259	200000
C:\Users\isaac\phlag\caster\data\ape.fa	184900	0.243425	5.31728	5.80905	-0.446259	200000
C:\Users\isaac\phlag\caster\data\ape.fa	185000	0.243425	5.31728	5.86658	-0.444012	200000
C:\Users\isaac\phlag\caster\data\ape.fa	185100	0.243425	5.2666	5.86658	-0.441535	200000
C:\Users\isaac\phlag\caster\data\ape.fa	185200	0.243425	5.32558	5.92248	-0.442254	200000
C:\Users\isaac\phlag\caster\data\ape.fa	185300	0.243425	5.29892	5.92248	-0.440957	200000
C:\Users\isaac\phlag\caster\data\ape.fa	185400	0.243425	5.29892	5.92248	-0.440957	200000
C:\Users\isaac\phlag\caster\data\ape.fa	185500	0.243425	5.29892	5.9815	-0.438699	200000
C:\Users\isaac\phlag\caster\data\ape.fa	185600	0.243425	5.29892	5.9815	-0.438699	200000
C:\Users\isaac\phlag\caster\data\ape.fa	185700	0.243425	5.23735	5.9815	-0.435684	200000
C:\Users\isaac\phlag\caster\data\ape.fa	185800	0.243425	5.16601	6.03957	-0.429958	200000
C:\Users\isaac\phlag\caster\data\ape.fa	185900	0.243425	5.18191	6.06755	-0.429699	200000
C:\Users\isaac\phlag\caster\data\ape.fa	186000	0.243425	5.06528	6.06755	-0.423853	200000
C:\Users\isaac\phlag\caster\data\ape.fa	186100	0.243425	5.06528	6.04048	-0.424863	200000
C:\Users\isaac\phlag\caster\data\ape.fa	186200	0.243425	4.97207	6.04048	-0.420101	200000
C:\Users\isaac\phlag\caster\data\ape.fa	186300	0.274355	4.92197	6.04048	-0.413606	200000
C:\Users\isaac\phlag\caster\data\ape.fa	186400	0.274355	4.92197	6.01823	-0.414427	200000
C:\Users\isaac\phlag\caster\data\ape.fa	186500	0.247247	4.92197	5.95404	-0.420266	200000
C:\Users\isaac\phlag\caster\data\ape.fa	186600	0.247247	4.9052	5.95404	-0.41939	200000
C:\Users\isaac\phlag\caster\data\ape.fa	186700	0.276203	4.90495	6.01127	-0.413561	200000
C:\Users\isaac\phlag\caster\data\ape.fa	186800	0.276203	4.90495	6.01127	-0.413561	200000
C:\Users\isaac\phlag\caster\data\ape.fa	186900	0.276203	4.90495	5.98321	-0.414601	200000
C:\Users\isaac\phlag\caster\data\ape.fa	187000	0.276203	4.90495	6.01371	-0.413471	200000
C:\Users\isaac\phlag\caster\data\ape.fa	187100	0.276203	4.90495	6.04174	-0.412438	200000
C:\Users\isaac\phlag\caster\data\ape.fa	187200	0.30551	4.90495	6.10036	-0.406641	200000
C:\Users\isaac\phlag\caster\data\ape.fa	187300	0.30551	4.84791	6.10036	-0.403633	200000
C:\Users\isaac\phlag\caster\data\ape.fa	187400	0.30551	4.7902	6.10036	-0.400559	200000
C:\Users\isaac\phlag\caster\data\ape.fa	187500	0.33612	4.73264	6.10036	-0.393632	200000
C:\Users\isaac\phlag\caster\data\ape.fa	187600	0.33612	4.73264	6.10036	-0.393632	200000
C:\Users\isaac\phlag\caster\data\ape.fa	187700	0.366131	4.79385	6.13096	-0.392148	200000
C:\Users\isaac\phlag\caster\data\ape.fa	187800	0.366131	4.73403	6.13096	-0.38891	200000
C:\Users\isaac\phlag\caster\data\ape.fa	187900	0.366131	4.67487	6.13096	-0.385674	200000
C:\Users\isaac\phlag\caster\data\ape.fa	188000	0.366131	4.65529	6.13096	-0.384596	200000
C:\Users\isaac\phlag\caster\data\ape.fa	188100	0.334951	4.47069	6.13096	-0.378156	200000
C:\Users\isaac\phlag\caster\data\ape.fa	188200	0.304388	4.35434	6.13096	-0.375354	200000
C:\Users\isaac\phlag\caster\data\ape.fa	188300	0.304388	4.35434	6.13096	-0.375354	200000
C:\Users\isaac\phlag\caster\data\ape.fa	188400	0.304388	4.35434	6.12656	-0.375507	200000
C:\Users\isaac\phlag\caster\data\ape.fa	188500	0.275216	4.35434	6.18445	-0.377208	200000
C:\Users\isaac\phlag\caster\data\ape.fa	188600	0.275216	4.35434	6.23412	-0.375483	200000
C:\Users\isaac\phlag\caster\data\ape.fa	188700	0.275216	4.29422	6.23412	-0.372008	200000
C:\Users\isaac\phlag\caster\data\ape.fa	188800	0.275216	4.29422	6.23412	-0.372008	200000
C:\Users\isaac\phlag\caster\data\ape.fa	188900	0.24428	4.17083	6.26473	-0.36766	200000
C:\Users\isaac\phlag\caster\data\ape.fa	189000	0.248583	4.17083	6.26473	-0.36711	200000
C:\Users\isaac\phlag\caster\data\ape.fa	189100	0.248583	4.17083	6.26473	-0.36711	200000
C:\Users\isaac\phlag\caster\data\ape.fa	189200	0.248583	4.05439	6.26473	-0.360136	200000
C:\Users\isaac\phlag\caster\data\ape.fa	189300	0.248583	4.05835	6.38651	-0.356272	200000
C:\Users\isaac\phlag\caster\data\ape.fa	189400	0.248583	4.05835	6.38651	-0.356272	200000
C:\Users\isaac\phlag\caster\data\ape.fa	189500	0.248583	4.02885	6.38651	-0.354491	200000
C:\Users\isaac\phlag\caster\data\ape.fa	189600	0.188389	4.02885	6.38651	-0.362179	200000
C:\Users\isaac\phlag\caster\data\ape.fa	189700	0.188389	4.05533	6.38651	-0.363769	200000
C:\Users\isaac\phlag\caster\data\ape.fa	189800	0.188389	4.05533	6.5027	-0.359835	200000
C:\Users\isaac\phlag\caster\data\ape.fa	189900	0.188389	3.95919	6.5027	-0.354057	200000
C:\Users\isaac\phlag\caster\data\ape.fa	190000	0.188389	3.93075	6.5027	-0.352327	200000
C:\Users\isaac\phlag\caster\data\ape.fa	190100	0.188389	3.91578	6.56155	-0.349474	200000
C:\Users\isaac\phlag\caster\data\ape.fa	190200	0.188389	3.91578	6.56155	-0.349474	200000
C:\Users\isaac\phlag\caster\data\ape.fa	190300	0.0950097	3.91578	6.56155	-0.361393	200000
C:\Users\isaac\phlag\caster\data\ape.fa	190400	0.0950097	3.66077	6.56155	-0.345609	200000
C:\Users\isaac\phlag\caster\data\ape.fa	190500	0.0950097	3.54136	6.56155	-0.337946	200000
C:\Users\isaac\phlag\caster\data\ape.fa	190600	0.0950097	3.54136	6.56155	-0.337946	200000
C:\Users\isaac\phlag\caster\data\ape.fa	190700	0.0950097	3.52797	6.56155	-0.337076	200000
C:\Users\isaac\phlag\caster\data\ape.fa	190800	0.121264	3.4654	6.56155	-0.329529	200000
C:\Users\isaac\phlag\caster\data\ape.fa	190900	0.121264	3.48053	6.56155	-0.330527	200000
C:\Users\isaac\phlag\caster\data\ape.fa	191000	0.121264	3.48053	6.56155	-0.330527	200000
C:\Users\isaac\phlag\caster\data\ape.fa	191100	0.121264	3.49498	6.6212	-0.329547	200000
C:\Users\isaac\phlag\caster\data\ape.fa	191200	0.121264	3.51177	6.64855	-0.329765	200000
C:\Users\isaac\phlag\caster\data\ape.fa	191300	0.149655	3.52709	6.64855	-0.327103	200000
C:\Users\isaac\phlag\caster\data\ape.fa	191400	0.149655	3.52709	6.64853	-0.327104	200000
C:\Users\isaac\phlag\caster\data\ape.fa	191500	0.149655	3.40883	6.70122	-0.317668	200000
C:\Users\isaac\phlag\caster\data\ape.fa	191600	0.149655	3.40883	6.70122	-0.317668	200000
C:\Users\isaac\phlag\caster\data\ape.fa	191700	0.119537	3.31948	6.70122	-0.315569	200000
C:\Users\isaac\phlag\caster\data\ape.fa	191800	0.177046	3.31948	6.70122	-0.30815	200000
C:\Users\isaac\phlag\caster\data\ape.fa	191900	0.177046	3.31948	6.60999	-0.310932	200000
C:\Users\isaac\phlag\caster\data\ape.fa	192000	0.177046	3.31948	6.66153	-0.309354	200000
C:\Users\isaac\phlag\caster\data\ape.fa	192100	0.177046	3.31948	6.66153	-0.309354	200000
C:\Users\isaac\phlag\caster\data\ape.fa	192200	0.177046	3.21157	6.66153	-0.301938	200000
C:\Users\isaac\phlag\caster\data\ape.fa	192300	0.177046	3.15087	6.66153	-0.297697	200000
C:\Users\isaac\phlag\caster\data\ape.fa	192400	0.177046	3.08992	6.66153	-0.293385	200000
C:\Users\isaac\phlag\caster\data\ape.fa	192500	0.177046	3.08927	6.66153	-0.293339	200000
C:\Users\isaac\phlag\caster\data\ape.fa	192600	0.177046	3.08927	6.66153	-0.293339	200000
C:\Users\isaac\phlag\caster\data\ape.fa	192700	0.177046	3.08927	6.66153	-0.293339	200000
C:\Users\isaac\phlag\caster\data\ape.fa	192800	0.177046	3.05978	6.66153	-0.291234	200000
C:\Users\isaac\phlag\caster\data\ape.fa	192900	0.177046	3.05978	6.74312	-0.288853	200000
C:\Users\isaac\phlag\caster\data\ape.fa	193000	0.177046	3.05994	6.83621	-0.286195	200000
C:\Users\isaac\phlag\caster\data\ape.fa	193100	0.142787	2.94732	6.83621	-0.282535	200000
C:\Users\isaac\phlag\caster\data\ape.fa	193200	0.111298	2.72979	6.89606	-0.268918	200000
C:\Users\isaac\phlag\caster\data\ape.fa	193300	0.0849756	2.72979	6.89606	-0.272357	200000
C:\Users\isaac\phlag\caster\data\ape.fa	193400	0.0849756	2.70161	6.99954	-0.267382	200000
C:\Users\isaac\phlag\caster\data\ape.fa	193500	0.0849756	2.70161	7.02805	-0.266605	200000
C:\Users\isaac\phlag\caster\data\ape.fa	193600	0.0849756	2.70161	7.05907	-0.265765	200000
C:\Users\isaac\phlag\caster\data\ape.fa	193700	0.0849756	2.71795	7.05907	-0.266982	200000
C:\Users\isaac\phlag\caster\data\ape.fa	193800	0.0849756	2.56287	7.05907	-0.255271	200000
C:\Users\isaac\phlag\caster\data\ape.fa	193900	0.116687	2.56287	7.05907	-0.251184	200000
C:\Users\isaac\phlag\caster\data\ape.fa	194000	0.116687	2.56466	7.02992	-0.252076	200000
C:\Users\isaac\phlag\caster\data\ape.fa	194100	0.116687	2.44901	7.02992	-0.243061	200000
C:\Users\isaac\phlag\caster\data\ape.fa	194200	0.0879666	2.44901	7.0605	-0.246006	200000
C:\Users\isaac\phlag\caster\data\ape.fa	194300	0.0879666	2.38737	7.03163	-0.241865	200000
C:\Users\isaac\phlag\caster\data\ape.fa	194400	0.0879666	2.34453	7.09224	-0.236916	200000
C:\Users\isaac\phlag\caster\data\ape.fa	194500	0.0879666	2.34461	7.09224	-0.236922	200000
C:\Users\isaac\phlag\caster\data\ape.fa	194600	0.0879666	2.28794	7.05774	-0.233205	200000
C:\Users\isaac\phlag\caster\data\ape.fa	194700	0.0879666	2.28794	7.05774	-0.233205	200000
C:\Users\isaac\phlag\caster\data\ape.fa	194800	0.0879666	2.23492	7.11607	-0.227456	200000
C:\Users\isaac\phlag\caster\data\ape.fa	194900	0.0879666	2.26576	7.11607	-0.229972	200000
C:\Users\isaac\phlag\caster\data\ape.fa	195000	0.099739	2.26576	7.12784	-0.228162	200000
C:\Users\isaac\phlag\caster\data\ape.fa	195100	0.099739	2.21161	7.15706	-0.223044	200000
C:\Users\isaac\phlag\caster\data\ape.fa	195200	0.099739	2.21161	7.15706	-0.223044	200000
C:\Users\isaac\phlag\caster\data\ape.fa	195300	0.099739	2.1629	7.15706	-0.219026	200000
C:\Users\isaac\phlag\caster\data\ape.fa	195400	0.170252	2.10759	7.20077	-0.20439	200000
C:\Users\isaac\phlag\caster\data\ape.fa	195500	0.170252	2.03729	7.19977	-0.198467	200000
C:\Users\isaac\phlag\caster\data\ape.fa	195600	0.170252	2.03729	7.19977	-0.198467	200000
C:\Users\isaac\phlag\caster\data\ape.fa	195700	0.170252	1.97521	7.19977	-0.193142	200000
C:\Users\isaac\phlag\caster\data\ape.fa	195800	0.139163	1.95974	7.19977	-0.195789	200000
C:\Users\isaac\phlag\caster\data\ape.fa	195900	0.139163	1.89999	7.25895	-0.189375	200000
C:\Users\isaac\phlag\caster\data\ape.fa	196000	0.123424	1.91498	7.27395	-0.192385	200000
C:\Users\isaac\phlag\caster\data\ape.fa	196100	0.123424	1.91498	7.27395	-0.192385	200000
C:\Users\isaac\phlag\caster\data\ape.fa	196200	0.123424	1.79259	7.27395	-0.181629	200000
C:\Users\isaac\phlag\caster\data\ape.fa	196300	0.123424	1.75757	7.27395	-0.178499	200000
C:\Users\isaac\phlag\caster\data\ape.fa	196400	0.123424	1.78858	7.27395	-0.181272	200000
C:\Users\isaac\phlag\caster\data\ape.fa	196500	0.123424	1.72871	7.27395	-0.175901	200000
C:\Users\isaac\phlag\caster\data\ape.fa	196600	0.123424	1.72871	7.27395	-0.175901	200000
C:\Users\isaac\phlag\caster\data\ape.fa	196700	0.123424	1.72871	7.27395	-0.175901	200000
C:\Users\isaac\phlag\caster\data\ape.fa	196800	0.123424	1.72871	7.27395	-0.175901	200000
C:\Users\isaac\phlag\caster\data\ape.fa	196900	0.123424	1.72871	7.24263	-0.176507	200000
C:\Users\isaac\phlag\caster\data\ape.fa	197000	0.123538	1.72871	7.24263	-0.176492	200000
C:\Users\isaac\phlag\caster\data\ape.fa	197100	0.123538	1.66819	7.24263	-0.170975	200000
C:\Users\isaac\phlag\caster\data\ape.fa	197200	0.123538	1.60861	7.24263	-0.165471	200000
C:\Users\isaac\phlag\caster\data\ape.fa	197300	0.123538	1.57848	7.26818	-0.162198	200000
C:\Users\isaac\phlag\caster\data\ape.fa	197400	0.123538	1.44606	7.26818	-0.149645	200000
C:\Users\isaac\phlag\caster\data\ape.fa	197500	0.123538	1.40224	7.32596	-0.144458	200000
C:\Users\isaac\phlag\caster\data\ape.fa	197600	0.123538	1.3445	7.32596	-0.138841	200000
C:\Users\isaac\phlag\caster\data\ape.fa	197700	0.123538	1.17873	7.32596	-0.122295	200000
C:\Users\isaac\phlag\caster\data\ape.fa	197800	0.123538	1.05611	7.32596	-0.109642	200000
C:\Users\isaac\phlag\caster\data\ape.fa	197900	0.123538	1.05611	7.32596	-0.109642	200000
C:\Users\isaac\phlag\caster\data\ape.fa	198000	0.123538	1.05611	7.32596	-0.109642	200000
C:\Users\isaac\phlag\caster\data\ape.fa	198100	0.123538	1.05499	7.29751	-0.109893	200000
C:\Users\isaac\phlag\caster\data\ape.fa	198200	0.123538	0.938557	7.34612	-0.0969313	200000
C:\Users\isaac\phlag\caster\data\ape.fa	198300	0.123538	0.884517	7.34612	-0.0910897	200000
C:\Users\isaac\phlag\caster\data\ape.fa	198400	0.123538	0.853185	7.34612	-0.087668	200000
C:\Users\isaac\phlag\caster\data\ape.fa	198500	0.123538	0.853185	7.39273	-0.0871798	200000
C:\Users\isaac\phlag\caster\data\ape.fa	198600	0.123538	0.791856	7.39273	-0.0804415	200000
C:\Users\isaac\phlag\caster\data\ape.fa	198700	0.123538	0.791856	7.39273	-0.0804415	200000
C:\Users\isaac\phlag\caster\data\ape.fa	198800	0.123538	0.791856	7.51323	-0.0792915	200000
C:\Users\isaac\phlag\caster\data\ape.fa	198900	0.123538	0.707473	7.54273	-0.0697341	200000
C:\Users\isaac\phlag\caster\data\ape.fa	199000	0.10892	0.76433	7.61299	-0.0772321	200000
C:\Users\isaac\phlag\caster\data\ape.fa	199100	0.139621	0.735986	7.61299	-0.0702548	200000
C:\Users\isaac\phlag\caster\data\ape.fa	199200	0.139621	0.687217	7.61299	-0.0648823	200000
C:\Users\isaac\phlag\caster\data\ape.fa	199300	0.139621	0.580781	7.61299	-0.0529388	200000
C:\Users\isaac\phlag\caster\data\ape.fa	199400	0.139621	0.522478	7.61299	-0.0462662	200000
C:\Users\isaac\phlag\caster\data\ape.fa	199500	0.139621	0.522478	7.61299	-0.0462662	200000
C:\Users\isaac\phlag\caster\data\ape.fa	199600	0.139621	0.522478	7.61299	-0.0462662	200000
C:\Users\isaac\phlag\caster\data\ape.fa	199700	0.139621	0.522478	7.61299	-0.0462662	200000
C:\Users\isaac\phlag\caster\data\ape.fa	199800	0.139621	0.553415	7.68291	-0.0494027	200000
C:\Users\isaac\phlag\caster\data\ape.fa	199900	0.124852	0.553415	7.72495	-0.0509999	200000
C:\Users\isaac\phlag\caster\data\ape.fa	200000	0.124852	0.553415	7.72495	-0.0509999	200000
C:\Users\isaac\phlag\caster\data\ape.fa	200100	0.124852	0.553415	7.65189	-0.0514473	200000
C:\Users\isaac\phlag\caster\data\ape.fa	200200	0.124852	0.553415	7.65189	-0.0514473	200000
C:\Users\isaac\phlag\caster\data\ape.fa	200300	0.124852	0.548311	7.65189	-0.0508657	200000
C:\Users\isaac\phlag\caster\data\ape.fa	200400	0.124852	0.548311	7.65189	-0.0508657	200000
C:\Users\isaac\phlag\caster\data\ape.fa	200500	0.124852	0.548311	7.68195	-0.0506827	200000
C:\Users\isaac\phlag\caster\data\ape.fa	200600	0.124852	0.548311	7.68195	-0.0506827	200000
C:\Users\isaac\phlag\caster\data\ape.fa	200700	0.124852	0.531257	7.68139	-0.0487443	200000
C:\Users\isaac\phlag\caster\data\ape.fa	200800	0.124852	0.558593	7.79073	-0.0511838	200000
C:\Users\isaac\phlag\caster\data\ape.fa	200900	0.152655	0.558593	7.79073	-0.0477462	200000
C:\Users\isaac\phlag\caster\data\ape.fa	201000	0.152655	0.497918	7.81217	-0.0407979	200000
C:\Users\isaac\phlag\caster\data\ape.fa	201100	0.152655	0.482759	7.81217	-0.0390766	200000
C:\Users\isaac\phlag\caster\data\ape.fa	201200	0.152655	0.482759	7.81217	-0.0390766	200000
C:\Users\isaac\phlag\caster\data\ape.fa	201300	0.123585	0.468223	7.75403	-0.0412946	200000
C:\Users\isaac\phlag\caster\data\ape.fa	201400	0.123585	0.440932	7.75403	-0.0381493	200000
C:\Users\isaac\phlag\caster\data\ape.fa	201500	0.123585	0.440932	7.78814	-0.0379935	200000
C:\Users\isaac\phlag\caster\data\ape.fa	201600	0.123585	0.440932	7.78814	-0.0379935	200000
C:\Users\isaac\phlag\caster\data\ape.fa	201700	0.0979358	0.488366	7.78032	-0.0466652	200000
C:\Users\isaac\phlag\caster\data\ape.fa	201800	0.0979358	0.488366	7.69577	-0.0471416	200000
C:\Users\isaac\phlag\caster\data\ape.fa	201900	0.0979358	0.503327	7.66607	-0.0490353	200000
C:\Users\isaac\phlag\caster\data\ape.fa	202000	0.128756	0.503327	7.66607	-0.045139	200000
C:\Users\isaac\phlag\caster\data\ape.fa	202100	0.128756	0.503327	7.66607	-0.045139	200000
C:\Users\isaac\phlag\caster\data\ape.fa	202200	0.128756	0.499821	7.66607	-0.0447354	200000
C:\Users\isaac\phlag\caster\data\ape.fa	202300	0.128756	0.499821	7.69588	-0.0445752	200000
C:\Users\isaac\phlag\caster\data\ape.fa	202400	0.15988	0.46883	7.69574	-0.0371136	200000
C:\Users\isaac\phlag\caster\data\ape.fa	202500	0.15988	0.46883	7.69574	-0.0371136	200000
C:\Users\isaac\phlag\caster\data\ape.fa	202600	0.15988	0.439847	7.63717	-0.0339893	200000
C:\Users\isaac\phlag\caster\data\ape.fa	202700	0.15988	0.439847	7.63717	-0.0339893	200000
C:\Users\isaac\phlag\caster\data\ape.fa	202800	0.190398	0.439847	7.69697	-0.0299558	200000
C:\Users\isaac\phlag\caster\data\ape.fa	202900	0.190398	0.410867	7.75587	-0.0263809	200000
C:\Users\isaac\phlag\caster\data\ape.fa	203000	0.190398	0.410867	7.81688	-0.0261897	200000
C:\Users\isaac\phlag\caster\data\ape.fa	203100	0.220356	0.47103	7.78655	-0.0295679	200000
C:\Users\isaac\phlag\caster\data\ape.fa	203200	0.220356	0.47103	7.78655	-0.0295679	200000
C:\Users\isaac\phlag\caster\data\ape.fa	203300	0.220356	0.47103	7.77433	-0.0296105	200000
C:\Users\isaac\phlag\caster\data\ape.fa	203400	0.220356	0.474187	7.71719	-0.0301758	200000
C:\Users\isaac\phlag\caster\data\ape.fa	203500	0.281029	0.474187	7.8082	-0.0225562	200000
C:\Users\isaac\phlag\caster\data\ape.fa	203600	0.281029	0.474187	7.92841	-0.022244	200000
C:\Users\isaac\phlag\caster\data\ape.fa	203700	0.281029	0.447927	7.96321	-0.019201	200000
C:\Users\isaac\phlag\caster\data\ape.fa	203800	0.281029	0.447927	7.96321	-0.019201	200000
C:\Users\isaac\phlag\caster\data\ape.fa	203900	0.281029	0.447927	7.96321	-0.019201	200000
C:\Users\isaac\phlag\caster\data\ape.fa	204000	0.281029	0.447927	7.96321	-0.019201	200000
C:\Users\isaac\phlag\caster\data\ape.fa	204100	0.281029	0.447927	7.96321	-0.019201	200000
C:\Users\isaac\phlag\caster\data\ape.fa	204200	0.281029	0.462735	7.90944	-0.0209987	200000
C:\Users\isaac\phlag\caster\data\ape.fa	204300	0.294525	0.462735	7.78086	-0.0197011	200000
C:\Users\isaac\phlag\caster\data\ape.fa	204400	0.324205	0.462735	7.77829	-0.0161736	200000
C:\Users\isaac\phlag\caster\data\ape.fa	204500	0.324205	0.462735	7.77829	-0.0161736	200000
C:\Users\isaac\phlag\caster\data\ape.fa	204600	0.338617	0.462735	7.85259	-0.0143423	200000
C:\Users\isaac\phlag\caster\data\ape.fa	204700	0.338617	0.462735	7.85259	-0.0143423	200000
C:\Users\isaac\phlag\caster\data\ape.fa	204800	0.338617	0.462735	7.85259	-0.0143423	200000
C:\Users\isaac\phlag\caster\data\ape.fa	204900	0.338617	0.462735	7.82435	-0.0143893	200000
C:\Users\isaac\phlag\caster\data\ape.fa	205000	0.311022	0.491943	7.7949	-0.0210425	200000
C:\Users\isaac\phlag\caster\data\ape.fa	205100	0.34116	0.491943	7.7949	-0.017476	200000
C:\Users\isaac\phlag\caster\data\ape.fa	205200	0.34116	0.491943	7.76546	-0.0175359	200000
C:\Users\isaac\phlag\caster\data\ape.fa	205300	0.308345	0.491943	7.82446	-0.0212873	200000
C:\Users\isaac\phlag\caster\data\ape.fa	205400	0.308345	0.491943	7.78098	-0.0213952	200000
C:\Users\isaac\phlag\caster\data\ape.fa	205500	0.308345	0.491943	7.80894	-0.0213257	200000
C:\Users\isaac\phlag\caster\data\ape.fa	205600	0.308345	0.491943	7.7499	-0.021473	200000
C:\Users\isaac\phlag\caster\data\ape.fa	205700	0.308345	0.491943	7.83892	-0.0212517	200000
C:\Users\isaac\phlag\caster\data\ape.fa	205800	0.308345	0.491943	7.90103	-0.0211	200000
C:\Users\isaac\phlag\caster\data\ape.fa	205900	0.308345	0.491943	7.95707	-0.020965	200000
C:\Users\isaac\phlag\caster\data\ape.fa	206000	0.308345	0.519314	7.84756	-0.0243186	200000
C:\Users\isaac\phlag\caster\data\ape.fa	206100	0.308345	0.519314	7.84435	-0.0243276	200000
C:\Users\isaac\phlag\caster\data\ape.fa	206200	0.337776	0.519314	7.84435	-0.020863	200000
C:\Users\isaac\phlag\caster\data\ape.fa	206300	0.337776	0.549603	7.84435	-0.0242595	200000
C:\Users\isaac\phlag\caster\data\ape.fa	206400	0.337776	0.549603	7.78692	-0.0244201	200000
C:\Users\isaac\phlag\caster\data\ape.fa	206500	0.337776	0.549603	7.81771	-0.0243337	200000
C:\Users\isaac\phlag\caster\data\ape.fa	206600	0.337776	0.549603	7.81771	-0.0243337	200000
C:\Users\isaac\phlag\caster\data\ape.fa	206700	0.367808	0.549603	7.81771	-0.0208119	200000
C:\Users\isaac\phlag\caster\data\ape.fa	206800	0.367808	0.549603	7.81771	-0.0208119	200000
C:\Users\isaac\phlag\caster\data\ape.fa	206900	0.367808	0.534358	7.76321	-0.0192201	200000
C:\Users\isaac\phlag\caster\data\ape.fa	207000	0.398771	0.534358	7.76321	-0.0155912	200000
C:\Users\isaac\phlag\caster\data\ape.fa	207100	0.398771	0.534358	7.82041	-0.0154894	200000
C:\Users\isaac\phlag\caster\data\ape.fa	207200	0.398771	0.534358	7.82041	-0.0154894	200000
C:\Users\isaac\phlag\caster\data\ape.fa	207300	0.368002	0.534358	7.85393	-0.0189984	200000
C:\Users\isaac\phlag\caster\data\ape.fa	207400	0.382991	0.534358	7.86847	-0.0172285	200000
C:\Users\isaac\phlag\caster\data\ape.fa	207500	0.382991	0.534358	7.86847	-0.0172285	200000
C:\Users\isaac\phlag\caster\data\ape.fa	207600	0.382991	0.534358	7.86847	-0.0172285	200000
C:\Users\isaac\phlag\caster\data\ape.fa	207700	0.382991	0.534358	7.93306	-0.0171028	200000
C:\Users\isaac\phlag\caster\data\ape.fa	207800	0.382991	0.534358	7.93306	-0.0171028	200000
C:\Users\isaac\phlag\caster\data\ape.fa	207900	0.413169	0.547003	7.87378	-0.01515	200000
C:\Users\isaac\phlag\caster\data\ape.fa	208000	0.413169	0.547003	7.79014	-0.0152948	200000
C:\Users\isaac\phlag\caster\data\ape.fa	208100	0.413169	0.531452	7.79661	-0.0135316	200000
C:\Users\isaac\phlag\caster\data\ape.fa	208200	0.413169	0.502094	7.76586	-0.0102435	200000
C:\Users\isaac\phlag\caster\data\ape.fa	208300	0.413169	0.502094	7.76586	-0.0102435	200000
C:\Users\isaac\phlag\caster\data\ape.fa	208400	0.413169	0.532814	7.88881	-0.0135425	200000
C:\Users\isaac\phlag\caster\data\ape.fa	208500	0.383811	0.532814	7.88881	-0.0169217	200000
C:\Users\isaac\phlag\caster\data\ape.fa	208600	0.383811	0.548538	7.88881	-0.0186741	200000
C:\Users\isaac\phlag\caster\data\ape.fa	208700	0.356129	0.54814	7.88881	-0.0218366	200000
C:\Users\isaac\phlag\caster\data\ape.fa	208800	0.356129	0.54814	7.88881	-0.0218366	200000
C:\Users\isaac\phlag\caster\data\ape.fa	208900	0.356129	0.54814	7.88807	-0.0218384	200000
C:\Users\isaac\phlag\caster\data\ape.fa	209000	0.356129	0.562657	7.86096	-0.0235232	200000
C:\Users\isaac\phlag\caster\data\ape.fa	209100	0.356129	0.562657	7.83189	-0.0236014	200000
C:\Users\isaac\phlag\caster\data\ape.fa	209200	0.356129	0.597246	7.78121	-0.0276049	200000
C:\Users\isaac\phlag\caster\data\ape.fa	209300	0.356078	0.597246	7.84203	-0.02742	200000
C:\Users\isaac\phlag\caster\data\ape.fa	209400	0.356078	0.662602	7.87266	-0.0344744	200000
C:\Users\isaac\phlag\caster\data\ape.fa	209500	0.356078	0.662602	7.87386	-0.0344698	200000
C:\Users\isaac\phlag\caster\data\ape.fa	209600	0.356078	0.662602	7.87386	-0.0344698	200000
C:\Users\isaac\phlag\caster\data\ape.fa	209700	0.356078	0.662602	7.90296	-0.0343574	200000
C:\Users\isaac\phlag\caster\data\ape.fa	209800	0.356078	0.662602	7.87358	-0.0344709	200000
C:\Users\isaac\phlag\caster\data\ape.fa	209900	0.386165	0.662602	7.87358	-0.0309825	200000
C:\Users\isaac\phlag\caster\data\ape.fa	210000	0.441027	0.662602	7.87358	-0.024682	200000
C:\Users\isaac\phlag\caster\data\ape.fa	210100	0.441027	0.662602	7.87358	-0.024682	200000
C:\Users\isaac\phlag\caster\data\ape.fa	210200	0.472365	0.662602	7.87358	-0.0211174	200000
C:\Users\isaac\phlag\caster\data\ape.fa	210300	0.472365	0.662602	7.84584	-0.0211827	200000
C:\Users\isaac\phlag\caster\data\ape.fa	210400	0.472365	0.662602	7.84584	-0.0211827	200000
C:\Users\isaac\phlag\caster\data\ape.fa	210500	0.454041	0.662602	7.87461	-0.0231959	200000
C:\Users\isaac\phlag\caster\data\ape.fa	210600	0.454041	0.674338	7.89317	-0.0244189	200000
C:\Users\isaac\phlag\caster\data\ape.fa	210700	0.454041	0.674338	7.89525	-0.0244133	200000
C:\Users\isaac\phlag\caster\data\ape.fa	210800	0.421325	0.644877	7.89525	-0.0249459	200000
C:\Users\isaac\phlag\caster\data\ape.fa	210900	0.421325	0.644877	7.89525	-0.0249459	200000
C:\Users\isaac\phlag\caster\data\ape.fa	211000	0.421325	0.644877	7.89525	-0.0249459	200000
C:\Users\isaac\phlag\caster\data\ape.fa	211100	0.421325	0.644877	7.8663	-0.0250268	200000
C:\Users\isaac\phlag\caster\data\ape.fa	211200	0.421325	0.644877	7.8663	-0.0250268	200000
C:\Users\isaac\phlag\caster\data\ape.fa	211300	0.421325	0.644877	7.84105	-0.0250978	200000
C:\Users\isaac\phlag\caster\data\ape.fa	211400	0.421325	0.644877	7.78193	-0.0252654	200000
C:\Users\isaac\phlag\caster\data\ape.fa	211500	0.421325	0.659043	7.83882	-0.0266525	200000
C:\Users\isaac\phlag\caster\data\ape.fa	211600	0.421325	0.598263	7.96115	-0.019702	200000
C:\Users\isaac\phlag\caster\data\ape.fa	211700	0.421325	0.536871	8.02131	-0.0128678	200000
C:\Users\isaac\phlag\caster\data\ape.fa	211800	0.453332	0.536871	8.04957	-0.0092413	200000
C:\Users\isaac\phlag\caster\data\ape.fa	211900	0.453332	0.536871	7.92583	-0.00936955	200000
C:\Users\isaac\phlag\caster\data\ape.fa	212000	0.453332	0.549663	7.89524	-0.0108259	200000
C:\Users\isaac\phlag\caster\data\ape.fa	212100	0.453332	0.549663	7.89476	-0.0108265	200000
C:\Users\isaac\phlag\caster\data\ape.fa	212200	0.453332	0.549663	7.83621	-0.0108982	200000
C:\Users\isaac\phlag\caster\data\ape.fa	212300	0.453332	0.604139	7.86666	-0.0168988	200000
C:\Users\isaac\phlag\caster\data\ape.fa	212400	0.453332	0.604139	7.75598	-0.017111	200000
C:\Users\isaac\phlag\caster\data\ape.fa	212500	0.453332	0.604139	7.75598	-0.017111	200000
C:\Users\isaac\phlag\caster\data\ape.fa	212600	0.453332	0.604139	7.7253	-0.0171708	200000
C:\Users\isaac\phlag\caster\data\ape.fa	212700	0.453332	0.604139	7.7237	-0.0171739	200000
C:\Users\isaac\phlag\caster\data\ape.fa	212800	0.453332	0.604139	7.75457	-0.0171137	200000
C:\Users\isaac\phlag\caster\data\ape.fa	212900	0.453332	0.604139	7.81668	-0.016994	200000
C:\Users\isaac\phlag\caster\data\ape.fa	213000	0.423052	0.619293	7.81668	-0.0221515	200000
C:\Users\isaac\phlag\caster\data\ape.fa	213100	0.393882	0.560952	7.81668	-0.0190469	200000
C:\Users\isaac\phlag\caster\data\ape.fa	213200	0.393882	0.560952	7.87889	-0.0189128	200000
C:\Users\isaac\phlag\caster\data\ape.fa	213300	0.363601	0.560952	7.84763	-0.0224974	200000
C:\Users\isaac\phlag\caster\data\ape.fa	213400	0.363601	0.560952	7.81966	-0.0225693	200000
C:\Users\isaac\phlag\caster\data\ape.fa	213500	0.363601	0.560952	7.76002	-0.0227243	200000
C:\Users\isaac\phlag\caster\data\ape.fa	213600	0.363601	0.576302	7.76387	-0.0244378	200000
C:\Users\isaac\phlag\caster\data\ape.fa	213700	0.363601	0.591107	7.88231	-0.0257447	200000
C:\Users\isaac\phlag\caster\data\ape.fa	213800	0.363601	0.591107	7.87617	-0.0257625	200000
C:\Users\isaac\phlag\caster\data\ape.fa	213900	0.363601	0.591107	7.87617	-0.0257625	200000
C:\Users\isaac\phlag\caster\data\ape.fa	214000	0.363601	0.591107	7.87617	-0.0257625	200000
C:\Users\isaac\phlag\caster\data\ape.fa	214100	0.363601	0.591107	7.78857	-0.0260207	200000
C:\Users\isaac\phlag\caster\data\ape.fa	214200	0.334823	0.591107	7.78857	-0.0294089	200000
C:\Users\isaac\phlag\caster\data\ape.fa	214300	0.334823	0.606189	7.84943	-0.0308706	200000
C:\Users\isaac\phlag\caster\data\ape.fa	214400	0.349807	0.606189	7.8364	-0.0291595	200000
C:\Users\isaac\phlag\caster\data\ape.fa	214500	0.319674	0.606189	7.86626	-0.0325877	200000
C:\Users\isaac\phlag\caster\data\ape.fa	214600	0.319674	0.591226	7.91345	-0.030773	200000
C:\Users\isaac\phlag\caster\data\ape.fa	214700	0.319674	0.591226	7.90991	-0.0307854	200000
C:\Users\isaac\phlag\caster\data\ape.fa	214800	0.319674	0.591226	7.96651	-0.0305891	200000
C:\Users\isaac\phlag\caster\data\ape.fa	214900	0.319674	0.591226	7.93818	-0.030687	200000
C:\Users\isaac\phlag\caster\data\ape.fa	215000	0.346316	0.622453	7.93818	-0.0310024	200000
C:\Users\isaac\phlag\caster\data\ape.fa	215100	0.346316	0.652765	7.96955	-0.0341689	200000
C:\Users\isaac\phlag\caster\data\ape.fa	215200	0.346316	0.652765	7.9127	-0.0343869	200000
C:\Users\isaac\phlag\caster\data\ape.fa	215300	0.346316	0.652765	7.9127	-0.0343869	200000
C:\Users\isaac\phlag\caster\data\ape.fa	215400	0.346316	0.652765	7.88412	-0.0344975	200000
C:\Users\isaac\phlag\caster\data\ape.fa	215500	0.315245	0.652765	7.82198	-0.0383982	200000
C:\Users\isaac\phlag\caster\data\ape.fa	215600	0.315245	0.652765	7.77015	-0.0386259	200000
C:\Users\isaac\phlag\caster\data\ape.fa	215700	0.315245	0.639746	7.77015	-0.0371915	200000
C:\Users\isaac\phlag\caster\data\ape.fa	215800	0.315245	0.639746	7.77015	-0.0371915	200000
C:\Users\isaac\phlag\caster\data\ape.fa	215900	0.343793	0.639746	7.71041	-0.0340413	200000
C:\Users\isaac\phlag\caster\data\ape.fa	216000	0.343793	0.639746	7.71039	-0.0340413	200000
C:\Users\isaac\phlag\caster\data\ape.fa	216100	0.328978	0.639746	7.72583	-0.0357428	200000
C:\Users\isaac\phlag\caster\data\ape.fa	216200	0.328978	0.639746	7.78711	-0.0354927	200000
C:\Users\isaac\phlag\caster\data\ape.fa	216300	0.328978	0.654425	7.81455	-0.0369912	200000
C:\Users\isaac\phlag\caster\data\ape.fa	216400	0.328978	0.654425	7.80088	-0.0370487	200000
C:\Users\isaac\phlag\caster\data\ape.fa	216500	0.328978	0.654425	7.80088	-0.0370487	200000
C:\Users\isaac\phlag\caster\data\ape.fa	216600	0.328978	0.654425	7.80088	-0.0370487	200000
C:\Users\isaac\phlag\caster\data\ape.fa	216700	0.299745	0.654425	7.80088	-0.0405115	200000
C:\Users\isaac\phlag\caster\data\ape.fa	216800	0.299745	0.654425	7.80088	-0.0405115	200000
C:\Users\isaac\phlag\caster\data\ape.fa	216900	0.299745	0.654425	7.83083	-0.0403734	200000
C:\Users\isaac\phlag\caster\data\ape.fa	217000	0.299745	0.654425	7.79968	-0.040517	200000
C:\Users\isaac\phlag\caster\data\ape.fa	217100	0.299745	0.654425	7.79968	-0.040517	200000
C:\Users\isaac\phlag\caster\data\ape.fa	217200	0.299745	0.640101	7.79968	-0.0389445	200000
C:\Users\isaac\phlag\caster\data\ape.fa	217300	0.327953	0.640101	7.76619	-0.0357383	200000
C:\Users\isaac\phlag\caster\data\ape.fa	217400	0.327953	0.61258	7.65424	-0.0331163	200000
C:\Users\isaac\phlag\caster\data\ape.fa	217500	0.327953	0.61258	7.65424	-0.0331163	200000
C:\Users\isaac\phlag\caster\data\ape.fa	217600	0.327953	0.61258	7.59458	-0.0333478	200000
C:\Users\isaac\phlag\caster\data\ape.fa	217700	0.327953	0.639843	7.62184	-0.03631	200000
C:\Users\isaac\phlag\caster\data\ape.fa	217800	0.327953	0.639843	7.62184	-0.03631	200000
C:\Users\isaac\phlag\caster\data\ape.fa	217900	0.327953	0.639843	7.62184	-0.03631	200000
C:\Users\isaac\phlag\caster\data\ape.fa	218000	0.296931	0.639843	7.62184	-0.0400662	200000
C:\Users\isaac\phlag\caster\data\ape.fa	218100	0.296931	0.639843	7.62184	-0.0400662	200000
C:\Users\isaac\phlag\caster\data\ape.fa	218200	0.296931	0.613879	7.64428	-0.0370478	200000
C:\Users\isaac\phlag\caster\data\ape.fa	218300	0.296931	0.613879	7.70619	-0.0367816	200000
C:\Users\isaac\phlag\caster\data\ape.fa	218400	0.296931	0.613879	7.76386	-0.0365371	200000
C:\Users\isaac\phlag\caster\data\ape.fa	218500	0.292026	0.613879	7.58455	-0.0379077	200000
C:\Users\isaac\phlag\caster\data\ape.fa	218600	0.345197	0.613879	7.58455	-0.0314483	200000
C:\Users\isaac\phlag\caster\data\ape.fa	218700	0.287383	0.613879	7.61352	-0.0383445	200000
C:\Users\isaac\phlag\caster\data\ape.fa	218800	0.349589	0.613879	7.70683	-0.0304822	200000
C:\Users\isaac\phlag\caster\data\ape.fa	218900	0.349589	0.626761	7.75836	-0.0317322	200000
C:\Users\isaac\phlag\caster\data\ape.fa	219000	0.349589	0.626761	7.70575	-0.0319245	200000
C:\Users\isaac\phlag\caster\data\ape.fa	219100	0.349589	0.626761	7.62265	-0.032233	200000
C:\Users\isaac\phlag\caster\data\ape.fa	219200	0.349589	0.611693	7.73451	-0.0301415	200000
C:\Users\isaac\phlag\caster\data\ape.fa	219300	0.349589	0.611693	7.73451	-0.0301415	200000
C:\Users\isaac\phlag\caster\data\ape.fa	219400	0.379935	0.611693	7.78286	-0.0264127	200000
C:\Users\isaac\phlag\caster\data\ape.fa	219500	0.379935	0.596789	7.81931	-0.0246536	200000
C:\Users\isaac\phlag\caster\data\ape.fa	219600	0.379935	0.596789	7.87301	-0.024504	200000
C:\Users\isaac\phlag\caster\data\ape.fa	219700	0.379935	0.596789	7.92931	-0.0243491	200000
C:\Users\isaac\phlag\caster\data\ape.fa	219800	0.379935	0.596789	7.92931	-0.0243491	200000
C:\Users\isaac\phlag\caster\data\ape.fa	219900	0.379935	0.567185	7.92931	-0.0210952	200000
C:\Users\isaac\phlag\caster\data\ape.fa	220000	0.379935	0.567185	7.92931	-0.0210952	200000
C:\Users\isaac\phlag\caster\data\ape.fa	220100	0.379935	0.567185	8.01679	-0.0208893	200000
C:\Users\isaac\phlag\caster\data\ape.fa	220200	0.379935	0.567185	7.98381	-0.0209665	200000
C:\Users\isaac\phlag\caster\data\ape.fa	220300	0.379935	0.567185	7.7574	-0.0215118	200000
C:\Users\isaac\phlag\caster\data\ape.fa	220400	0.379935	0.597615	7.76106	-0.0249102	200000
C:\Users\isaac\phlag\caster\data\ape.fa	220500	0.379935	0.597615	7.59001	-0.0254075	200000
C:\Users\isaac\phlag\caster\data\ape.fa	220600	0.379935	0.629332	7.53488	-0.0291892	200000
C:\Users\isaac\phlag\caster\data\ape.fa	220700	0.379935	0.629332	7.53488	-0.0291892	200000
C:\Users\isaac\phlag\caster\data\ape.fa	220800	0.379935	0.629332	7.50508	-0.0292914	200000
C:\Users\isaac\phlag\caster\data\ape.fa	220900	0.379935	0.629332	7.42478	-0.0295703	200000
C:\Users\isaac\phlag\caster\data\ape.fa	221000	0.379935	0.644818	7.47898	-0.031149	200000
C:\Users\isaac\phlag\caster\data\ape.fa	221100	0.379935	0.644818	7.53886	-0.0309312	200000
C:\Users\isaac\phlag\caster\data\ape.fa	221200	0.41068	0.644818	7.51215	-0.0273282	200000
C:\Users\isaac\phlag\caster\data\ape.fa	221300	0.379921	0.644818	7.48251	-0.0311378	200000
C:\Users\isaac\phlag\caster\data\ape.fa	221400	0.379921	0.644818	7.48251	-0.0311378	200000
C:\Users\isaac\phlag\caster\data\ape.fa	221500	0.379921	0.629743	7.48251	-0.0294179	200000
C:\Users\isaac\phlag\caster\data\ape.fa	221600	0.379921	0.629743	7.48643	-0.0294043	200000
C:\Users\isaac\phlag\caster\data\ape.fa	221700	0.379921	0.629743	7.45439	-0.0295157	200000
C:\Users\isaac\phlag\caster\data\ape.fa	221800	0.379921	0.629743	7.47668	-0.0294381	200000
C:\Users\isaac\phlag\caster\data\ape.fa	221900	0.379921	0.629743	7.47668	-0.0294381	200000
C:\Users\isaac\phlag\caster\data\ape.fa	222000	0.379921	0.629743	7.5341	-0.0292403	200000
C:\Users\isaac\phlag\caster\data\ape.fa	222100	0.379921	0.629743	7.56431	-0.0291373	200000
C:\Users\isaac\phlag\caster\data\ape.fa	222200	0.379921	0.629743	7.56431	-0.0291373	200000
C:\Users\isaac\phlag\caster\data\ape.fa	222300	0.379921	0.629743	7.41368	-0.0296583	200000
C:\Users\isaac\phlag\caster\data\ape.fa	222400	0.437409	0.629743	7.41368	-0.0226787	200000
C:\Users\isaac\phlag\caster\data\ape.fa	222500	0.408077	0.629743	7.41368	-0.0262281	200000
C:\Users\isaac\phlag\caster\data\ape.fa	222600	0.408077	0.629743	7.41368	-0.0262281	200000
C:\Users\isaac\phlag\caster\data\ape.fa	222700	0.408077	0.629743	7.41368	-0.0262281	200000
C:\Users\isaac\phlag\caster\data\ape.fa	222800	0.385655	0.629743	7.38384	-0.0290607	200000
C:\Users\isaac\phlag\caster\data\ape.fa	222900	0.385655	0.629743	7.38384	-0.0290607	200000
C:\Users\isaac\phlag\caster\data\ape.fa	223000	0.385655	0.629743	7.44112	-0.0288638	200000
C:\Users\isaac\phlag\caster\data\ape.fa	223100	0.385655	0.600996	7.54246	-0.0252478	200000
C:\Users\isaac\phlag\caster\data\ape.fa	223200	0.385655	0.631029	7.62062	-0.0284086	200000
C:\Users\isaac\phlag\caster\data\ape.fa	223300	0.385655	0.599946	7.61963	-0.0249024	200000
C:\Users\isaac\phlag\caster\data\ape.fa	223400	0.44621	0.599946	7.61963	-0.0177406	200000
C:\Users\isaac\phlag\caster\data\ape.fa	223500	0.44621	0.599946	7.61963	-0.0177406	200000
C:\Users\isaac\phlag\caster\data\ape.fa	223600	0.44621	0.599946	7.61963	-0.0177406	200000
C:\Users\isaac\phlag\caster\data\ape.fa	223700	0.4794	0.599946	7.67942	-0.0137629	200000
C:\Users\isaac\phlag\caster\data\ape.fa	223800	0.4794	0.599946	7.62424	-0.0138502	200000
C:\Users\isaac\phlag\caster\data\ape.fa	223900	0.508092	0.599946	7.62424	-0.0105189	200000
C:\Users\isaac\phlag\caster\data\ape.fa	224000	0.508092	0.599946	7.58994	-0.0105604	200000
C:\Users\isaac\phlag\caster\data\ape.fa	224100	0.508092	0.614988	7.65003	-0.0121844	200000
C:\Users\isaac\phlag\caster\data\ape.fa	224200	0.47968	0.614988	7.64824	-0.0154763	200000
C:\Users\isaac\phlag\caster\data\ape.fa	224300	0.47968	0.614988	7.64824	-0.0154763	200000
C:\Users\isaac\phlag\caster\data\ape.fa	224400	0.47968	0.614988	7.64824	-0.0154763	200000
C:\Users\isaac\phlag\caster\data\ape.fa	224500	0.47968	0.630175	7.5895	-0.0172997	200000
C:\Users\isaac\phlag\caster\data\ape.fa	224600	0.47968	0.630175	7.56087	-0.0173568	200000
C:\Users\isaac\phlag\caster\data\ape.fa	224700	0.47968	0.614443	7.56087	-0.0155706	200000
C:\Users\isaac\phlag\caster\data\ape.fa	224800	0.47968	0.629062	7.65072	-0.0170538	200000
C:\Users\isaac\phlag\caster\data\ape.fa	224900	0.47968	0.613593	7.71012	-0.0152116	200000
C:\Users\isaac\phlag\caster\data\ape.fa	225000	0.47968	0.58247	7.80332	-0.0115945	200000
C:\Users\isaac\phlag\caster\data\ape.fa	225100	0.47968	0.596854	7.83209	-0.0131529	200000
C:\Users\isaac\phlag\caster\data\ape.fa	225200	0.47968	0.596854	7.83209	-0.0131529	200000
C:\Users\isaac\phlag\caster\data\ape.fa	225300	0.47968	0.596854	7.80077	-0.0131994	200000
C:\Users\isaac\phlag\caster\data\ape.fa	225400	0.47968	0.596854	7.83068	-0.013155	200000
C:\Users\isaac\phlag\caster\data\ape.fa	225500	0.47968	0.596854	7.83068	-0.013155	200000
C:\Users\isaac\phlag\caster\data\ape.fa	225600	0.47968	0.596854	7.85658	-0.0131169	200000
C:\Users\isaac\phlag\caster\data\ape.fa	225700	0.47968	0.596854	7.79497	-0.013208	200000
C:\Users\isaac\phlag\caster\data\ape.fa	225800	0.447729	0.583345	7.85542	-0.0152609	200000
C:\Users\isaac\phlag\caster\data\ape.fa	225900	0.447729	0.583345	7.85542	-0.0152609	200000
C:\Users\isaac\phlag\caster\data\ape.fa	226000	0.447729	0.583345	7.85542	-0.0152609	200000
C:\Users\isaac\phlag\caster\data\ape.fa	226100	0.447729	0.583345	7.85542	-0.0152609	200000
C:\Users\isaac\phlag\caster\data\ape.fa	226200	0.447729	0.583345	7.85542	-0.0152609	200000
C:\Users\isaac\phlag\caster\data\ape.fa	226300	0.417432	0.553979	7.85542	-0.0154695	200000
C:\Users\isaac\phlag\caster\data\ape.fa	226400	0.417432	0.553979	7.85542	-0.0154695	200000
C:\Users\isaac\phlag\caster\data\ape.fa	226500	0.417432	0.553979	7.85542	-0.0154695	200000
C:\Users\isaac\phlag\caster\data\ape.fa	226600	0.417432	0.553979	7.85542	-0.0154695	200000
C:\Users\isaac\phlag\caster\data\ape.fa	226700	0.417432	0.553979	7.85542	-0.0154695	200000
C:\Users\isaac\phlag\caster\data\ape.fa	226800	0.391198	0.523596	7.85542	-0.0150964	200000
C:\Users\isaac\phlag\caster\data\ape.fa	226900	0.446962	0.523596	7.88395	-0.00865474	200000
C:\Users\isaac\phlag\caster\data\ape.fa	227000	0.446962	0.523596	7.96953	-0.0085719	200000
C:\Users\isaac\phlag\caster\data\ape.fa	227100	0.446962	0.523596	7.96953	-0.0085719	200000
C:\Users\isaac\phlag\caster\data\ape.fa	227200	0.446962	0.538046	7.99842	-0.010139	200000
C:\Users\isaac\phlag\caster\data\ape.fa	227300	0.446962	0.538046	7.99842	-0.010139	200000
C:\Users\isaac\phlag\caster\data\ape.fa	227400	0.446962	0.552441	7.99842	-0.0117227	200000
C:\Users\isaac\phlag\caster\data\ape.fa	227500	0.420938	0.552441	8.0478	-0.0145771	200000
C:\Users\isaac\phlag\caster\data\ape.fa	227600	0.420938	0.552441	8.19371	-0.0143451	200000
C:\Users\isaac\phlag\caster\data\ape.fa	227700	0.445957	0.552441	8.31141	-0.0114378	200000
C:\Users\isaac\phlag\caster\data\ape.fa	227800	0.445957	0.552441	8.36921	-0.0113673	200000
C:\Users\isaac\phlag\caster\data\ape.fa	227900	0.445957	0.552441	8.30838	-0.0114416	200000
C:\Users\isaac\phlag\caster\data\ape.fa	228000	0.445957	0.552441	8.30874	-0.0114411	200000
C:\Users\isaac\phlag\caster\data\ape.fa	228100	0.445957	0.614146	8.30874	-0.0179519	200000
C:\Users\isaac\phlag\caster\data\ape.fa	228200	0.473352	0.600436	8.36354	-0.0134661	200000
C:\Users\isaac\phlag\caster\data\ape.fa	228300	0.510195	0.600436	8.38922	-0.00949925	200000
C:\Users\isaac\phlag\caster\data\ape.fa	228400	0.510195	0.656996	8.41669	-0.0153175	200000
C:\Users\isaac\phlag\caster\data\ape.fa	228500	0.510195	0.656996	8.47631	-0.0152228	200000
C:\Users\isaac\phlag\caster\data\ape.fa	228600	0.510195	0.656996	8.47631	-0.0152228	200000
C:\Users\isaac\phlag\caster\data\ape.fa	228700	0.510195	0.656996	8.47253	-0.0152287	200000
C:\Users\isaac\phlag\caster\data\ape.fa	228800	0.510195	0.656996	8.41585	-0.0153188	200000
C:\Users\isaac\phlag\caster\data\ape.fa	228900	0.510195	0.656996	8.35638	-0.0154145	200000
C:\Users\isaac\phlag\caster\data\ape.fa	229000	0.510195	0.656996	8.47577	-0.0152236	200000
C:\Users\isaac\phlag\caster\data\ape.fa	229100	0.510195	0.660371	8.47577	-0.0155682	200000
C:\Users\isaac\phlag\caster\data\ape.fa	229200	0.510195	0.660371	8.47577	-0.0155682	200000
C:\Users\isaac\phlag\caster\data\ape.fa	229300	0.571571	0.691059	8.4477	-0.0123052	200000
C:\Users\isaac\phlag\caster\data\ape.fa	229400	0.571571	0.691059	8.47674	-0.0122685	200000
C:\Users\isaac\phlag\caster\data\ape.fa	229500	0.571571	0.691059	8.42194	-0.0123379	200000
C:\Users\isaac\phlag\caster\data\ape.fa	229600	0.571571	0.632458	8.48264	-0.00628563	200000
C:\Users\isaac\phlag\caster\data\ape.fa	229700	0.571571	0.632458	8.42019	-0.00632642	200000
C:\Users\isaac\phlag\caster\data\ape.fa	229800	0.571571	0.662728	8.42019	-0.00944187	200000
C:\Users\isaac\phlag\caster\data\ape.fa	229900	0.571571	0.662728	8.42019	-0.00944187	200000
C:\Users\isaac\phlag\caster\data\ape.fa	230000	0.571571	0.662728	8.44969	-0.00941311	200000
C:\Users\isaac\phlag\caster\data\ape.fa	230100	0.571571	0.661682	8.3911	-0.00936275	200000
C:\Users\isaac\phlag\caster\data\ape.fa	230200	0.571571	0.69261	8.36026	-0.0125762	200000
C:\Users\isaac\phlag\caster\data\ape.fa	230300	0.571571	0.69261	8.33168	-0.0126137	200000
C:\Users\isaac\phlag\caster\data\ape.fa	230400	0.571571	0.69261	8.27922	-0.012683	200000
C:\Users\isaac\phlag\caster\data\ape.fa	230500	0.571571	0.69261	8.22671	-0.0127532	200000
C:\Users\isaac\phlag\caster\data\ape.fa	230600	0.571571	0.69261	8.284	-0.0126767	200000
C:\Users\isaac\phlag\caster\data\ape.fa	230700	0.571571	0.708516	8.284	-0.0143187	200000
C:\Users\isaac\phlag\caster\data\ape.fa	230800	0.571571	0.708516	8.22931	-0.014401	200000
C:\Users\isaac\phlag\caster\data\ape.fa	230900	0.601843	0.708516	8.19921	-0.0112174	200000
C:\Users\isaac\phlag\caster\data\ape.fa	231000	0.601843	0.708516	8.19921	-0.0112174	200000
C:\Users\isaac\phlag\caster\data\ape.fa	231100	0.601843	0.708516	8.19921	-0.0112174	200000
C:\Users\isaac\phlag\caster\data\ape.fa	231200	0.573001	0.708516	8.25679	-0.0142075	200000
C:\Users\isaac\phlag\caster\data\ape.fa	231300	0.573001	0.722737	8.25679	-0.015675	200000
C:\Users\isaac\phlag\caster\data\ape.fa	231400	0.573001	0.722737	8.25679	-0.015675	200000
C:\Users\isaac\phlag\caster\data\ape.fa	231500	0.573001	0.722737	8.19841	-0.0157714	200000
C:\Users\isaac\phlag\caster\data\ape.fa	231600	0.600049	0.722737	8.19841	-0.0128857	200000
C:\Users\isaac\phlag\caster\data\ape.fa	231700	0.625216	0.722737	8.19841	-0.0102156	200000
C:\Users\isaac\phlag\caster\data\ape.fa	231800	0.625216	0.722737	8.19841	-0.0102156	200000
C:\Users\isaac\phlag\caster\data\ape.fa	231900	0.625216	0.722737	8.30565	-0.0101021	200000
C:\Users\isaac\phlag\caster\data\ape.fa	232000	0.625216	0.722737	8.33603	-0.0100704	200000
C:\Users\isaac\phlag\caster\data\ape.fa	232100	0.625216	0.738184	8.21357	-0.0117959	200000
C:\Users\isaac\phlag\caster\data\ape.fa	232200	0.625216	0.738184	8.21357	-0.0117959	200000
C:\Users\isaac\phlag\caster\data\ape.fa	232300	0.625216	0.765714	8.21357	-0.0146284	200000
C:\Users\isaac\phlag\caster\data\ape.fa	232400	0.625216	0.765714	8.21357	-0.0146284	200000
C:\Users\isaac\phlag\caster\data\ape.fa	232500	0.625216	0.765714	8.24411	-0.014582	200000
C:\Users\isaac\phlag\caster\data\ape.fa	232600	0.610864	0.737011	8.29218	-0.0130857	200000
C:\Users\isaac\phlag\caster\data\ape.fa	232700	0.641653	0.737011	8.29218	-0.00986039	200000
C:\Users\isaac\phlag\caster\data\ape.fa	232800	0.556194	0.752685	8.34454	-0.0203545	200000
C:\Users\isaac\phlag\caster\data\ape.fa	232900	0.556194	0.752685	8.42914	-0.0201777	200000
C:\Users\isaac\phlag\caster\data\ape.fa	233000	0.556194	0.752685	8.42914	-0.0201777	200000
C:\Users\isaac\phlag\caster\data\ape.fa	233100	0.556194	0.752685	8.48891	-0.0200546	200000
C:\Users\isaac\phlag\caster\data\ape.fa	233200	0.556194	0.752685	8.48618	-0.0200602	200000
C:\Users\isaac\phlag\caster\data\ape.fa	233300	0.556194	0.752685	8.48618	-0.0200602	200000
C:\Users\isaac\phlag\caster\data\ape.fa	233400	0.556194	0.752685	8.54548	-0.0199395	200000
C:\Users\isaac\phlag\caster\data\ape.fa	233500	0.556194	0.752685	8.57616	-0.0198776	200000
C:\Users\isaac\phlag\caster\data\ape.fa	233600	0.556194	0.752685	8.6038	-0.0198221	200000
C:\Users\isaac\phlag\caster\data\ape.fa	233700	0.556194	0.738023	8.57223	-0.018429	200000
C:\Users\isaac\phlag\caster\data\ape.fa	233800	0.556194	0.738023	8.60338	-0.018371	200000
C:\Users\isaac\phlag\caster\data\ape.fa	233900	0.556194	0.738023	8.47875	-0.0186053	200000
C:\Users\isaac\phlag\caster\data\ape.fa	234000	0.556194	0.738023	8.45173	-0.0186569	200000
C:\Users\isaac\phlag\caster\data\ape.fa	234100	0.556194	0.738023	8.45173	-0.0186569	200000
C:\Users\isaac\phlag\caster\data\ape.fa	234200	0.556194	0.738023	8.45173	-0.0186569	200000
C:\Users\isaac\phlag\caster\data\ape.fa	234300	0.52723	0.738023	8.3584	-0.0219037	200000
C:\Users\isaac\phlag\caster\data\ape.fa	234400	0.52723	0.738023	8.41547	-0.0217745	200000
C:\Users\isaac\phlag\caster\data\ape.fa	234500	0.52723	0.738023	8.46894	-0.0216549	200000
C:\Users\isaac\phlag\caster\data\ape.fa	234600	0.52723	0.738023	8.49858	-0.0215892	200000
C:\Users\isaac\phlag\caster\data\ape.fa	234700	0.497642	0.738023	8.469	-0.0247696	200000
C:\Users\isaac\phlag\caster\data\ape.fa	234800	0.497642	0.799615	8.469	-0.03092	200000
C:\Users\isaac\phlag\caster\data\ape.fa	234900	0.497642	0.799615	8.469	-0.03092	200000
C:\Users\isaac\phlag\caster\data\ape.fa	235000	0.497642	0.799615	8.41146	-0.0311032	200000
C:\Users\isaac\phlag\caster\data\ape.fa	235100	0.497642	0.799615	8.41146	-0.0311032	200000
C:\Users\isaac\phlag\caster\data\ape.fa	235200	0.497642	0.799615	8.4771	-0.0308943	200000
C:\Users\isaac\phlag\caster\data\ape.fa	235300	0.497642	0.799615	8.4771	-0.0308943	200000
C:\Users\isaac\phlag\caster\data\ape.fa	235400	0.497642	0.826676	8.4771	-0.03357	200000
C:\Users\isaac\phlag\caster\data\ape.fa	235500	0.497642	0.826676	8.41808	-0.0337734	200000
C:\Users\isaac\phlag\caster\data\ape.fa	235600	0.497642	0.826676	8.41808	-0.0337734	200000
C:\Users\isaac\phlag\caster\data\ape.fa	235700	0.497642	0.826676	8.41808	-0.0337734	200000
C:\Users\isaac\phlag\caster\data\ape.fa	235800	0.497642	0.826676	8.38217	-0.0338984	200000
C:\Users\isaac\phlag\caster\data\ape.fa	235900	0.497642	0.826676	8.35419	-0.0339964	200000
C:\Users\isaac\phlag\caster\data\ape.fa	236000	0.497642	0.826676	8.35419	-0.0339964	200000
C:\Users\isaac\phlag\caster\data\ape.fa	236100	0.497642	0.826676	8.47653	-0.033572	200000
C:\Users\isaac\phlag\caster\data\ape.fa	236200	0.497642	0.826676	8.41959	-0.0337682	200000
C:\Users\isaac\phlag\caster\data\ape.fa	236300	0.466713	0.826676	8.44636	-0.0369582	200000
C:\Users\isaac\phlag\caster\data\ape.fa	236400	0.466713	0.826661	8.44636	-0.0369567	200000
C:\Users\isaac\phlag\caster\data\ape.fa	236500	0.466713	0.826661	8.51055	-0.0367148	200000
C:\Users\isaac\phlag\caster\data\ape.fa	236600	0.466713	0.843432	8.51055	-0.0383598	200000
C:\Users\isaac\phlag\caster\data\ape.fa	236700	0.466713	0.786206	8.48086	-0.0328231	200000
C:\Users\isaac\phlag\caster\data\ape.fa	236800	0.466713	0.814763	8.48086	-0.0356524	200000
C:\Users\isaac\phlag\caster\data\ape.fa	236900	0.466713	0.814763	8.41934	-0.0358784	200000
C:\Users\isaac\phlag\caster\data\ape.fa	237000	0.466713	0.814763	8.39042	-0.0359857	200000
C:\Users\isaac\phlag\caster\data\ape.fa	237100	0.466713	0.844374	8.36203	-0.0390423	200000
C:\Users\isaac\phlag\caster\data\ape.fa	237200	0.451825	0.844374	8.34667	-0.0407087	200000
C:\Users\isaac\phlag\caster\data\ape.fa	237300	0.451825	0.844374	8.45477	-0.0402574	200000
C:\Users\isaac\phlag\caster\data\ape.fa	237400	0.451825	0.844374	8.45477	-0.0402574	200000
C:\Users\isaac\phlag\caster\data\ape.fa	237500	0.421215	0.844374	8.51211	-0.0432779	200000
C:\Users\isaac\phlag\caster\data\ape.fa	237600	0.421215	0.858092	8.56699	-0.0443697	200000
C:\Users\isaac\phlag\caster\data\ape.fa	237700	0.421215	0.796887	8.50406	-0.0386408	200000
C:\Users\isaac\phlag\caster\data\ape.fa	237800	0.421215	0.796887	8.50406	-0.0386408	200000
C:\Users\isaac\phlag\caster\data\ape.fa	237900	0.421215	0.796887	8.50406	-0.0386408	200000
C:\Users\isaac\phlag\caster\data\ape.fa	238000	0.421215	0.796887	8.50406	-0.0386408	200000
C:\Users\isaac\phlag\caster\data\ape.fa	238100	0.452408	0.796887	8.50406	-0.035319	200000
C:\Users\isaac\phlag\caster\data\ape.fa	238200	0.482972	0.796887	8.56627	-0.0318821	200000
C:\Users\isaac\phlag\caster\data\ape.fa	238300	0.482972	0.796887	8.61903	-0.0317122	200000
C:\Users\isaac\phlag\caster\data\ape.fa	238400	0.450223	0.796887	8.62343	-0.0351211	200000
C:\Users\isaac\phlag\caster\data\ape.fa	238500	0.450223	0.796887	8.65758	-0.035	200000
C:\Users\isaac\phlag\caster\data\ape.fa	238600	0.450223	0.796887	8.69327	-0.0348743	200000
C:\Users\isaac\phlag\caster\data\ape.fa	238700	0.450223	0.796887	8.72337	-0.034769	200000
C:\Users\isaac\phlag\caster\data\ape.fa	238800	0.450223	0.796887	8.78189	-0.0345661	200000
C:\Users\isaac\phlag\caster\data\ape.fa	238900	0.481159	0.796887	8.91584	-0.0309723	200000
C:\Users\isaac\phlag\caster\data\ape.fa	239000	0.508626	0.796887	8.91584	-0.0282018	200000
C:\Users\isaac\phlag\caster\data\ape.fa	239100	0.508626	0.796887	8.94358	-0.0281255	200000
C:\Users\isaac\phlag\caster\data\ape.fa	239200	0.508626	0.810627	8.94358	-0.0294267	200000
C:\Users\isaac\phlag\caster\data\ape.fa	239300	0.508626	0.810627	8.79317	-0.0298644	200000
C:\Users\isaac\phlag\caster\data\ape.fa	239400	0.508626	0.781584	8.73512	-0.0272267	200000
C:\Users\isaac\phlag\caster\data\ape.fa	239500	0.508626	0.781584	8.79204	-0.027073	200000
C:\Users\isaac\phlag\caster\data\ape.fa	239600	0.478359	0.781584	8.79204	-0.0301656	200000
C:\Users\isaac\phlag\caster\data\ape.fa	239700	0.478359	0.726239	8.79204	-0.0247963	200000
C:\Users\isaac\phlag\caster\data\ape.fa	239800	0.478359	0.726239	8.69621	-0.0250364	200000
C:\Users\isaac\phlag\caster\data\ape.fa	239900	0.478359	0.740789	8.63828	-0.0266225	200000
C:\Users\isaac\phlag\caster\data\ape.fa	240000	0.478359	0.740789	8.7311	-0.0263742	200000
C:\Users\isaac\phlag\caster\data\ape.fa	240100	0.478359	0.740789	8.73349	-0.0263679	200000
C:\Users\isaac\phlag\caster\data\ape.fa	240200	0.478359	0.770764	8.79344	-0.0291165	200000
C:\Users\isaac\phlag\caster\data\ape.fa	240300	0.571738	0.770764	8.76426	-0.0196923	200000
C:\Users\isaac\phlag\caster\data\ape.fa	240400	0.571738	0.770764	8.76426	-0.0196923	200000
C:\Users\isaac\phlag\caster\data\ape.fa	240500	0.571738	0.770764	8.79454	-0.0196335	200000
C:\Users\isaac\phlag\caster\data\ape.fa	240600	0.600903	0.770764	8.85287	-0.016613	200000
C:\Users\isaac\phlag\caster\data\ape.fa	240700	0.570555	0.770764	8.82252	-0.0196981	200000
C:\Users\isaac\phlag\caster\data\ape.fa	240800	0.5443	0.773886	8.87383	-0.022526	200000
C:\Users\isaac\phlag\caster\data\ape.fa	240900	0.5443	0.773886	8.84696	-0.0225856	200000
C:\Users\isaac\phlag\caster\data\ape.fa	241000	0.5443	0.773886	8.92488	-0.0224138	200000
C:\Users\isaac\phlag\caster\data\ape.fa	241100	0.5443	0.773886	8.86523	-0.022545	200000
C:\Users\isaac\phlag\caster\data\ape.fa	241200	0.5443	0.803916	8.83789	-0.0254873	200000
C:\Users\isaac\phlag\caster\data\ape.fa	241300	0.51591	0.803916	8.83789	-0.0283535	200000
C:\Users\isaac\phlag\caster\data\ape.fa	241400	0.51591	0.803916	8.8379	-0.0283534	200000
C:\Users\isaac\phlag\caster\data\ape.fa	241500	0.51591	0.803916	8.78437	-0.0285036	200000
C:\Users\isaac\phlag\caster\data\ape.fa	241600	0.51591	0.803916	8.81004	-0.0284314	200000
C:\Users\isaac\phlag\caster\data\ape.fa	241700	0.546028	0.803916	8.86786	-0.0252391	200000
C:\Users\isaac\phlag\caster\data\ape.fa	241800	0.488519	0.750208	8.841	-0.0259619	200000
C:\Users\isaac\phlag\caster\data\ape.fa	241900	0.488519	0.750208	8.841	-0.0259619	200000
C:\Users\isaac\phlag\caster\data\ape.fa	242000	0.488519	0.68435	8.86891	-0.0195017	200000
C:\Users\isaac\phlag\caster\data\ape.fa	242100	0.488519	0.689485	8.98091	-0.0197822	200000
C:\Users\isaac\phlag\caster\data\ape.fa	242200	0.488519	0.675264	9.01093	-0.0183539	200000
C:\Users\isaac\phlag\caster\data\ape.fa	242300	0.488519	0.675264	9.01093	-0.0183539	200000
C:\Users\isaac\phlag\caster\data\ape.fa	242400	0.488519	0.732359	9.01093	-0.0238315	200000
C:\Users\isaac\phlag\caster\data\ape.fa	242500	0.488519	0.77711	9.01093	-0.0280824	200000
C:\Users\isaac\phlag\caster\data\ape.fa	242600	0.488519	0.77711	9.07171	-0.0279173	200000
C:\Users\isaac\phlag\caster\data\ape.fa	242700	0.488519	0.77711	9.07171	-0.0279173	200000
C:\Users\isaac\phlag\caster\data\ape.fa	242800	0.488519	0.77711	9.07171	-0.0279173	200000
C:\Users\isaac\phlag\caster\data\ape.fa	242900	0.488519	0.77711	9.08425	-0.0278835	200000
C:\Users\isaac\phlag\caster\data\ape.fa	243000	0.518452	0.77711	8.99116	-0.0251448	200000
C:\Users\isaac\phlag\caster\data\ape.fa	243100	0.55271	0.77711	8.99116	-0.0217421	200000
C:\Users\isaac\phlag\caster\data\ape.fa	243200	0.584199	0.77711	8.93131	-0.0187426	200000
C:\Users\isaac\phlag\caster\data\ape.fa	243300	0.614291	0.77711	8.93131	-0.0157729	200000
C:\Users\isaac\phlag\caster\data\ape.fa	243400	0.614291	0.77711	8.82783	-0.0159326	200000
C:\Users\isaac\phlag\caster\data\ape.fa	243500	0.614291	0.761863	8.79932	-0.0145027	200000
C:\Users\isaac\phlag\caster\data\ape.fa	243600	0.614291	0.761863	8.76304	-0.0145546	200000
C:\Users\isaac\phlag\caster\data\ape.fa	243700	0.614291	0.761863	8.76304	-0.0145546	200000
C:\Users\isaac\phlag\caster\data\ape.fa	243800	0.614291	0.73344	8.76304	-0.0117844	200000
C:\Users\isaac\phlag\caster\data\ape.fa	243900	0.58258	0.73344	8.76304	-0.0149677	200000
C:\Users\isaac\phlag\caster\data\ape.fa	244000	0.610463	0.73344	8.76304	-0.0121676	200000
C:\Users\isaac\phlag\caster\data\ape.fa	244100	0.610463	0.73344	8.82038	-0.012099	200000
C:\Users\isaac\phlag\caster\data\ape.fa	244200	0.637766	0.73344	8.78979	-0.00941588	200000
C:\Users\isaac\phlag\caster\data\ape.fa	244300	0.637766	0.73344	8.81867	-0.0093892	200000
C:\Users\isaac\phlag\caster\data\ape.fa	244400	0.637766	0.73344	8.75806	-0.00944538	200000
C:\Users\isaac\phlag\caster\data\ape.fa	244500	0.637766	0.73344	8.75806	-0.00944538	200000
C:\Users\isaac\phlag\caster\data\ape.fa	244600	0.65322	0.671437	8.80801	-0.00179778	200000
C:\Users\isaac\phlag\caster\data\ape.fa	244700	0.637612	0.671437	8.85199	-0.00332886	200000
C:\Users\isaac\phlag\caster\data\ape.fa	244800	0.603956	0.671437	8.79367	-0.0067018	200000
C:\Users\isaac\phlag\caster\data\ape.fa	244900	0.603956	0.640595	8.79367	-0.00364993	200000
C:\Users\isaac\phlag\caster\data\ape.fa	245000	0.592183	0.640595	8.78189	-0.00483403	200000
C:\Users\isaac\phlag\caster\data\ape.fa	245100	0.592183	0.640595	8.75178	-0.0048486	200000
C:\Users\isaac\phlag\caster\data\ape.fa	245200	0.592183	0.640595	8.75178	-0.0048486	200000
C:\Users\isaac\phlag\caster\data\ape.fa	245300	0.592183	0.640595	8.75178	-0.0048486	200000
C:\Users\isaac\phlag\caster\data\ape.fa	245400	0.577614	0.640595	8.76972	-0.00630569	200000
C:\Users\isaac\phlag\caster\data\ape.fa	245500	0.577614	0.640595	8.77072	-0.00630506	200000
C:\Users\isaac\phlag\caster\data\ape.fa	245600	0.577614	0.640595	8.77072	-0.00630506	200000
C:\Users\isaac\phlag\caster\data\ape.fa	245700	0.577614	0.640595	8.82778	-0.00626925	200000
C:\Users\isaac\phlag\caster\data\ape.fa	245800	0.608703	0.656061	8.88451	-0.00466616	200000
C:\Users\isaac\phlag\caster\data\ape.fa	245900	0.636225	0.656061	8.7585	-0.00197357	200000
C:\Users\isaac\phlag\caster\data\ape.fa	246000	0.651964	0.641069	8.7435	0.00108557	200000
C:\Users\isaac\phlag\caster\data\ape.fa	246100	0.629212	0.641069	8.7435	-0.00118404	200000
C:\Users\isaac\phlag\caster\data\ape.fa	246200	0.629212	0.641069	8.86183	-0.00117021	200000
C:\Users\isaac\phlag\caster\data\ape.fa	246300	0.629212	0.641069	8.86183	-0.00117021	200000
C:\Users\isaac\phlag\caster\data\ape.fa	246400	0.629212	0.641069	8.80066	-0.00117732	200000
C:\Users\isaac\phlag\caster\data\ape.fa	246500	0.629212	0.641069	8.80066	-0.00117732	200000
C:\Users\isaac\phlag\caster\data\ape.fa	246600	0.629212	0.641069	8.93386	-0.00116195	200000
C:\Users\isaac\phlag\caster\data\ape.fa	246700	0.629212	0.641069	8.93386	-0.00116195	200000
C:\Users\isaac\phlag\caster\data\ape.fa	246800	0.629212	0.641069	8.93386	-0.00116195	200000
C:\Users\isaac\phlag\caster\data\ape.fa	246900	0.629212	0.641069	8.93421	-0.00116191	200000
C:\Users\isaac\phlag\caster\data\ape.fa	247000	0.66138	0.641069	8.93421	0.00198418	200000
C:\Users\isaac\phlag\caster\data\ape.fa	247100	0.66138	0.641069	8.98768	0.00197387	200000
C:\Users\isaac\phlag\caster\data\ape.fa	247200	0.600107	0.641069	8.98768	-0.00400452	200000
C:\Users\isaac\phlag\caster\data\ape.fa	247300	0.600107	0.641069	8.96213	-0.00401455	200000
C:\Users\isaac\phlag\caster\data\ape.fa	247400	0.600107	0.641069	9.07526	-0.00397053	200000
C:\Users\isaac\phlag\caster\data\ape.fa	247500	0.600107	0.641069	9.01749	-0.00399289	200000
C:\Users\isaac\phlag\caster\data\ape.fa	247600	0.600107	0.641069	9.01695	-0.0039931	200000
C:\Users\isaac\phlag\caster\data\ape.fa	247700	0.600107	0.641069	9.01695	-0.0039931	200000
C:\Users\isaac\phlag\caster\data\ape.fa	247800	0.600107	0.641069	9.07467	-0.00397075	200000
C:\Users\isaac\phlag\caster\data\ape.fa	247900	0.600107	0.641069	9.07467	-0.00397075	200000
C:\Users\isaac\phlag\caster\data\ape.fa	248000	0.600107	0.640979	9.07467	-0.00396211	200000
C:\Users\isaac\phlag\caster\data\ape.fa	248100	0.600107	0.642094	9.02006	-0.00409141	200000
C:\Users\isaac\phlag\caster\data\ape.fa	248200	0.600107	0.642094	9.00211	-0.00409858	200000
C:\Users\isaac\phlag\caster\data\ape.fa	248300	0.600107	0.642094	9.00211	-0.00409858	200000
C:\Users\isaac\phlag\caster\data\ape.fa	248400	0.600107	0.673426	9.00211	-0.00713524	200000
C:\Users\isaac\phlag\caster\data\ape.fa	248500	0.600107	0.659037	8.984	-0.00575305	200000
C:\Users\isaac\phlag\caster\data\ape.fa	248600	0.600107	0.659037	8.984	-0.00575305	200000
C:\Users\isaac\phlag\caster\data\ape.fa	248700	0.600107	0.674459	8.984	-0.00724774	200000
C:\Users\isaac\phlag\caster\data\ape.fa	248800	0.600107	0.674459	8.91806	-0.00729464	200000
C:\Users\isaac\phlag\caster\data\ape.fa	248900	0.61331	0.659184	8.95458	-0.00448552	200000
C:\Users\isaac\phlag\caster\data\ape.fa	249000	0.595318	0.602327	8.85451	-0.000697292	200000
C:\Users\isaac\phlag\caster\data\ape.fa	249100	0.564616	0.602327	8.85451	-0.00376299	200000
C:\Users\isaac\phlag\caster\data\ape.fa	249200	0.564616	0.575781	8.85451	-0.00111698	200000
C:\Users\isaac\phlag\caster\data\ape.fa	249300	0.564616	0.575781	8.91659	-0.00111008	200000
C:\Users\isaac\phlag\caster\data\ape.fa	249400	0.564616	0.575781	8.91659	-0.00111008	200000
C:\Users\isaac\phlag\caster\data\ape.fa	249500	0.564616	0.575781	9.00498	-0.00110041	200000
C:\Users\isaac\phlag\caster\data\ape.fa	249600	0.564616	0.575781	9.00498	-0.00110041	200000
C:\Users\isaac\phlag\caster\data\ape.fa	249700	0.564616	0.575781	9.06036	-0.00109444	200000
C:\Users\isaac\phlag\caster\data\ape.fa	249800	0.564616	0.575781	8.93597	-0.00110795	200000
C:\Users\isaac\phlag\caster\data\ape.fa	249900	0.579386	0.59054	8.95297	-0.0011019	200000
C:\Users\isaac\phlag\caster\data\ape.fa	250000	0.579386	0.59054	8.95297	-0.0011019	200000
C:\Users\isaac\phlag\caster\data\ape.fa	250100	0.579386	0.59054	8.89325	-0.00110844	200000
C:\Users\isaac\phlag\caster\data\ape.fa	250200	0.579386	0.59054	8.89325	-0.00110844	200000
C:\Users\isaac\phlag\caster\data\ape.fa	250300	0.579386	0.59054	8.95251	-0.00110195	200000
C:\Users\isaac\phlag\caster\data\ape.fa	250400	0.579386	0.59054	8.95251	-0.00110195	200000
C:\Users\isaac\phlag\caster\data\ape.fa	250500	0.579386	0.59054	8.95251	-0.00110195	200000
C:\Users\isaac\phlag\caster\data\ape.fa	250600	0.579386	0.59054	8.95251	-0.00110195	200000
C:\Users\isaac\phlag\caster\data\ape.fa	250700	0.579386	0.57642	8.95307	0.000293348	200000
C:\Users\isaac\phlag\caster\data\ape.fa	250800	0.579386	0.549085	8.84373	0.00303851	200000
C:\Users\isaac\phlag\caster\data\ape.fa	250900	0.551582	0.549085	8.84373	0.000251078	200000
C:\Users\isaac\phlag\caster\data\ape.fa	251000	0.551582	0.549085	8.88424	0.000250059	200000
C:\Users\isaac\phlag\caster\data\ape.fa	251100	0.551582	0.534532	8.91201	0.0017053	200000
C:\Users\isaac\phlag\caster\data\ape.fa	251200	0.551582	0.534532	8.91201	0.0017053	200000
C:\Users\isaac\phlag\caster\data\ape.fa	251300	0.551582	0.534532	8.9417	0.00170025	200000
C:\Users\isaac\phlag\caster\data\ape.fa	251400	0.551582	0.534532	8.99698	0.00169093	200000
C:\Users\isaac\phlag\caster\data\ape.fa	251500	0.551582	0.534532	8.93575	0.00170126	200000
C:\Users\isaac\phlag\caster\data\ape.fa	251600	0.551582	0.534532	8.96416	0.00169645	200000
C:\Users\isaac\phlag\caster\data\ape.fa	251700	0.551582	0.503792	8.96416	0.00476967	200000
C:\Users\isaac\phlag\caster\data\ape.fa	251800	0.551582	0.503792	8.99448	0.00475528	200000
C:\Users\isaac\phlag\caster\data\ape.fa	251900	0.551582	0.488831	9.0556	0.00621541	200000
C:\Users\isaac\phlag\caster\data\ape.fa	252000	0.551582	0.488831	9.11646	0.00617817	200000
C:\Users\isaac\phlag\caster\data\ape.fa	252100	0.551582	0.488831	9.11638	0.00617822	200000
C:\Users\isaac\phlag\caster\data\ape.fa	252200	0.551582	0.488831	9.11638	0.00617822	200000
C:\Users\isaac\phlag\caster\data\ape.fa	252300	0.580885	0.488831	9.11638	0.00903721	200000
C:\Users\isaac\phlag\caster\data\ape.fa	252400	0.580885	0.457944	9.14682	0.01207	200000
C:\Users\isaac\phlag\caster\data\ape.fa	252500	0.580885	0.457944	9.14682	0.01207	200000
C:\Users\isaac\phlag\caster\data\ape.fa	252600	0.549696	0.457944	9.14498	0.00903728	200000
C:\Users\isaac\phlag\caster\data\ape.fa	252700	0.549696	0.441467	9.14498	0.0106775	200000
C:\Users\isaac\phlag\caster\data\ape.fa	252800	0.519178	0.441467	9.08517	0.00773563	200000
C:\Users\isaac\phlag\caster\data\ape.fa	252900	0.519178	0.441467	9.02627	0.00778125	200000
C:\Users\isaac\phlag\caster\data\ape.fa	253000	0.519178	0.441467	8.96527	0.00782907	200000
C:\Users\isaac\phlag\caster\data\ape.fa	253100	0.48922	0.396531	8.96527	0.00940913	200000
C:\Users\isaac\phlag\caster\data\ape.fa	253200	0.48922	0.395669	8.96527	0.00949741	200000
C:\Users\isaac\phlag\caster\data\ape.fa	253300	0.48922	0.395669	8.97748	0.00948565	200000
C:\Users\isaac\phlag\caster\data\ape.fa	253400	0.48922	0.378226	8.97748	0.0112743	200000
C:\Users\isaac\phlag\caster\data\ape.fa	253500	0.428547	0.378226	8.92978	0.00516832	200000
C:\Users\isaac\phlag\caster\data\ape.fa	253600	0.428547	0.378226	8.86827	0.00520117	200000
C:\Users\isaac\phlag\caster\data\ape.fa	253700	0.428547	0.378226	8.80721	0.00523421	200000
C:\Users\isaac\phlag\caster\data\ape.fa	253800	0.428547	0.378226	8.80721	0.00523421	200000
C:\Users\isaac\phlag\caster\data\ape.fa	253900	0.428547	0.378226	8.80721	0.00523421	200000
C:\Users\isaac\phlag\caster\data\ape.fa	254000	0.428547	0.378226	8.80721	0.00523421	200000
C:\Users\isaac\phlag\caster\data\ape.fa	254100	0.428547	0.378226	8.80721	0.00523421	200000
C:\Users\isaac\phlag\caster\data\ape.fa	254200	0.428547	0.378226	8.80721	0.00523421	200000
C:\Users\isaac\phlag\caster\data\ape.fa	254300	0.415052	0.394352	8.79371	0.00215555	200000
C:\Users\isaac\phlag\caster\data\ape.fa	254400	0.415052	0.394352	8.8563	0.00214159	200000
C:\Users\isaac\phlag\caster\data\ape.fa	254500	0.415052	0.394352	8.8563	0.00214159	200000
C:\Users\isaac\phlag\caster\data\ape.fa	254600	0.400639	0.394352	8.81306	0.000654418	200000
C:\Users\isaac\phlag\caster\data\ape.fa	254700	0.400639	0.394352	8.90479	0.00064823	200000
C:\Users\isaac\phlag\caster\data\ape.fa	254800	0.400639	0.394352	8.90479	0.00064823	200000
C:\Users\isaac\phlag\caster\data\ape.fa	254900	0.400639	0.394352	8.90043	0.000648521	200000
C:\Users\isaac\phlag\caster\data\ape.fa	255000	0.400639	0.365143	8.98958	0.00363862	200000
C:\Users\isaac\phlag\caster\data\ape.fa	255100	0.400639	0.365143	8.98958	0.00363862	200000
C:\Users\isaac\phlag\caster\data\ape.fa	255200	0.400639	0.365143	9.03554	0.00362156	200000
C:\Users\isaac\phlag\caster\data\ape.fa	255300	0.433454	0.365143	9.00648	0.00696691	200000
C:\Users\isaac\phlag\caster\data\ape.fa	255400	0.433454	0.365143	9.06441	0.00692599	200000
C:\Users\isaac\phlag\caster\data\ape.fa	255500	0.433454	0.365143	9.13572	0.00687627	200000
C:\Users\isaac\phlag\caster\data\ape.fa	255600	0.433454	0.365143	9.13572	0.00687627	200000
C:\Users\isaac\phlag\caster\data\ape.fa	255700	0.433454	0.365143	9.04671	0.00693844	200000
C:\Users\isaac\phlag\caster\data\ape.fa	255800	0.40592	0.365143	8.98459	0.00417985	200000
C:\Users\isaac\phlag\caster\data\ape.fa	255900	0.40592	0.303079	8.98932	0.0106041	200000
C:\Users\isaac\phlag\caster\data\ape.fa	256000	0.40592	0.260199	8.98932	0.0150922	200000
C:\Users\isaac\phlag\caster\data\ape.fa	256100	0.40592	0.260199	8.99253	0.0150872	200000
C:\Users\isaac\phlag\caster\data\ape.fa	256200	0.37649	0.260199	9.09963	0.011944	200000
C:\Users\isaac\phlag\caster\data\ape.fa	256300	0.37649	0.22991	9.20074	0.0149462	200000
C:\Users\isaac\phlag\caster\data\ape.fa	256400	0.37649	0.22991	9.20074	0.0149462	200000
C:\Users\isaac\phlag\caster\data\ape.fa	256500	0.37649	0.215297	9.22994	0.0164119	200000
C:\Users\isaac\phlag\caster\data\ape.fa	256600	0.431851	0.215297	9.22832	0.0219285	200000
C:\Users\isaac\phlag\caster\data\ape.fa	256700	0.431851	0.215297	9.36585	0.0216273	200000
C:\Users\isaac\phlag\caster\data\ape.fa	256800	0.431851	0.215297	9.36585	0.0216273	200000
C:\Users\isaac\phlag\caster\data\ape.fa	256900	0.431851	0.230542	9.36585	0.0200742	200000
C:\Users\isaac\phlag\caster\data\ape.fa	257000	0.431851	0.230542	9.36585	0.0200742	200000
C:\Users\isaac\phlag\caster\data\ape.fa	257100	0.431851	0.230542	9.36195	0.020082	200000
C:\Users\isaac\phlag\caster\data\ape.fa	257200	0.461767	0.230542	9.36195	0.0229977	200000
C:\Users\isaac\phlag\caster\data\ape.fa	257300	0.492536	0.230542	9.42363	0.0258206	200000
C:\Users\isaac\phlag\caster\data\ape.fa	257400	0.492536	0.230542	9.45381	0.025744	200000
C:\Users\isaac\phlag\caster\data\ape.fa	257500	0.492536	0.263189	9.45381	0.022464	200000
C:\Users\isaac\phlag\caster\data\ape.fa	257600	0.492536	0.263189	9.45381	0.022464	200000
C:\Users\isaac\phlag\caster\data\ape.fa	257700	0.492536	0.263189	9.45626	0.0224586	200000
C:\Users\isaac\phlag\caster\data\ape.fa	257800	0.492536	0.263189	9.48607	0.0223932	200000
C:\Users\isaac\phlag\caster\data\ape.fa	257900	0.519074	0.250544	9.48607	0.0261836	200000
C:\Users\isaac\phlag\caster\data\ape.fa	258000	0.517527	0.250544	9.48607	0.0260366	200000
C:\Users\isaac\phlag\caster\data\ape.fa	258100	0.517527	0.266096	9.42505	0.0246291	200000
C:\Users\isaac\phlag\caster\data\ape.fa	258200	0.517527	0.266096	9.4558	0.0245552	200000
C:\Users\isaac\phlag\caster\data\ape.fa	258300	0.517527	0.266096	9.57345	0.0242762	200000
C:\Users\isaac\phlag\caster\data\ape.fa	258400	0.517527	0.266096	9.44509	0.0245809	200000
C:\Users\isaac\phlag\caster\data\ape.fa	258500	0.546885	0.266096	9.44509	0.0273725	200000
C:\Users\isaac\phlag\caster\data\ape.fa	258600	0.51743	0.293565	9.44509	0.0218275	200000
C:\Users\isaac\phlag\caster\data\ape.fa	258700	0.51743	0.308079	9.44509	0.0203835	200000
C:\Users\isaac\phlag\caster\data\ape.fa	258800	0.51743	0.308079	9.44509	0.0203835	200000
C:\Users\isaac\phlag\caster\data\ape.fa	258900	0.51743	0.308079	9.50077	0.0202736	200000
C:\Users\isaac\phlag\caster\data\ape.fa	259000	0.51743	0.308079	9.52815	0.02022	200000
C:\Users\isaac\phlag\caster\data\ape.fa	259100	0.51743	0.308079	9.47091	0.0203324	200000
C:\Users\isaac\phlag\caster\data\ape.fa	259200	0.51743	0.308079	9.47091	0.0203324	200000
C:\Users\isaac\phlag\caster\data\ape.fa	259300	0.517481	0.308079	9.5727	0.0201381	200000
C:\Users\isaac\phlag\caster\data\ape.fa	259400	0.546932	0.308079	9.63043	0.0227795	200000
C:\Users\isaac\phlag\caster\data\ape.fa	259500	0.546932	0.308079	9.63043	0.0227795	200000
C:\Users\isaac\phlag\caster\data\ape.fa	259600	0.546932	0.308079	9.63044	0.0227794	200000
C:\Users\isaac\phlag\caster\data\ape.fa	259700	0.577109	0.308079	9.60134	0.0256548	200000
C:\Users\isaac\phlag\caster\data\ape.fa	259800	0.606537	0.308079	9.60134	0.0283814	200000
C:\Users\isaac\phlag\caster\data\ape.fa	259900	0.57645	0.308079	9.4766	0.0259017	200000
C:\Users\isaac\phlag\caster\data\ape.fa	260000	0.521588	0.308079	9.4766	0.0207164	200000
C:\Users\isaac\phlag\caster\data\ape.fa	260100	0.521588	0.308079	9.4766	0.0207164	200000
C:\Users\isaac\phlag\caster\data\ape.fa	260200	0.521588	0.308079	9.4766	0.0207164	200000
C:\Users\isaac\phlag\caster\data\ape.fa	260300	0.521588	0.308079	9.4766	0.0207164	200000
C:\Users\isaac\phlag\caster\data\ape.fa	260400	0.521588	0.308079	9.4766	0.0207164	200000
C:\Users\isaac\phlag\caster\data\ape.fa	260500	0.521588	0.308079	9.44782	0.0207744	200000
C:\Users\isaac\phlag\caster\data\ape.fa	260600	0.521588	0.296343	9.51682	0.0217949	200000
C:\Users\isaac\phlag\caster\data\ape.fa	260700	0.521588	0.296343	9.51682	0.0217949	200000
C:\Users\isaac\phlag\caster\data\ape.fa	260800	0.554305	0.325804	9.51682	0.0219777	200000
C:\Users\isaac\phlag\caster\data\ape.fa	260900	0.554305	0.325804	9.51682	0.0219777	200000
C:\Users\isaac\phlag\caster\data\ape.fa	261000	0.554305	0.384477	9.51682	0.0162428	200000
C:\Users\isaac\phlag\caster\data\ape.fa	261100	0.554305	0.384477	9.51682	0.0162428	200000
C:\Users\isaac\phlag\caster\data\ape.fa	261200	0.554305	0.384477	9.45699	0.0163362	200000
C:\Users\isaac\phlag\caster\data\ape.fa	261300	0.554305	0.35175	9.42816	0.0196004	200000
C:\Users\isaac\phlag\caster\data\ape.fa	261400	0.554305	0.35175	9.42816	0.0196004	200000
C:\Users\isaac\phlag\caster\data\ape.fa	261500	0.554305	0.35175	9.43076	0.0195955	200000
C:\Users\isaac\phlag\caster\data\ape.fa	261600	0.554305	0.35175	9.36191	0.0197269	200000
C:\Users\isaac\phlag\caster\data\ape.fa	261700	0.554305	0.366009	9.38729	0.0182677	200000
C:\Users\isaac\phlag\caster\data\ape.fa	261800	0.554305	0.366009	9.45188	0.0181539	200000
C:\Users\isaac\phlag\caster\data\ape.fa	261900	0.554305	0.366009	9.51163	0.01805	200000
C:\Users\isaac\phlag\caster\data\ape.fa	262000	0.554305	0.353217	9.56481	0.0192018	200000
C:\Users\isaac\phlag\caster\data\ape.fa	262100	0.554305	0.353217	9.56529	0.019201	200000
C:\Users\isaac\phlag\caster\data\ape.fa	262200	0.554305	0.353217	9.56529	0.019201	200000
C:\Users\isaac\phlag\caster\data\ape.fa	262300	0.554305	0.298741	9.56529	0.0245302	200000
C:\Users\isaac\phlag\caster\data\ape.fa	262400	0.554305	0.298741	9.56529	0.0245302	200000
C:\Users\isaac\phlag\caster\data\ape.fa	262500	0.554305	0.298741	9.56529	0.0245302	200000
C:\Users\isaac\phlag\caster\data\ape.fa	262600	0.554305	0.298741	9.56666	0.024527	200000
C:\Users\isaac\phlag\caster\data\ape.fa	262700	0.554305	0.298741	9.59544	0.0244594	200000
C:\Users\isaac\phlag\caster\data\ape.fa	262800	0.554305	0.298741	9.56477	0.0245314	200000
C:\Users\isaac\phlag\caster\data\ape.fa	262900	0.554305	0.298741	9.50267	0.0246785	200000
C:\Users\isaac\phlag\caster\data\ape.fa	263000	0.554305	0.283587	9.50267	0.0261802	200000
C:\Users\isaac\phlag\caster\data\ape.fa	263100	0.554305	0.283587	9.50267	0.0261802	200000
C:\Users\isaac\phlag\caster\data\ape.fa	263200	0.554305	0.283587	9.44045	0.0263387	200000
C:\Users\isaac\phlag\caster\data\ape.fa	263300	0.554305	0.344687	9.53281	0.0200941	200000
C:\Users\isaac\phlag\caster\data\ape.fa	263400	0.554305	0.459356	9.47268	0.00905451	200000
C:\Users\isaac\phlag\caster\data\ape.fa	263500	0.554305	0.459356	9.56354	0.00897672	200000
C:\Users\isaac\phlag\caster\data\ape.fa	263600	0.554305	0.459356	9.5065	0.00902539	200000
C:\Users\isaac\phlag\caster\data\ape.fa	263700	0.554305	0.504373	9.38806	0.00477968	200000
C:\Users\isaac\phlag\caster\data\ape.fa	263800	0.524533	0.504373	9.30199	0.00195146	200000
C:\Users\isaac\phlag\caster\data\ape.fa	263900	0.524533	0.504373	9.33284	0.00194565	200000
C:\Users\isaac\phlag\caster\data\ape.fa	264000	0.524533	0.504373	9.33284	0.00194565	200000
C:\Users\isaac\phlag\caster\data\ape.fa	264100	0.524533	0.518313	9.33708	0.000599273	200000
C:\Users\isaac\phlag\caster\data\ape.fa	264200	0.524533	0.518313	9.38617	0.000596453	200000
C:\Users\isaac\phlag\caster\data\ape.fa	264300	0.524533	0.50323	9.356	0.00205156	200000
C:\Users\isaac\phlag\caster\data\ape.fa	264400	0.524533	0.502735	9.356	0.00209931	200000
C:\Users\isaac\phlag\caster\data\ape.fa	264500	0.524533	0.502735	9.32613	0.00210537	200000
C:\Users\isaac\phlag\caster\data\ape.fa	264600	0.524533	0.517699	9.27896	0.000662162	200000
C:\Users\isaac\phlag\caster\data\ape.fa	264700	0.524533	0.517699	9.32987	0.000658912	200000
C:\Users\isaac\phlag\caster\data\ape.fa	264800	0.524533	0.517699	9.27326	0.000662528	200000
C:\Users\isaac\phlag\caster\data\ape.fa	264900	0.524533	0.517699	9.2726	0.000662571	200000
C:\Users\isaac\phlag\caster\data\ape.fa	265000	0.497891	0.517699	9.30209	-0.00191976	200000
C:\Users\isaac\phlag\caster\data\ape.fa	265100	0.497891	0.517699	9.33299	-0.00191403	200000
C:\Users\isaac\phlag\caster\data\ape.fa	265200	0.497891	0.517699	9.3051	-0.0019192	200000
C:\Users\isaac\phlag\caster\data\ape.fa	265300	0.497891	0.517699	9.36625	-0.0019079	200000
C:\Users\isaac\phlag\caster\data\ape.fa	265400	0.497891	0.517699	9.39483	-0.00190266	200000
C:\Users\isaac\phlag\caster\data\ape.fa	265500	0.497891	0.517699	9.39483	-0.00190266	200000
C:\Users\isaac\phlag\caster\data\ape.fa	265600	0.497891	0.517699	9.39483	-0.00190266	200000
C:\Users\isaac\phlag\caster\data\ape.fa	265700	0.497891	0.517699	9.39483	-0.00190266	200000
C:\Users\isaac\phlag\caster\data\ape.fa	265800	0.523833	0.517699	9.39483	0.000587753	200000
C:\Users\isaac\phlag\caster\data\ape.fa	265900	0.495285	0.517699	9.39483	-0.00215357	200000
C:\Users\isaac\phlag\caster\data\ape.fa	266000	0.495285	0.517699	9.39484	-0.00215357	200000
C:\Users\isaac\phlag\caster\data\ape.fa	266100	0.495285	0.517699	9.42431	-0.00214749	200000
C:\Users\isaac\phlag\caster\data\ape.fa	266200	0.495285	0.517699	9.36303	-0.00216017	200000
C:\Users\isaac\phlag\caster\data\ape.fa	266300	0.495285	0.48702	9.33559	0.000800988	200000
C:\Users\isaac\phlag\caster\data\ape.fa	266400	0.495285	0.459724	9.31556	0.00346243	200000
C:\Users\isaac\phlag\caster\data\ape.fa	266500	0.495285	0.459724	9.31556	0.00346243	200000
C:\Users\isaac\phlag\caster\data\ape.fa	266600	0.495285	0.459724	9.31556	0.00346243	200000
C:\Users\isaac\phlag\caster\data\ape.fa	266700	0.495285	0.459724	9.31556	0.00346243	200000
C:\Users\isaac\phlag\caster\data\ape.fa	266800	0.495285	0.459613	9.31556	0.00347327	200000
C:\Users\isaac\phlag\caster\data\ape.fa	266900	0.495285	0.459613	9.3024	0.00347772	200000
C:\Users\isaac\phlag\caster\data\ape.fa	267000	0.495285	0.459613	9.33305	0.00346736	200000
C:\Users\isaac\phlag\caster\data\ape.fa	267100	0.495285	0.459613	9.36325	0.00345722	200000
C:\Users\isaac\phlag\caster\data\ape.fa	267200	0.495285	0.459613	9.36325	0.00345722	200000
C:\Users\isaac\phlag\caster\data\ape.fa	267300	0.467076	0.459613	9.39533	0.000723032	200000
C:\Users\isaac\phlag\caster\data\ape.fa	267400	0.467076	0.487133	9.39533	-0.00193799	200000
C:\Users\isaac\phlag\caster\data\ape.fa	267500	0.467076	0.487133	9.42546	-0.00193237	200000
C:\Users\isaac\phlag\caster\data\ape.fa	267600	0.467076	0.487133	9.42546	-0.00193237	200000
C:\Users\isaac\phlag\caster\data\ape.fa	267700	0.467076	0.459871	9.39759	0.000697876	200000
C:\Users\isaac\phlag\caster\data\ape.fa	267800	0.467076	0.459871	9.39759	0.000697876	200000
C:\Users\isaac\phlag\caster\data\ape.fa	267900	0.523587	0.459871	9.39759	0.00613773	200000
C:\Users\isaac\phlag\caster\data\ape.fa	268000	0.523587	0.459871	9.39759	0.00613773	200000
C:\Users\isaac\phlag\caster\data\ape.fa	268100	0.523587	0.474932	9.39759	0.00468007	200000
C:\Users\isaac\phlag\caster\data\ape.fa	268200	0.523587	0.486149	9.37516	0.00360497	200000
C:\Users\isaac\phlag\caster\data\ape.fa	268300	0.523587	0.486149	9.31325	0.00362659	200000
C:\Users\isaac\phlag\caster\data\ape.fa	268400	0.523587	0.486149	9.31367	0.00362644	200000
C:\Users\isaac\phlag\caster\data\ape.fa	268500	0.528492	0.486149	9.31367	0.00409971	200000
C:\Users\isaac\phlag\caster\data\ape.fa	268600	0.475322	0.486149	9.31367	-0.00105379	200000
C:\Users\isaac\phlag\caster\data\ape.fa	268700	0.475322	0.486149	9.42508	-0.00104248	200000
C:\Users\isaac\phlag\caster\data\ape.fa	268800	0.413116	0.486149	9.33177	-0.00713844	200000
C:\Users\isaac\phlag\caster\data\ape.fa	268900	0.413116	0.458096	9.30919	-0.00441834	200000
C:\Users\isaac\phlag\caster\data\ape.fa	269000	0.413116	0.458096	9.32979	-0.00440941	200000
C:\Users\isaac\phlag\caster\data\ape.fa	269100	0.413116	0.458096	9.38644	-0.00438506	200000
C:\Users\isaac\phlag\caster\data\ape.fa	269200	0.413116	0.513307	9.2188	-0.0098757	200000
C:\Users\isaac\phlag\caster\data\ape.fa	269300	0.413116	0.513307	9.2188	-0.0098757	200000
C:\Users\isaac\phlag\caster\data\ape.fa	269400	0.413116	0.513307	9.22951	-0.00986529	200000
C:\Users\isaac\phlag\caster\data\ape.fa	269500	0.413116	0.528212	9.1412	-0.0114154	200000
C:\Users\isaac\phlag\caster\data\ape.fa	269600	0.413116	0.528212	9.08629	-0.0114779	200000
C:\Users\isaac\phlag\caster\data\ape.fa	269700	0.413116	0.528212	9.02999	-0.0115427	200000
C:\Users\isaac\phlag\caster\data\ape.fa	269800	0.413116	0.528212	9.02999	-0.0115427	200000
C:\Users\isaac\phlag\caster\data\ape.fa	269900	0.413116	0.557815	9.02999	-0.0144686	200000
C:\Users\isaac\phlag\caster\data\ape.fa	270000	0.413116	0.557815	9.02999	-0.0144686	200000
C:\Users\isaac\phlag\caster\data\ape.fa	270100	0.412855	0.557815	8.94251	-0.0146229	200000
C:\Users\isaac\phlag\caster\data\ape.fa	270200	0.412855	0.497817	8.91798	-0.0086443	200000
C:\Users\isaac\phlag\caster\data\ape.fa	270300	0.412855	0.497817	8.97898	-0.00859098	200000
C:\Users\isaac\phlag\caster\data\ape.fa	270400	0.412855	0.467387	8.94855	-0.00554818	200000
C:\Users\isaac\phlag\caster\data\ape.fa	270500	0.412855	0.523762	8.94855	-0.0112195	200000
C:\Users\isaac\phlag\caster\data\ape.fa	270600	0.441385	0.523762	8.94855	-0.00830943	200000
C:\Users\isaac\phlag\caster\data\ape.fa	270700	0.441385	0.523762	8.94855	-0.00830943	200000
C:\Users\isaac\phlag\caster\data\ape.fa	270800	0.441385	0.574532	8.97394	-0.0133282	200000
C:\Users\isaac\phlag\caster\data\ape.fa	270900	0.441385	0.574532	9.00393	-0.0132883	200000
C:\Users\isaac\phlag\caster\data\ape.fa	271000	0.471567	0.574532	8.94972	-0.0103008	200000
C:\Users\isaac\phlag\caster\data\ape.fa	271100	0.470593	0.574532	8.91987	-0.0104304	200000
C:\Users\isaac\phlag\caster\data\ape.fa	271200	0.439848	0.574532	8.86216	-0.0136367	200000
C:\Users\isaac\phlag\caster\data\ape.fa	271300	0.470607	0.574532	8.915	-0.0104341	200000
C:\Users\isaac\phlag\caster\data\ape.fa	271400	0.470607	0.574532	8.915	-0.0104341	200000
C:\Users\isaac\phlag\caster\data\ape.fa	271500	0.470607	0.589607	8.94459	-0.0118943	200000
C:\Users\isaac\phlag\caster\data\ape.fa	271600	0.470607	0.589607	8.88479	-0.0119658	200000
C:\Users\isaac\phlag\caster\data\ape.fa	271700	0.470607	0.589607	8.85992	-0.0119958	200000
C:\Users\isaac\phlag\caster\data\ape.fa	271800	0.470607	0.589607	8.83762	-0.0120228	200000
C:\Users\isaac\phlag\caster\data\ape.fa	271900	0.470607	0.571754	8.83762	-0.0102376	200000
C:\Users\isaac\phlag\caster\data\ape.fa	272000	0.470483	0.571754	8.7802	-0.0103102	200000
C:\Users\isaac\phlag\caster\data\ape.fa	272100	0.470483	0.629994	8.72295	-0.0162378	200000
C:\Users\isaac\phlag\caster\data\ape.fa	272200	0.470483	0.629994	8.72295	-0.0162378	200000
C:\Users\isaac\phlag\caster\data\ape.fa	272300	0.470483	0.629994	8.72295	-0.0162378	200000
C:\Users\isaac\phlag\caster\data\ape.fa	272400	0.412995	0.629994	8.72295	-0.0222199	200000
C:\Users\isaac\phlag\caster\data\ape.fa	272500	0.381688	0.661017	8.72295	-0.0286033	200000
C:\Users\isaac\phlag\caster\data\ape.fa	272600	0.381688	0.661017	8.75043	-0.028523	200000
C:\Users\isaac\phlag\caster\data\ape.fa	272700	0.381688	0.661017	8.75043	-0.028523	200000
C:\Users\isaac\phlag\caster\data\ape.fa	272800	0.381688	0.675866	8.78027	-0.0299028	200000
C:\Users\isaac\phlag\caster\data\ape.fa	272900	0.381688	0.675866	8.78027	-0.0299028	200000
C:\Users\isaac\phlag\caster\data\ape.fa	273000	0.381688	0.675866	8.72298	-0.0300779	200000
C:\Users\isaac\phlag\caster\data\ape.fa	273100	0.381688	0.675866	8.61867	-0.0304021	200000
C:\Users\isaac\phlag\caster\data\ape.fa	273200	0.381688	0.73507	8.54051	-0.0365924	200000
C:\Users\isaac\phlag\caster\data\ape.fa	273300	0.381688	0.750412	8.5415	-0.0381166	200000
C:\Users\isaac\phlag\caster\data\ape.fa	273400	0.321133	0.750412	8.66091	-0.0441079	200000
C:\Users\isaac\phlag\caster\data\ape.fa	273500	0.321133	0.750412	8.66091	-0.0441079	200000
C:\Users\isaac\phlag\caster\data\ape.fa	273600	0.321133	0.750412	8.66091	-0.0441079	200000
C:\Users\isaac\phlag\caster\data\ape.fa	273700	0.321133	0.750412	8.62935	-0.0442514	200000
C:\Users\isaac\phlag\caster\data\ape.fa	273800	0.321133	0.750412	8.78422	-0.0435561	200000
C:\Users\isaac\phlag\caster\data\ape.fa	273900	0.320434	0.764408	8.8402	-0.0447327	200000
C:\Users\isaac\phlag\caster\data\ape.fa	274000	0.320434	0.764408	8.8745	-0.0445787	200000
C:\Users\isaac\phlag\caster\data\ape.fa	274100	0.320434	0.689297	8.81441	-0.0375465	200000
C:\Users\isaac\phlag\caster\data\ape.fa	274200	0.320434	0.689297	8.78779	-0.0376485	200000
C:\Users\isaac\phlag\caster\data\ape.fa	274300	0.320434	0.689297	8.78779	-0.0376485	200000
C:\Users\isaac\phlag\caster\data\ape.fa	274400	0.320434	0.674509	8.78779	-0.0361939	200000
C:\Users\isaac\phlag\caster\data\ape.fa	274500	0.320434	0.674509	8.72853	-0.0364145	200000
C:\Users\isaac\phlag\caster\data\ape.fa	274600	0.320434	0.674509	8.69718	-0.0365322	200000
C:\Users\isaac\phlag\caster\data\ape.fa	274700	0.320434	0.690241	8.69504	-0.038102	200000
C:\Users\isaac\phlag\caster\data\ape.fa	274800	0.320434	0.675623	8.63657	-0.0368735	200000
C:\Users\isaac\phlag\caster\data\ape.fa	274900	0.320434	0.691091	8.57717	-0.0386556	200000
C:\Users\isaac\phlag\caster\data\ape.fa	275000	0.320434	0.722215	8.48397	-0.0421745	200000
C:\Users\isaac\phlag\caster\data\ape.fa	275100	0.320434	0.70783	8.4552	-0.0408496	200000
C:\Users\isaac\phlag\caster\data\ape.fa	275200	0.320434	0.738194	8.48556	-0.0437711	200000
C:\Users\isaac\phlag\caster\data\ape.fa	275300	0.320434	0.738194	8.60454	-0.0432322	200000
C:\Users\isaac\phlag\caster\data\ape.fa	275400	0.320434	0.738194	8.57463	-0.0433664	200000
C:\Users\isaac\phlag\caster\data\ape.fa	275500	0.320434	0.722641	8.57463	-0.0418194	200000
C:\Users\isaac\phlag\caster\data\ape.fa	275600	0.320434	0.722641	8.57942	-0.0417985	200000
C:\Users\isaac\phlag\caster\data\ape.fa	275700	0.320434	0.722641	8.57942	-0.0417985	200000
C:\Users\isaac\phlag\caster\data\ape.fa	275800	0.352385	0.722641	8.57895	-0.0383526	200000
C:\Users\isaac\phlag\caster\data\ape.fa	275900	0.352385	0.722641	8.57895	-0.0383526	200000
C:\Users\isaac\phlag\caster\data\ape.fa	276000	0.352385	0.737976	8.57895	-0.0398778	200000
C:\Users\isaac\phlag\caster\data\ape.fa	276100	0.352385	0.737976	8.57895	-0.0398778	200000
C:\Users\isaac\phlag\caster\data\ape.fa	276200	0.352385	0.675665	8.57895	-0.0336504	200000
C:\Users\isaac\phlag\caster\data\ape.fa	276300	0.382682	0.675665	8.63521	-0.0302245	200000
C:\Users\isaac\phlag\caster\data\ape.fa	276400	0.382682	0.675665	8.60579	-0.0303165	200000
C:\Users\isaac\phlag\caster\data\ape.fa	276500	0.382682	0.675665	8.65877	-0.0301513	200000
C:\Users\isaac\phlag\caster\data\ape.fa	276600	0.382682	0.675665	8.65877	-0.0301513	200000
C:\Users\isaac\phlag\caster\data\ape.fa	276700	0.382682	0.675665	8.68974	-0.0300555	200000
C:\Users\isaac\phlag\caster\data\ape.fa	276800	0.408916	0.675665	8.68974	-0.0272908	200000
C:\Users\isaac\phlag\caster\data\ape.fa	276900	0.408916	0.675665	8.65861	-0.0273779	200000
C:\Users\isaac\phlag\caster\data\ape.fa	277000	0.4377	0.675665	8.57304	-0.0245669	200000
C:\Users\isaac\phlag\caster\data\ape.fa	277100	0.4377	0.675665	8.57304	-0.0245669	200000
C:\Users\isaac\phlag\caster\data\ape.fa	277200	0.4377	0.661215	8.54414	-0.0231789	200000
C:\Users\isaac\phlag\caster\data\ape.fa	277300	0.4377	0.661215	8.54414	-0.0231789	200000
C:\Users\isaac\phlag\caster\data\ape.fa	277400	0.434117	0.661215	8.54414	-0.0235592	200000
C:\Users\isaac\phlag\caster\data\ape.fa	277500	0.460141	0.661215	8.49476	-0.0209101	200000
C:\Users\isaac\phlag\caster\data\ape.fa	277600	0.460141	0.646072	8.37908	-0.019602	200000
C:\Users\isaac\phlag\caster\data\ape.fa	277700	0.435122	0.646072	8.38529	-0.0222839	200000
C:\Users\isaac\phlag\caster\data\ape.fa	277800	0.435122	0.630513	8.36024	-0.0207292	200000
C:\Users\isaac\phlag\caster\data\ape.fa	277900	0.435122	0.630513	8.45328	-0.0205266	200000
C:\Users\isaac\phlag\caster\data\ape.fa	278000	0.435122	0.630513	8.48289	-0.0204629	200000
C:\Users\isaac\phlag\caster\data\ape.fa	278100	0.435122	0.568808	8.538	-0.0140104	200000
C:\Users\isaac\phlag\caster\data\ape.fa	278200	0.407727	0.582518	8.48321	-0.0184506	200000
C:\Users\isaac\phlag\caster\data\ape.fa	278300	0.370884	0.582518	8.45753	-0.0224881	200000
C:\Users\isaac\phlag\caster\data\ape.fa	278400	0.370884	0.525958	8.40097	-0.0166786	200000
C:\Users\isaac\phlag\caster\data\ape.fa	278500	0.370884	0.525958	8.31013	-0.0168431	200000
C:\Users\isaac\phlag\caster\data\ape.fa	278600	0.370884	0.525958	8.31013	-0.0168431	200000
C:\Users\isaac\phlag\caster\data\ape.fa	278700	0.370884	0.561754	8.25248	-0.0207803	200000
C:\Users\isaac\phlag\caster\data\ape.fa	278800	0.370884	0.561754	8.25248	-0.0207803	200000
C:\Users\isaac\phlag\caster\data\ape.fa	278900	0.370884	0.561754	8.25248	-0.0207803	200000
C:\Users\isaac\phlag\caster\data\ape.fa	279000	0.370884	0.561754	8.1331	-0.021054	200000
C:\Users\isaac\phlag\caster\data\ape.fa	279100	0.370884	0.648723	8.1331	-0.030356	200000
C:\Users\isaac\phlag\caster\data\ape.fa	279200	0.370884	0.648723	8.20249	-0.0301275	200000
C:\Users\isaac\phlag\caster\data\ape.fa	279300	0.309508	0.618035	8.33395	-0.0333129	200000
C:\Users\isaac\phlag\caster\data\ape.fa	279400	0.309508	0.618035	8.27357	-0.0335315	200000
C:\Users\isaac\phlag\caster\data\ape.fa	279500	0.309508	0.632033	8.27357	-0.0349996	200000
C:\Users\isaac\phlag\caster\data\ape.fa	279600	0.309508	0.632033	8.24342	-0.0351145	200000
C:\Users\isaac\phlag\caster\data\ape.fa	279700	0.309508	0.632033	8.30423	-0.0348835	200000
C:\Users\isaac\phlag\caster\data\ape.fa	279800	0.309508	0.601764	8.27353	-0.0318195	200000
C:\Users\isaac\phlag\caster\data\ape.fa	279900	0.309508	0.601764	8.33485	-0.0316085	200000
C:\Users\isaac\phlag\caster\data\ape.fa	280000	0.309508	0.601764	8.43527	-0.0312689	200000
C:\Users\isaac\phlag\caster\data\ape.fa	280100	0.309508	0.588045	8.43527	-0.0298449	200000
C:\Users\isaac\phlag\caster\data\ape.fa	280200	0.309508	0.572618	8.43527	-0.0282386	200000
C:\Users\isaac\phlag\caster\data\ape.fa	280300	0.309508	0.572618	8.43527	-0.0282386	200000
C:\Users\isaac\phlag\caster\data\ape.fa	280400	0.309508	0.572618	8.43527	-0.0282386	200000
C:\Users\isaac\phlag\caster\data\ape.fa	280500	0.309508	0.572618	8.43527	-0.0282386	200000
C:\Users\isaac\phlag\caster\data\ape.fa	280600	0.309508	0.602659	8.37799	-0.031555	200000
C:\Users\isaac\phlag\caster\data\ape.fa	280700	0.309508	0.602659	8.37799	-0.031555	200000
C:\Users\isaac\phlag\caster\data\ape.fa	280800	0.309508	0.616753	8.37799	-0.033022	200000
C:\Users\isaac\phlag\caster\data\ape.fa	280900	0.338855	0.631426	8.43668	-0.0311016	200000
C:\Users\isaac\phlag\caster\data\ape.fa	281000	0.338855	0.631426	8.43641	-0.0311025	200000
C:\Users\isaac\phlag\caster\data\ape.fa	281100	0.338855	0.631426	8.43641	-0.0311025	200000
C:\Users\isaac\phlag\caster\data\ape.fa	281200	0.338855	0.645871	8.37883	-0.0327885	200000
C:\Users\isaac\phlag\caster\data\ape.fa	281300	0.338855	0.631651	8.43968	-0.0311148	200000
C:\Users\isaac\phlag\caster\data\ape.fa	281400	0.338855	0.631651	8.43968	-0.0311148	200000
C:\Users\isaac\phlag\caster\data\ape.fa	281500	0.338855	0.631651	8.43968	-0.0311148	200000
C:\Users\isaac\phlag\caster\data\ape.fa	281600	0.311806	0.631651	8.43968	-0.0340872	200000
C:\Users\isaac\phlag\caster\data\ape.fa	281700	0.28664	0.631651	8.43968	-0.0368681	200000
C:\Users\isaac\phlag\caster\data\ape.fa	281800	0.28664	0.631651	8.43968	-0.0368681	200000
C:\Users\isaac\phlag\caster\data\ape.fa	281900	0.28664	0.631651	8.38876	-0.0370698	200000
C:\Users\isaac\phlag\caster\data\ape.fa	282000	0.28664	0.631651	8.35839	-0.0371912	200000
C:\Users\isaac\phlag\caster\data\ape.fa	282100	0.28664	0.616203	8.35275	-0.0356069	200000
C:\Users\isaac\phlag\caster\data\ape.fa	282200	0.28664	0.616203	8.41423	-0.035372	200000
C:\Users\isaac\phlag\caster\data\ape.fa	282300	0.28664	0.588674	8.41423	-0.0325133	200000
C:\Users\isaac\phlag\caster\data\ape.fa	282400	0.28664	0.588674	8.41423	-0.0325133	200000
C:\Users\isaac\phlag\caster\data\ape.fa	282500	0.28664	0.588674	8.35396	-0.0327256	200000
C:\Users\isaac\phlag\caster\data\ape.fa	282600	0.28664	0.588674	8.29153	-0.0329485	200000
C:\Users\isaac\phlag\caster\data\ape.fa	282700	0.28664	0.588674	8.31959	-0.0328479	200000
C:\Users\isaac\phlag\caster\data\ape.fa	282800	0.32029	0.604121	8.35982	-0.0305712	200000
C:\Users\isaac\phlag\caster\data\ape.fa	282900	0.32029	0.604121	8.27523	-0.0308523	200000
C:\Users\isaac\phlag\caster\data\ape.fa	283000	0.350985	0.604121	8.27486	-0.0274254	200000
C:\Users\isaac\phlag\caster\data\ape.fa	283100	0.325902	0.604121	8.26031	-0.0302729	200000
C:\Users\isaac\phlag\caster\data\ape.fa	283200	0.325902	0.604121	8.20255	-0.0304644	200000
C:\Users\isaac\phlag\caster\data\ape.fa	283300	0.325902	0.604121	8.20255	-0.0304644	200000
C:\Users\isaac\phlag\caster\data\ape.fa	283400	0.325902	0.604121	8.14326	-0.0306635	200000
C:\Users\isaac\phlag\caster\data\ape.fa	283500	0.325902	0.604121	8.14228	-0.0306668	200000
C:\Users\isaac\phlag\caster\data\ape.fa	283600	0.325902	0.604121	8.11463	-0.0307605	200000
C:\Users\isaac\phlag\caster\data\ape.fa	283700	0.325902	0.604121	8.08757	-0.0308529	200000
C:\Users\isaac\phlag\caster\data\ape.fa	283800	0.298963	0.604121	8.10854	-0.0338626	200000
C:\Users\isaac\phlag\caster\data\ape.fa	283900	0.298963	0.604121	8.14043	-0.0337432	200000
C:\Users\isaac\phlag\caster\data\ape.fa	284000	0.298963	0.604121	8.08502	-0.0339512	200000
C:\Users\isaac\phlag\caster\data\ape.fa	284100	0.298963	0.604121	8.08502	-0.0339512	200000
C:\Users\isaac\phlag\caster\data\ape.fa	284200	0.298963	0.604121	8.08502	-0.0339512	200000
C:\Users\isaac\phlag\caster\data\ape.fa	284300	0.327927	0.604121	8.01823	-0.0308586	200000
C:\Users\isaac\phlag\caster\data\ape.fa	284400	0.327927	0.604121	7.96116	-0.0310567	200000
C:\Users\isaac\phlag\caster\data\ape.fa	284500	0.327927	0.604121	7.90768	-0.0312445	200000
C:\Users\isaac\phlag\caster\data\ape.fa	284600	0.327927	0.723975	7.90768	-0.0442037	200000
C:\Users\isaac\phlag\caster\data\ape.fa	284700	0.327927	0.723975	7.90768	-0.0442037	200000
C:\Users\isaac\phlag\caster\data\ape.fa	284800	0.327927	0.723975	7.98528	-0.0438242	200000
C:\Users\isaac\phlag\caster\data\ape.fa	284900	0.327927	0.723975	7.98528	-0.0438242	200000
C:\Users\isaac\phlag\caster\data\ape.fa	285000	0.327927	0.723975	7.98528	-0.0438242	200000
C:\Users\isaac\phlag\caster\data\ape.fa	285100	0.327927	0.723975	7.98528	-0.0438242	200000
C:\Users\isaac\phlag\caster\data\ape.fa	285200	0.327927	0.723975	7.86375	-0.0444216	200000
C:\Users\isaac\phlag\caster\data\ape.fa	285300	0.327927	0.723975	7.86375	-0.0444216	200000
C:\Users\isaac\phlag\caster\data\ape.fa	285400	0.382617	0.696913	7.86375	-0.0351432	200000
C:\Users\isaac\phlag\caster\data\ape.fa	285500	0.382617	0.696913	7.86375	-0.0351432	200000
C:\Users\isaac\phlag\caster\data\ape.fa	285600	0.352829	0.696913	7.86375	-0.0386026	200000
C:\Users\isaac\phlag\caster\data\ape.fa	285700	0.352829	0.696913	7.86375	-0.0386026	200000
C:\Users\isaac\phlag\caster\data\ape.fa	285800	0.352829	0.696913	7.84159	-0.0386988	200000
C:\Users\isaac\phlag\caster\data\ape.fa	285900	0.352829	0.696913	7.84159	-0.0386988	200000
C:\Users\isaac\phlag\caster\data\ape.fa	286000	0.352829	0.712191	7.84159	-0.0403478	200000
C:\Users\isaac\phlag\caster\data\ape.fa	286100	0.352829	0.712191	7.71925	-0.0409098	200000
C:\Users\isaac\phlag\caster\data\ape.fa	286200	0.352829	0.712191	7.77619	-0.0406463	200000
C:\Users\isaac\phlag\caster\data\ape.fa	286300	0.352829	0.712191	7.74942	-0.0407697	200000
C:\Users\isaac\phlag\caster\data\ape.fa	286400	0.352829	0.712206	7.74942	-0.0407714	200000
C:\Users\isaac\phlag\caster\data\ape.fa	286500	0.352829	0.712206	7.74942	-0.0407714	200000
C:\Users\isaac\phlag\caster\data\ape.fa	286600	0.352829	0.712206	7.74942	-0.0407714	200000
C:\Users\isaac\phlag\caster\data\ape.fa	286700	0.352829	0.712206	7.80959	-0.0404949	200000
C:\Users\isaac\phlag\caster\data\ape.fa	286800	0.352829	0.683649	7.80959	-0.0373974	200000
C:\Users\isaac\phlag\caster\data\ape.fa	286900	0.352829	0.683649	7.8711	-0.0371392	200000
C:\Users\isaac\phlag\caster\data\ape.fa	287000	0.352829	0.683649	7.8969	-0.0370319	200000
C:\Users\isaac\phlag\caster\data\ape.fa	287100	0.352829	0.654038	7.95663	-0.033604	200000
C:\Users\isaac\phlag\caster\data\ape.fa	287200	0.338409	0.654038	7.91338	-0.0354407	200000
C:\Users\isaac\phlag\caster\data\ape.fa	287300	0.338409	0.654038	7.80528	-0.0358762	200000
C:\Users\isaac\phlag\caster\data\ape.fa	287400	0.338409	0.654038	7.80528	-0.0358762	200000
C:\Users\isaac\phlag\caster\data\ape.fa	287500	0.338409	0.654038	7.80541	-0.0358757	200000
C:\Users\isaac\phlag\caster\data\ape.fa	287600	0.338409	0.655287	7.78126	-0.0361116	200000
C:\Users\isaac\phlag\caster\data\ape.fa	287700	0.338409	0.655287	7.81358	-0.0359791	200000
C:\Users\isaac\phlag\caster\data\ape.fa	287800	0.337138	0.655287	7.81358	-0.0361287	200000
C:\Users\isaac\phlag\caster\data\ape.fa	287900	0.337138	0.655287	7.81358	-0.0361287	200000
C:\Users\isaac\phlag\caster\data\ape.fa	288000	0.337138	0.655287	7.81358	-0.0361287	200000
C:\Users\isaac\phlag\caster\data\ape.fa	288100	0.337138	0.655287	7.78359	-0.0362521	200000
C:\Users\isaac\phlag\caster\data\ape.fa	288200	0.337138	0.655287	7.72138	-0.0365109	200000
C:\Users\isaac\phlag\caster\data\ape.fa	288300	0.348965	0.655287	7.67825	-0.0352804	200000
C:\Users\isaac\phlag\caster\data\ape.fa	288400	0.381714	0.655287	7.67825	-0.0313902	200000
C:\Users\isaac\phlag\caster\data\ape.fa	288500	0.381714	0.681407	7.5862	-0.0346494	200000
C:\Users\isaac\phlag\caster\data\ape.fa	288600	0.381714	0.666329	7.50084	-0.0332926	200000
C:\Users\isaac\phlag\caster\data\ape.fa	288700	0.381714	0.666329	7.53083	-0.0331762	200000
C:\Users\isaac\phlag\caster\data\ape.fa	288800	0.381714	0.666329	7.47232	-0.0334041	200000
C:\Users\isaac\phlag\caster\data\ape.fa	288900	0.381714	0.666329	7.27847	-0.0341817	200000
C:\Users\isaac\phlag\caster\data\ape.fa	289000	0.381714	0.666329	7.27847	-0.0341817	200000
C:\Users\isaac\phlag\caster\data\ape.fa	289100	0.381714	0.666329	7.30207	-0.0340851	200000
C:\Users\isaac\phlag\caster\data\ape.fa	289200	0.381714	0.652588	7.30207	-0.0324931	200000
C:\Users\isaac\phlag\caster\data\ape.fa	289300	0.381714	0.652588	7.35906	-0.0322724	200000
C:\Users\isaac\phlag\caster\data\ape.fa	289400	0.381714	0.681632	7.41711	-0.0353658	200000
C:\Users\isaac\phlag\caster\data\ape.fa	289500	0.381714	0.681632	7.42119	-0.0353488	200000
C:\Users\isaac\phlag\caster\data\ape.fa	289600	0.381714	0.681632	7.42119	-0.0353488	200000
C:\Users\isaac\phlag\caster\data\ape.fa	289700	0.381934	0.666899	7.42119	-0.0336439	200000
C:\Users\isaac\phlag\caster\data\ape.fa	289800	0.35043	0.681453	7.42993	-0.0391196	200000
C:\Users\isaac\phlag\caster\data\ape.fa	289900	0.35043	0.681453	7.54957	-0.0385742	200000
C:\Users\isaac\phlag\caster\data\ape.fa	290000	0.35043	0.681453	7.45675	-0.038996	200000
C:\Users\isaac\phlag\caster\data\ape.fa	290100	0.35043	0.681453	7.39482	-0.0392825	200000
C:\Users\isaac\phlag\caster\data\ape.fa	290200	0.35043	0.651478	7.33487	-0.0361108	200000
C:\Users\isaac\phlag\caster\data\ape.fa	290300	0.35043	0.651478	7.36405	-0.0359848	200000
C:\Users\isaac\phlag\caster\data\ape.fa	290400	0.35043	0.651478	7.42072	-0.0357427	200000
C:\Users\isaac\phlag\caster\data\ape.fa	290500	0.35043	0.651478	7.45168	-0.0356118	200000
C:\Users\isaac\phlag\caster\data\ape.fa	290600	0.321266	0.651478	7.39335	-0.0394703	200000
C:\Users\isaac\phlag\caster\data\ape.fa	290700	0.351614	0.651478	7.4237	-0.0355846	200000
C:\Users\isaac\phlag\caster\data\ape.fa	290800	0.351614	0.651478	7.49344	-0.0352926	200000
C:\Users\isaac\phlag\caster\data\ape.fa	290900	0.351614	0.651478	7.52031	-0.0351813	200000
C:\Users\isaac\phlag\caster\data\ape.fa	291000	0.351614	0.651478	7.43248	-0.0355476	200000
C:\Users\isaac\phlag\caster\data\ape.fa	291100	0.351614	0.651478	7.43248	-0.0355476	200000
C:\Users\isaac\phlag\caster\data\ape.fa	291200	0.351614	0.621448	7.48974	-0.0318847	200000
C:\Users\isaac\phlag\caster\data\ape.fa	291300	0.351614	0.621448	7.70345	-0.0310993	200000
C:\Users\isaac\phlag\caster\data\ape.fa	291400	0.351614	0.621448	7.79625	-0.0307702	200000
C:\Users\isaac\phlag\caster\data\ape.fa	291500	0.351614	0.621448	7.7971	-0.0307673	200000
C:\Users\isaac\phlag\caster\data\ape.fa	291600	0.351614	0.621448	7.8274	-0.0306613	200000
C:\Users\isaac\phlag\caster\data\ape.fa	291700	0.381668	0.621448	7.76959	-0.0273324	200000
C:\Users\isaac\phlag\caster\data\ape.fa	291800	0.381668	0.660059	7.796	-0.0315002	200000
C:\Users\isaac\phlag\caster\data\ape.fa	291900	0.381668	0.660059	7.796	-0.0315002	200000
C:\Users\isaac\phlag\caster\data\ape.fa	292000	0.381668	0.725916	7.71656	-0.0390121	200000
C:\Users\isaac\phlag\caster\data\ape.fa	292100	0.381668	0.720782	7.60455	-0.0389472	200000
C:\Users\isaac\phlag\caster\data\ape.fa	292200	0.381668	0.734114	7.6012	-0.040432	200000
C:\Users\isaac\phlag\caster\data\ape.fa	292300	0.381668	0.734114	7.6012	-0.040432	200000
C:\Users\isaac\phlag\caster\data\ape.fa	292400	0.410873	0.677019	7.6012	-0.0306299	200000
C:\Users\isaac\phlag\caster\data\ape.fa	292500	0.381642	0.60369	7.65845	-0.0256888	200000
C:\Users\isaac\phlag\caster\data\ape.fa	292600	0.381642	0.60369	7.64749	-0.0257214	200000
C:\Users\isaac\phlag\caster\data\ape.fa	292700	0.355646	0.60369	7.64749	-0.0288195	200000
C:\Users\isaac\phlag\caster\data\ape.fa	292800	0.355646	0.60369	7.70421	-0.0286308	200000
C:\Users\isaac\phlag\caster\data\ape.fa	292900	0.355646	0.60369	7.64204	-0.0288377	200000
C:\Users\isaac\phlag\caster\data\ape.fa	293000	0.325713	0.60369	7.64204	-0.0324306	200000
C:\Users\isaac\phlag\caster\data\ape.fa	293100	0.325713	0.60369	7.64204	-0.0324306	200000
C:\Users\isaac\phlag\caster\data\ape.fa	293200	0.325713	0.60369	7.64204	-0.0324306	200000
C:\Users\isaac\phlag\caster\data\ape.fa	293300	0.295622	0.665089	7.64204	-0.0429476	200000
C:\Users\isaac\phlag\caster\data\ape.fa	293400	0.295622	0.665089	7.64204	-0.0429476	200000
C:\Users\isaac\phlag\caster\data\ape.fa	293500	0.295622	0.680335	7.64204	-0.0446408	200000
C:\Users\isaac\phlag\caster\data\ape.fa	293600	0.295622	0.680335	7.6473	-0.0446135	200000
C:\Users\isaac\phlag\caster\data\ape.fa	293700	0.295622	0.680335	7.6473	-0.0446135	200000
C:\Users\isaac\phlag\caster\data\ape.fa	293800	0.321768	0.680335	7.6473	-0.0414557	200000
C:\Users\isaac\phlag\caster\data\ape.fa	293900	0.350546	0.680335	7.70485	-0.0377518	200000
C:\Users\isaac\phlag\caster\data\ape.fa	294000	0.322663	0.680335	7.77652	-0.0407394	200000
C:\Users\isaac\phlag\caster\data\ape.fa	294100	0.322663	0.680335	7.76936	-0.0407727	200000
C:\Users\isaac\phlag\caster\data\ape.fa	294200	0.29536	0.680335	7.76936	-0.044022	200000
C:\Users\isaac\phlag\caster\data\ape.fa	294300	0.29536	0.680335	7.79714	-0.0438826	200000
C:\Users\isaac\phlag\caster\data\ape.fa	294400	0.326269	0.680335	7.79714	-0.0402178	200000
C:\Users\isaac\phlag\caster\data\ape.fa	294500	0.326269	0.695034	8.00292	-0.0408639	200000
C:\Users\isaac\phlag\caster\data\ape.fa	294600	0.310814	0.757038	7.98746	-0.0492776	200000
C:\Users\isaac\phlag\caster\data\ape.fa	294700	0.326422	0.727585	7.94306	-0.0445882	200000
C:\Users\isaac\phlag\caster\data\ape.fa	294800	0.360078	0.727585	7.99892	-0.0404449	200000
C:\Users\isaac\phlag\caster\data\ape.fa	294900	0.360078	0.727585	7.96835	-0.0405815	200000
C:\Users\isaac\phlag\caster\data\ape.fa	295000	0.360078	0.712272	8.0296	-0.0386944	200000
C:\Users\isaac\phlag\caster\data\ape.fa	295100	0.360078	0.712272	8.0305	-0.0386905	200000
C:\Users\isaac\phlag\caster\data\ape.fa	295200	0.360078	0.712272	8.0305	-0.0386905	200000
C:\Users\isaac\phlag\caster\data\ape.fa	295300	0.360078	0.712272	8.14256	-0.03822	200000
C:\Users\isaac\phlag\caster\data\ape.fa	295400	0.360078	0.712272	8.08091	-0.0384775	200000
C:\Users\isaac\phlag\caster\data\ape.fa	295500	0.360078	0.712272	8.08091	-0.0384775	200000
C:\Users\isaac\phlag\caster\data\ape.fa	295600	0.360078	0.712272	8.08091	-0.0384775	200000
C:\Users\isaac\phlag\caster\data\ape.fa	295700	0.360078	0.712272	7.96135	-0.0389867	200000
C:\Users\isaac\phlag\caster\data\ape.fa	295800	0.360078	0.712272	7.90461	-0.0392331	200000
C:\Users\isaac\phlag\caster\data\ape.fa	295900	0.332556	0.712272	8.03178	-0.0418346	200000
C:\Users\isaac\phlag\caster\data\ape.fa	296000	0.332556	0.712272	8.02821	-0.0418511	200000
C:\Users\isaac\phlag\caster\data\ape.fa	296100	0.355308	0.712272	8.08671	-0.0389942	200000
C:\Users\isaac\phlag\caster\data\ape.fa	296200	0.355308	0.712272	7.96838	-0.0395049	200000
C:\Users\isaac\phlag\caster\data\ape.fa	296300	0.355308	0.727418	7.96838	-0.0411121	200000
C:\Users\isaac\phlag\caster\data\ape.fa	296400	0.355308	0.727418	8.02955	-0.0408361	200000
C:\Users\isaac\phlag\caster\data\ape.fa	296500	0.320598	0.727418	8.05633	-0.0446841	200000
C:\Users\isaac\phlag\caster\data\ape.fa	296600	0.351291	0.727418	7.98451	-0.0415004	200000
C:\Users\isaac\phlag\caster\data\ape.fa	296700	0.351291	0.712473	7.98451	-0.0399172	200000
C:\Users\isaac\phlag\caster\data\ape.fa	296800	0.375569	0.712473	7.98451	-0.0371345	200000
C:\Users\isaac\phlag\caster\data\ape.fa	296900	0.375569	0.712473	7.98451	-0.0371345	200000
C:\Users\isaac\phlag\caster\data\ape.fa	297000	0.314007	0.712473	8.03985	-0.0439501	200000
C:\Users\isaac\phlag\caster\data\ape.fa	297100	0.314007	0.712473	8.04399	-0.0439301	200000
C:\Users\isaac\phlag\caster\data\ape.fa	297200	0.344122	0.712473	8.04399	-0.0404756	200000
C:\Users\isaac\phlag\caster\data\ape.fa	297300	0.344122	0.712473	8.04399	-0.0404756	200000
C:\Users\isaac\phlag\caster\data\ape.fa	297400	0.344122	0.712473	7.93085	-0.0409851	200000
C:\Users\isaac\phlag\caster\data\ape.fa	297500	0.344122	0.712473	8.0097	-0.0406286	200000
C:\Users\isaac\phlag\caster\data\ape.fa	297600	0.344122	0.712473	8.06204	-0.0403955	200000
C:\Users\isaac\phlag\caster\data\ape.fa	297700	0.344122	0.712473	8.11973	-0.0401415	200000
C:\Users\isaac\phlag\caster\data\ape.fa	297800	0.344122	0.712473	8.06201	-0.0403956	200000
C:\Users\isaac\phlag\caster\data\ape.fa	297900	0.344122	0.712473	8.12421	-0.0401219	200000
C:\Users\isaac\phlag\caster\data\ape.fa	298000	0.344122	0.716016	8.12421	-0.0404922	200000
C:\Users\isaac\phlag\caster\data\ape.fa	298100	0.344122	0.716016	8.17882	-0.0402528	200000
C:\Users\isaac\phlag\caster\data\ape.fa	298200	0.344122	0.716016	8.14816	-0.0403869	200000
C:\Users\isaac\phlag\caster\data\ape.fa	298300	0.344122	0.716016	8.20802	-0.040126	200000
C:\Users\isaac\phlag\caster\data\ape.fa	298400	0.344122	0.700416	8.20802	-0.0385077	200000
C:\Users\isaac\phlag\caster\data\ape.fa	298500	0.344122	0.714806	8.14808	-0.0402611	200000
C:\Users\isaac\phlag\caster\data\ape.fa	298600	0.344122	0.714806	8.14808	-0.0402611	200000
C:\Users\isaac\phlag\caster\data\ape.fa	298700	0.340931	0.699384	8.14808	-0.0390115	200000
C:\Users\isaac\phlag\caster\data\ape.fa	298800	0.340931	0.713115	8.09353	-0.0406867	200000
C:\Users\isaac\phlag\caster\data\ape.fa	298900	0.327728	0.72839	8.02751	-0.0441082	200000
C:\Users\isaac\phlag\caster\data\ape.fa	299000	0.360338	0.72839	8.05732	-0.0402417	200000
C:\Users\isaac\phlag\caster\data\ape.fa	299100	0.360338	0.72839	7.99546	-0.0405157	200000
C:\Users\isaac\phlag\caster\data\ape.fa	299200	0.360338	0.754937	7.99546	-0.0433114	200000
C:\Users\isaac\phlag\caster\data\ape.fa	299300	0.360338	0.754937	7.93338	-0.0436085	200000
C:\Users\isaac\phlag\caster\data\ape.fa	299400	0.360338	0.767317	7.93338	-0.0449152	200000
C:\Users\isaac\phlag\caster\data\ape.fa	299500	0.360338	0.767317	7.84499	-0.0453577	200000
C:\Users\isaac\phlag\caster\data\ape.fa	299600	0.360338	0.767317	7.84499	-0.0453577	200000
C:\Users\isaac\phlag\caster\data\ape.fa	299700	0.360338	0.767317	7.78961	-0.0456394	200000
C:\Users\isaac\phlag\caster\data\ape.fa	299800	0.360338	0.767317	7.84758	-0.0453446	200000
C:\Users\isaac\phlag\caster\data\ape.fa	299900	0.360338	0.752557	7.78855	-0.0440624	200000
C:\Users\isaac\phlag\caster\data\ape.fa	300000	0.360338	0.767209	7.81785	-0.0454838	200000
C:\Users\isaac\phlag\caster\data\ape.fa	300100	0.421107	0.767209	7.84752	-0.0383032	200000
C:\Users\isaac\phlag\caster\data\ape.fa	300200	0.421107	0.767209	7.90892	-0.0380447	200000
C:\Users\isaac\phlag\caster\data\ape.fa	300300	0.421107	0.767209	7.90584	-0.0380576	200000
C:\Users\isaac\phlag\caster\data\ape.fa	300400	0.421107	0.767209	7.87395	-0.0381915	200000
C:\Users\isaac\phlag\caster\data\ape.fa	300500	0.421107	0.796099	7.87395	-0.041248	200000
C:\Users\isaac\phlag\caster\data\ape.fa	300600	0.421107	0.796099	7.87395	-0.041248	200000
C:\Users\isaac\phlag\caster\data\ape.fa	300700	0.421107	0.796099	7.87395	-0.041248	200000
C:\Users\isaac\phlag\caster\data\ape.fa	300800	0.385779	0.796099	7.87395	-0.04531	200000
C:\Users\isaac\phlag\caster\data\ape.fa	300900	0.385779	0.796099	7.87395	-0.04531	200000
C:\Users\isaac\phlag\caster\data\ape.fa	301000	0.385779	0.796099	7.78167	-0.0457765	200000
C:\Users\isaac\phlag\caster\data\ape.fa	301100	0.385779	0.810652	7.81458	-0.0471504	200000
C:\Users\isaac\phlag\caster\data\ape.fa	301200	0.385779	0.810652	7.81458	-0.0471504	200000
C:\Users\isaac\phlag\caster\data\ape.fa	301300	0.385779	0.810652	7.78488	-0.0473063	200000
C:\Users\isaac\phlag\caster\data\ape.fa	301400	0.385779	0.810652	7.72961	-0.0475993	200000
C:\Users\isaac\phlag\caster\data\ape.fa	301500	0.385779	0.861246	7.72961	-0.0529672	200000
C:\Users\isaac\phlag\caster\data\ape.fa	301600	0.385779	0.861246	7.75819	-0.052799	200000
C:\Users\isaac\phlag\caster\data\ape.fa	301700	0.385779	0.861246	7.75819	-0.052799	200000
C:\Users\isaac\phlag\caster\data\ape.fa	301800	0.385779	0.861246	7.75819	-0.052799	200000
C:\Users\isaac\phlag\caster\data\ape.fa	301900	0.385779	0.861246	7.78903	-0.0526188	200000
C:\Users\isaac\phlag\caster\data\ape.fa	302000	0.355927	0.861246	7.72817	-0.0564895	200000
C:\Users\isaac\phlag\caster\data\ape.fa	302100	0.355927	0.861246	7.84481	-0.0557624	200000
C:\Users\isaac\phlag\caster\data\ape.fa	302200	0.355927	0.861246	7.81756	-0.0559307	200000
C:\Users\isaac\phlag\caster\data\ape.fa	302300	0.326624	0.861246	7.81756	-0.0593666	200000
C:\Users\isaac\phlag\caster\data\ape.fa	302400	0.326624	0.861246	7.84243	-0.0592031	200000
C:\Users\isaac\phlag\caster\data\ape.fa	302500	0.326624	0.861246	7.86698	-0.0590425	200000
C:\Users\isaac\phlag\caster\data\ape.fa	302600	0.357813	0.861246	7.86883	-0.055396	200000
C:\Users\isaac\phlag\caster\data\ape.fa	302700	0.357813	0.877723	7.86883	-0.0571055	200000
C:\Users\isaac\phlag\caster\data\ape.fa	302800	0.357813	0.877723	7.86883	-0.0571055	200000
C:\Users\isaac\phlag\caster\data\ape.fa	302900	0.357813	0.877723	7.92707	-0.0567425	200000
C:\Users\isaac\phlag\caster\data\ape.fa	303000	0.357813	0.879893	7.8851	-0.0572279	200000
C:\Users\isaac\phlag\caster\data\ape.fa	303100	0.357813	0.879893	7.8851	-0.0572279	200000
C:\Users\isaac\phlag\caster\data\ape.fa	303200	0.357813	0.880754	7.8851	-0.057317	200000
C:\Users\isaac\phlag\caster\data\ape.fa	303300	0.357813	0.880754	7.9648	-0.0568206	200000
C:\Users\isaac\phlag\caster\data\ape.fa	303400	0.357813	0.880754	7.9648	-0.0568206	200000
C:\Users\isaac\phlag\caster\data\ape.fa	303500	0.357813	0.880754	7.9215	-0.0570892	200000
C:\Users\isaac\phlag\caster\data\ape.fa	303600	0.357813	0.880754	7.9215	-0.0570892	200000
C:\Users\isaac\phlag\caster\data\ape.fa	303700	0.357813	0.880754	7.9215	-0.0570892	200000
C:\Users\isaac\phlag\caster\data\ape.fa	303800	0.357813	0.880754	7.9215	-0.0570892	200000
C:\Users\isaac\phlag\caster\data\ape.fa	303900	0.357813	0.862837	7.9215	-0.0552413	200000
C:\Users\isaac\phlag\caster\data\ape.fa	304000	0.357813	0.862837	7.9215	-0.0552413	200000
C:\Users\isaac\phlag\caster\data\ape.fa	304100	0.357813	0.920208	7.9215	-0.0611331	200000
C:\Users\isaac\phlag\caster\data\ape.fa	304200	0.357813	0.920208	7.9215	-0.0611331	200000
C:\Users\isaac\phlag\caster\data\ape.fa	304300	0.357813	0.904082	7.9215	-0.0594844	200000
C:\Users\isaac\phlag\caster\data\ape.fa	304400	0.357813	0.904082	8.04049	-0.0587236	200000
C:\Users\isaac\phlag\caster\data\ape.fa	304500	0.357813	0.903974	8.04049	-0.0587126	200000
C:\Users\isaac\phlag\caster\data\ape.fa	304600	0.357813	0.903974	8.0959	-0.0583649	200000
C:\Users\isaac\phlag\caster\data\ape.fa	304700	0.357806	0.903974	8.00418	-0.0589435	200000
C:\Users\isaac\phlag\caster\data\ape.fa	304800	0.357806	0.903974	8.00418	-0.0589435	200000
C:\Users\isaac\phlag\caster\data\ape.fa	304900	0.328434	0.903974	8.03451	-0.062107	200000
C:\Users\isaac\phlag\caster\data\ape.fa	305000	0.328434	0.903974	8.03084	-0.0621316	200000
C:\Users\isaac\phlag\caster\data\ape.fa	305100	0.328434	0.888047	8.03084	-0.0605162	200000
C:\Users\isaac\phlag\caster\data\ape.fa	305200	0.328434	0.888047	7.9263	-0.0612082	200000
C:\Users\isaac\phlag\caster\data\ape.fa	305300	0.328434	0.901496	7.98009	-0.0622216	200000
C:\Users\isaac\phlag\caster\data\ape.fa	305400	0.328434	0.901496	7.95288	-0.062406	200000
C:\Users\isaac\phlag\caster\data\ape.fa	305500	0.328434	0.916326	7.85361	-0.0646151	200000
C:\Users\isaac\phlag\caster\data\ape.fa	305600	0.328434	0.916326	7.85361	-0.0646151	200000
C:\Users\isaac\phlag\caster\data\ape.fa	305700	0.328434	0.916326	7.9449	-0.0639732	200000
C:\Users\isaac\phlag\caster\data\ape.fa	305800	0.355968	0.916326	8.00363	-0.0604099	200000
C:\Users\isaac\phlag\caster\data\ape.fa	305900	0.355968	0.97839	8.02647	-0.0664922	200000
C:\Users\isaac\phlag\caster\data\ape.fa	306000	0.355968	0.993899	8.02647	-0.0680363	200000
C:\Users\isaac\phlag\caster\data\ape.fa	306100	0.355968	0.993899	8.02647	-0.0680363	200000
C:\Users\isaac\phlag\caster\data\ape.fa	306200	0.355968	0.993899	7.91937	-0.0688224	200000
C:\Users\isaac\phlag\caster\data\ape.fa	306300	0.355968	0.993899	7.81826	-0.0695814	200000
C:\Users\isaac\phlag\caster\data\ape.fa	306400	0.355968	1.08436	7.81826	-0.0786722	200000
C:\Users\isaac\phlag\caster\data\ape.fa	306500	0.355968	1.09898	7.78907	-0.0803772	200000
C:\Users\isaac\phlag\caster\data\ape.fa	306600	0.331453	1.09898	7.82153	-0.0829578	200000
C:\Users\isaac\phlag\caster\data\ape.fa	306700	0.331453	1.11294	7.684	-0.0856101	200000
C:\Users\isaac\phlag\caster\data\ape.fa	306800	0.331453	1.11294	7.684	-0.0856101	200000
C:\Users\isaac\phlag\caster\data\ape.fa	306900	0.331453	1.11294	7.65308	-0.0859011	200000
C:\Users\isaac\phlag\caster\data\ape.fa	307000	0.331453	1.08213	7.65308	-0.0827958	200000
C:\Users\isaac\phlag\caster\data\ape.fa	307100	0.331453	1.08213	7.59978	-0.0832853	200000
C:\Users\isaac\phlag\caster\data\ape.fa	307200	0.301537	1.08213	7.5701	-0.0871809	200000
C:\Users\isaac\phlag\caster\data\ape.fa	307300	0.301537	1.08213	7.44737	-0.0883925	200000
C:\Users\isaac\phlag\caster\data\ape.fa	307400	0.301537	1.08213	7.41763	-0.0886911	200000
C:\Users\isaac\phlag\caster\data\ape.fa	307500	0.301537	1.04949	7.41763	-0.0852981	200000
C:\Users\isaac\phlag\caster\data\ape.fa	307600	0.301537	1.04949	7.52569	-0.0842598	200000
C:\Users\isaac\phlag\caster\data\ape.fa	307700	0.301537	1.04949	7.52651	-0.084252	200000
C:\Users\isaac\phlag\caster\data\ape.fa	307800	0.301537	1.04949	7.58943	-0.083659	200000
C:\Users\isaac\phlag\caster\data\ape.fa	307900	0.274998	1.0621	7.58943	-0.0881753	200000
C:\Users\isaac\phlag\caster\data\ape.fa	308000	0.276546	1.0621	7.6193	-0.0876933	200000
C:\Users\isaac\phlag\caster\data\ape.fa	308100	0.276546	1.0621	7.6193	-0.0876933	200000
C:\Users\isaac\phlag\caster\data\ape.fa	308200	0.276546	1.0621	7.67637	-0.0871381	200000
C:\Users\isaac\phlag\caster\data\ape.fa	308300	0.276546	1.0621	7.71054	-0.0868091	200000
C:\Users\isaac\phlag\caster\data\ape.fa	308400	0.276546	1.0621	7.77719	-0.0861744	200000
C:\Users\isaac\phlag\caster\data\ape.fa	308500	0.276546	1.0621	7.77719	-0.0861744	200000
C:\Users\isaac\phlag\caster\data\ape.fa	308600	0.306002	1.04865	7.89328	-0.0803044	200000
C:\Users\isaac\phlag\caster\data\ape.fa	308700	0.306002	1.04865	7.95518	-0.0797705	200000
C:\Users\isaac\phlag\caster\data\ape.fa	308800	0.306002	1.04865	8.0099	-0.0793043	200000
C:\Users\isaac\phlag\caster\data\ape.fa	308900	0.30354	1.04865	7.95497	-0.0800579	200000
C:\Users\isaac\phlag\caster\data\ape.fa	309000	0.30354	1.04865	7.98847	-0.0797707	200000
C:\Users\isaac\phlag\caster\data\ape.fa	309100	0.30354	1.04865	7.98847	-0.0797707	200000
C:\Users\isaac\phlag\caster\data\ape.fa	309200	0.30354	1.04865	7.98847	-0.0797707	200000
C:\Users\isaac\phlag\caster\data\ape.fa	309300	0.30354	1.04865	7.82586	-0.0811841	200000
C:\Users\isaac\phlag\caster\data\ape.fa	309400	0.274089	1.04865	7.7375	-0.0854903	200000
C:\Users\isaac\phlag\caster\data\ape.fa	309500	0.274089	1.06205	7.7375	-0.0868402	200000
C:\Users\isaac\phlag\caster\data\ape.fa	309600	0.274089	1.10504	7.73749	-0.0911469	200000
C:\Users\isaac\phlag\caster\data\ape.fa	309700	0.296612	1.10109	7.73749	-0.0880632	200000
C:\Users\isaac\phlag\caster\data\ape.fa	309800	0.267184	1.07098	7.73749	-0.0885662	200000
C:\Users\isaac\phlag\caster\data\ape.fa	309900	0.267184	1.07098	7.98083	-0.0862535	200000
C:\Users\isaac\phlag\caster\data\ape.fa	310000	0.267184	1.07098	7.99933	-0.0860826	200000
C:\Users\isaac\phlag\caster\data\ape.fa	310100	0.267184	1.07098	7.99933	-0.0860826	200000
C:\Users\isaac\phlag\caster\data\ape.fa	310200	0.267184	1.07098	8.08704	-0.0852816	200000
C:\Users\isaac\phlag\caster\data\ape.fa	310300	0.267184	1.07098	8.08704	-0.0852816	200000
C:\Users\isaac\phlag\caster\data\ape.fa	310400	0.232922	1.10063	8.08704	-0.0921074	200000
C:\Users\isaac\phlag\caster\data\ape.fa	310500	0.232922	1.10063	8.08704	-0.0921074	200000
C:\Users\isaac\phlag\caster\data\ape.fa	310600	0.232922	1.10063	7.97109	-0.0932551	200000
C:\Users\isaac\phlag\caster\data\ape.fa	310700	0.232922	1.10063	8.0283	-0.0926853	200000
C:\Users\isaac\phlag\caster\data\ape.fa	310800	0.232922	1.10063	8.0283	-0.0926853	200000
C:\Users\isaac\phlag\caster\data\ape.fa	310900	0.199908	1.10063	8.05525	-0.0962741	200000
C:\Users\isaac\phlag\caster\data\ape.fa	311000	0.199908	1.04195	8.0832	-0.0902992	200000
C:\Users\isaac\phlag\caster\data\ape.fa	311100	0.199908	1.04195	8.13731	-0.0897783	200000
C:\Users\isaac\phlag\caster\data\ape.fa	311200	0.199908	1.04195	8.25544	-0.0886616	200000
C:\Users\isaac\phlag\caster\data\ape.fa	311300	0.199908	1.07468	8.18823	-0.0924432	200000
C:\Users\isaac\phlag\caster\data\ape.fa	311400	0.199908	1.16786	8.18823	-0.101292	200000
C:\Users\isaac\phlag\caster\data\ape.fa	311500	0.199908	1.13614	8.18813	-0.0983002	200000
C:\Users\isaac\phlag\caster\data\ape.fa	311600	0.167516	1.13614	8.13465	-0.102627	200000
C:\Users\isaac\phlag\caster\data\ape.fa	311700	0.17077	1.12188	8.0491	-0.101813	200000
C:\Users\isaac\phlag\caster\data\ape.fa	311800	0.17077	1.12188	7.9563	-0.102834	200000
C:\Users\isaac\phlag\caster\data\ape.fa	311900	0.17077	1.12188	7.89657	-0.103503	200000
C:\Users\isaac\phlag\caster\data\ape.fa	312000	0.17077	1.12188	7.81781	-0.104397	200000
C:\Users\isaac\phlag\caster\data\ape.fa	312100	0.17077	1.12188	7.81781	-0.104397	200000
C:\Users\isaac\phlag\caster\data\ape.fa	312200	0.216587	1.12188	7.83308	-0.0987064	200000
C:\Users\isaac\phlag\caster\data\ape.fa	312300	0.216587	1.12188	7.83308	-0.0987064	200000
C:\Users\isaac\phlag\caster\data\ape.fa	312400	0.216587	1.12188	7.83308	-0.0987064	200000
C:\Users\isaac\phlag\caster\data\ape.fa	312500	0.216587	1.12188	7.83308	-0.0987064	200000
C:\Users\isaac\phlag\caster\data\ape.fa	312600	0.216587	1.1795	7.83486	-0.104314	200000
C:\Users\isaac\phlag\caster\data\ape.fa	312700	0.216587	1.19352	7.80767	-0.105983	200000
C:\Users\isaac\phlag\caster\data\ape.fa	312800	0.216587	1.19352	7.80767	-0.105983	200000
C:\Users\isaac\phlag\caster\data\ape.fa	312900	0.216587	1.19352	7.80767	-0.105983	200000
C:\Users\isaac\phlag\caster\data\ape.fa	313000	0.216587	1.19352	7.80767	-0.105983	200000
C:\Users\isaac\phlag\caster\data\ape.fa	313100	0.216587	1.17793	7.80767	-0.104469	200000
C:\Users\isaac\phlag\caster\data\ape.fa	313200	0.216587	1.14952	7.80767	-0.101696	200000
C:\Users\isaac\phlag\caster\data\ape.fa	313300	0.216587	1.08842	7.74657	-0.0963182	200000
C:\Users\isaac\phlag\caster\data\ape.fa	313400	0.276842	0.973749	7.74657	-0.0774586	200000
C:\Users\isaac\phlag\caster\data\ape.fa	313500	0.276842	0.973749	7.6557	-0.0782489	200000
C:\Users\isaac\phlag\caster\data\ape.fa	313600	0.276842	0.973749	7.68531	-0.0779896	200000
C:\Users\isaac\phlag\caster\data\ape.fa	313700	0.276842	0.913928	7.68531	-0.0717756	200000
C:\Users\isaac\phlag\caster\data\ape.fa	313800	0.306614	0.913928	7.71594	-0.0679589	200000
C:\Users\isaac\phlag\caster\data\ape.fa	313900	0.306614	0.913928	7.74442	-0.067743	200000
C:\Users\isaac\phlag\caster\data\ape.fa	314000	0.367174	0.913928	7.74442	-0.0605786	200000
C:\Users\isaac\phlag\caster\data\ape.fa	314100	0.367174	0.899988	7.74442	-0.0591254	200000
C:\Users\isaac\phlag\caster\data\ape.fa	314200	0.367174	0.899988	7.69534	-0.0594492	200000
C:\Users\isaac\phlag\caster\data\ape.fa	314300	0.367174	0.899988	7.66313	-0.0596636	200000
C:\Users\isaac\phlag\caster\data\ape.fa	314400	0.367174	0.900483	7.66313	-0.0597157	200000
C:\Users\isaac\phlag\caster\data\ape.fa	314500	0.367174	0.900483	7.66313	-0.0597157	200000
C:\Users\isaac\phlag\caster\data\ape.fa	314600	0.396577	0.900483	7.66313	-0.0562383	200000
C:\Users\isaac\phlag\caster\data\ape.fa	314700	0.396577	0.900483	7.61577	-0.0565371	200000
C:\Users\isaac\phlag\caster\data\ape.fa	314800	0.396577	0.900483	7.61577	-0.0565371	200000
C:\Users\isaac\phlag\caster\data\ape.fa	314900	0.396577	0.900483	7.58553	-0.0567296	200000
C:\Users\isaac\phlag\caster\data\ape.fa	315000	0.396577	0.900483	7.55604	-0.0569186	200000
C:\Users\isaac\phlag\caster\data\ape.fa	315100	0.396577	0.900483	7.4951	-0.0573131	200000
C:\Users\isaac\phlag\caster\data\ape.fa	315200	0.362849	0.900483	7.4951	-0.0613848	200000
C:\Users\isaac\phlag\caster\data\ape.fa	315300	0.362849	0.900483	7.49132	-0.0614113	200000
C:\Users\isaac\phlag\caster\data\ape.fa	315400	0.362849	0.900483	7.49132	-0.0614113	200000
C:\Users\isaac\phlag\caster\data\ape.fa	315500	0.362849	0.884321	7.49132	-0.0596754	200000
C:\Users\isaac\phlag\caster\data\ape.fa	315600	0.362849	0.884321	7.49132	-0.0596754	200000
C:\Users\isaac\phlag\caster\data\ape.fa	315700	0.362849	0.884321	7.49132	-0.0596754	200000
C:\Users\isaac\phlag\caster\data\ape.fa	315800	0.336907	0.899547	7.49132	-0.0644655	200000
C:\Users\isaac\phlag\caster\data\ape.fa	315900	0.336907	0.899547	7.49132	-0.0644655	200000
C:\Users\isaac\phlag\caster\data\ape.fa	316000	0.394574	0.899547	7.49132	-0.0574784	200000
C:\Users\isaac\phlag\caster\data\ape.fa	316100	0.394574	0.899547	7.46185	-0.0576719	200000
C:\Users\isaac\phlag\caster\data\ape.fa	316200	0.394574	0.899547	7.46185	-0.0576719	200000
C:\Users\isaac\phlag\caster\data\ape.fa	316300	0.362972	0.930226	7.51978	-0.0643657	200000
C:\Users\isaac\phlag\caster\data\ape.fa	316400	0.362972	0.896325	7.55347	-0.0605205	200000
C:\Users\isaac\phlag\caster\data\ape.fa	316500	0.362972	0.896325	7.55347	-0.0605205	200000
C:\Users\isaac\phlag\caster\data\ape.fa	316600	0.362972	0.86511	7.58463	-0.0569788	200000
C:\Users\isaac\phlag\caster\data\ape.fa	316700	0.362972	0.850506	7.61029	-0.0552523	200000
C:\Users\isaac\phlag\caster\data\ape.fa	316800	0.362972	0.850617	7.72482	-0.0545561	200000
C:\Users\isaac\phlag\caster\data\ape.fa	316900	0.362972	0.936243	7.73657	-0.0634445	200000
C:\Users\isaac\phlag\caster\data\ape.fa	317000	0.392668	0.936243	7.70592	-0.0601644	200000
C:\Users\isaac\phlag\caster\data\ape.fa	317100	0.392668	0.951656	7.67573	-0.0619717	200000
C:\Users\isaac\phlag\caster\data\ape.fa	317200	0.392668	0.951656	7.67573	-0.0619717	200000
C:\Users\isaac\phlag\caster\data\ape.fa	317300	0.392668	0.951656	7.61544	-0.0623888	200000
C:\Users\isaac\phlag\caster\data\ape.fa	317400	0.392668	0.951656	7.61544	-0.0623888	200000
C:\Users\isaac\phlag\caster\data\ape.fa	317500	0.392668	0.951656	7.58531	-0.0625993	200000
C:\Users\isaac\phlag\caster\data\ape.fa	317600	0.392668	0.951656	7.58531	-0.0625993	200000
C:\Users\isaac\phlag\caster\data\ape.fa	317700	0.392668	0.951656	7.69184	-0.0618613	200000
C:\Users\isaac\phlag\caster\data\ape.fa	317800	0.392668	0.951656	7.69184	-0.0618613	200000
C:\Users\isaac\phlag\caster\data\ape.fa	317900	0.336157	1.00796	7.69184	-0.0743473	200000
C:\Users\isaac\phlag\caster\data\ape.fa	318000	0.336157	1.00796	7.71695	-0.0741413	200000
C:\Users\isaac\phlag\caster\data\ape.fa	318100	0.336157	1.0062	7.77016	-0.0735295	200000
C:\Users\isaac\phlag\caster\data\ape.fa	318200	0.336157	1.0062	7.77016	-0.0735295	200000
C:\Users\isaac\phlag\caster\data\ape.fa	318300	0.336157	1.0062	7.77016	-0.0735295	200000
C:\Users\isaac\phlag\caster\data\ape.fa	318400	0.336157	1.0478	7.7398	-0.0779992	200000
C:\Users\isaac\phlag\caster\data\ape.fa	318500	0.336157	1.01472	7.7398	-0.0746441	200000
C:\Users\isaac\phlag\caster\data\ape.fa	318600	0.336157	1.01472	7.7398	-0.0746441	200000
C:\Users\isaac\phlag\caster\data\ape.fa	318700	0.336157	1.01472	7.62839	-0.0755702	200000
C:\Users\isaac\phlag\caster\data\ape.fa	318800	0.336157	0.984862	7.62839	-0.0724858	200000
C:\Users\isaac\phlag\caster\data\ape.fa	318900	0.362229	1.00003	7.59944	-0.0711699	200000
C:\Users\isaac\phlag\caster\data\ape.fa	319000	0.362229	1.00003	7.63588	-0.0708817	200000
C:\Users\isaac\phlag\caster\data\ape.fa	319100	0.362229	1.00003	7.69506	-0.0704186	200000
C:\Users\isaac\phlag\caster\data\ape.fa	319200	0.362229	0.944822	7.75084	-0.0643188	200000
C:\Users\isaac\phlag\caster\data\ape.fa	319300	0.39221	0.944822	7.75084	-0.0608077	200000
C:\Users\isaac\phlag\caster\data\ape.fa	319400	0.421052	0.944822	7.69179	-0.0578262	200000
C:\Users\isaac\phlag\caster\data\ape.fa	319500	0.471899	0.970246	7.69179	-0.0545599	200000
C:\Users\isaac\phlag\caster\data\ape.fa	319600	0.471899	0.970246	7.71996	-0.0543922	200000
C:\Users\isaac\phlag\caster\data\ape.fa	319700	0.501854	0.970246	7.77987	-0.0506261	200000
C:\Users\isaac\phlag\caster\data\ape.fa	319800	0.501854	0.970246	7.77987	-0.0506261	200000
C:\Users\isaac\phlag\caster\data\ape.fa	319900	0.501854	0.970246	7.72165	-0.0509467	200000
C:\Users\isaac\phlag\caster\data\ape.fa	320000	0.501854	0.970246	7.72165	-0.0509467	200000
C:\Users\isaac\phlag\caster\data\ape.fa	320100	0.502115	0.970246	7.72165	-0.0509169	200000
C:\Users\isaac\phlag\caster\data\ape.fa	320200	0.502115	1.03024	7.72165	-0.0570702	200000
C:\Users\isaac\phlag\caster\data\ape.fa	320300	0.502115	1.03024	7.72165	-0.0570702	200000
C:\Users\isaac\phlag\caster\data\ape.fa	320400	0.502115	1.03024	7.783	-0.0566944	200000
C:\Users\isaac\phlag\caster\data\ape.fa	320500	0.502115	0.973868	7.783	-0.0509509	200000
C:\Users\isaac\phlag\caster\data\ape.fa	320600	0.473585	0.973868	7.78076	-0.0542124	200000
C:\Users\isaac\phlag\caster\data\ape.fa	320700	0.473585	1.03302	7.78076	-0.0602363	200000
C:\Users\isaac\phlag\caster\data\ape.fa	320800	0.473585	0.982252	7.75537	-0.0552225	200000
C:\Users\isaac\phlag\caster\data\ape.fa	320900	0.473585	0.982252	7.75537	-0.0552225	200000
C:\Users\isaac\phlag\caster\data\ape.fa	321000	0.443403	0.982252	7.75537	-0.0586915	200000
C:\Users\isaac\phlag\caster\data\ape.fa	321100	0.444377	0.982252	7.72535	-0.0587713	200000
C:\Users\isaac\phlag\caster\data\ape.fa	321200	0.444377	0.982252	7.72416	-0.058779	200000
C:\Users\isaac\phlag\caster\data\ape.fa	321300	0.444377	0.982252	7.67132	-0.0591204	200000
C:\Users\isaac\phlag\caster\data\ape.fa	321400	0.444377	0.982252	7.67132	-0.0591204	200000
C:\Users\isaac\phlag\caster\data\ape.fa	321500	0.444377	0.982252	7.64173	-0.0593133	200000
C:\Users\isaac\phlag\caster\data\ape.fa	321600	0.444377	0.982252	7.70243	-0.0589189	200000
C:\Users\isaac\phlag\caster\data\ape.fa	321700	0.444377	0.982252	7.70243	-0.0589189	200000
C:\Users\isaac\phlag\caster\data\ape.fa	321800	0.444377	0.997485	7.70243	-0.0604867	200000
C:\Users\isaac\phlag\caster\data\ape.fa	321900	0.444377	1.01534	7.70243	-0.0623173	200000
C:\Users\isaac\phlag\caster\data\ape.fa	322000	0.444501	1.01534	7.75867	-0.0619228	200000
C:\Users\isaac\phlag\caster\data\ape.fa	322100	0.444501	0.957098	7.75867	-0.0559587	200000
C:\Users\isaac\phlag\caster\data\ape.fa	322200	0.444501	0.957098	7.84825	-0.0554168	200000
C:\Users\isaac\phlag\caster\data\ape.fa	322300	0.444501	0.957098	7.9685	-0.0547056	200000
C:\Users\isaac\phlag\caster\data\ape.fa	322400	0.444501	0.957098	7.9685	-0.0547056	200000
C:\Users\isaac\phlag\caster\data\ape.fa	322500	0.475809	0.926074	7.9685	-0.0480519	200000
C:\Users\isaac\phlag\caster\data\ape.fa	322600	0.506497	0.926074	7.94103	-0.0447615	200000
C:\Users\isaac\phlag\caster\data\ape.fa	322700	0.506497	0.926074	7.94103	-0.0447615	200000
C:\Users\isaac\phlag\caster\data\ape.fa	322800	0.506497	0.911226	7.94103	-0.043246	200000
C:\Users\isaac\phlag\caster\data\ape.fa	322900	0.506497	0.911226	7.94103	-0.043246	200000
C:\Users\isaac\phlag\caster\data\ape.fa	323000	0.449857	0.958134	7.98794	-0.0540955	200000
C:\Users\isaac\phlag\caster\data\ape.fa	323100	0.449857	0.958134	8.04804	-0.0537517	200000
C:\Users\isaac\phlag\caster\data\ape.fa	323200	0.449857	0.89893	8.04804	-0.0477899	200000
C:\Users\isaac\phlag\caster\data\ape.fa	323300	0.449857	0.914671	8.16731	-0.0487644	200000
C:\Users\isaac\phlag\caster\data\ape.fa	323400	0.449857	0.914671	8.04789	-0.0493831	200000
C:\Users\isaac\phlag\caster\data\ape.fa	323500	0.449857	1.0682	8.04789	-0.0646399	200000
C:\Users\isaac\phlag\caster\data\ape.fa	323600	0.449857	1.14785	8.07444	-0.0721654	200000
C:\Users\isaac\phlag\caster\data\ape.fa	323700	0.449857	1.16331	8.10808	-0.0733916	200000
C:\Users\isaac\phlag\caster\data\ape.fa	323800	0.449857	1.16331	7.98289	-0.074349	200000
C:\Users\isaac\phlag\caster\data\ape.fa	323900	0.421864	1.14932	7.9269	-0.0765896	200000
C:\Users\isaac\phlag\caster\data\ape.fa	324000	0.421864	1.14932	7.95629	-0.0763534	200000
C:\Users\isaac\phlag\caster\data\ape.fa	324100	0.421864	1.14932	8.01685	-0.0758711	200000
C:\Users\isaac\phlag\caster\data\ape.fa	324200	0.421864	1.14932	8.01685	-0.0758711	200000
C:\Users\isaac\phlag\caster\data\ape.fa	324300	0.451696	1.16423	8.01685	-0.0739702	200000
C:\Users\isaac\phlag\caster\data\ape.fa	324400	0.451696	1.17902	8.01685	-0.0753895	200000
C:\Users\isaac\phlag\caster\data\ape.fa	324500	0.451696	1.17902	8.0409	-0.075202	200000
C:\Users\isaac\phlag\caster\data\ape.fa	324600	0.451696	1.17902	8.06415	-0.0750217	200000
C:\Users\isaac\phlag\caster\data\ape.fa	324700	0.48102	1.17902	8.06628	-0.0717641	200000
C:\Users\isaac\phlag\caster\data\ape.fa	324800	0.48102	1.17902	8.06628	-0.0717641	200000
C:\Users\isaac\phlag\caster\data\ape.fa	324900	0.48102	1.23901	8.06628	-0.0774538	200000
C:\Users\isaac\phlag\caster\data\ape.fa	325000	0.48102	1.29972	8.12699	-0.0826321	200000
C:\Users\isaac\phlag\caster\data\ape.fa	325100	0.48102	1.29972	8.1865	-0.0821388	200000
C:\Users\isaac\phlag\caster\data\ape.fa	325200	0.48102	1.26935	8.15614	-0.0795773	200000
C:\Users\isaac\phlag\caster\data\ape.fa	325300	0.48102	1.28415	8.06849	-0.0816716	200000
C:\Users\isaac\phlag\caster\data\ape.fa	325400	0.451621	1.28415	8.12728	-0.0844089	200000
C:\Users\isaac\phlag\caster\data\ape.fa	325500	0.451621	1.2997	8.18419	-0.0853588	200000
C:\Users\isaac\phlag\caster\data\ape.fa	325600	0.451621	1.2994	8.21532	-0.0850644	200000
C:\Users\isaac\phlag\caster\data\ape.fa	325700	0.451621	1.2994	8.3324	-0.0840767	200000
C:\Users\isaac\phlag\caster\data\ape.fa	325800	0.451621	1.2994	8.36509	-0.083805	200000
C:\Users\isaac\phlag\caster\data\ape.fa	325900	0.451621	1.2994	8.42406	-0.0833193	200000
C:\Users\isaac\phlag\caster\data\ape.fa	326000	0.451621	1.28407	8.42087	-0.0819613	200000
C:\Users\isaac\phlag\caster\data\ape.fa	326100	0.451621	1.28407	8.49849	-0.0813397	200000
C:\Users\isaac\phlag\caster\data\ape.fa	326200	0.451621	1.34638	8.49849	-0.0868992	200000
C:\Users\isaac\phlag\caster\data\ape.fa	326300	0.451621	1.34638	8.44223	-0.0873766	200000
C:\Users\isaac\phlag\caster\data\ape.fa	326400	0.451621	1.34638	8.47164	-0.0871264	200000
C:\Users\isaac\phlag\caster\data\ape.fa	326500	0.451621	1.34638	8.50519	-0.0868427	200000
C:\Users\isaac\phlag\caster\data\ape.fa	326600	0.419866	1.34638	8.50519	-0.0902028	200000
C:\Users\isaac\phlag\caster\data\ape.fa	326700	0.419866	1.34638	8.47422	-0.0904756	200000
C:\Users\isaac\phlag\caster\data\ape.fa	326800	0.419866	1.34638	8.52859	-0.0899978	200000
C:\Users\isaac\phlag\caster\data\ape.fa	326900	0.384338	1.34638	8.61352	-0.0930025	200000
C:\Users\isaac\phlag\caster\data\ape.fa	327000	0.355554	1.34638	8.61352	-0.0960524	200000
C:\Users\isaac\phlag\caster\data\ape.fa	327100	0.355554	1.34638	8.61352	-0.0960524	200000
C:\Users\isaac\phlag\caster\data\ape.fa	327200	0.355554	1.34477	8.61352	-0.0959115	200000
C:\Users\isaac\phlag\caster\data\ape.fa	327300	0.370395	1.34477	8.62836	-0.0942015	200000
C:\Users\isaac\phlag\caster\data\ape.fa	327400	0.373978	1.34477	8.62836	-0.0938226	200000
C:\Users\isaac\phlag\caster\data\ape.fa	327500	0.358308	1.34477	8.64365	-0.0953405	200000
C:\Users\isaac\phlag\caster\data\ape.fa	327600	0.358308	1.32832	8.64365	-0.0938995	200000
C:\Users\isaac\phlag\caster\data\ape.fa	327700	0.358308	1.32832	8.61818	-0.0941316	200000
C:\Users\isaac\phlag\caster\data\ape.fa	327800	0.358308	1.34388	8.52711	-0.0963475	200000
C:\Users\isaac\phlag\caster\data\ape.fa	327900	0.358308	1.34388	8.43385	-0.097234	200000
C:\Users\isaac\phlag\caster\data\ape.fa	328000	0.358308	1.34388	8.40424	-0.0975189	200000
C:\Users\isaac\phlag\caster\data\ape.fa	328100	0.358308	1.34388	8.34913	-0.0980535	200000
C:\Users\isaac\phlag\caster\data\ape.fa	328200	0.358308	1.40347	8.34913	-0.103369	200000
C:\Users\isaac\phlag\caster\data\ape.fa	328300	0.358308	1.40347	8.34913	-0.103369	200000
C:\Users\isaac\phlag\caster\data\ape.fa	328400	0.358308	1.40347	8.42468	-0.102603	200000
C:\Users\isaac\phlag\caster\data\ape.fa	328500	0.358308	1.37441	8.45589	-0.0997292	200000
C:\Users\isaac\phlag\caster\data\ape.fa	328600	0.358308	1.35763	8.45589	-0.0982437	200000
C:\Users\isaac\phlag\caster\data\ape.fa	328700	0.358308	1.32183	8.51136	-0.0945418	200000
C:\Users\isaac\phlag\caster\data\ape.fa	328800	0.358308	1.32183	8.56764	-0.0940225	200000
C:\Users\isaac\phlag\caster\data\ape.fa	328900	0.358308	1.32183	8.56696	-0.0940288	200000
C:\Users\isaac\phlag\caster\data\ape.fa	329000	0.358308	1.32183	8.56696	-0.0940288	200000
C:\Users\isaac\phlag\caster\data\ape.fa	329100	0.328205	1.23486	8.56696	-0.0895018	200000
C:\Users\isaac\phlag\caster\data\ape.fa	329200	0.296995	1.23486	8.49757	-0.0935115	200000
C:\Users\isaac\phlag\caster\data\ape.fa	329300	0.296995	1.23486	8.36611	-0.0947535	200000
C:\Users\isaac\phlag\caster\data\ape.fa	329400	0.296995	1.23486	8.46074	-0.0938561	200000
C:\Users\isaac\phlag\caster\data\ape.fa	329500	0.296995	1.22086	8.46074	-0.0925849	200000
C:\Users\isaac\phlag\caster\data\ape.fa	329600	0.296995	1.22086	8.43019	-0.0928693	200000
C:\Users\isaac\phlag\caster\data\ape.fa	329700	0.296995	1.22086	8.36937	-0.0934405	200000
C:\Users\isaac\phlag\caster\data\ape.fa	329800	0.296995	1.25007	8.40008	-0.0958141	200000
C:\Users\isaac\phlag\caster\data\ape.fa	329900	0.296995	1.25007	8.33876	-0.0964085	200000
C:\Users\isaac\phlag\caster\data\ape.fa	330000	0.327988	1.25007	8.2085	-0.0942194	200000
C:\Users\isaac\phlag\caster\data\ape.fa	330100	0.327988	1.25007	8.2085	-0.0942194	200000
C:\Users\isaac\phlag\caster\data\ape.fa	330200	0.327988	1.25007	8.2085	-0.0942194	200000
C:\Users\isaac\phlag\caster\data\ape.fa	330300	0.327988	1.25007	8.2085	-0.0942194	200000
C:\Users\isaac\phlag\caster\data\ape.fa	330400	0.327988	1.25007	8.23952	-0.0939218	200000
C:\Users\isaac\phlag\caster\data\ape.fa	330500	0.327988	1.26533	8.23952	-0.0953277	200000
C:\Users\isaac\phlag\caster\data\ape.fa	330600	0.353922	1.23529	8.23952	-0.0896725	200000
C:\Users\isaac\phlag\caster\data\ape.fa	330700	0.353922	1.23529	8.23952	-0.0896725	200000
C:\Users\isaac\phlag\caster\data\ape.fa	330800	0.353922	1.23539	8.23952	-0.0896822	200000
C:\Users\isaac\phlag\caster\data\ape.fa	330900	0.324575	1.22072	8.18082	-0.092138	200000
C:\Users\isaac\phlag\caster\data\ape.fa	331000	0.324575	1.22072	8.1811	-0.0921354	200000
C:\Users\isaac\phlag\caster\data\ape.fa	331100	0.324575	1.21723	8.28812	-0.09081	200000
C:\Users\isaac\phlag\caster\data\ape.fa	331200	0.292156	1.20279	8.28812	-0.0930823	200000
C:\Users\isaac\phlag\caster\data\ape.fa	331300	0.292156	1.20279	8.22727	-0.0936649	200000
C:\Users\isaac\phlag\caster\data\ape.fa	331400	0.292156	1.18648	8.22727	-0.0921423	200000
C:\Users\isaac\phlag\caster\data\ape.fa	331500	0.292156	1.18648	8.22727	-0.0921423	200000
C:\Users\isaac\phlag\caster\data\ape.fa	331600	0.292156	1.18648	8.22727	-0.0921423	200000
C:\Users\isaac\phlag\caster\data\ape.fa	331700	0.292156	1.18648	8.24819	-0.0919442	200000
C:\Users\isaac\phlag\caster\data\ape.fa	331800	0.292156	1.18648	8.24819	-0.0919442	200000
C:\Users\isaac\phlag\caster\data\ape.fa	331900	0.292156	1.18648	8.19628	-0.0924375	200000
C:\Users\isaac\phlag\caster\data\ape.fa	332000	0.292156	1.18648	8.13278	-0.0930483	200000
C:\Users\isaac\phlag\caster\data\ape.fa	332100	0.292156	1.2176	8.10752	-0.0962276	200000
C:\Users\isaac\phlag\caster\data\ape.fa	332200	0.292156	1.2176	8.04604	-0.0968468	200000
C:\Users\isaac\phlag\caster\data\ape.fa	332300	0.292156	1.2176	8.07573	-0.0965468	200000
C:\Users\isaac\phlag\caster\data\ape.fa	332400	0.353738	1.2176	8.07573	-0.0895469	200000
C:\Users\isaac\phlag\caster\data\ape.fa	332500	0.353738	1.2176	8.07573	-0.0895469	200000
C:\Users\isaac\phlag\caster\data\ape.fa	332600	0.353738	1.2176	8.07573	-0.0895469	200000
C:\Users\isaac\phlag\caster\data\ape.fa	332700	0.353738	1.2176	8.09948	-0.0893271	200000
C:\Users\isaac\phlag\caster\data\ape.fa	332800	0.353738	1.23296	8.13009	-0.0904847	200000
C:\Users\isaac\phlag\caster\data\ape.fa	332900	0.324219	1.23296	8.13009	-0.0938076	200000
C:\Users\isaac\phlag\caster\data\ape.fa	333000	0.293524	1.23296	8.22239	-0.0963634	200000
C:\Users\isaac\phlag\caster\data\ape.fa	333100	0.318607	1.23296	8.17717	-0.0939846	200000
C:\Users\isaac\phlag\caster\data\ape.fa	333200	0.318607	1.23296	8.17717	-0.0939846	200000
C:\Users\isaac\phlag\caster\data\ape.fa	333300	0.318607	1.23296	8.17717	-0.0939846	200000
C:\Users\isaac\phlag\caster\data\ape.fa	333400	0.318607	1.26247	8.14706	-0.0970244	200000
C:\Users\isaac\phlag\caster\data\ape.fa	333500	0.318607	1.26247	8.16574	-0.0968384	200000
C:\Users\isaac\phlag\caster\data\ape.fa	333600	0.318607	1.26247	8.16574	-0.0968384	200000
C:\Users\isaac\phlag\caster\data\ape.fa	333700	0.318607	1.26247	8.16574	-0.0968384	200000
C:\Users\isaac\phlag\caster\data\ape.fa	333800	0.345546	1.26247	8.11361	-0.0943184	200000
C:\Users\isaac\phlag\caster\data\ape.fa	333900	0.314722	1.26247	8.14412	-0.0974921	200000
C:\Users\isaac\phlag\caster\data\ape.fa	334000	0.314722	1.26247	8.11517	-0.0977834	200000
C:\Users\isaac\phlag\caster\data\ape.fa	334100	0.314722	1.26247	8.23137	-0.0966249	200000
C:\Users\isaac\phlag\caster\data\ape.fa	334200	0.314722	1.26247	8.35139	-0.0954569	200000
C:\Users\isaac\phlag\caster\data\ape.fa	334300	0.314722	1.26247	8.38688	-0.095117	200000
C:\Users\isaac\phlag\caster\data\ape.fa	334400	0.314722	1.26247	8.38688	-0.095117	200000
C:\Users\isaac\phlag\caster\data\ape.fa	334500	0.329974	1.26247	8.43263	-0.0930168	200000
C:\Users\isaac\phlag\caster\data\ape.fa	334600	0.329974	1.14262	8.43263	-0.0820423	200000
C:\Users\isaac\phlag\caster\data\ape.fa	334700	0.329974	1.14262	8.51561	-0.0813606	200000
C:\Users\isaac\phlag\caster\data\ape.fa	334800	0.329974	1.12694	8.43802	-0.0805428	200000
C:\Users\isaac\phlag\caster\data\ape.fa	334900	0.329974	1.12694	8.40724	-0.0807941	200000
C:\Users\isaac\phlag\caster\data\ape.fa	335000	0.329974	1.12694	8.40724	-0.0807941	200000
C:\Users\isaac\phlag\caster\data\ape.fa	335100	0.329974	1.12694	8.40724	-0.0807941	200000
C:\Users\isaac\phlag\caster\data\ape.fa	335200	0.329974	1.12694	8.46478	-0.0803255	200000
C:\Users\isaac\phlag\caster\data\ape.fa	335300	0.329974	1.12694	8.46478	-0.0803255	200000
C:\Users\isaac\phlag\caster\data\ape.fa	335400	0.275284	1.12694	8.46478	-0.0863134	200000
C:\Users\isaac\phlag\caster\data\ape.fa	335500	0.275284	1.12694	8.46478	-0.0863134	200000
C:\Users\isaac\phlag\caster\data\ape.fa	335600	0.305072	1.12694	8.46478	-0.0830438	200000
C:\Users\isaac\phlag\caster\data\ape.fa	335700	0.335479	1.12694	8.43333	-0.0799798	200000
C:\Users\isaac\phlag\caster\data\ape.fa	335800	0.335479	1.12694	8.43333	-0.0799798	200000
C:\Users\isaac\phlag\caster\data\ape.fa	335900	0.3039	1.12694	8.48991	-0.0829614	200000
C:\Users\isaac\phlag\caster\data\ape.fa	336000	0.3039	1.11166	8.54042	-0.0811333	200000
C:\Users\isaac\phlag\caster\data\ape.fa	336100	0.3039	1.11166	8.54042	-0.0811333	200000
C:\Users\isaac\phlag\caster\data\ape.fa	336200	0.3039	1.11166	8.54042	-0.0811333	200000
C:\Users\isaac\phlag\caster\data\ape.fa	336300	0.3039	1.14032	8.54042	-0.0837709	200000
C:\Users\isaac\phlag\caster\data\ape.fa	336400	0.3039	1.14032	8.54042	-0.0837709	200000
C:\Users\isaac\phlag\caster\data\ape.fa	336500	0.3039	1.14032	8.56674	-0.0835506	200000
C:\Users\isaac\phlag\caster\data\ape.fa	336600	0.303922	1.14032	8.56674	-0.0835483	200000
C:\Users\isaac\phlag\caster\data\ape.fa	336700	0.303922	1.16527	8.47904	-0.0865835	200000
C:\Users\isaac\phlag\caster\data\ape.fa	336800	0.303922	1.16527	8.47904	-0.0865835	200000
C:\Users\isaac\phlag\caster\data\ape.fa	336900	0.303922	1.16527	8.47904	-0.0865835	200000
C:\Users\isaac\phlag\caster\data\ape.fa	337000	0.303922	1.16527	8.48215	-0.0865564	200000
C:\Users\isaac\phlag\caster\data\ape.fa	337100	0.303922	1.16527	8.47851	-0.0865881	200000
C:\Users\isaac\phlag\caster\data\ape.fa	337200	0.303922	1.16527	8.50879	-0.0863254	200000
C:\Users\isaac\phlag\caster\data\ape.fa	337300	0.273194	1.16527	8.50879	-0.0896811	200000
C:\Users\isaac\phlag\caster\data\ape.fa	337400	0.273194	1.16527	8.50879	-0.0896811	200000
C:\Users\isaac\phlag\caster\data\ape.fa	337500	0.273194	1.16527	8.5135	-0.0896386	200000
C:\Users\isaac\phlag\caster\data\ape.fa	337600	0.273194	1.20803	8.48278	-0.0938218	200000
C:\Users\isaac\phlag\caster\data\ape.fa	337700	0.273194	1.20803	8.48278	-0.0938218	200000
C:\Users\isaac\phlag\caster\data\ape.fa	337800	0.274465	1.20803	8.53872	-0.0931593	200000
C:\Users\isaac\phlag\caster\data\ape.fa	337900	0.274465	1.20803	8.53872	-0.0931593	200000
C:\Users\isaac\phlag\caster\data\ape.fa	338000	0.274465	1.20803	8.61666	-0.0924403	200000
C:\Users\isaac\phlag\caster\data\ape.fa	338100	0.274465	1.20803	8.64666	-0.0921665	200000
C:\Users\isaac\phlag\caster\data\ape.fa	338200	0.274465	1.20803	8.64666	-0.0921665	200000
C:\Users\isaac\phlag\caster\data\ape.fa	338300	0.261649	1.20803	8.66647	-0.0933673	200000
C:\Users\isaac\phlag\caster\data\ape.fa	338400	0.261649	1.32708	8.66647	-0.103892	200000
C:\Users\isaac\phlag\caster\data\ape.fa	338500	0.261649	1.30096	8.66647	-0.101604	200000
C:\Users\isaac\phlag\caster\data\ape.fa	338600	0.261649	1.31604	8.72083	-0.102383	200000
C:\Users\isaac\phlag\caster\data\ape.fa	338700	0.261649	1.31604	8.66073	-0.102984	200000
C:\Users\isaac\phlag\caster\data\ape.fa	338800	0.261649	1.31604	8.66073	-0.102984	200000
C:\Users\isaac\phlag\caster\data\ape.fa	338900	0.230932	1.31604	8.69003	-0.105999	200000
C:\Users\isaac\phlag\caster\data\ape.fa	339000	0.230932	1.31604	8.69003	-0.105999	200000
C:\Users\isaac\phlag\caster\data\ape.fa	339100	0.230932	1.31604	8.63868	-0.106533	200000
C:\Users\isaac\phlag\caster\data\ape.fa	339200	0.230932	1.37367	8.63868	-0.11156	200000
C:\Users\isaac\phlag\caster\data\ape.fa	339300	0.230932	1.37367	8.63532	-0.111596	200000
C:\Users\isaac\phlag\caster\data\ape.fa	339400	0.230932	1.37367	8.66621	-0.111261	200000
C:\Users\isaac\phlag\caster\data\ape.fa	339500	0.230932	1.37367	8.66226	-0.111304	200000
C:\Users\isaac\phlag\caster\data\ape.fa	339600	0.230932	1.37364	8.66226	-0.111301	200000
C:\Users\isaac\phlag\caster\data\ape.fa	339700	0.230712	1.38837	8.66226	-0.112598	200000
C:\Users\isaac\phlag\caster\data\ape.fa	339800	0.262216	1.37382	8.63315	-0.108247	200000
C:\Users\isaac\phlag\caster\data\ape.fa	339900	0.262216	1.37382	8.57144	-0.108901	200000
C:\Users\isaac\phlag\caster\data\ape.fa	340000	0.30798	1.37382	8.58669	-0.103797	200000
C:\Users\isaac\phlag\caster\data\ape.fa	340100	0.30798	1.37382	8.67169	-0.102945	200000
C:\Users\isaac\phlag\caster\data\ape.fa	340200	0.30798	1.37382	8.67169	-0.102945	200000
C:\Users\isaac\phlag\caster\data\ape.fa	340300	0.336307	1.37382	8.67169	-0.0999356	200000
C:\Users\isaac\phlag\caster\data\ape.fa	340400	0.336307	1.37382	8.67289	-0.099924	200000
C:\Users\isaac\phlag\caster\data\ape.fa	340500	0.336307	1.37382	8.63946	-0.100247	200000
C:\Users\isaac\phlag\caster\data\ape.fa	340600	0.336307	1.38679	8.63946	-0.101373	200000
C:\Users\isaac\phlag\caster\data\ape.fa	340700	0.336307	1.38679	8.63946	-0.101373	200000
C:\Users\isaac\phlag\caster\data\ape.fa	340800	0.336307	1.38679	8.51841	-0.102571	200000
C:\Users\isaac\phlag\caster\data\ape.fa	340900	0.365421	1.38679	8.51841	-0.0994452	200000
C:\Users\isaac\phlag\caster\data\ape.fa	341000	0.365421	1.38679	8.52833	-0.0993493	200000
C:\Users\isaac\phlag\caster\data\ape.fa	341100	0.365421	1.38679	8.52833	-0.0993493	200000
C:\Users\isaac\phlag\caster\data\ape.fa	341200	0.365421	1.38679	8.47106	-0.0999059	200000
C:\Users\isaac\phlag\caster\data\ape.fa	341300	0.426551	1.44792	8.25735	-0.100808	200000
C:\Users\isaac\phlag\caster\data\ape.fa	341400	0.426551	1.44792	8.21844	-0.101196	200000
C:\Users\isaac\phlag\caster\data\ape.fa	341500	0.426551	1.44792	8.21844	-0.101196	200000
C:\Users\isaac\phlag\caster\data\ape.fa	341600	0.426533	1.46264	8.16246	-0.103078	200000
C:\Users\isaac\phlag\caster\data\ape.fa	341700	0.396478	1.39532	8.21818	-0.0997849	200000
C:\Users\isaac\phlag\caster\data\ape.fa	341800	0.396478	1.41042	8.21863	-0.101136	200000
C:\Users\isaac\phlag\caster\data\ape.fa	341900	0.396478	1.41042	8.21863	-0.101136	200000
C:\Users\isaac\phlag\caster\data\ape.fa	342000	0.396478	1.41042	8.27849	-0.100536	200000
C:\Users\isaac\phlag\caster\data\ape.fa	342100	0.396478	1.41042	8.21621	-0.101161	200000
C:\Users\isaac\phlag\caster\data\ape.fa	342200	0.396478	1.39709	8.18955	-0.10023	200000
C:\Users\isaac\phlag\caster\data\ape.fa	342300	0.396478	1.39709	8.18955	-0.10023	200000
C:\Users\isaac\phlag\caster\data\ape.fa	342400	0.367273	1.39709	8.24753	-0.102859	200000
C:\Users\isaac\phlag\caster\data\ape.fa	342500	0.396505	1.42632	8.19029	-0.102847	200000
C:\Users\isaac\phlag\caster\data\ape.fa	342600	0.396505	1.42632	8.14046	-0.103361	200000
C:\Users\isaac\phlag\caster\data\ape.fa	342700	0.422501	1.42632	8.14046	-0.10049	200000
C:\Users\isaac\phlag\caster\data\ape.fa	342800	0.422501	1.42632	8.08375	-0.101064	200000
C:\Users\isaac\phlag\caster\data\ape.fa	342900	0.422501	1.42632	8.08377	-0.101063	200000
C:\Users\isaac\phlag\caster\data\ape.fa	343000	0.422501	1.4854	8.08377	-0.106379	200000
C:\Users\isaac\phlag\caster\data\ape.fa	343100	0.422501	1.4854	8.05318	-0.106705	200000
C:\Users\isaac\phlag\caster\data\ape.fa	343200	0.422501	1.4854	8.05318	-0.106705	200000
C:\Users\isaac\phlag\caster\data\ape.fa	343300	0.422501	1.424	8.10426	-0.100646	200000
C:\Users\isaac\phlag\caster\data\ape.fa	343400	0.422501	1.424	8.10426	-0.100646	200000
C:\Users\isaac\phlag\caster\data\ape.fa	343500	0.422501	1.5085	8.10426	-0.108219	200000
C:\Users\isaac\phlag\caster\data\ape.fa	343600	0.452564	1.5085	8.04397	-0.105541	200000
C:\Users\isaac\phlag\caster\data\ape.fa	343700	0.452564	1.5085	8.07427	-0.105222	200000
C:\Users\isaac\phlag\caster\data\ape.fa	343800	0.426418	1.5085	8.13519	-0.107455	200000
C:\Users\isaac\phlag\caster\data\ape.fa	343900	0.39764	1.5085	8.07764	-0.111267	200000
C:\Users\isaac\phlag\caster\data\ape.fa	344000	0.39764	1.5085	8.00597	-0.112071	200000
C:\Users\isaac\phlag\caster\data\ape.fa	344100	0.459364	1.5085	7.95579	-0.105721	200000
C:\Users\isaac\phlag\caster\data\ape.fa	344200	0.459364	1.5085	7.95579	-0.105721	200000
C:\Users\isaac\phlag\caster\data\ape.fa	344300	0.459364	1.59247	7.92801	-0.113539	200000
C:\Users\isaac\phlag\caster\data\ape.fa	344400	0.428456	1.62162	7.92801	-0.119578	200000
C:\Users\isaac\phlag\caster\data\ape.fa	344500	0.486829	1.60692	7.72223	-0.114109	200000
C:\Users\isaac\phlag\caster\data\ape.fa	344600	0.486829	1.60692	7.72223	-0.114109	200000
C:\Users\isaac\phlag\caster\data\ape.fa	344700	0.486829	1.63637	7.72266	-0.116754	200000
C:\Users\isaac\phlag\caster\data\ape.fa	344800	0.486829	1.63637	7.66679	-0.11742	200000
C:\Users\isaac\phlag\caster\data\ape.fa	344900	0.486829	1.63422	7.72594	-0.116522	200000
C:\Users\isaac\phlag\caster\data\ape.fa	345000	0.517532	1.64953	7.7261	-0.114423	200000
C:\Users\isaac\phlag\caster\data\ape.fa	345100	0.517532	1.64953	7.75212	-0.114122	200000
C:\Users\isaac\phlag\caster\data\ape.fa	345200	0.517532	1.64953	7.75212	-0.114122	200000
C:\Users\isaac\phlag\caster\data\ape.fa	345300	0.517532	1.64953	7.66805	-0.115098	200000
C:\Users\isaac\phlag\caster\data\ape.fa	345400	0.486416	1.64953	7.72572	-0.117943	200000
C:\Users\isaac\phlag\caster\data\ape.fa	345500	0.486416	1.64953	7.72572	-0.117943	200000
C:\Users\isaac\phlag\caster\data\ape.fa	345600	0.486416	1.64953	7.75516	-0.117592	200000
C:\Users\isaac\phlag\caster\data\ape.fa	345700	0.486416	1.64953	7.93774	-0.115461	200000
C:\Users\isaac\phlag\caster\data\ape.fa	345800	0.486416	1.64953	7.93774	-0.115461	200000
C:\Users\isaac\phlag\caster\data\ape.fa	345900	0.486416	1.665	7.8774	-0.117519	200000
C:\Users\isaac\phlag\caster\data\ape.fa	346000	0.457819	1.665	7.90585	-0.120373	200000
C:\Users\isaac\phlag\caster\data\ape.fa	346100	0.457819	1.665	7.84735	-0.121079	200000
C:\Users\isaac\phlag\caster\data\ape.fa	346200	0.457819	1.665	7.84735	-0.121079	200000
C:\Users\isaac\phlag\caster\data\ape.fa	346300	0.457819	1.64985	7.84735	-0.119742	200000
C:\Users\isaac\phlag\caster\data\ape.fa	346400	0.457819	1.64985	7.84735	-0.119742	200000
C:\Users\isaac\phlag\caster\data\ape.fa	346500	0.492528	1.64985	7.87964	-0.115478	200000
C:\Users\isaac\phlag\caster\data\ape.fa	346600	0.461836	1.64985	7.81825	-0.11964	200000
C:\Users\isaac\phlag\caster\data\ape.fa	346700	0.461836	1.66479	7.90806	-0.11988	200000
C:\Users\isaac\phlag\caster\data\ape.fa	346800	0.464308	1.66123	7.87417	-0.119695	200000
C:\Users\isaac\phlag\caster\data\ape.fa	346900	0.464308	1.66123	8.07347	-0.117356	200000
C:\Users\isaac\phlag\caster\data\ape.fa	347000	0.464308	1.64628	8.01813	-0.116695	200000
C:\Users\isaac\phlag\caster\data\ape.fa	347100	0.489102	1.64628	8.00728	-0.11409	200000
C:\Users\isaac\phlag\caster\data\ape.fa	347200	0.52026	1.64628	8.06039	-0.110104	200000
C:\Users\isaac\phlag\caster\data\ape.fa	347300	0.45775	1.64628	8.03149	-0.117264	200000
C:\Users\isaac\phlag\caster\data\ape.fa	347400	0.45775	1.64628	8.03149	-0.117264	200000
C:\Users\isaac\phlag\caster\data\ape.fa	347500	0.45775	1.64628	7.95264	-0.118184	200000
C:\Users\isaac\phlag\caster\data\ape.fa	347600	0.45775	1.64628	7.93154	-0.118432	200000
C:\Users\isaac\phlag\caster\data\ape.fa	347700	0.45775	1.64628	7.87385	-0.119117	200000
C:\Users\isaac\phlag\caster\data\ape.fa	347800	0.45775	1.64628	7.90379	-0.11876	200000
C:\Users\isaac\phlag\caster\data\ape.fa	347900	0.45775	1.64628	7.84159	-0.119503	200000
C:\Users\isaac\phlag\caster\data\ape.fa	348000	0.45775	1.64283	7.89942	-0.118508	200000
C:\Users\isaac\phlag\caster\data\ape.fa	348100	0.45775	1.64283	7.99221	-0.117418	200000
C:\Users\isaac\phlag\caster\data\ape.fa	348200	0.45775	1.64283	8.05295	-0.116716	200000
C:\Users\isaac\phlag\caster\data\ape.fa	348300	0.45775	1.64283	8.01951	-0.117102	200000
C:\Users\isaac\phlag\caster\data\ape.fa	348400	0.45775	1.68858	8.01951	-0.121075	200000
C:\Users\isaac\phlag\caster\data\ape.fa	348500	0.45775	1.71729	8.04906	-0.123193	200000
C:\Users\isaac\phlag\caster\data\ape.fa	348600	0.472024	1.71729	8.12042	-0.120785	200000
C:\Users\isaac\phlag\caster\data\ape.fa	348700	0.475215	1.71729	8.12042	-0.120439	200000
C:\Users\isaac\phlag\caster\data\ape.fa	348800	0.475215	1.70356	8.12042	-0.119266	200000
C:\Users\isaac\phlag\caster\data\ape.fa	348900	0.505808	1.70356	8.12042	-0.115951	200000
C:\Users\isaac\phlag\caster\data\ape.fa	349000	0.505808	1.70356	8.11988	-0.115957	200000
C:\Users\isaac\phlag\caster\data\ape.fa	349100	0.534929	1.68877	8.18174	-0.110888	200000
C:\Users\isaac\phlag\caster\data\ape.fa	349200	0.534929	1.68877	8.18174	-0.110888	200000
C:\Users\isaac\phlag\caster\data\ape.fa	349300	0.534929	1.68877	8.18174	-0.110888	200000
C:\Users\isaac\phlag\caster\data\ape.fa	349400	0.565562	1.67639	8.18174	-0.106568	200000
C:\Users\isaac\phlag\caster\data\ape.fa	349500	0.565562	1.67639	8.244	-0.105935	200000
C:\Users\isaac\phlag\caster\data\ape.fa	349600	0.565562	1.67639	8.30237	-0.105348	200000
C:\Users\isaac\phlag\caster\data\ape.fa	349700	0.565562	1.67639	8.33121	-0.105061	200000
C:\Users\isaac\phlag\caster\data\ape.fa	349800	0.565562	1.69001	8.27326	-0.106797	200000
C:\Users\isaac\phlag\caster\data\ape.fa	349900	0.624711	1.70479	8.27326	-0.101868	200000
C:\Users\isaac\phlag\caster\data\ape.fa	350000	0.624711	1.69014	8.24396	-0.100904	200000
C:\Users\isaac\phlag\caster\data\ape.fa	350100	0.563942	1.69014	8.21429	-0.107581	200000
C:\Users\isaac\phlag\caster\data\ape.fa	350200	0.563942	1.69014	8.15288	-0.108216	200000
C:\Users\isaac\phlag\caster\data\ape.fa	350300	0.563942	1.69014	8.09671	-0.108803	200000
C:\Users\isaac\phlag\caster\data\ape.fa	350400	0.563942	1.69014	8.1286	-0.108469	200000
C:\Users\isaac\phlag\caster\data\ape.fa	350500	0.563942	1.64514	8.1286	-0.104588	200000
C:\Users\isaac\phlag\caster\data\ape.fa	350600	0.563942	1.64514	8.15388	-0.104333	200000
C:\Users\isaac\phlag\caster\data\ape.fa	350700	0.563942	1.64514	8.21474	-0.103723	200000
C:\Users\isaac\phlag\caster\data\ape.fa	350800	0.59927	1.64514	8.21474	-0.0999955	200000
C:\Users\isaac\phlag\caster\data\ape.fa	350900	0.59927	1.63076	8.21474	-0.0987568	200000
C:\Users\isaac\phlag\caster\data\ape.fa	351000	0.59927	1.63076	8.24415	-0.0984795	200000
C:\Users\isaac\phlag\caster\data\ape.fa	351100	0.59927	1.63076	8.18347	-0.0990533	200000
C:\Users\isaac\phlag\caster\data\ape.fa	351200	0.59927	1.63076	8.18347	-0.0990533	200000
C:\Users\isaac\phlag\caster\data\ape.fa	351300	0.59927	1.63076	8.21382	-0.0987654	200000
C:\Users\isaac\phlag\caster\data\ape.fa	351400	0.59927	1.63076	8.30452	-0.0979151	200000
C:\Users\isaac\phlag\caster\data\ape.fa	351500	0.59927	1.58017	8.30452	-0.0935618	200000
C:\Users\isaac\phlag\caster\data\ape.fa	351600	0.59927	1.58017	8.18499	-0.0946408	200000
C:\Users\isaac\phlag\caster\data\ape.fa	351700	0.568253	1.58017	8.18499	-0.0979265	200000
C:\Users\isaac\phlag\caster\data\ape.fa	351800	0.568253	1.58017	8.18499	-0.0979265	200000
C:\Users\isaac\phlag\caster\data\ape.fa	351900	0.568253	1.58017	8.12396	-0.0985083	200000
C:\Users\isaac\phlag\caster\data\ape.fa	352000	0.566718	1.58017	8.15506	-0.0983745	200000
C:\Users\isaac\phlag\caster\data\ape.fa	352100	0.566718	1.58017	7.98196	-0.100056	200000
C:\Users\isaac\phlag\caster\data\ape.fa	352200	0.566718	1.58017	8.00921	-0.0997873	200000
C:\Users\isaac\phlag\caster\data\ape.fa	352300	0.537632	1.59455	8.00921	-0.104218	200000
C:\Users\isaac\phlag\caster\data\ape.fa	352400	0.537632	1.65429	7.98378	-0.109737	200000
C:\Users\isaac\phlag\caster\data\ape.fa	352500	0.537632	1.65429	7.95922	-0.110003	200000
C:\Users\isaac\phlag\caster\data\ape.fa	352600	0.537632	1.65429	7.95922	-0.110003	200000
C:\Users\isaac\phlag\caster\data\ape.fa	352700	0.537632	1.65429	7.95922	-0.110003	200000
C:\Users\isaac\phlag\caster\data\ape.fa	352800	0.537632	1.65429	7.95922	-0.110003	200000
C:\Users\isaac\phlag\caster\data\ape.fa	352900	0.537632	1.65429	7.90097	-0.110638	200000
C:\Users\isaac\phlag\caster\data\ape.fa	353000	0.537632	1.65212	7.94295	-0.109989	200000
C:\Users\isaac\phlag\caster\data\ape.fa	353100	0.505684	1.65212	7.94295	-0.1135	200000
C:\Users\isaac\phlag\caster\data\ape.fa	353200	0.505684	1.65212	7.94295	-0.1135	200000
C:\Users\isaac\phlag\caster\data\ape.fa	353300	0.505684	1.65212	7.86324	-0.114403	200000
C:\Users\isaac\phlag\caster\data\ape.fa	353400	0.505684	1.65146	7.86324	-0.114344	200000
C:\Users\isaac\phlag\caster\data\ape.fa	353500	0.505684	1.65146	7.89021	-0.114037	200000
C:\Users\isaac\phlag\caster\data\ape.fa	353600	0.505684	1.65146	7.89021	-0.114037	200000
C:\Users\isaac\phlag\caster\data\ape.fa	353700	0.505684	1.65146	7.89021	-0.114037	200000
C:\Users\isaac\phlag\caster\data\ape.fa	353800	0.50657	1.62189	7.89021	-0.111324	200000
C:\Users\isaac\phlag\caster\data\ape.fa	353900	0.50657	1.63981	7.89021	-0.112911	200000
C:\Users\isaac\phlag\caster\data\ape.fa	354000	0.50657	1.63981	7.89021	-0.112911	200000
C:\Users\isaac\phlag\caster\data\ape.fa	354100	0.50657	1.58244	7.91456	-0.107549	200000
C:\Users\isaac\phlag\caster\data\ape.fa	354200	0.50657	1.58244	7.94358	-0.107237	200000
C:\Users\isaac\phlag\caster\data\ape.fa	354300	0.50657	1.58244	8.0032	-0.106604	200000
C:\Users\isaac\phlag\caster\data\ape.fa	354400	0.50657	1.58244	7.84877	-0.108261	200000
C:\Users\isaac\phlag\caster\data\ape.fa	354500	0.50657	1.5658	7.84877	-0.106765	200000
C:\Users\isaac\phlag\caster\data\ape.fa	354600	0.535326	1.5658	7.85086	-0.103545	200000
C:\Users\isaac\phlag\caster\data\ape.fa	354700	0.535333	1.5658	7.85086	-0.103544	200000
C:\Users\isaac\phlag\caster\data\ape.fa	354800	0.535333	1.5658	7.88007	-0.103241	200000
C:\Users\isaac\phlag\caster\data\ape.fa	354900	0.564706	1.5658	7.82293	-0.100578	200000
C:\Users\isaac\phlag\caster\data\ape.fa	355000	0.564706	1.5658	7.76922	-0.101124	200000
C:\Users\isaac\phlag\caster\data\ape.fa	355100	0.564706	1.58173	7.76922	-0.102568	200000
C:\Users\isaac\phlag\caster\data\ape.fa	355200	0.564706	1.58173	7.76922	-0.102568	200000
C:\Users\isaac\phlag\caster\data\ape.fa	355300	0.564706	1.56828	7.71542	-0.101902	200000
C:\Users\isaac\phlag\caster\data\ape.fa	355400	0.564706	1.56828	7.6847	-0.102221	200000
C:\Users\isaac\phlag\caster\data\ape.fa	355500	0.564706	1.55345	7.6847	-0.100863	200000
C:\Users\isaac\phlag\caster\data\ape.fa	355600	0.564706	1.55345	7.74058	-0.100291	200000
C:\Users\isaac\phlag\caster\data\ape.fa	355700	0.564706	1.55345	7.68007	-0.100911	200000
C:\Users\isaac\phlag\caster\data\ape.fa	355800	0.564706	1.52367	7.61681	-0.0988093	200000
C:\Users\isaac\phlag\caster\data\ape.fa	355900	0.564706	1.52367	7.59299	-0.0990524	200000
C:\Users\isaac\phlag\caster\data\ape.fa	356000	0.593429	1.52367	7.6516	-0.0952267	200000
C:\Users\isaac\phlag\caster\data\ape.fa	356100	0.593429	1.52367	7.70821	-0.0946779	200000
C:\Users\isaac\phlag\caster\data\ape.fa	356200	0.593429	1.52367	7.73785	-0.0943932	200000
C:\Users\isaac\phlag\caster\data\ape.fa	356300	0.593429	1.52367	7.79285	-0.0938693	200000
C:\Users\isaac\phlag\caster\data\ape.fa	356400	0.593429	1.43321	7.72811	-0.0860891	200000
C:\Users\isaac\phlag\caster\data\ape.fa	356500	0.593429	1.43321	7.72778	-0.086092	200000
C:\Users\isaac\phlag\caster\data\ape.fa	356600	0.562582	1.43321	7.69693	-0.0898224	200000
C:\Users\isaac\phlag\caster\data\ape.fa	356700	0.562582	1.41925	7.75124	-0.0880158	200000
C:\Users\isaac\phlag\caster\data\ape.fa	356800	0.562582	1.41925	7.82964	-0.0873124	200000
C:\Users\isaac\phlag\caster\data\ape.fa	356900	0.562582	1.41925	7.91931	-0.0865217	200000
C:\Users\isaac\phlag\caster\data\ape.fa	357000	0.615957	1.45005	7.89231	-0.0837581	200000
C:\Users\isaac\phlag\caster\data\ape.fa	357100	0.756762	1.45005	7.89231	-0.068648	200000
C:\Users\isaac\phlag\caster\data\ape.fa	357200	0.77842	1.45005	7.92199	-0.0661672	200000
C:\Users\isaac\phlag\caster\data\ape.fa	357300	0.807401	1.45005	7.92199	-0.0631317	200000
C:\Users\isaac\phlag\caster\data\ape.fa	357400	0.807401	1.45005	7.9499	-0.0629591	200000
C:\Users\isaac\phlag\caster\data\ape.fa	357500	0.807401	1.45005	7.9499	-0.0629591	200000
C:\Users\isaac\phlag\caster\data\ape.fa	357600	0.776692	1.45005	7.90197	-0.0664798	200000
C:\Users\isaac\phlag\caster\data\ape.fa	357700	0.776692	1.45005	7.90197	-0.0664798	200000
C:\Users\isaac\phlag\caster\data\ape.fa	357800	0.776692	1.45005	7.86388	-0.0667308	200000
C:\Users\isaac\phlag\caster\data\ape.fa	357900	0.776692	1.43744	7.9252	-0.0651664	200000
C:\Users\isaac\phlag\caster\data\ape.fa	358000	0.776528	1.49592	7.86576	-0.0709588	200000
C:\Users\isaac\phlag\caster\data\ape.fa	358100	0.776528	1.49592	7.89449	-0.0707583	200000
C:\Users\isaac\phlag\caster\data\ape.fa	358200	0.776528	1.49592	7.83742	-0.0711578	200000
C:\Users\isaac\phlag\caster\data\ape.fa	358300	0.832687	1.49592	7.68559	-0.0662297	200000
C:\Users\isaac\phlag\caster\data\ape.fa	358400	0.832687	1.49592	7.62435	-0.0666372	200000
C:\Users\isaac\phlag\caster\data\ape.fa	358500	0.832687	1.49592	7.62435	-0.0666372	200000
C:\Users\isaac\phlag\caster\data\ape.fa	358600	0.832687	1.4819	7.50826	-0.0660924	200000
C:\Users\isaac\phlag\caster\data\ape.fa	358700	0.832687	1.4819	7.46688	-0.066372	200000
C:\Users\isaac\phlag\caster\data\ape.fa	358800	0.832687	1.48127	7.46911	-0.0662967	200000
C:\Users\isaac\phlag\caster\data\ape.fa	358900	0.835148	1.48127	7.4974	-0.0658382	200000
C:\Users\isaac\phlag\caster\data\ape.fa	359000	0.775924	1.48127	7.43651	-0.0727634	200000
C:\Users\isaac\phlag\caster\data\ape.fa	359100	0.775924	1.48127	7.47723	-0.0724591	200000
C:\Users\isaac\phlag\caster\data\ape.fa	359200	0.775924	1.48127	7.47723	-0.0724591	200000
C:\Users\isaac\phlag\caster\data\ape.fa	359300	0.775924	1.48127	7.47723	-0.0724591	200000
C:\Users\isaac\phlag\caster\data\ape.fa	359400	0.775924	1.41796	7.47723	-0.066387	200000
C:\Users\isaac\phlag\caster\data\ape.fa	359500	0.775924	1.40457	7.58686	-0.0643616	200000
C:\Users\isaac\phlag\caster\data\ape.fa	359600	0.775924	1.36157	7.58686	-0.0602248	200000
C:\Users\isaac\phlag\caster\data\ape.fa	359700	0.723224	1.36553	7.58686	-0.0663836	200000
C:\Users\isaac\phlag\caster\data\ape.fa	359800	0.723224	1.39563	7.61567	-0.0690746	200000
C:\Users\isaac\phlag\caster\data\ape.fa	359900	0.723224	1.39563	7.49707	-0.0699265	200000
C:\Users\isaac\phlag\caster\data\ape.fa	360000	0.723224	1.39563	7.47858	-0.0700613	200000
C:\Users\isaac\phlag\caster\data\ape.fa	360100	0.749573	1.39563	7.47858	-0.0671316	200000
C:\Users\isaac\phlag\caster\data\ape.fa	360200	0.749573	1.39563	7.4483	-0.0673434	200000
C:\Users\isaac\phlag\caster\data\ape.fa	360300	0.749573	1.39563	7.4483	-0.0673434	200000
C:\Users\isaac\phlag\caster\data\ape.fa	360400	0.783835	1.36599	7.4483	-0.0606525	200000
C:\Users\isaac\phlag\caster\data\ape.fa	360500	0.783835	1.36599	7.4483	-0.0606525	200000
C:\Users\isaac\phlag\caster\data\ape.fa	360600	0.783835	1.37952	7.50244	-0.0616281	200000
C:\Users\isaac\phlag\caster\data\ape.fa	360700	0.783835	1.37952	7.44524	-0.061995	200000
C:\Users\isaac\phlag\caster\data\ape.fa	360800	0.783835	1.37952	7.44524	-0.061995	200000
C:\Users\isaac\phlag\caster\data\ape.fa	360900	0.816849	1.40786	7.41829	-0.0612891	200000
C:\Users\isaac\phlag\caster\data\ape.fa	361000	0.816849	1.42375	7.39033	-0.0630155	200000
C:\Users\isaac\phlag\caster\data\ape.fa	361100	0.816849	1.42375	7.33623	-0.0633715	200000
C:\Users\isaac\phlag\caster\data\ape.fa	361200	0.816849	1.42306	7.33744	-0.0632965	200000
C:\Users\isaac\phlag\caster\data\ape.fa	361300	0.816849	1.42306	7.46147	-0.0624873	200000
C:\Users\isaac\phlag\caster\data\ape.fa	361400	0.816849	1.32989	7.46147	-0.0533958	200000
C:\Users\isaac\phlag\caster\data\ape.fa	361500	0.816849	1.36161	7.4321	-0.0566834	200000
C:\Users\isaac\phlag\caster\data\ape.fa	361600	0.849241	1.39167	7.4321	-0.0560762	200000
C:\Users\isaac\phlag\caster\data\ape.fa	361700	0.845987	1.39167	7.46284	-0.0562527	200000
C:\Users\isaac\phlag\caster\data\ape.fa	361800	0.845987	1.39167	7.51655	-0.0559429	200000
C:\Users\isaac\phlag\caster\data\ape.fa	361900	0.845987	1.39167	7.51655	-0.0559429	200000
C:\Users\isaac\phlag\caster\data\ape.fa	362000	0.845987	1.39167	7.51655	-0.0559429	200000
C:\Users\isaac\phlag\caster\data\ape.fa	362100	0.845987	1.39167	7.56984	-0.055639	200000
C:\Users\isaac\phlag\caster\data\ape.fa	362200	0.80017	1.39167	7.57843	-0.0605404	200000
C:\Users\isaac\phlag\caster\data\ape.fa	362300	0.80017	1.39167	7.60675	-0.0603654	200000
C:\Users\isaac\phlag\caster\data\ape.fa	362400	0.80017	1.39167	7.72316	-0.0596567	200000
C:\Users\isaac\phlag\caster\data\ape.fa	362500	0.80017	1.39167	7.72316	-0.0596567	200000
C:\Users\isaac\phlag\caster\data\ape.fa	362600	0.80017	1.33404	7.72316	-0.0541598	200000
C:\Users\isaac\phlag\caster\data\ape.fa	362700	0.80017	1.32003	7.72316	-0.052813	200000
C:\Users\isaac\phlag\caster\data\ape.fa	362800	0.80017	1.32003	7.72316	-0.052813	200000
C:\Users\isaac\phlag\caster\data\ape.fa	362900	0.80017	1.32003	7.72316	-0.052813	200000
C:\Users\isaac\phlag\caster\data\ape.fa	363000	0.80017	1.30535	7.77136	-0.0511473	200000
C:\Users\isaac\phlag\caster\data\ape.fa	363100	0.80017	1.32094	7.77136	-0.0526427	200000
C:\Users\isaac\phlag\caster\data\ape.fa	363200	0.80017	1.34934	7.77136	-0.0553554	200000
C:\Users\isaac\phlag\caster\data\ape.fa	363300	0.80017	1.34934	7.77136	-0.0553554	200000
C:\Users\isaac\phlag\caster\data\ape.fa	363400	0.739915	1.34934	7.77136	-0.0618043	200000
C:\Users\isaac\phlag\caster\data\ape.fa	363500	0.739915	1.34934	7.77136	-0.0618043	200000
C:\Users\isaac\phlag\caster\data\ape.fa	363600	0.739915	1.34934	7.74175	-0.0619904	200000
C:\Users\isaac\phlag\caster\data\ape.fa	363700	0.71286	1.34934	7.74175	-0.0649211	200000
C:\Users\isaac\phlag\caster\data\ape.fa	363800	0.71286	1.34934	7.65184	-0.0655219	200000
C:\Users\isaac\phlag\caster\data\ape.fa	363900	0.71286	1.34934	7.59251	-0.0659246	200000
C:\Users\isaac\phlag\caster\data\ape.fa	364000	0.6523	1.34934	7.59251	-0.0726529	200000
C:\Users\isaac\phlag\caster\data\ape.fa	364100	0.6523	1.34934	7.59251	-0.0726529	200000
C:\Users\isaac\phlag\caster\data\ape.fa	364200	0.683038	1.36471	7.59251	-0.0707112	200000
C:\Users\isaac\phlag\caster\data\ape.fa	364300	0.711728	1.36471	7.65341	-0.0671114	200000
C:\Users\isaac\phlag\caster\data\ape.fa	364400	0.711728	1.3931	7.65341	-0.0698255	200000
C:\Users\isaac\phlag\caster\data\ape.fa	364500	0.711728	1.3931	7.65341	-0.0698255	200000
C:\Users\isaac\phlag\caster\data\ape.fa	364600	0.682326	1.3931	7.65341	-0.0730587	200000
C:\Users\isaac\phlag\caster\data\ape.fa	364700	0.682326	1.3931	7.77071	-0.0721884	200000
C:\Users\isaac\phlag\caster\data\ape.fa	364800	0.682326	1.42115	7.77071	-0.0748238	200000
C:\Users\isaac\phlag\caster\data\ape.fa	364900	0.682326	1.42115	7.77071	-0.0748238	200000
C:\Users\isaac\phlag\caster\data\ape.fa	365000	0.682326	1.42115	7.77071	-0.0748238	200000
C:\Users\isaac\phlag\caster\data\ape.fa	365100	0.682326	1.42115	7.79869	-0.0746123	200000
C:\Users\isaac\phlag\caster\data\ape.fa	365200	0.716054	1.42115	7.79869	-0.0709644	200000
C:\Users\isaac\phlag\caster\data\ape.fa	365300	0.716054	1.42115	7.71111	-0.0715955	200000
C:\Users\isaac\phlag\caster\data\ape.fa	365400	0.716054	1.42115	7.76594	-0.0711991	200000
C:\Users\isaac\phlag\caster\data\ape.fa	365500	0.716054	1.43731	7.82612	-0.072274	200000
C:\Users\isaac\phlag\caster\data\ape.fa	365600	0.716054	1.43731	7.82612	-0.072274	200000
C:\Users\isaac\phlag\caster\data\ape.fa	365700	0.716054	1.43731	7.82612	-0.072274	200000
C:\Users\isaac\phlag\caster\data\ape.fa	365800	0.716054	1.42208	7.82612	-0.0708563	200000
C:\Users\isaac\phlag\caster\data\ape.fa	365900	0.716054	1.42208	7.82612	-0.0708563	200000
C:\Users\isaac\phlag\caster\data\ape.fa	366000	0.658387	1.42208	7.76426	-0.0775743	200000
C:\Users\isaac\phlag\caster\data\ape.fa	366100	0.658387	1.42208	7.76426	-0.0775743	200000
C:\Users\isaac\phlag\caster\data\ape.fa	366200	0.658387	1.42208	7.82421	-0.0771047	200000
C:\Users\isaac\phlag\caster\data\ape.fa	366300	0.689989	1.42208	7.82522	-0.0736715	200000
C:\Users\isaac\phlag\caster\data\ape.fa	366400	0.689989	1.48328	7.82522	-0.0793412	200000
C:\Users\isaac\phlag\caster\data\ape.fa	366500	0.689989	1.48328	7.85244	-0.0791259	200000
C:\Users\isaac\phlag\caster\data\ape.fa	366600	0.689989	1.5145	7.82128	-0.0822389	200000
C:\Users\isaac\phlag\caster\data\ape.fa	366700	0.689989	1.5291	7.82388	-0.0835522	200000
C:\Users\isaac\phlag\caster\data\ape.fa	366800	0.689989	1.5291	7.70935	-0.0845161	200000
C:\Users\isaac\phlag\caster\data\ape.fa	366900	0.689989	1.44347	7.6808	-0.0767745	200000
C:\Users\isaac\phlag\caster\data\ape.fa	367000	0.660293	1.44347	7.6808	-0.0800425	200000
C:\Users\isaac\phlag\caster\data\ape.fa	367100	0.660293	1.42806	7.6808	-0.0785911	200000
C:\Users\isaac\phlag\caster\data\ape.fa	367200	0.660293	1.42806	7.6808	-0.0785911	200000
C:\Users\isaac\phlag\caster\data\ape.fa	367300	0.660293	1.45644	7.6808	-0.0812601	200000
C:\Users\isaac\phlag\caster\data\ape.fa	367400	0.660293	1.45644	7.6808	-0.0812601	200000
C:\Users\isaac\phlag\caster\data\ape.fa	367500	0.660293	1.45644	7.6808	-0.0812601	200000
C:\Users\isaac\phlag\caster\data\ape.fa	367600	0.660293	1.45644	7.74104	-0.0807635	200000
C:\Users\isaac\phlag\caster\data\ape.fa	367700	0.660293	1.45644	7.67504	-0.0813079	200000
C:\Users\isaac\phlag\caster\data\ape.fa	367800	0.660293	1.45644	7.67504	-0.0813079	200000
C:\Users\isaac\phlag\caster\data\ape.fa	367900	0.660293	1.41299	7.67504	-0.0772126	200000
C:\Users\isaac\phlag\caster\data\ape.fa	368000	0.660293	1.42601	7.58157	-0.0792025	200000
C:\Users\isaac\phlag\caster\data\ape.fa	368100	0.660293	1.41271	7.65114	-0.0773764	200000
C:\Users\isaac\phlag\caster\data\ape.fa	368200	0.660293	1.41271	7.65114	-0.0773764	200000
C:\Users\isaac\phlag\caster\data\ape.fa	368300	0.660293	1.41271	7.65112	-0.0773765	200000
C:\Users\isaac\phlag\caster\data\ape.fa	368400	0.688752	1.37111	7.65184	-0.070261	200000
C:\Users\isaac\phlag\caster\data\ape.fa	368500	0.688752	1.40419	7.65184	-0.0734171	200000
C:\Users\isaac\phlag\caster\data\ape.fa	368600	0.688752	1.40419	7.65184	-0.0734171	200000
C:\Users\isaac\phlag\caster\data\ape.fa	368700	0.717765	1.4332	7.65184	-0.0729825	200000
C:\Users\isaac\phlag\caster\data\ape.fa	368800	0.717765	1.47829	7.65184	-0.0772271	200000
C:\Users\isaac\phlag\caster\data\ape.fa	368900	0.691693	1.47829	7.65184	-0.0800866	200000
C:\Users\isaac\phlag\caster\data\ape.fa	369000	0.721741	1.47829	7.59415	-0.0772447	200000
C:\Users\isaac\phlag\caster\data\ape.fa	369100	0.721741	1.47829	7.59311	-0.0772529	200000
C:\Users\isaac\phlag\caster\data\ape.fa	369200	0.721741	1.47829	7.59311	-0.0772529	200000
C:\Users\isaac\phlag\caster\data\ape.fa	369300	0.691761	1.47829	7.59311	-0.0805609	200000
C:\Users\isaac\phlag\caster\data\ape.fa	369400	0.662919	1.47829	7.61706	-0.0835569	200000
C:\Users\isaac\phlag\caster\data\ape.fa	369500	0.612072	1.45287	7.61706	-0.086841	200000
C:\Users\isaac\phlag\caster\data\ape.fa	369600	0.612072	1.45287	7.5901	-0.0870835	200000
C:\Users\isaac\phlag\caster\data\ape.fa	369700	0.582116	1.45287	7.61827	-0.0902027	200000
C:\Users\isaac\phlag\caster\data\ape.fa	369800	0.582116	1.45287	7.61827	-0.0902027	200000
C:\Users\isaac\phlag\caster\data\ape.fa	369900	0.582116	1.45287	7.7071	-0.0893803	200000
C:\Users\isaac\phlag\caster\data\ape.fa	370000	0.612813	1.45287	7.7071	-0.0859585	200000
C:\Users\isaac\phlag\caster\data\ape.fa	370100	0.612813	1.45287	7.7654	-0.0854487	200000
C:\Users\isaac\phlag\caster\data\ape.fa	370200	0.612813	1.45287	7.82337	-0.0849478	200000
C:\Users\isaac\phlag\caster\data\ape.fa	370300	0.612813	1.45287	7.82337	-0.0849478	200000
C:\Users\isaac\phlag\caster\data\ape.fa	370400	0.612813	1.45287	7.76203	-0.085478	200000
C:\Users\isaac\phlag\caster\data\ape.fa	370500	0.612813	1.45287	7.76203	-0.085478	200000
C:\Users\isaac\phlag\caster\data\ape.fa	370600	0.597879	1.45287	7.83888	-0.0864529	200000
C:\Users\isaac\phlag\caster\data\ape.fa	370700	0.597879	1.42164	7.83888	-0.083559	200000
C:\Users\isaac\phlag\caster\data\ape.fa	370800	0.597879	1.4762	7.80765	-0.0888834	200000
C:\Users\isaac\phlag\caster\data\ape.fa	370900	0.597879	1.4762	7.80765	-0.0888834	200000
C:\Users\isaac\phlag\caster\data\ape.fa	371000	0.597879	1.49104	7.80765	-0.0902497	200000
C:\Users\isaac\phlag\caster\data\ape.fa	371100	0.597879	1.49104	7.8574	-0.0897983	200000
C:\Users\isaac\phlag\caster\data\ape.fa	371200	0.597879	1.49104	7.85867	-0.0897868	200000
C:\Users\isaac\phlag\caster\data\ape.fa	371300	0.597879	1.49104	7.9166	-0.089267	200000
C:\Users\isaac\phlag\caster\data\ape.fa	371400	0.597879	1.49104	7.9166	-0.089267	200000
C:\Users\isaac\phlag\caster\data\ape.fa	371500	0.597879	1.49104	7.9166	-0.089267	200000
C:\Users\isaac\phlag\caster\data\ape.fa	371600	0.597879	1.49104	7.8559	-0.0898118	200000
C:\Users\isaac\phlag\caster\data\ape.fa	371700	0.597879	1.49104	7.8559	-0.0898118	200000
C:\Users\isaac\phlag\caster\data\ape.fa	371800	0.597879	1.45965	7.8559	-0.0869301	200000
C:\Users\isaac\phlag\caster\data\ape.fa	371900	0.597879	1.45965	7.8559	-0.0869301	200000
C:\Users\isaac\phlag\caster\data\ape.fa	372000	0.597879	1.45965	7.79965	-0.0874261	200000
C:\Users\isaac\phlag\caster\data\ape.fa	372100	0.597879	1.45965	7.79965	-0.0874261	200000
C:\Users\isaac\phlag\caster\data\ape.fa	372200	0.597879	1.45965	7.79997	-0.0874233	200000
C:\Users\isaac\phlag\caster\data\ape.fa	372300	0.597879	1.45965	7.67972	-0.0885029	200000
C:\Users\isaac\phlag\caster\data\ape.fa	372400	0.565288	1.45965	7.67482	-0.092205	200000
C:\Users\isaac\phlag\caster\data\ape.fa	372500	0.565288	1.45965	7.70297	-0.0919382	200000
C:\Users\isaac\phlag\caster\data\ape.fa	372600	0.56512	1.45965	7.70297	-0.091957	200000
C:\Users\isaac\phlag\caster\data\ape.fa	372700	0.56512	1.45965	7.70297	-0.091957	200000
C:\Users\isaac\phlag\caster\data\ape.fa	372800	0.56512	1.45965	7.70297	-0.091957	200000
C:\Users\isaac\phlag\caster\data\ape.fa	372900	0.56512	1.45965	7.76008	-0.0914202	200000
C:\Users\isaac\phlag\caster\data\ape.fa	373000	0.679824	1.41275	7.77124	-0.0743042	200000
C:\Users\isaac\phlag\caster\data\ape.fa	373100	0.736958	1.41275	7.71411	-0.0685119	200000
C:\Users\isaac\phlag\caster\data\ape.fa	373200	0.795787	1.41275	7.71411	-0.0621768	200000
C:\Users\isaac\phlag\caster\data\ape.fa	373300	0.853567	1.41275	7.65262	-0.0563749	200000
C:\Users\isaac\phlag\caster\data\ape.fa	373400	0.853567	1.41275	7.65262	-0.0563749	200000
C:\Users\isaac\phlag\caster\data\ape.fa	373500	0.794766	1.25922	7.7408	-0.0474184	200000
C:\Users\isaac\phlag\caster\data\ape.fa	373600	0.794766	1.17957	7.71632	-0.0397084	200000
C:\Users\isaac\phlag\caster\data\ape.fa	373700	0.823942	1.1641	7.68364	-0.0351707	200000
C:\Users\isaac\phlag\caster\data\ape.fa	373800	0.791807	1.1641	7.68322	-0.0386234	200000
C:\Users\isaac\phlag\caster\data\ape.fa	373900	0.791807	1.1641	7.68322	-0.0386234	200000
C:\Users\isaac\phlag\caster\data\ape.fa	374000	0.791807	1.1641	7.65383	-0.0387415	200000
C:\Users\isaac\phlag\caster\data\ape.fa	374100	0.791807	1.1641	7.59321	-0.0389874	200000
C:\Users\isaac\phlag\caster\data\ape.fa	374200	0.791807	1.1641	7.59321	-0.0389874	200000
C:\Users\isaac\phlag\caster\data\ape.fa	374300	0.761974	1.14919	7.59321	-0.0407404	200000
C:\Users\isaac\phlag\caster\data\ape.fa	374400	0.732412	1.14919	7.59321	-0.0439876	200000
C:\Users\isaac\phlag\caster\data\ape.fa	374500	0.732412	1.14919	7.56528	-0.0441176	200000
C:\Users\isaac\phlag\caster\data\ape.fa	374600	0.732412	1.14919	7.51231	-0.0443664	200000
C:\Users\isaac\phlag\caster\data\ape.fa	374700	0.703089	1.14919	7.51231	-0.0476367	200000
C:\Users\isaac\phlag\caster\data\ape.fa	374800	0.703089	1.14919	7.51037	-0.0476466	200000
C:\Users\isaac\phlag\caster\data\ape.fa	374900	0.703089	1.0892	7.51037	-0.0415056	200000
C:\Users\isaac\phlag\caster\data\ape.fa	375000	0.703089	1.02849	7.51076	-0.0352078	200000
C:\Users\isaac\phlag\caster\data\ape.fa	375100	0.703089	1.02849	7.45126	-0.035436	200000
C:\Users\isaac\phlag\caster\data\ape.fa	375200	0.703089	1.02849	7.45126	-0.035436	200000
C:\Users\isaac\phlag\caster\data\ape.fa	375300	0.703089	1.01369	7.45126	-0.0338791	200000
C:\Users\isaac\phlag\caster\data\ape.fa	375400	0.760569	1.01369	7.39246	-0.0276134	200000
C:\Users\isaac\phlag\caster\data\ape.fa	375500	0.760569	1.01369	7.24218	-0.0280736	200000
C:\Users\isaac\phlag\caster\data\ape.fa	375600	0.760569	1.06675	7.18035	-0.0339915	200000
C:\Users\isaac\phlag\caster\data\ape.fa	375700	0.760569	1.06675	7.11785	-0.034229	200000
C:\Users\isaac\phlag\caster\data\ape.fa	375800	0.760569	1.06675	7.08173	-0.0343677	200000
C:\Users\isaac\phlag\caster\data\ape.fa	375900	0.760569	1.12076	7.13077	-0.0399669	200000
C:\Users\isaac\phlag\caster\data\ape.fa	376000	0.821742	1.12076	7.19513	-0.0327233	200000
C:\Users\isaac\phlag\caster\data\ape.fa	376100	0.851622	1.12076	7.11751	-0.029608	200000
C:\Users\isaac\phlag\caster\data\ape.fa	376200	0.851622	1.14852	7.11751	-0.0325627	200000
C:\Users\isaac\phlag\caster\data\ape.fa	376300	0.851622	1.14852	7.17771	-0.0323491	200000
C:\Users\isaac\phlag\caster\data\ape.fa	376400	0.851622	1.14852	7.17771	-0.0323491	200000
C:\Users\isaac\phlag\caster\data\ape.fa	376500	0.851622	1.16332	7.18001	-0.0338988	200000
C:\Users\isaac\phlag\caster\data\ape.fa	376600	0.883377	1.16332	7.18001	-0.0303405	200000
C:\Users\isaac\phlag\caster\data\ape.fa	376700	0.883377	1.21934	7.18001	-0.0361923	200000
C:\Users\isaac\phlag\caster\data\ape.fa	376800	0.883377	1.33588	7.12564	-0.0484224	200000
C:\Users\isaac\phlag\caster\data\ape.fa	376900	0.918905	1.33587	7.1301	-0.0444299	200000
C:\Users\isaac\phlag\caster\data\ape.fa	377000	0.948847	1.33587	7.21993	-0.0407199	200000
C:\Users\isaac\phlag\caster\data\ape.fa	377100	0.948847	1.33587	7.2785	-0.0404705	200000
C:\Users\isaac\phlag\caster\data\ape.fa	377200	0.948847	1.33748	7.2785	-0.0406317	200000
C:\Users\isaac\phlag\caster\data\ape.fa	377300	0.961026	1.33748	7.3177	-0.039148	200000
C:\Users\isaac\phlag\caster\data\ape.fa	377400	0.961026	1.33748	7.31487	-0.0391596	200000
C:\Users\isaac\phlag\caster\data\ape.fa	377500	0.976696	1.33748	7.34564	-0.0373491	200000
C:\Users\isaac\phlag\caster\data\ape.fa	377600	0.976696	1.36908	7.40082	-0.0402585	200000
C:\Users\isaac\phlag\caster\data\ape.fa	377700	0.976696	1.36908	7.42451	-0.0401609	200000
C:\Users\isaac\phlag\caster\data\ape.fa	377800	0.976696	1.38324	7.45335	-0.0414276	200000
C:\Users\isaac\phlag\caster\data\ape.fa	377900	0.976696	1.38324	7.45357	-0.0414267	200000
C:\Users\isaac\phlag\caster\data\ape.fa	378000	0.976696	1.35276	7.45357	-0.038441	200000
C:\Users\isaac\phlag\caster\data\ape.fa	378100	0.976696	1.35276	7.51236	-0.0382113	200000
C:\Users\isaac\phlag\caster\data\ape.fa	378200	0.976696	1.29317	7.51236	-0.0323524	200000
C:\Users\isaac\phlag\caster\data\ape.fa	378300	0.976639	1.29317	7.51236	-0.0323584	200000
C:\Users\isaac\phlag\caster\data\ape.fa	378400	0.976639	1.29317	7.46421	-0.0325185	200000
C:\Users\isaac\phlag\caster\data\ape.fa	378500	0.976639	1.32223	7.52536	-0.0351773	200000
C:\Users\isaac\phlag\caster\data\ape.fa	378600	0.976639	1.33901	7.58678	-0.0365945	200000
C:\Users\isaac\phlag\caster\data\ape.fa	378700	0.976639	1.33901	7.53132	-0.0368006	200000
C:\Users\isaac\phlag\caster\data\ape.fa	378800	0.976639	1.33901	7.44479	-0.0371269	200000
C:\Users\isaac\phlag\caster\data\ape.fa	378900	0.976639	1.33901	7.50064	-0.0369156	200000
C:\Users\isaac\phlag\caster\data\ape.fa	379000	0.976639	1.33901	7.50064	-0.0369156	200000
C:\Users\isaac\phlag\caster\data\ape.fa	379100	1.00674	1.33901	7.50064	-0.0337455	200000
C:\Users\isaac\phlag\caster\data\ape.fa	379200	1.03795	1.33901	7.59346	-0.0301954	200000
C:\Users\isaac\phlag\caster\data\ape.fa	379300	1.03795	1.33901	7.59346	-0.0301954	200000
C:\Users\isaac\phlag\caster\data\ape.fa	379400	1.03795	1.33901	7.47227	-0.0305669	200000
C:\Users\isaac\phlag\caster\data\ape.fa	379500	1.03795	1.33901	7.47227	-0.0305669	200000
C:\Users\isaac\phlag\caster\data\ape.fa	379600	1.03795	1.33901	7.56327	-0.0302871	200000
C:\Users\isaac\phlag\caster\data\ape.fa	379700	1.03795	1.33901	7.56327	-0.0302871	200000
C:\Users\isaac\phlag\caster\data\ape.fa	379800	1.03795	1.3098	7.56327	-0.0274292	200000
C:\Users\isaac\phlag\caster\data\ape.fa	379900	1.03795	1.3098	7.59448	-0.0273431	200000
C:\Users\isaac\phlag\caster\data\ape.fa	380000	1.00696	1.3098	7.59481	-0.0305547	200000
C:\Users\isaac\phlag\caster\data\ape.fa	380100	1.00696	1.3098	7.59481	-0.0305547	200000
C:\Users\isaac\phlag\caster\data\ape.fa	380200	1.00696	1.27988	7.59481	-0.0276189	200000
C:\Users\isaac\phlag\caster\data\ape.fa	380300	1.00696	1.27988	7.59443	-0.02762	200000
C:\Users\isaac\phlag\caster\data\ape.fa	380400	1.00696	1.26399	7.56342	-0.0261361	200000
C:\Users\isaac\phlag\caster\data\ape.fa	380500	1.00696	1.24873	7.62482	-0.0244699	200000
C:\Users\isaac\phlag\caster\data\ape.fa	380600	0.981026	1.24873	7.62482	-0.0271659	200000
C:\Users\isaac\phlag\caster\data\ape.fa	380700	0.981026	1.24873	7.62482	-0.0271659	200000
C:\Users\isaac\phlag\caster\data\ape.fa	380800	0.981026	1.23454	7.71577	-0.0255263	200000
C:\Users\isaac\phlag\caster\data\ape.fa	380900	0.981026	1.23454	7.74429	-0.0254532	200000
C:\Users\isaac\phlag\caster\data\ape.fa	381000	0.981026	1.26554	7.74429	-0.0284776	200000
C:\Users\isaac\phlag\caster\data\ape.fa	381100	0.981026	1.26903	7.63727	-0.0291286	200000
C:\Users\isaac\phlag\caster\data\ape.fa	381200	1.01345	1.26903	7.68943	-0.0256305	200000
C:\Users\isaac\phlag\caster\data\ape.fa	381300	0.983161	1.26903	7.68943	-0.0287547	200000
C:\Users\isaac\phlag\caster\data\ape.fa	381400	0.983161	1.28533	7.68943	-0.030345	200000
C:\Users\isaac\phlag\caster\data\ape.fa	381500	0.983161	1.31209	7.68943	-0.0329436	200000
C:\Users\isaac\phlag\caster\data\ape.fa	381600	0.983161	1.31209	7.75003	-0.0327449	200000
C:\Users\isaac\phlag\caster\data\ape.fa	381700	0.983161	1.31209	7.78801	-0.0326216	200000
C:\Users\isaac\phlag\caster\data\ape.fa	381800	0.983161	1.31209	7.84476	-0.032439	200000
C:\Users\isaac\phlag\caster\data\ape.fa	381900	0.983161	1.34108	7.87375	-0.0350969	200000
C:\Users\isaac\phlag\caster\data\ape.fa	382000	0.983161	1.34108	7.93725	-0.0348797	200000
C:\Users\isaac\phlag\caster\data\ape.fa	382100	0.983161	1.30996	7.93725	-0.0319436	200000
C:\Users\isaac\phlag\caster\data\ape.fa	382200	0.983161	1.30996	7.93725	-0.0319436	200000
C:\Users\isaac\phlag\caster\data\ape.fa	382300	1.00744	1.30996	7.90756	-0.0295857	200000
C:\Users\isaac\phlag\caster\data\ape.fa	382400	0.94586	1.30996	7.90756	-0.0358243	200000
C:\Users\isaac\phlag\caster\data\ape.fa	382500	0.94586	1.34055	7.93817	-0.0386025	200000
C:\Users\isaac\phlag\caster\data\ape.fa	382600	0.94586	1.34055	7.99321	-0.0383958	200000
C:\Users\isaac\phlag\caster\data\ape.fa	382700	0.94586	1.34055	7.94141	-0.0385903	200000
C:\Users\isaac\phlag\caster\data\ape.fa	382800	0.915085	1.30975	7.8182	-0.0392976	200000
C:\Users\isaac\phlag\caster\data\ape.fa	382900	0.944604	1.30975	7.8182	-0.0362518	200000
C:\Users\isaac\phlag\caster\data\ape.fa	383000	0.944604	1.30975	7.72627	-0.0365858	200000
C:\Users\isaac\phlag\caster\data\ape.fa	383100	0.944604	1.30975	7.75471	-0.0364818	200000
C:\Users\isaac\phlag\caster\data\ape.fa	383200	0.944604	1.30975	7.75471	-0.0364818	200000
C:\Users\isaac\phlag\caster\data\ape.fa	383300	0.944604	1.30975	7.75471	-0.0364818	200000
C:\Users\isaac\phlag\caster\data\ape.fa	383400	0.944604	1.28024	7.78482	-0.0335309	200000
C:\Users\isaac\phlag\caster\data\ape.fa	383500	0.944604	1.28024	7.73643	-0.0336938	200000
C:\Users\isaac\phlag\caster\data\ape.fa	383600	0.999161	1.29388	7.70615	-0.029474	200000
C:\Users\isaac\phlag\caster\data\ape.fa	383700	0.999161	1.29388	7.70615	-0.029474	200000
C:\Users\isaac\phlag\caster\data\ape.fa	383800	0.999161	1.29388	7.7943	-0.0292164	200000
C:\Users\isaac\phlag\caster\data\ape.fa	383900	1.02998	1.29388	7.76378	-0.0261599	200000
C:\Users\isaac\phlag\caster\data\ape.fa	384000	1.02998	1.2787	7.82355	-0.0245473	200000
C:\Users\isaac\phlag\caster\data\ape.fa	384100	1.02998	1.2787	7.76776	-0.0246832	200000
C:\Users\isaac\phlag\caster\data\ape.fa	384200	1.02998	1.2787	7.60852	-0.0250795	200000
C:\Users\isaac\phlag\caster\data\ape.fa	384300	1.02998	1.2787	7.63983	-0.0250006	200000
C:\Users\isaac\phlag\caster\data\ape.fa	384400	1.02998	1.263	7.63983	-0.0234595	200000
C:\Users\isaac\phlag\caster\data\ape.fa	384500	1.01473	1.263	7.59408	-0.0251494	200000
C:\Users\isaac\phlag\caster\data\ape.fa	384600	0.984018	1.263	7.59408	-0.028349	200000
C:\Users\isaac\phlag\caster\data\ape.fa	384700	0.984018	1.25178	7.53341	-0.0274091	200000
C:\Users\isaac\phlag\caster\data\ape.fa	384800	0.984018	1.26746	7.53341	-0.0289678	200000
C:\Users\isaac\phlag\caster\data\ape.fa	384900	0.984018	1.26746	7.59244	-0.0287941	200000
C:\Users\isaac\phlag\caster\data\ape.fa	385000	0.984018	1.26746	7.62247	-0.0287065	200000
C:\Users\isaac\phlag\caster\data\ape.fa	385100	0.984018	1.26746	7.62247	-0.0287065	200000
C:\Users\isaac\phlag\caster\data\ape.fa	385200	0.984018	1.26746	7.53298	-0.0289691	200000
C:\Users\isaac\phlag\caster\data\ape.fa	385300	0.984018	1.26746	7.53298	-0.0289691	200000
C:\Users\isaac\phlag\caster\data\ape.fa	385400	0.984018	1.26746	7.53298	-0.0289691	200000
C:\Users\isaac\phlag\caster\data\ape.fa	385500	0.984018	1.26746	7.53298	-0.0289691	200000
C:\Users\isaac\phlag\caster\data\ape.fa	385600	0.984018	1.26746	7.53298	-0.0289691	200000
C:\Users\isaac\phlag\caster\data\ape.fa	385700	0.953611	1.26746	7.56442	-0.0320733	200000
C:\Users\isaac\phlag\caster\data\ape.fa	385800	0.953611	1.28211	7.56442	-0.0335195	200000
C:\Users\isaac\phlag\caster\data\ape.fa	385900	0.958462	1.28211	7.50785	-0.0331997	200000
C:\Users\isaac\phlag\caster\data\ape.fa	386000	0.958462	1.28211	7.45734	-0.0333726	200000
C:\Users\isaac\phlag\caster\data\ape.fa	386100	0.989298	1.28211	7.51901	-0.0299077	200000
C:\Users\isaac\phlag\caster\data\ape.fa	386200	0.989298	1.28211	7.51901	-0.0299077	200000
C:\Users\isaac\phlag\caster\data\ape.fa	386300	0.989298	1.25345	7.51901	-0.0270595	200000
C:\Users\isaac\phlag\caster\data\ape.fa	386400	0.989298	1.25345	7.51901	-0.0270595	200000
C:\Users\isaac\phlag\caster\data\ape.fa	386500	0.989298	1.25345	7.49269	-0.0271326	200000
C:\Users\isaac\phlag\caster\data\ape.fa	386600	0.957709	1.25345	7.52119	-0.030387	200000
C:\Users\isaac\phlag\caster\data\ape.fa	386700	0.957709	1.22849	7.58221	-0.0277204	200000
C:\Users\isaac\phlag\caster\data\ape.fa	386800	0.957709	1.22849	7.52289	-0.0278898	200000
C:\Users\isaac\phlag\caster\data\ape.fa	386900	0.957709	1.22849	7.57987	-0.0277271	200000
C:\Users\isaac\phlag\caster\data\ape.fa	387000	0.957709	1.22849	7.57987	-0.0277271	200000
C:\Users\isaac\phlag\caster\data\ape.fa	387100	0.957709	1.22849	7.52415	-0.0278862	200000
C:\Users\isaac\phlag\caster\data\ape.fa	387200	0.957709	1.22849	7.46243	-0.0280645	200000
C:\Users\isaac\phlag\caster\data\ape.fa	387300	0.988437	1.22849	7.43142	-0.0248806	200000
C:\Users\isaac\phlag\caster\data\ape.fa	387400	0.988437	1.22849	7.43142	-0.0248806	200000
C:\Users\isaac\phlag\caster\data\ape.fa	387500	0.988437	1.22849	7.36923	-0.025042	200000
C:\Users\isaac\phlag\caster\data\ape.fa	387600	0.988437	1.17077	7.36923	-0.0191352	200000
C:\Users\isaac\phlag\caster\data\ape.fa	387700	0.988437	1.22968	7.39869	-0.0250859	200000
C:\Users\isaac\phlag\caster\data\ape.fa	387800	0.988437	1.22968	7.34275	-0.0252327	200000
C:\Users\isaac\phlag\caster\data\ape.fa	387900	0.988437	1.22968	7.34275	-0.0252327	200000
C:\Users\isaac\phlag\caster\data\ape.fa	388000	0.988437	1.24473	7.29281	-0.0269051	200000
C:\Users\isaac\phlag\caster\data\ape.fa	388100	0.988437	1.27273	7.32081	-0.0296692	200000
C:\Users\isaac\phlag\caster\data\ape.fa	388200	0.988437	1.27273	7.32081	-0.0296692	200000
C:\Users\isaac\phlag\caster\data\ape.fa	388300	0.989425	1.27273	7.29137	-0.0296542	200000
C:\Users\isaac\phlag\caster\data\ape.fa	388400	0.989425	1.15368	7.29137	-0.0174098	200000
C:\Users\isaac\phlag\caster\data\ape.fa	388500	0.989425	1.15368	7.29137	-0.0174098	200000
C:\Users\isaac\phlag\caster\data\ape.fa	388600	0.989425	1.15368	7.29679	-0.0173998	200000
C:\Users\isaac\phlag\caster\data\ape.fa	388700	0.989425	1.15368	7.29679	-0.0173998	200000
C:\Users\isaac\phlag\caster\data\ape.fa	388800	0.989425	1.15368	7.32608	-0.017346	200000
C:\Users\isaac\phlag\caster\data\ape.fa	388900	1.02014	1.15368	7.32608	-0.0140565	200000
C:\Users\isaac\phlag\caster\data\ape.fa	389000	1.02014	1.15368	7.32608	-0.0140565	200000
C:\Users\isaac\phlag\caster\data\ape.fa	389100	1.02014	1.15368	7.32608	-0.0140565	200000
C:\Users\isaac\phlag\caster\data\ape.fa	389200	1.02014	1.09605	7.32608	-0.00803897	200000
C:\Users\isaac\phlag\caster\data\ape.fa	389300	1.02014	1.09187	7.32999	-0.00759627	200000
C:\Users\isaac\phlag\caster\data\ape.fa	389400	1.02014	1.09187	7.32319	-0.00760174	200000
C:\Users\isaac\phlag\caster\data\ape.fa	389500	1.02014	1.09187	7.32497	-0.00760031	200000
C:\Users\isaac\phlag\caster\data\ape.fa	389600	1.02014	1.0919	7.35375	-0.00758041	200000
C:\Users\isaac\phlag\caster\data\ape.fa	389700	1.02014	1.10648	7.35375	-0.0091071	200000
C:\Users\isaac\phlag\caster\data\ape.fa	389800	1.02014	1.11805	7.35375	-0.0103151	200000
C:\Users\isaac\phlag\caster\data\ape.fa	389900	1.02014	1.11805	7.35375	-0.0103151	200000
C:\Users\isaac\phlag\caster\data\ape.fa	390000	0.974377	1.11805	7.33849	-0.0152345	200000
C:\Users\isaac\phlag\caster\data\ape.fa	390100	0.974377	1.11805	7.34494	-0.0152241	200000
C:\Users\isaac\phlag\caster\data\ape.fa	390200	0.974377	1.08663	7.34494	-0.0119341	200000
C:\Users\isaac\phlag\caster\data\ape.fa	390300	0.94605	1.08663	7.34494	-0.0149909	200000
C:\Users\isaac\phlag\caster\data\ape.fa	390400	0.94605	1.08663	7.28708	-0.015084	200000
C:\Users\isaac\phlag\caster\data\ape.fa	390500	0.94605	1.08663	7.25926	-0.0151291	200000
C:\Users\isaac\phlag\caster\data\ape.fa	390600	0.94605	1.0877	7.25926	-0.0152428	200000
C:\Users\isaac\phlag\caster\data\ape.fa	390700	0.94605	1.0877	7.28653	-0.0151982	200000
C:\Users\isaac\phlag\caster\data\ape.fa	390800	0.94605	1.0877	7.31683	-0.015149	200000
C:\Users\isaac\phlag\caster\data\ape.fa	390900	0.916936	1.0877	7.40619	-0.0181457	200000
C:\Users\isaac\phlag\caster\data\ape.fa	391000	0.916936	1.0877	7.40619	-0.0181457	200000
C:\Users\isaac\phlag\caster\data\ape.fa	391100	0.916936	1.0877	7.40619	-0.0181457	200000
C:\Users\isaac\phlag\caster\data\ape.fa	391200	0.916936	1.0877	7.40619	-0.0181457	200000
C:\Users\isaac\phlag\caster\data\ape.fa	391300	0.855807	1.02657	7.40619	-0.0183845	200000
C:\Users\isaac\phlag\caster\data\ape.fa	391400	0.855807	1.02657	7.40374	-0.0183893	200000
C:\Users\isaac\phlag\caster\data\ape.fa	391500	0.855807	0.994897	7.5263	-0.0148331	200000
C:\Users\isaac\phlag\caster\data\ape.fa	391600	0.855825	0.980175	7.5263	-0.013282	200000
C:\Users\isaac\phlag\caster\data\ape.fa	391700	0.855825	1.04749	7.53123	-0.0203151	200000
C:\Users\isaac\phlag\caster\data\ape.fa	391800	0.855825	1.04749	7.53123	-0.0203151	200000
C:\Users\isaac\phlag\caster\data\ape.fa	391900	0.855825	1.04749	7.53123	-0.0203151	200000
C:\Users\isaac\phlag\caster\data\ape.fa	392000	0.855825	1.04749	7.47137	-0.0204448	200000
C:\Users\isaac\phlag\caster\data\ape.fa	392100	0.855825	1.01821	7.59091	-0.0171561	200000
C:\Users\isaac\phlag\caster\data\ape.fa	392200	0.855825	1.01821	7.65122	-0.0170475	200000
C:\Users\isaac\phlag\caster\data\ape.fa	392300	0.855825	1.01821	7.65122	-0.0170475	200000
C:\Users\isaac\phlag\caster\data\ape.fa	392400	0.855825	1.01821	7.5657	-0.0172019	200000
C:\Users\isaac\phlag\caster\data\ape.fa	392500	0.855825	1.01821	7.5657	-0.0172019	200000
C:\Users\isaac\phlag\caster\data\ape.fa	392600	0.855825	1.07891	7.5657	-0.0234811	200000
C:\Users\isaac\phlag\caster\data\ape.fa	392700	0.855825	1.07891	7.5657	-0.0234811	200000
C:\Users\isaac\phlag\caster\data\ape.fa	392800	0.824803	1.07891	7.53431	-0.0269233	200000
C:\Users\isaac\phlag\caster\data\ape.fa	392900	0.911566	1.07881	7.59216	-0.0174526	200000
C:\Users\isaac\phlag\caster\data\ape.fa	393000	0.911566	1.01973	7.59216	-0.0113574	200000
C:\Users\isaac\phlag\caster\data\ape.fa	393100	0.911566	1.01973	7.65293	-0.0112853	200000
C:\Users\isaac\phlag\caster\data\ape.fa	393200	0.911566	1.01973	7.71185	-0.0112164	200000
C:\Users\isaac\phlag\caster\data\ape.fa	393300	0.911566	1.01973	7.66077	-0.0112761	200000
C:\Users\isaac\phlag\caster\data\ape.fa	393400	0.938284	1.01973	7.66077	-0.00846721	200000
C:\Users\isaac\phlag\caster\data\ape.fa	393500	0.995761	0.935226	7.66077	0.00631123	200000
C:\Users\isaac\phlag\caster\data\ape.fa	393600	0.965698	0.935226	7.72106	0.00316696	200000
C:\Users\isaac\phlag\caster\data\ape.fa	393700	0.965698	0.935226	7.69076	0.00317696	200000
C:\Users\isaac\phlag\caster\data\ape.fa	393800	0.965698	0.935226	7.62984	0.00319727	200000
C:\Users\isaac\phlag\caster\data\ape.fa	393900	0.965698	0.963302	7.62984	0.000250641	200000
C:\Users\isaac\phlag\caster\data\ape.fa	394000	0.965698	0.963302	7.59684	0.000251509	200000
C:\Users\isaac\phlag\caster\data\ape.fa	394100	0.903974	0.963302	7.59684	-0.00626877	200000
C:\Users\isaac\phlag\caster\data\ape.fa	394200	0.903974	0.963302	7.59684	-0.00626877	200000
C:\Users\isaac\phlag\caster\data\ape.fa	394300	0.903974	0.879334	7.59684	0.00262679	200000
C:\Users\isaac\phlag\caster\data\ape.fa	394400	0.964598	0.850187	7.59684	0.0121563	200000
C:\Users\isaac\phlag\caster\data\ape.fa	394500	0.93632	0.850187	7.59684	0.00917943	200000
C:\Users\isaac\phlag\caster\data\ape.fa	394600	0.93632	0.850187	7.59684	0.00917943	200000
C:\Users\isaac\phlag\caster\data\ape.fa	394700	0.93632	0.850187	7.59684	0.00917943	200000
C:\Users\isaac\phlag\caster\data\ape.fa	394800	0.93632	0.850187	7.59684	0.00917943	200000
C:\Users\isaac\phlag\caster\data\ape.fa	394900	0.93632	0.822187	7.56825	0.0122372	200000
C:\Users\isaac\phlag\caster\data\ape.fa	395000	0.905618	0.849744	7.50684	0.00603248	200000
C:\Users\isaac\phlag\caster\data\ape.fa	395100	0.905618	0.849744	7.48082	0.00604948	200000
C:\Users\isaac\phlag\caster\data\ape.fa	395200	0.905618	0.904765	7.48082	9.18624e-05	200000
C:\Users\isaac\phlag\caster\data\ape.fa	395300	0.905618	0.918404	7.48011	-0.00137426	200000
C:\Users\isaac\phlag\caster\data\ape.fa	395400	0.936734	0.918404	7.48417	0.00196264	200000
C:\Users\isaac\phlag\caster\data\ape.fa	395500	0.936734	0.918404	7.42171	0.00197586	200000
C:\Users\isaac\phlag\caster\data\ape.fa	395600	0.936734	0.918404	7.45422	0.00196895	200000
C:\Users\isaac\phlag\caster\data\ape.fa	395700	0.936734	0.97244	7.33415	-0.00386284	200000
C:\Users\isaac\phlag\caster\data\ape.fa	395800	0.936734	0.987608	7.33415	-0.00549478	200000
C:\Users\isaac\phlag\caster\data\ape.fa	395900	0.906042	0.972145	7.33415	-0.00717546	200000
C:\Users\isaac\phlag\caster\data\ape.fa	396000	0.996498	0.956608	7.30927	0.00430666	200000
C:\Users\isaac\phlag\caster\data\ape.fa	396100	1.07092	0.956608	7.33408	0.012211	200000
C:\Users\isaac\phlag\caster\data\ape.fa	396200	1.07092	0.956608	7.38924	0.0121394	200000
C:\Users\isaac\phlag\caster\data\ape.fa	396300	1.07092	0.956608	7.4179	0.0121026	200000
C:\Users\isaac\phlag\caster\data\ape.fa	396400	1.07092	0.956608	7.4179	0.0121026	200000
C:\Users\isaac\phlag\caster\data\ape.fa	396500	1.07092	0.956608	7.42066	0.0120991	200000
C:\Users\isaac\phlag\caster\data\ape.fa	396600	1.07092	0.956608	7.42066	0.0120991	200000
C:\Users\isaac\phlag\caster\data\ape.fa	396700	1.07092	0.956608	7.32905	0.0122175	200000
C:\Users\isaac\phlag\caster\data\ape.fa	396800	1.04417	0.960176	7.36294	0.00896689	200000
C:\Users\isaac\phlag\caster\data\ape.fa	396900	1.04417	0.960176	7.16364	0.00916182	200000
C:\Users\isaac\phlag\caster\data\ape.fa	397000	1.04417	0.975119	7.16364	0.00751968	200000
C:\Users\isaac\phlag\caster\data\ape.fa	397100	1.01938	0.975119	7.11689	0.00485751	200000
C:\Users\isaac\phlag\caster\data\ape.fa	397200	1.01938	0.975119	7.06378	0.00488599	200000
C:\Users\isaac\phlag\caster\data\ape.fa	397300	1.08189	0.975119	7.09268	0.0116692	200000
C:\Users\isaac\phlag\caster\data\ape.fa	397400	1.08189	0.975119	7.06325	0.0117068	200000
C:\Users\isaac\phlag\caster\data\ape.fa	397500	1.08189	0.975119	7.06325	0.0117068	200000
C:\Users\isaac\phlag\caster\data\ape.fa	397600	1.08189	0.975119	7.03255	0.0117464	200000
C:\Users\isaac\phlag\caster\data\ape.fa	397700	1.08189	0.975119	7.08884	0.0116741	200000
C:\Users\isaac\phlag\caster\data\ape.fa	397800	1.08189	0.975119	7.0589	0.0117124	200000
C:\Users\isaac\phlag\caster\data\ape.fa	397900	1.08189	0.975119	7.0589	0.0117124	200000
C:\Users\isaac\phlag\caster\data\ape.fa	398000	1.08189	0.975119	7.00107	0.0117872	200000
C:\Users\isaac\phlag\caster\data\ape.fa	398100	1.08189	0.975119	6.90828	0.0119092	200000
C:\Users\isaac\phlag\caster\data\ape.fa	398200	1.04985	0.975119	6.84754	0.0084222	200000
C:\Users\isaac\phlag\caster\data\ape.fa	398300	1.04985	0.975119	6.82112	0.00844735	200000
C:\Users\isaac\phlag\caster\data\ape.fa	398400	1.04985	0.944969	6.82112	0.0118962	200000
C:\Users\isaac\phlag\caster\data\ape.fa	398500	1.04985	0.916259	6.87805	0.0151045	200000
C:\Users\isaac\phlag\caster\data\ape.fa	398600	1.03557	0.916259	6.85983	0.0135403	200000
C:\Users\isaac\phlag\caster\data\ape.fa	398700	1.03557	0.916259	6.85277	0.0135512	200000
C:\Users\isaac\phlag\caster\data\ape.fa	398800	1.03557	0.916259	6.85277	0.0135512	200000
C:\Users\isaac\phlag\caster\data\ape.fa	398900	1.00498	0.916259	6.85277	0.0101116	200000
C:\Users\isaac\phlag\caster\data\ape.fa	399000	1.00498	0.916259	6.91249	0.0100432	200000
C:\Users\isaac\phlag\caster\data\ape.fa	399100	0.975857	0.931047	6.91249	0.00508084	200000
C:\Users\isaac\phlag\caster\data\ape.fa	399200	0.975857	0.946236	6.91249	0.00335282	200000
C:\Users\isaac\phlag\caster\data\ape.fa	399300	0.975857	0.946236	6.91249	0.00335282	200000
C:\Users\isaac\phlag\caster\data\ape.fa	399400	0.945224	0.946236	6.91249	-0.000114998	200000
C:\Users\isaac\phlag\caster\data\ape.fa	399500	0.945224	0.946236	6.85023	-0.000115817	200000
C:\Users\isaac\phlag\caster\data\ape.fa	399600	0.945224	0.946236	6.76171	-0.000117002	200000
C:\Users\isaac\phlag\caster\data\ape.fa	399700	0.973445	0.946236	6.73288	0.00314459	200000
C:\Users\isaac\phlag\caster\data\ape.fa	399800	0.973445	0.932621	6.73288	0.00472562	200000
C:\Users\isaac\phlag\caster\data\ape.fa	399900	0.914297	0.917833	6.75999	-0.000411649	200000
C:\Users\isaac\phlag\caster\data\ape.fa	400000	0.914297	0.917833	6.75999	-0.000411649	200000
C:\Users\isaac\phlag\caster\data\ape.fa	400100	0.914297	0.917833	6.75926	-0.000411684	200000
C:\Users\isaac\phlag\caster\data\ape.fa	400200	0.914297	0.917833	6.75926	-0.000411684	200000
C:\Users\isaac\phlag\caster\data\ape.fa	400300	0.914297	0.917833	6.75926	-0.000411684	200000
C:\Users\isaac\phlag\caster\data\ape.fa	400400	0.943457	0.917833	6.75887	0.00297256	200000
C:\Users\isaac\phlag\caster\data\ape.fa	400500	0.943457	0.933948	6.81931	0.00109343	200000
C:\Users\isaac\phlag\caster\data\ape.fa	400600	0.943457	0.933948	6.79403	0.00109662	200000
C:\Users\isaac\phlag\caster\data\ape.fa	400700	0.97427	1.01098	6.73318	-0.00421066	200000
C:\Users\isaac\phlag\caster\data\ape.fa	400800	0.97427	1.02653	6.73318	-0.00598403	200000
C:\Users\isaac\phlag\caster\data\ape.fa	400900	0.97427	1.02559	6.73318	-0.0058763	200000
C:\Users\isaac\phlag\caster\data\ape.fa	401000	0.97427	1.02559	6.73181	-0.00587722	200000
C:\Users\isaac\phlag\caster\data\ape.fa	401100	0.97427	1.02559	6.73181	-0.00587722	200000
C:\Users\isaac\phlag\caster\data\ape.fa	401200	0.97427	1.02559	6.73181	-0.00587722	200000
C:\Users\isaac\phlag\caster\data\ape.fa	401300	0.97427	1.02559	6.75887	-0.00585906	200000
C:\Users\isaac\phlag\caster\data\ape.fa	401400	0.97427	1.02559	6.66819	-0.00592035	200000
C:\Users\isaac\phlag\caster\data\ape.fa	401500	0.97427	1.02559	6.66819	-0.00592035	200000
C:\Users\isaac\phlag\caster\data\ape.fa	401600	0.97427	1.02559	6.80432	-0.00582881	200000
C:\Users\isaac\phlag\caster\data\ape.fa	401700	1.00529	1.02559	6.80432	-0.00229777	200000
C:\Users\isaac\phlag\caster\data\ape.fa	401800	1.00529	1.02559	6.80432	-0.00229777	200000
C:\Users\isaac\phlag\caster\data\ape.fa	401900	1.00529	1.02559	6.80343	-0.002298	200000
C:\Users\isaac\phlag\caster\data\ape.fa	402000	1.03667	1.02559	6.77232	0.00125477	200000
C:\Users\isaac\phlag\caster\data\ape.fa	402100	1.03667	1.02559	6.85346	0.00124335	200000
C:\Users\isaac\phlag\caster\data\ape.fa	402200	1.06338	1.02559	6.93358	0.00418853	200000
C:\Users\isaac\phlag\caster\data\ape.fa	402300	1.09247	1.01121	7.04547	0.00888178	200000
C:\Users\isaac\phlag\caster\data\ape.fa	402400	1.09247	0.95147	7.005	0.0155816	200000
C:\Users\isaac\phlag\caster\data\ape.fa	402500	1.09247	0.95147	7.005	0.0155816	200000
C:\Users\isaac\phlag\caster\data\ape.fa	402600	1.09247	0.95147	7.005	0.0155816	200000
C:\Users\isaac\phlag\caster\data\ape.fa	402700	1.09247	0.95147	7.005	0.0155816	200000
C:\Users\isaac\phlag\caster\data\ape.fa	402800	1.09247	0.95147	7.005	0.0155816	200000
C:\Users\isaac\phlag\caster\data\ape.fa	402900	1.09247	0.95147	7.06661	0.0154762	200000
C:\Users\isaac\phlag\caster\data\ape.fa	403000	1.09247	0.917725	7.11866	0.0191416	200000
C:\Users\isaac\phlag\caster\data\ape.fa	403100	1.12441	0.917725	7.17192	0.0224318	200000
C:\Users\isaac\phlag\caster\data\ape.fa	403200	1.12441	0.917725	7.17192	0.0224318	200000
C:\Users\isaac\phlag\caster\data\ape.fa	403300	1.12441	0.917725	7.17192	0.0224318	200000
C:\Users\isaac\phlag\caster\data\ape.fa	403400	1.10875	0.887065	7.18609	0.024144	200000
C:\Users\isaac\phlag\caster\data\ape.fa	403500	1.16989	0.887065	7.18969	0.0305871	200000
C:\Users\isaac\phlag\caster\data\ape.fa	403600	1.16956	0.887065	7.18969	0.0305523	200000
C:\Users\isaac\phlag\caster\data\ape.fa	403700	1.16956	0.887065	7.21999	0.0304525	200000
C:\Users\isaac\phlag\caster\data\ape.fa	403800	1.16868	0.916628	7.27316	0.0269327	200000
C:\Users\isaac\phlag\caster\data\ape.fa	403900	1.16868	0.916628	7.27316	0.0269327	200000
C:\Users\isaac\phlag\caster\data\ape.fa	404000	1.16868	0.916628	7.33229	0.0267636	200000
C:\Users\isaac\phlag\caster\data\ape.fa	404100	1.16868	0.916628	7.36754	0.0266638	200000
C:\Users\isaac\phlag\caster\data\ape.fa	404200	1.16868	0.916628	7.36863	0.0266607	200000
C:\Users\isaac\phlag\caster\data\ape.fa	404300	1.16868	0.916628	7.309	0.0268299	200000
C:\Users\isaac\phlag\caster\data\ape.fa	404400	1.16868	0.916628	7.28443	0.0269003	200000
C:\Users\isaac\phlag\caster\data\ape.fa	404500	1.16868	0.93337	7.25429	0.0251494	200000
C:\Users\isaac\phlag\caster\data\ape.fa	404600	1.13992	0.93337	7.19678	0.0222813	200000
C:\Users\isaac\phlag\caster\data\ape.fa	404700	1.13992	0.93337	7.19678	0.0222813	200000
C:\Users\isaac\phlag\caster\data\ape.fa	404800	1.10975	0.93337	7.16758	0.0191498	200000
C:\Users\isaac\phlag\caster\data\ape.fa	404900	1.10975	0.93337	7.16758	0.0191498	200000
C:\Users\isaac\phlag\caster\data\ape.fa	405000	1.10975	0.93337	7.16525	0.0191547	200000
C:\Users\isaac\phlag\caster\data\ape.fa	405100	1.10975	0.93337	7.16525	0.0191547	200000
C:\Users\isaac\phlag\caster\data\ape.fa	405200	1.14087	0.917759	7.16525	0.0241883	200000
C:\Users\isaac\phlag\caster\data\ape.fa	405300	1.14087	0.917759	7.16525	0.0241883	200000
C:\Users\isaac\phlag\caster\data\ape.fa	405400	1.14087	0.917759	7.16525	0.0241883	200000
C:\Users\isaac\phlag\caster\data\ape.fa	405500	1.14087	0.917759	7.13429	0.0242697	200000
C:\Users\isaac\phlag\caster\data\ape.fa	405600	1.14087	0.917759	7.07842	0.0244182	200000
C:\Users\isaac\phlag\caster\data\ape.fa	405700	1.14087	0.917759	7.07842	0.0244182	200000
C:\Users\isaac\phlag\caster\data\ape.fa	405800	1.14087	0.947543	7.08295	0.0210793	200000
C:\Users\isaac\phlag\caster\data\ape.fa	405900	1.14087	0.947543	7.02316	0.0212176	200000
C:\Users\isaac\phlag\caster\data\ape.fa	406000	1.14133	0.947543	6.96302	0.0214082	200000
C:\Users\isaac\phlag\caster\data\ape.fa	406100	1.14133	0.947543	6.9064	0.021543	200000
C:\Users\isaac\phlag\caster\data\ape.fa	406200	1.14133	0.947543	6.87677	0.0216142	200000
C:\Users\isaac\phlag\caster\data\ape.fa	406300	1.14133	0.947543	6.82176	0.0217476	200000
C:\Users\isaac\phlag\caster\data\ape.fa	406400	1.14133	0.947543	6.94692	0.0214464	200000
C:\Users\isaac\phlag\caster\data\ape.fa	406500	1.14133	0.947543	7.05915	0.0211833	200000
C:\Users\isaac\phlag\caster\data\ape.fa	406600	1.14133	0.947543	7.17962	0.0209079	200000
C:\Users\isaac\phlag\caster\data\ape.fa	406700	1.14133	0.947543	7.27372	0.0206978	200000
C:\Users\isaac\phlag\caster\data\ape.fa	406800	1.17214	0.947543	7.19531	0.0241117	200000
C:\Users\isaac\phlag\caster\data\ape.fa	406900	1.17214	0.947543	7.13656	0.0242647	200000
C:\Users\isaac\phlag\caster\data\ape.fa	407000	1.11877	0.963008	7.16356	0.0168475	200000
C:\Users\isaac\phlag\caster\data\ape.fa	407100	0.977963	0.963008	7.16356	0.00164267	200000
C:\Users\isaac\phlag\caster\data\ape.fa	407200	0.956306	0.963008	7.13049	-0.000740497	200000
C:\Users\isaac\phlag\caster\data\ape.fa	407300	0.927325	0.963008	7.13049	-0.00395559	200000
C:\Users\isaac\phlag\caster\data\ape.fa	407400	0.927325	0.963008	7.10258	-0.00396786	200000
C:\Users\isaac\phlag\caster\data\ape.fa	407500	0.954662	0.976676	7.10258	-0.00243684	200000
C:\Users\isaac\phlag\caster\data\ape.fa	407600	0.98537	0.976676	7.04246	0.000965566	200000
C:\Users\isaac\phlag\caster\data\ape.fa	407700	0.98537	0.976676	7.04246	0.000965566	200000
C:\Users\isaac\phlag\caster\data\ape.fa	407800	0.98537	0.976676	7.01639	0.000968369	200000
C:\Users\isaac\phlag\caster\data\ape.fa	407900	0.955322	0.976676	6.95507	-0.00240278	200000
C:\Users\isaac\phlag\caster\data\ape.fa	408000	0.955486	0.918188	7.04103	0.00418392	200000
C:\Users\isaac\phlag\caster\data\ape.fa	408100	0.955486	0.918188	7.0123	0.00419745	200000
C:\Users\isaac\phlag\caster\data\ape.fa	408200	0.955486	0.918188	7.0123	0.00419745	200000
C:\Users\isaac\phlag\caster\data\ape.fa	408300	0.899328	0.918188	7.07346	-0.00212125	200000
C:\Users\isaac\phlag\caster\data\ape.fa	408400	0.899328	0.918188	7.12678	-0.0021086	200000
C:\Users\isaac\phlag\caster\data\ape.fa	408500	0.899328	0.918188	7.23816	-0.00208267	200000
C:\Users\isaac\phlag\caster\data\ape.fa	408600	0.899328	0.857461	7.23816	0.00465441	200000
C:\Users\isaac\phlag\caster\data\ape.fa	408700	0.899328	0.841985	7.21765	0.00640055	200000
C:\Users\isaac\phlag\caster\data\ape.fa	408800	0.899328	0.842616	7.21826	0.00632932	200000
C:\Users\isaac\phlag\caster\data\ape.fa	408900	0.899328	0.842616	7.18997	0.00634937	200000
C:\Users\isaac\phlag\caster\data\ape.fa	409000	0.958552	0.842616	7.18997	0.0128945	200000
C:\Users\isaac\phlag\caster\data\ape.fa	409100	0.958552	0.869892	7.14926	0.0098756	200000
C:\Users\isaac\phlag\caster\data\ape.fa	409200	0.958552	0.869892	7.1464	0.00987874	200000
C:\Users\isaac\phlag\caster\data\ape.fa	409300	0.958552	0.869892	7.20545	0.00981417	200000
C:\Users\isaac\phlag\caster\data\ape.fa	409400	0.958552	0.895707	7.21782	0.00692729	200000
C:\Users\isaac\phlag\caster\data\ape.fa	409500	0.958552	0.895707	7.164	0.00696864	200000
C:\Users\isaac\phlag\caster\data\ape.fa	409600	0.958552	0.895707	7.164	0.00696864	200000
C:\Users\isaac\phlag\caster\data\ape.fa	409700	0.958552	0.95528	7.164	0.000360412	200000
C:\Users\isaac\phlag\caster\data\ape.fa	409800	0.958552	0.95528	7.1948	0.000359193	200000
C:\Users\isaac\phlag\caster\data\ape.fa	409900	0.958552	0.95528	7.1948	0.000359193	200000
C:\Users\isaac\phlag\caster\data\ape.fa	410000	0.958552	0.95528	7.36011	0.000352791	200000
C:\Users\isaac\phlag\caster\data\ape.fa	410100	0.932203	0.95528	7.4208	-0.00247918	200000
C:\Users\isaac\phlag\caster\data\ape.fa	410200	0.932203	0.95528	7.36337	-0.00249458	200000
C:\Users\isaac\phlag\caster\data\ape.fa	410300	0.961327	0.95528	7.39249	0.000649607	200000
C:\Users\isaac\phlag\caster\data\ape.fa	410400	0.961327	0.939823	7.39249	0.00231382	200000
C:\Users\isaac\phlag\caster\data\ape.fa	410500	0.961327	0.939823	7.39249	0.00231382	200000
C:\Users\isaac\phlag\caster\data\ape.fa	410600	0.961327	0.926289	7.33835	0.00379777	200000
C:\Users\isaac\phlag\caster\data\ape.fa	410700	0.961327	0.926289	7.33835	0.00379777	200000
C:\Users\isaac\phlag\caster\data\ape.fa	410800	0.961327	0.894267	7.33835	0.00729395	200000
C:\Users\isaac\phlag\caster\data\ape.fa	410900	0.986904	0.865927	7.33835	0.0131623	200000
C:\Users\isaac\phlag\caster\data\ape.fa	411000	0.971431	0.848826	7.32288	0.0134095	200000
C:\Users\isaac\phlag\caster\data\ape.fa	411100	0.996421	0.848826	7.34787	0.016055	200000
C:\Users\isaac\phlag\caster\data\ape.fa	411200	1.02545	0.849511	7.28836	0.0192004	200000
C:\Users\isaac\phlag\caster\data\ape.fa	411300	1.02545	0.864824	7.32281	0.0174347	200000
C:\Users\isaac\phlag\caster\data\ape.fa	411400	1.02545	0.864824	7.32281	0.0174347	200000
C:\Users\isaac\phlag\caster\data\ape.fa	411500	1.02545	0.925476	7.2928	0.0108154	200000
C:\Users\isaac\phlag\caster\data\ape.fa	411600	1.02545	0.953842	7.2928	0.00772304	200000
C:\Users\isaac\phlag\caster\data\ape.fa	411700	1.02545	0.953842	7.26206	0.00774874	200000
C:\Users\isaac\phlag\caster\data\ape.fa	411800	1.02545	0.953842	7.20835	0.00779403	200000
C:\Users\isaac\phlag\caster\data\ape.fa	411900	1.02545	0.953842	7.20835	0.00779403	200000
C:\Users\isaac\phlag\caster\data\ape.fa	412000	1.02545	0.953842	7.20835	0.00779403	200000
C:\Users\isaac\phlag\caster\data\ape.fa	412100	1.05556	0.953842	7.15506	0.0110993	200000
C:\Users\isaac\phlag\caster\data\ape.fa	412200	1.05556	0.953842	7.1312	0.0111283	200000
C:\Users\isaac\phlag\caster\data\ape.fa	412300	1.05556	0.953842	7.03764	0.0112434	200000
C:\Users\isaac\phlag\caster\data\ape.fa	412400	1.05556	0.953842	6.92123	0.0113899	200000
C:\Users\isaac\phlag\caster\data\ape.fa	412500	1.14786	0.953842	6.92123	0.0215033	200000
C:\Users\isaac\phlag\caster\data\ape.fa	412600	1.14786	0.953842	6.92123	0.0215033	200000
C:\Users\isaac\phlag\caster\data\ape.fa	412700	1.14786	1.01149	6.92123	0.0150186	200000
C:\Users\isaac\phlag\caster\data\ape.fa	412800	1.14786	0.995288	6.92123	0.0168326	200000
C:\Users\isaac\phlag\caster\data\ape.fa	412900	1.14786	0.995288	6.89149	0.016888	200000
C:\Users\isaac\phlag\caster\data\ape.fa	413000	1.14786	1.00997	6.8433	0.0153198	200000
C:\Users\isaac\phlag\caster\data\ape.fa	413100	1.14786	1.00997	6.87265	0.01527	200000
C:\Users\isaac\phlag\caster\data\ape.fa	413200	1.25195	1.00997	6.83664	0.0265959	200000
C:\Users\isaac\phlag\caster\data\ape.fa	413300	1.25195	1.00997	6.83664	0.0265959	200000
C:\Users\isaac\phlag\caster\data\ape.fa	413400	1.25195	1.00997	6.83664	0.0265959	200000
C:\Users\isaac\phlag\caster\data\ape.fa	413500	1.25195	1.00997	6.80459	0.0266899	200000
C:\Users\isaac\phlag\caster\data\ape.fa	413600	1.25195	1.00997	6.80459	0.0266899	200000
C:\Users\isaac\phlag\caster\data\ape.fa	413700	1.27901	0.994601	6.80459	0.0313287	200000
C:\Users\isaac\phlag\caster\data\ape.fa	413800	1.27901	0.994601	6.89449	0.0310214	200000
C:\Users\isaac\phlag\caster\data\ape.fa	413900	1.27901	0.994601	6.89449	0.0310214	200000
C:\Users\isaac\phlag\caster\data\ape.fa	414000	1.27901	1.11638	6.89449	0.0175063	200000
C:\Users\isaac\phlag\caster\data\ape.fa	414100	1.27901	1.11638	6.89449	0.0175063	200000
C:\Users\isaac\phlag\caster\data\ape.fa	414200	1.24827	1.10101	6.89449	0.015931	200000
C:\Users\isaac\phlag\caster\data\ape.fa	414300	1.21958	1.10101	6.92676	0.0128223	200000
C:\Users\isaac\phlag\caster\data\ape.fa	414400	1.21958	1.07262	6.92676	0.0159414	200000
C:\Users\isaac\phlag\caster\data\ape.fa	414500	1.21958	1.05804	6.98504	0.0174397	200000
C:\Users\isaac\phlag\caster\data\ape.fa	414600	1.21958	1.07242	7.04258	0.0157645	200000
C:\Users\isaac\phlag\caster\data\ape.fa	414700	1.21958	1.07242	6.89424	0.0160191	200000
C:\Users\isaac\phlag\caster\data\ape.fa	414800	1.21958	1.04438	6.89424	0.0191306	200000
C:\Users\isaac\phlag\caster\data\ape.fa	414900	1.21958	1.02829	6.89424	0.0209237	200000
C:\Users\isaac\phlag\caster\data\ape.fa	415000	1.21958	1.02829	6.95214	0.020792	200000
C:\Users\isaac\phlag\caster\data\ape.fa	415100	1.21958	1.02829	6.92415	0.0208554	200000
C:\Users\isaac\phlag\caster\data\ape.fa	415200	1.21958	1.02829	6.92415	0.0208554	200000
C:\Users\isaac\phlag\caster\data\ape.fa	415300	1.21958	1.02829	6.95436	0.020787	200000
C:\Users\isaac\phlag\caster\data\ape.fa	415400	1.21958	1.02829	6.89953	0.0209115	200000
C:\Users\isaac\phlag\caster\data\ape.fa	415500	1.21958	1.04123	6.83936	0.0195989	200000
C:\Users\isaac\phlag\caster\data\ape.fa	415600	1.21958	1.05437	6.86564	0.0180763	200000
C:\Users\isaac\phlag\caster\data\ape.fa	415700	1.21958	1.05437	6.91792	0.0179735	200000
C:\Users\isaac\phlag\caster\data\ape.fa	415800	1.21958	1.05437	6.94748	0.0179159	200000
C:\Users\isaac\phlag\caster\data\ape.fa	415900	1.21958	1.05437	6.94748	0.0179159	200000
C:\Users\isaac\phlag\caster\data\ape.fa	416000	1.21958	1.11258	7.06733	0.011384	200000
C:\Users\isaac\phlag\caster\data\ape.fa	416100	1.21958	1.09679	7.06733	0.0130859	200000
C:\Users\isaac\phlag\caster\data\ape.fa	416200	1.21958	1.09679	7.00738	0.0131701	200000
C:\Users\isaac\phlag\caster\data\ape.fa	416300	1.21958	1.15331	6.94844	0.00710974	200000
C:\Users\isaac\phlag\caster\data\ape.fa	416400	1.21958	1.18408	6.97921	0.00378328	200000
C:\Users\isaac\phlag\caster\data\ape.fa	416500	1.21958	1.15443	6.952	0.006986	200000
C:\Users\isaac\phlag\caster\data\ape.fa	416600	1.21958	1.15443	6.952	0.006986	200000
C:\Users\isaac\phlag\caster\data\ape.fa	416700	1.21958	1.15443	6.92374	0.00700723	200000
C:\Users\isaac\phlag\caster\data\ape.fa	416800	1.21958	1.15443	6.92374	0.00700723	200000
C:\Users\isaac\phlag\caster\data\ape.fa	416900	1.21958	1.16919	6.92374	0.00541134	200000
C:\Users\isaac\phlag\caster\data\ape.fa	417000	1.21958	1.16919	6.95311	0.00539433	200000
C:\Users\isaac\phlag\caster\data\ape.fa	417100	1.21958	1.16919	6.95311	0.00539433	200000
C:\Users\isaac\phlag\caster\data\ape.fa	417200	1.21958	1.16919	6.95311	0.00539433	200000
C:\Users\isaac\phlag\caster\data\ape.fa	417300	1.21958	1.14081	6.95311	0.00845798	200000
C:\Users\isaac\phlag\caster\data\ape.fa	417400	1.21958	1.14081	6.95311	0.00845798	200000
C:\Users\isaac\phlag\caster\data\ape.fa	417500	1.21958	1.14081	7.01323	0.00840374	200000
C:\Users\isaac\phlag\caster\data\ape.fa	417600	1.21958	1.14081	6.92246	0.00848591	200000
C:\Users\isaac\phlag\caster\data\ape.fa	417700	1.24607	1.11317	6.88253	0.0143806	200000
C:\Users\isaac\phlag\caster\data\ape.fa	417800	1.24607	1.11317	6.90474	0.0143461	200000
C:\Users\isaac\phlag\caster\data\ape.fa	417900	1.24607	1.10032	6.90474	0.0157544	200000
C:\Users\isaac\phlag\caster\data\ape.fa	418000	1.24607	1.0873	6.9731	0.0170605	200000
C:\Users\isaac\phlag\caster\data\ape.fa	418100	1.24607	1.0873	6.81791	0.0173498	200000
C:\Users\isaac\phlag\caster\data\ape.fa	418200	1.24607	1.0873	6.81791	0.0173498	200000
C:\Users\isaac\phlag\caster\data\ape.fa	418300	1.30514	1.0873	6.84746	0.0235759	200000
C:\Users\isaac\phlag\caster\data\ape.fa	418400	1.27668	1.0873	6.819	0.020623	200000
C:\Users\isaac\phlag\caster\data\ape.fa	418500	1.27668	1.0873	6.819	0.020623	200000
C:\Users\isaac\phlag\caster\data\ape.fa	418600	1.27668	1.0873	6.819	0.020623	200000
C:\Users\isaac\phlag\caster\data\ape.fa	418700	1.24766	1.05828	6.819	0.0207541	200000
C:\Users\isaac\phlag\caster\data\ape.fa	418800	1.24766	1.05827	6.819	0.0207559	200000
C:\Users\isaac\phlag\caster\data\ape.fa	418900	1.24766	1.05827	6.84682	0.0206928	200000
C:\Users\isaac\phlag\caster\data\ape.fa	419000	1.21762	1.05827	6.84748	0.0174659	200000
C:\Users\isaac\phlag\caster\data\ape.fa	419100	1.21762	1.05827	6.73269	0.0176884	200000
C:\Users\isaac\phlag\caster\data\ape.fa	419200	1.21762	1.05827	6.73269	0.0176884	200000
C:\Users\isaac\phlag\caster\data\ape.fa	419300	1.21762	1.05827	6.73269	0.0176884	200000
C:\Users\isaac\phlag\caster\data\ape.fa	419400	1.21762	1.05827	6.70873	0.0177356	200000
C:\Users\isaac\phlag\caster\data\ape.fa	419500	1.21762	1.05827	6.73517	0.0176836	200000
C:\Users\isaac\phlag\caster\data\ape.fa	419600	1.21762	1.05827	6.73517	0.0176836	200000
C:\Users\isaac\phlag\caster\data\ape.fa	419700	1.21762	1.05827	6.64708	0.0178581	200000
C:\Users\isaac\phlag\caster\data\ape.fa	419800	1.21762	1.05827	6.64708	0.0178581	200000
C:\Users\isaac\phlag\caster\data\ape.fa	419900	1.21762	1.05827	6.61647	0.0179196	200000
C:\Users\isaac\phlag\caster\data\ape.fa	420000	1.18692	1.02684	6.61647	0.0181281	200000
C:\Users\isaac\phlag\caster\data\ape.fa	420100	1.18692	1.02684	6.55817	0.0182485	200000
C:\Users\isaac\phlag\caster\data\ape.fa	420200	1.18692	1.02684	6.5002	0.0183699	200000
C:\Users\isaac\phlag\caster\data\ape.fa	420300	1.18692	1.01287	6.5002	0.0200058	200000
C:\Users\isaac\phlag\caster\data\ape.fa	420400	1.18692	0.996866	6.5002	0.0218854	200000
C:\Users\isaac\phlag\caster\data\ape.fa	420500	1.18692	0.996866	6.58582	0.0216717	200000
C:\Users\isaac\phlag\caster\data\ape.fa	420600	1.17189	0.996866	6.51118	0.0201636	200000
C:\Users\isaac\phlag\caster\data\ape.fa	420700	1.17189	0.953937	6.51118	0.0252342	200000
C:\Users\isaac\phlag\caster\data\ape.fa	420800	1.17189	0.899374	6.54241	0.0316371	200000
C:\Users\isaac\phlag\caster\data\ape.fa	420900	1.23251	0.899374	6.54241	0.0384055	200000
C:\Users\isaac\phlag\caster\data\ape.fa	421000	1.23251	0.884533	6.54241	0.0401851	200000
C:\Users\isaac\phlag\caster\data\ape.fa	421100	1.23251	0.884533	6.49266	0.0404173	200000
C:\Users\isaac\phlag\caster\data\ape.fa	421200	1.20141	0.884533	6.55029	0.0366912	200000
C:\Users\isaac\phlag\caster\data\ape.fa	421300	1.20141	0.884533	6.49236	0.0369389	200000
C:\Users\isaac\phlag\caster\data\ape.fa	421400	1.16851	0.837053	6.54564	0.0387616	200000
C:\Users\isaac\phlag\caster\data\ape.fa	421500	1.16851	0.837053	6.54565	0.0387615	200000
C:\Users\isaac\phlag\caster\data\ape.fa	421600	1.16851	0.837053	6.60571	0.0384912	200000
C:\Users\isaac\phlag\caster\data\ape.fa	421700	1.16851	0.837053	6.71	0.0380306	200000
C:\Users\isaac\phlag\caster\data\ape.fa	421800	1.19508	0.853207	6.71	0.0390344	200000
C:\Users\isaac\phlag\caster\data\ape.fa	421900	1.16345	0.853207	6.7399	0.0354298	200000
C:\Users\isaac\phlag\caster\data\ape.fa	422000	1.16345	0.911033	6.7399	0.028637	200000
C:\Users\isaac\phlag\caster\data\ape.fa	422100	1.16345	0.924807	6.7399	0.0270321	200000
C:\Users\isaac\phlag\caster\data\ape.fa	422200	1.16345	0.924807	6.65	0.0273102	200000
C:\Users\isaac\phlag\caster\data\ape.fa	422300	1.19289	0.909468	6.79718	0.0318465	200000
C:\Users\isaac\phlag\caster\data\ape.fa	422400	1.22548	0.909468	6.85824	0.0351388	200000
C:\Users\isaac\phlag\caster\data\ape.fa	422500	1.22548	0.909468	6.83009	0.0352491	200000
C:\Users\isaac\phlag\caster\data\ape.fa	422600	1.25622	0.925119	6.83009	0.036742	200000
C:\Users\isaac\phlag\caster\data\ape.fa	422700	1.25622	0.925119	6.83009	0.036742	200000
C:\Users\isaac\phlag\caster\data\ape.fa	422800	1.25622	0.910528	6.83009	0.0384234	200000
C:\Users\isaac\phlag\caster\data\ape.fa	422900	1.25622	0.910528	6.77298	0.0386689	200000
C:\Users\isaac\phlag\caster\data\ape.fa	423000	1.19815	0.910528	6.71491	0.0325974	200000
C:\Users\isaac\phlag\caster\data\ape.fa	423100	1.14102	0.910528	6.71491	0.0262926	200000
C:\Users\isaac\phlag\caster\data\ape.fa	423200	1.08219	0.910528	6.71491	0.0197141	200000
C:\Users\isaac\phlag\caster\data\ape.fa	423300	1.02441	0.910528	6.59023	0.0133585	200000
C:\Users\isaac\phlag\caster\data\ape.fa	423400	1.02441	0.910528	6.59023	0.0133585	200000
C:\Users\isaac\phlag\caster\data\ape.fa	423500	1.08321	0.910528	6.53281	0.0202526	200000
C:\Users\isaac\phlag\caster\data\ape.fa	423600	1.08321	0.910528	6.53074	0.0202575	200000
C:\Users\isaac\phlag\caster\data\ape.fa	423700	1.05404	0.910528	6.50156	0.0169509	200000
C:\Users\isaac\phlag\caster\data\ape.fa	423800	1.08617	0.910528	6.4723	0.0207396	200000
C:\Users\isaac\phlag\caster\data\ape.fa	423900	1.08617	0.910528	6.50202	0.0206671	200000
C:\Users\isaac\phlag\caster\data\ape.fa	424000	1.08617	0.962015	6.55351	0.0144339	200000
C:\Users\isaac\phlag\caster\data\ape.fa	424100	1.08617	0.962015	6.55357	0.0144338	200000
C:\Users\isaac\phlag\caster\data\ape.fa	424200	1.08617	0.962015	6.61019	0.0143394	200000
C:\Users\isaac\phlag\caster\data\ape.fa	424300	1.08617	0.962015	6.66819	0.014244	200000
C:\Users\isaac\phlag\caster\data\ape.fa	424400	1.11573	0.962015	6.66819	0.0175759	200000
C:\Users\isaac\phlag\caster\data\ape.fa	424500	1.11573	0.977502	6.67206	0.0157702	200000
C:\Users\isaac\phlag\caster\data\ape.fa	424600	1.11573	0.977502	6.67206	0.0157702	200000
C:\Users\isaac\phlag\caster\data\ape.fa	424700	1.08706	0.977502	6.67206	0.0125401	200000
C:\Users\isaac\phlag\caster\data\ape.fa	424800	1.08706	0.977502	6.674	0.0125373	200000
C:\Users\isaac\phlag\caster\data\ape.fa	424900	1.08706	0.977502	6.7345	0.0124511	200000
C:\Users\isaac\phlag\caster\data\ape.fa	425000	1.08706	0.977502	6.6734	0.0125381	200000
C:\Users\isaac\phlag\caster\data\ape.fa	425100	1.08706	0.977502	6.75508	0.012422	200000
C:\Users\isaac\phlag\caster\data\ape.fa	425200	1.08706	0.977502	6.80954	0.0123458	200000
C:\Users\isaac\phlag\caster\data\ape.fa	425300	1.08706	0.977502	6.84015	0.0123034	200000
C:\Users\isaac\phlag\caster\data\ape.fa	425400	1.05898	0.977502	6.84015	0.00917871	200000
C:\Users\isaac\phlag\caster\data\ape.fa	425500	1.03403	0.977502	6.98272	0.00628508	200000
C:\Users\isaac\phlag\caster\data\ape.fa	425600	1.03403	0.924745	7.04344	0.01214	200000
C:\Users\isaac\phlag\caster\data\ape.fa	425700	1.03403	0.940014	6.98886	0.0104896	200000
C:\Users\isaac\phlag\caster\data\ape.fa	425800	1.03403	0.940014	6.99419	0.0104834	200000
C:\Users\isaac\phlag\caster\data\ape.fa	425900	1.03403	0.886012	6.91693	0.01675	200000
C:\Users\isaac\phlag\caster\data\ape.fa	426000	0.972859	0.886012	6.78793	0.0100438	200000
C:\Users\isaac\phlag\caster\data\ape.fa	426100	0.942979	0.886012	6.78793	0.00661104	200000
C:\Users\isaac\phlag\caster\data\ape.fa	426200	0.942979	0.85825	6.78793	0.00986465	200000
C:\Users\isaac\phlag\caster\data\ape.fa	426300	0.942979	0.85825	6.72698	0.00993515	200000
C:\Users\isaac\phlag\caster\data\ape.fa	426400	0.942979	0.85825	6.72698	0.00993515	200000
C:\Users\isaac\phlag\caster\data\ape.fa	426500	0.942979	0.843447	6.63816	0.0118144	200000
C:\Users\isaac\phlag\caster\data\ape.fa	426600	0.942979	0.843447	6.69977	0.0117287	200000
C:\Users\isaac\phlag\caster\data\ape.fa	426700	0.942979	0.787428	6.69977	0.0184517	200000
C:\Users\isaac\phlag\caster\data\ape.fa	426800	0.942979	0.670987	6.69967	0.0327164	200000
C:\Users\isaac\phlag\caster\data\ape.fa	426900	0.942979	0.718083	6.6414	0.0270879	200000
C:\Users\isaac\phlag\caster\data\ape.fa	427000	0.913038	0.76572	6.55157	0.0178994	200000
C:\Users\isaac\phlag\caster\data\ape.fa	427100	0.913038	0.76572	6.49299	0.0180278	200000
C:\Users\isaac\phlag\caster\data\ape.fa	427200	0.94113	0.76572	6.49299	0.0213919	200000
C:\Users\isaac\phlag\caster\data\ape.fa	427300	0.91411	0.76572	6.46653	0.0182155	200000
C:\Users\isaac\phlag\caster\data\ape.fa	427400	0.91411	0.76572	6.46937	0.0182091	200000
C:\Users\isaac\phlag\caster\data\ape.fa	427500	0.91411	0.76572	6.4233	0.0183126	200000
C:\Users\isaac\phlag\caster\data\ape.fa	427600	0.91411	0.76572	6.36813	0.0184382	200000
C:\Users\isaac\phlag\caster\data\ape.fa	427700	0.91411	0.76572	6.31366	0.0185638	200000
C:\Users\isaac\phlag\caster\data\ape.fa	427800	0.91411	0.751563	6.31366	0.0203709	200000
C:\Users\isaac\phlag\caster\data\ape.fa	427900	0.91411	0.7366	6.34353	0.0222047	200000
C:\Users\isaac\phlag\caster\data\ape.fa	428000	0.91411	0.767072	6.36967	0.0182636	200000
C:\Users\isaac\phlag\caster\data\ape.fa	428100	0.91411	0.767072	6.33966	0.018332	200000
C:\Users\isaac\phlag\caster\data\ape.fa	428200	0.91411	0.767072	6.27976	0.0184699	200000
C:\Users\isaac\phlag\caster\data\ape.fa	428300	0.914166	0.767072	6.31056	0.0184057	200000
C:\Users\isaac\phlag\caster\data\ape.fa	428400	0.914166	0.767072	6.25266	0.01854	200000
C:\Users\isaac\phlag\caster\data\ape.fa	428500	0.914166	0.767072	6.19151	0.018684	200000
C:\Users\isaac\phlag\caster\data\ape.fa	428600	0.914166	0.767072	6.1301	0.0188309	200000
C:\Users\isaac\phlag\caster\data\ape.fa	428700	0.914166	0.767072	6.15435	0.0187726	200000
C:\Users\isaac\phlag\caster\data\ape.fa	428800	0.914166	0.767072	6.18459	0.0187004	200000
C:\Users\isaac\phlag\caster\data\ape.fa	428900	0.914166	0.767072	6.15401	0.0187734	200000
C:\Users\isaac\phlag\caster\data\ape.fa	429000	0.914166	0.767072	6.2513	0.0185432	200000
C:\Users\isaac\phlag\caster\data\ape.fa	429100	0.914166	0.767072	6.30673	0.0184145	200000
C:\Users\isaac\phlag\caster\data\ape.fa	429200	0.914166	0.767072	6.21392	0.018631	200000
C:\Users\isaac\phlag\caster\data\ape.fa	429300	0.914166	0.767072	6.21123	0.0186373	200000
C:\Users\isaac\phlag\caster\data\ape.fa	429400	0.914166	0.796609	6.21123	0.0148393	200000
C:\Users\isaac\phlag\caster\data\ape.fa	429500	0.914166	0.796609	6.21123	0.0148393	200000
C:\Users\isaac\phlag\caster\data\ape.fa	429600	0.914166	0.796609	6.12024	0.0150118	200000
C:\Users\isaac\phlag\caster\data\ape.fa	429700	0.914166	0.73423	6.12024	0.0231619	200000
C:\Users\isaac\phlag\caster\data\ape.fa	429800	0.914166	0.73423	6.12024	0.0231619	200000
C:\Users\isaac\phlag\caster\data\ape.fa	429900	0.885458	0.73423	6.08903	0.0196179	200000
C:\Users\isaac\phlag\caster\data\ape.fa	430000	0.885458	0.73423	6.08903	0.0196179	200000
C:\Users\isaac\phlag\caster\data\ape.fa	430100	0.885458	0.73423	6.14462	0.0194774	200000
C:\Users\isaac\phlag\caster\data\ape.fa	430200	0.885458	0.764154	6.14462	0.0155633	200000
C:\Users\isaac\phlag\caster\data\ape.fa	430300	0.885458	0.749391	6.19753	0.0173724	200000
C:\Users\isaac\phlag\caster\data\ape.fa	430400	0.885458	0.765279	6.19753	0.0153128	200000
C:\Users\isaac\phlag\caster\data\ape.fa	430500	0.855637	0.765279	6.13613	0.0116486	200000
C:\Users\isaac\phlag\caster\data\ape.fa	430600	0.855637	0.765279	6.13613	0.0116486	200000
C:\Users\isaac\phlag\caster\data\ape.fa	430700	0.855637	0.765279	6.13613	0.0116486	200000
C:\Users\isaac\phlag\caster\data\ape.fa	430800	0.915842	0.765279	5.98104	0.0196502	200000
C:\Users\isaac\phlag\caster\data\ape.fa	430900	0.915842	0.765279	5.95251	0.0197237	200000
C:\Users\isaac\phlag\caster\data\ape.fa	431000	0.915842	0.718425	5.95251	0.0260213	200000
C:\Users\isaac\phlag\caster\data\ape.fa	431100	0.915842	0.718425	5.97881	0.0259314	200000
C:\Users\isaac\phlag\caster\data\ape.fa	431200	0.915842	0.733608	5.92665	0.0240539	200000
C:\Users\isaac\phlag\caster\data\ape.fa	431300	0.946126	0.733608	5.92408	0.0279489	200000
C:\Users\isaac\phlag\caster\data\ape.fa	431400	0.946126	0.733608	5.94811	0.0278609	200000
C:\Users\isaac\phlag\caster\data\ape.fa	431500	0.946126	0.706849	5.94811	0.0314793	200000
C:\Users\isaac\phlag\caster\data\ape.fa	431600	0.946126	0.706849	5.82501	0.0319975	200000
C:\Users\isaac\phlag\caster\data\ape.fa	431700	0.946126	0.706849	5.76611	0.0322515	200000
C:\Users\isaac\phlag\caster\data\ape.fa	431800	0.946126	0.706849	5.70936	0.0325001	200000
C:\Users\isaac\phlag\caster\data\ape.fa	431900	0.946126	0.677863	5.68037	0.0367264	200000
C:\Users\isaac\phlag\caster\data\ape.fa	432000	0.916822	0.677843	5.68037	0.0328491	200000
C:\Users\isaac\phlag\caster\data\ape.fa	432100	0.916822	0.765973	5.68037	0.0204869	200000
C:\Users\isaac\phlag\caster\data\ape.fa	432200	0.884621	0.765973	5.68037	0.0161846	200000
C:\Users\isaac\phlag\caster\data\ape.fa	432300	0.86034	0.765973	5.68037	0.0129151	200000
C:\Users\isaac\phlag\caster\data\ape.fa	432400	0.86034	0.765973	5.65047	0.0129682	200000
C:\Users\isaac\phlag\caster\data\ape.fa	432500	0.86034	0.735374	5.61986	0.0173189	200000
C:\Users\isaac\phlag\caster\data\ape.fa	432600	0.86034	0.735374	5.56482	0.017452	200000
C:\Users\isaac\phlag\caster\data\ape.fa	432700	0.86034	0.735374	5.56482	0.017452	200000
C:\Users\isaac\phlag\caster\data\ape.fa	432800	0.891115	0.735374	5.56482	0.0216568	200000
C:\Users\isaac\phlag\caster\data\ape.fa	432900	0.891115	0.735374	5.56482	0.0216568	200000
C:\Users\isaac\phlag\caster\data\ape.fa	433000	0.891115	0.735374	5.56482	0.0216568	200000
C:\Users\isaac\phlag\caster\data\ape.fa	433100	0.891115	0.735374	5.53638	0.0217428	200000
C:\Users\isaac\phlag\caster\data\ape.fa	433200	0.891115	0.735374	5.53638	0.0217428	200000
C:\Users\isaac\phlag\caster\data\ape.fa	433300	0.891115	0.735374	5.50052	0.0218522	200000
C:\Users\isaac\phlag\caster\data\ape.fa	433400	0.891115	0.718414	5.50052	0.0242897	200000
C:\Users\isaac\phlag\caster\data\ape.fa	433500	0.891115	0.718414	5.55728	0.0240973	200000
C:\Users\isaac\phlag\caster\data\ape.fa	433600	0.836558	0.704775	5.58756	0.0184858	200000
C:\Users\isaac\phlag\caster\data\ape.fa	433700	0.836558	0.704775	5.58756	0.0184858	200000
C:\Users\isaac\phlag\caster\data\ape.fa	433800	0.836558	0.704775	5.5278	0.0186421	200000
C:\Users\isaac\phlag\caster\data\ape.fa	433900	0.851553	0.704775	5.54279	0.0206755	200000
C:\Users\isaac\phlag\caster\data\ape.fa	434000	0.851553	0.719948	5.50857	0.0185881	200000
C:\Users\isaac\phlag\caster\data\ape.fa	434100	0.851553	0.719948	5.50933	0.0185861	200000
C:\Users\isaac\phlag\caster\data\ape.fa	434200	0.851553	0.719948	5.54855	0.0184837	200000
C:\Users\isaac\phlag\caster\data\ape.fa	434300	0.851553	0.719948	5.54855	0.0184837	200000
C:\Users\isaac\phlag\caster\data\ape.fa	434400	0.851553	0.735648	5.54855	0.0162429	200000
C:\Users\isaac\phlag\caster\data\ape.fa	434500	0.851553	0.735648	5.54855	0.0162429	200000
C:\Users\isaac\phlag\caster\data\ape.fa	434600	0.882268	0.750546	5.57835	0.0182664	200000
C:\Users\isaac\phlag\caster\data\ape.fa	434700	0.851797	0.761767	5.52556	0.0126109	200000
C:\Users\isaac\phlag\caster\data\ape.fa	434800	0.851797	0.819265	5.52556	0.00452044	200000
C:\Users\isaac\phlag\caster\data\ape.fa	434900	0.851797	0.819265	5.49698	0.00453846	200000
C:\Users\isaac\phlag\caster\data\ape.fa	435000	0.851797	0.819265	5.49325	0.00454083	200000
C:\Users\isaac\phlag\caster\data\ape.fa	435100	0.851797	0.819265	5.52142	0.00452304	200000
C:\Users\isaac\phlag\caster\data\ape.fa	435200	0.851797	0.819265	5.55184	0.00450399	200000
C:\Users\isaac\phlag\caster\data\ape.fa	435300	0.851797	0.806956	5.55184	0.00621877	200000
C:\Users\isaac\phlag\caster\data\ape.fa	435400	0.825258	0.806956	5.55184	0.00254755	200000
C:\Users\isaac\phlag\caster\data\ape.fa	435500	0.825258	0.806956	5.59155	0.00253355	200000
C:\Users\isaac\phlag\caster\data\ape.fa	435600	0.825258	0.806956	5.56196	0.00254397	200000
C:\Users\isaac\phlag\caster\data\ape.fa	435700	0.825258	0.806956	5.56087	0.00254436	200000
C:\Users\isaac\phlag\caster\data\ape.fa	435800	0.825258	0.792314	5.5837	0.00457474	200000
C:\Users\isaac\phlag\caster\data\ape.fa	435900	0.851986	0.792314	5.55343	0.00829036	200000
C:\Users\isaac\phlag\caster\data\ape.fa	436000	0.851986	0.792314	5.55343	0.00829036	200000
C:\Users\isaac\phlag\caster\data\ape.fa	436100	0.872798	0.792314	5.59506	0.0110857	200000
C:\Users\isaac\phlag\caster\data\ape.fa	436200	0.872798	0.820267	5.59506	0.00720778	200000
C:\Users\isaac\phlag\caster\data\ape.fa	436300	0.872798	0.820267	5.59506	0.00720778	200000
C:\Users\isaac\phlag\caster\data\ape.fa	436400	0.872798	0.820267	5.59506	0.00720778	200000
C:\Users\isaac\phlag\caster\data\ape.fa	436500	0.872798	0.820267	5.59506	0.00720778	200000
C:\Users\isaac\phlag\caster\data\ape.fa	436600	0.904366	0.820267	5.56655	0.0115343	200000
C:\Users\isaac\phlag\caster\data\ape.fa	436700	0.872754	0.835564	5.50451	0.00515606	200000
C:\Users\isaac\phlag\caster\data\ape.fa	436800	0.872754	0.835564	5.56383	0.005114	200000
C:\Users\isaac\phlag\caster\data\ape.fa	436900	0.872754	0.835564	5.50685	0.00515439	200000
C:\Users\isaac\phlag\caster\data\ape.fa	437000	0.872754	0.835564	5.50685	0.00515439	200000
C:\Users\isaac\phlag\caster\data\ape.fa	437100	0.872754	0.835564	5.56775	0.00511124	200000
C:\Users\isaac\phlag\caster\data\ape.fa	437200	0.872754	0.835564	5.59919	0.00508926	200000
C:\Users\isaac\phlag\caster\data\ape.fa	437300	0.872754	0.847719	5.6302	0.00340585	200000
C:\Users\isaac\phlag\caster\data\ape.fa	437400	0.872754	0.847719	5.6302	0.00340585	200000
C:\Users\isaac\phlag\caster\data\ape.fa	437500	0.872754	0.847719	5.6302	0.00340585	200000
C:\Users\isaac\phlag\caster\data\ape.fa	437600	0.900119	0.847719	5.65757	0.00707587	200000
C:\Users\isaac\phlag\caster\data\ape.fa	437700	0.959814	0.788801	5.62811	0.0231828	200000
C:\Users\isaac\phlag\caster\data\ape.fa	437800	0.959814	0.788801	5.62811	0.0231828	200000
C:\Users\isaac\phlag\caster\data\ape.fa	437900	0.959814	0.788801	5.62624	0.0231886	200000
C:\Users\isaac\phlag\caster\data\ape.fa	438000	0.959814	0.77375	5.59823	0.0253777	200000
C:\Users\isaac\phlag\caster\data\ape.fa	438100	0.959814	0.745758	5.63159	0.0291742	200000
C:\Users\isaac\phlag\caster\data\ape.fa	438200	0.959814	0.731208	5.63159	0.0312192	200000
C:\Users\isaac\phlag\caster\data\ape.fa	438300	0.959814	0.731208	5.6591	0.0311023	200000
C:\Users\isaac\phlag\caster\data\ape.fa	438400	0.959814	0.731208	5.62659	0.0312405	200000
C:\Users\isaac\phlag\caster\data\ape.fa	438500	0.959814	0.731208	5.62659	0.0312405	200000
C:\Users\isaac\phlag\caster\data\ape.fa	438600	0.959814	0.731208	5.56681	0.0314978	200000
C:\Users\isaac\phlag\caster\data\ape.fa	438700	0.959814	0.731208	5.56681	0.0314978	200000
C:\Users\isaac\phlag\caster\data\ape.fa	438800	0.959814	0.669593	5.53753	0.0404945	200000
C:\Users\isaac\phlag\caster\data\ape.fa	438900	0.959814	0.669593	5.53753	0.0404945	200000
C:\Users\isaac\phlag\caster\data\ape.fa	439000	0.959814	0.669593	5.65553	0.0398385	200000
C:\Users\isaac\phlag\caster\data\ape.fa	439100	0.959814	0.669593	5.93019	0.0383911	200000
C:\Users\isaac\phlag\caster\data\ape.fa	439200	0.959814	0.669593	5.93019	0.0383911	200000
C:\Users\isaac\phlag\caster\data\ape.fa	439300	0.959814	0.673775	5.90128	0.0379621	200000
C:\Users\isaac\phlag\caster\data\ape.fa	439400	0.959814	0.673775	5.87719	0.0380838	200000
C:\Users\isaac\phlag\caster\data\ape.fa	439500	0.959814	0.659233	5.81837	0.0404147	200000
C:\Users\isaac\phlag\caster\data\ape.fa	439600	0.959814	0.659233	5.78958	0.0405717	200000
C:\Users\isaac\phlag\caster\data\ape.fa	439700	0.959814	0.644649	5.81883	0.0424562	200000
C:\Users\isaac\phlag\caster\data\ape.fa	439800	0.959814	0.633078	5.81883	0.0440838	200000
C:\Users\isaac\phlag\caster\data\ape.fa	439900	0.959814	0.633078	5.81883	0.0440838	200000
C:\Users\isaac\phlag\caster\data\ape.fa	440000	0.959814	0.645594	5.81883	0.0423236	200000
C:\Users\isaac\phlag\caster\data\ape.fa	440100	0.959814	0.645594	5.75828	0.0426715	200000
C:\Users\isaac\phlag\caster\data\ape.fa	440200	0.959814	0.677017	5.75828	0.038241	200000
C:\Users\isaac\phlag\caster\data\ape.fa	440300	0.954676	0.677017	5.75828	0.0375723	200000
C:\Users\isaac\phlag\caster\data\ape.fa	440400	1.04786	0.677017	5.75828	0.0495567	200000
C:\Users\isaac\phlag\caster\data\ape.fa	440500	1.04786	0.677017	5.8491	0.0489625	200000
C:\Users\isaac\phlag\caster\data\ape.fa	440600	1.04786	0.662979	5.8491	0.0509103	200000
C:\Users\isaac\phlag\caster\data\ape.fa	440700	1.04786	0.662979	5.82183	0.0510946	200000
C:\Users\isaac\phlag\caster\data\ape.fa	440800	1.04786	0.662979	5.79153	0.051301	200000
C:\Users\isaac\phlag\caster\data\ape.fa	440900	1.04786	0.678352	5.70217	0.0497424	200000
C:\Users\isaac\phlag\caster\data\ape.fa	441000	1.04786	0.678352	5.70217	0.0497424	200000
C:\Users\isaac\phlag\caster\data\ape.fa	441100	1.04786	0.678352	5.70217	0.0497424	200000
C:\Users\isaac\phlag\caster\data\ape.fa	441200	1.04786	0.678352	5.70217	0.0497424	200000
C:\Users\isaac\phlag\caster\data\ape.fa	441300	1.04786	0.71125	5.70217	0.0451139	200000
C:\Users\isaac\phlag\caster\data\ape.fa	441400	1.04786	0.71125	5.75712	0.0447841	200000
C:\Users\isaac\phlag\caster\data\ape.fa	441500	1.04786	0.742926	5.63457	0.0410663	200000
C:\Users\isaac\phlag\caster\data\ape.fa	441600	1.04786	0.742926	5.63457	0.0410663	200000
C:\Users\isaac\phlag\caster\data\ape.fa	441700	1.04786	0.728308	5.57391	0.0434757	200000
C:\Users\isaac\phlag\caster\data\ape.fa	441800	1.04786	0.728308	5.57391	0.0434757	200000
C:\Users\isaac\phlag\caster\data\ape.fa	441900	1.04786	0.728308	5.57391	0.0434757	200000
C:\Users\isaac\phlag\caster\data\ape.fa	442000	1.10881	0.728308	5.57391	0.0513423	200000
C:\Users\isaac\phlag\caster\data\ape.fa	442100	1.07885	0.75759	5.51665	0.0436906	200000
C:\Users\isaac\phlag\caster\data\ape.fa	442200	1.07885	0.75759	5.45634	0.0440519	200000
C:\Users\isaac\phlag\caster\data\ape.fa	442300	1.09364	0.75759	5.44086	0.0460843	200000
C:\Users\isaac\phlag\caster\data\ape.fa	442400	1.09364	0.741876	5.49811	0.047966	200000
C:\Users\isaac\phlag\caster\data\ape.fa	442500	1.12309	0.741876	5.49731	0.0517795	200000
C:\Users\isaac\phlag\caster\data\ape.fa	442600	1.15112	0.681177	5.49731	0.0641161	200000
C:\Users\isaac\phlag\caster\data\ape.fa	442700	1.15112	0.681177	5.49731	0.0641161	200000
C:\Users\isaac\phlag\caster\data\ape.fa	442800	1.18214	0.681177	5.5287	0.0677714	200000
C:\Users\isaac\phlag\caster\data\ape.fa	442900	1.09538	0.681276	5.47086	0.0571376	200000
C:\Users\isaac\phlag\caster\data\ape.fa	443000	1.09538	0.681276	5.47015	0.0571431	200000
C:\Users\isaac\phlag\caster\data\ape.fa	443100	1.09538	0.681276	5.43996	0.0573822	200000
C:\Users\isaac\phlag\caster\data\ape.fa	443200	1.09538	0.681276	5.38095	0.0578553	200000
C:\Users\isaac\phlag\caster\data\ape.fa	443300	1.09538	0.681276	5.38095	0.0578553	200000
C:\Users\isaac\phlag\caster\data\ape.fa	443400	1.06866	0.681276	5.44221	0.0538627	200000
C:\Users\isaac\phlag\caster\data\ape.fa	443500	1.01119	0.681276	5.44208	0.0462413	200000
C:\Users\isaac\phlag\caster\data\ape.fa	443600	1.01119	0.694302	5.44208	0.0443345	200000
C:\Users\isaac\phlag\caster\data\ape.fa	443700	1.01119	0.694302	5.44208	0.0443345	200000
C:\Users\isaac\phlag\caster\data\ape.fa	443800	1.01119	0.694302	5.52645	0.0438173	200000
C:\Users\isaac\phlag\caster\data\ape.fa	443900	1.02527	0.666226	5.54053	0.0496463	200000
C:\Users\isaac\phlag\caster\data\ape.fa	444000	1.02527	0.666226	5.60456	0.0492106	200000
C:\Users\isaac\phlag\caster\data\ape.fa	444100	1.02527	0.666226	5.60456	0.0492106	200000
C:\Users\isaac\phlag\caster\data\ape.fa	444200	1.02527	0.724891	5.63389	0.0406793	200000
C:\Users\isaac\phlag\caster\data\ape.fa	444300	1.02527	0.724891	5.63389	0.0406793	200000
C:\Users\isaac\phlag\caster\data\ape.fa	444400	0.964645	0.724891	5.63389	0.032738	200000
C:\Users\isaac\phlag\caster\data\ape.fa	444500	0.903965	0.724891	5.63389	0.0246565	200000
C:\Users\isaac\phlag\caster\data\ape.fa	444600	0.903965	0.724891	5.63389	0.0246565	200000
C:\Users\isaac\phlag\caster\data\ape.fa	444700	0.903965	0.724891	5.63389	0.0246565	200000
C:\Users\isaac\phlag\caster\data\ape.fa	444800	0.903965	0.709937	5.63389	0.0267706	200000
C:\Users\isaac\phlag\caster\data\ape.fa	444900	0.903965	0.740089	5.63389	0.0225168	200000
C:\Users\isaac\phlag\caster\data\ape.fa	445000	0.875088	0.696166	5.66244	0.0247347	200000
C:\Users\isaac\phlag\caster\data\ape.fa	445100	0.875088	0.696166	5.66244	0.0247347	200000
C:\Users\isaac\phlag\caster\data\ape.fa	445200	0.844568	0.641145	5.69159	0.0283425	200000
C:\Users\isaac\phlag\caster\data\ape.fa	445300	0.844568	0.627505	5.66431	0.0304163	200000
C:\Users\isaac\phlag\caster\data\ape.fa	445400	0.844568	0.627314	5.60259	0.0307095	200000
C:\Users\isaac\phlag\caster\data\ape.fa	445500	0.844568	0.627314	5.72558	0.0301847	200000
C:\Users\isaac\phlag\caster\data\ape.fa	445600	0.875502	0.627314	5.66362	0.0346319	200000
C:\Users\isaac\phlag\caster\data\ape.fa	445700	0.875502	0.573279	5.66362	0.0424923	200000
C:\Users\isaac\phlag\caster\data\ape.fa	445800	0.875502	0.558111	5.66362	0.0447203	200000
C:\Users\isaac\phlag\caster\data\ape.fa	445900	0.906194	0.558111	5.66362	0.0488336	200000
C:\Users\isaac\phlag\caster\data\ape.fa	446000	0.844335	0.573648	5.66362	0.038224	200000
C:\Users\isaac\phlag\caster\data\ape.fa	446100	0.769911	0.573648	5.63882	0.0281083	200000
C:\Users\isaac\phlag\caster\data\ape.fa	446200	0.769225	0.573648	5.55244	0.0283638	200000
C:\Users\isaac\phlag\caster\data\ape.fa	446300	0.769225	0.573648	5.52379	0.0284821	200000
C:\Users\isaac\phlag\caster\data\ape.fa	446400	0.799777	0.573648	5.52379	0.0327856	200000
C:\Users\isaac\phlag\caster\data\ape.fa	446500	0.799777	0.558752	5.46197	0.0353384	200000
C:\Users\isaac\phlag\caster\data\ape.fa	446600	0.782648	0.558752	5.4754	0.0328448	200000
C:\Users\isaac\phlag\caster\data\ape.fa	446700	0.782648	0.558752	5.4772	0.0328362	200000
C:\Users\isaac\phlag\caster\data\ape.fa	446800	0.782648	0.558752	5.4772	0.0328362	200000
C:\Users\isaac\phlag\caster\data\ape.fa	446900	0.782648	0.558752	5.47476	0.0328479	200000
C:\Users\isaac\phlag\caster\data\ape.fa	447000	0.782648	0.558752	5.4121	0.0331527	200000
C:\Users\isaac\phlag\caster\data\ape.fa	447100	0.782648	0.585176	5.46495	0.0289007	200000
C:\Users\isaac\phlag\caster\data\ape.fa	447200	0.782648	0.585176	5.52654	0.0286425	200000
C:\Users\isaac\phlag\caster\data\ape.fa	447300	0.782648	0.585176	5.58606	0.0283974	200000
C:\Users\isaac\phlag\caster\data\ape.fa	447400	0.75167	0.585176	5.7387	0.0235309	200000
C:\Users\isaac\phlag\caster\data\ape.fa	447500	0.716634	0.585176	5.7387	0.0186717	200000
C:\Users\isaac\phlag\caster\data\ape.fa	447600	0.716634	0.585176	5.7387	0.0186717	200000
C:\Users\isaac\phlag\caster\data\ape.fa	447700	0.716634	0.585176	5.7147	0.0187355	200000
C:\Users\isaac\phlag\caster\data\ape.fa	447800	0.716634	0.585176	5.7147	0.0187355	200000
C:\Users\isaac\phlag\caster\data\ape.fa	447900	0.716634	0.615124	5.7147	0.0144058	200000
C:\Users\isaac\phlag\caster\data\ape.fa	448000	0.716634	0.629707	5.7147	0.0123108	200000
C:\Users\isaac\phlag\caster\data\ape.fa	448100	0.716634	0.6669	5.7147	0.00700653	200000
C:\Users\isaac\phlag\caster\data\ape.fa	448200	0.748677	0.6669	5.7147	0.011469	200000
C:\Users\isaac\phlag\caster\data\ape.fa	448300	0.715871	0.695894	5.7147	0.0028033	200000
C:\Users\isaac\phlag\caster\data\ape.fa	448400	0.715871	0.695894	5.7147	0.0028033	200000
C:\Users\isaac\phlag\caster\data\ape.fa	448500	0.715871	0.814675	5.71905	-0.0136288	200000
C:\Users\isaac\phlag\caster\data\ape.fa	448600	0.715871	0.872628	5.6659	-0.0216085	200000
C:\Users\isaac\phlag\caster\data\ape.fa	448700	0.715871	0.842603	5.6431	-0.0175978	200000
C:\Users\isaac\phlag\caster\data\ape.fa	448800	0.715871	0.842603	5.6431	-0.0175978	200000
C:\Users\isaac\phlag\caster\data\ape.fa	448900	0.715871	0.842603	5.6431	-0.0175978	200000
C:\Users\isaac\phlag\caster\data\ape.fa	449000	0.715871	0.842603	5.61492	-0.0176669	200000
C:\Users\isaac\phlag\caster\data\ape.fa	449100	0.715871	0.909495	5.63725	-0.0266604	200000
C:\Users\isaac\phlag\caster\data\ape.fa	449200	0.715871	0.894306	5.63725	-0.0246204	200000
C:\Users\isaac\phlag\caster\data\ape.fa	449300	0.715871	0.909091	5.63725	-0.0266062	200000
C:\Users\isaac\phlag\caster\data\ape.fa	449400	0.715871	0.909091	5.60757	-0.0267154	200000
C:\Users\isaac\phlag\caster\data\ape.fa	449500	0.715871	0.909091	5.60757	-0.0267154	200000
C:\Users\isaac\phlag\caster\data\ape.fa	449600	0.715871	0.909091	5.63771	-0.0266045	200000
C:\Users\isaac\phlag\caster\data\ape.fa	449700	0.68765	0.909091	5.69932	-0.0303508	200000
C:\Users\isaac\phlag\caster\data\ape.fa	449800	0.68765	0.909091	5.69932	-0.0303508	200000
C:\Users\isaac\phlag\caster\data\ape.fa	449900	0.68765	0.909091	5.67221	-0.030464	200000
C:\Users\isaac\phlag\caster\data\ape.fa	450000	0.68765	0.909091	5.73364	-0.0302087	200000
