pos	avg*ABBA	avg*BABA	avg*AABB	sliding_D*	QuartetCnt
0	0.0115473	0.0803186	0.125852	-0.315873	1.9982e+07
100	0.0115535	0.0802676	0.125824	-0.315716	1.9978e+07
200	0.0115695	0.080258	0.125813	-0.315606	1.9974e+07
300	0.0115811	0.0802418	0.125787	-0.315521	1.997e+07
400	0.0115972	0.080216	0.125728	-0.315429	1.9966e+07
500	0.0115988	0.0801584	0.125727	-0.315239	1.9962e+07
600	0.0115995	0.0801487	0.125717	-0.31522	1.9958e+07
700	0.0115918	0.0801718	0.125599	-0.31551	1.9954e+07
800	0.0115926	0.0801895	0.125605	-0.315552	1.995e+07
900	0.0115758	0.0802281	0.125632	-0.315735	1.9946e+07
1000	0.0115659	0.0801821	0.125622	-0.315665	1.9942e+07
1100	0.0115475	0.0801372	0.125589	-0.315683	1.9938e+07
1200	0.0115236	0.0801474	0.125574	-0.315882	1.9934e+07
1300	0.0115176	0.0801627	0.125545	-0.316008	1.993e+07
1400	0.011529	0.0801691	0.125463	-0.31608	1.9926e+07
1500	0.0115267	0.0801463	0.125445	-0.316048	1.9922e+07
1600	0.0115292	0.0801712	0.125418	-0.31615	1.9918e+07
1700	0.0115244	0.0802302	0.125312	-0.316519	1.9914e+07
1800	0.0115281	0.080284	0.125338	-0.316628	1.991e+07
1900	0.0115142	0.0803405	0.1254	-0.3168	1.9906e+07
2000	0.0115192	0.0803125	0.125413	-0.316663	1.9902e+07
2100	0.0115159	0.0802859	0.125406	-0.316609	1.9898e+07
2200	0.0115132	0.0803084	0.125397	-0.316709	1.9894e+07
2300	0.0115165	0.0803237	0.125373	-0.316772	1.989e+07
2400	0.0115312	0.0803302	0.125284	-0.316834	1.9886e+07
2500	0.0115318	0.0803074	0.12526	-0.316794	1.9882e+07
2600	0.0115218	0.0803324	0.12522	-0.316991	1.9878e+07
2700	0.0115112	0.0803915	0.125112	-0.317399	1.9874e+07
2800	0.0115088	0.0804333	0.125112	-0.317546	1.987e+07
2900	0.0114888	0.0804778	0.125138	-0.31777	1.9866e+07
3000	0.0114811	0.0804373	0.12511	-0.31773	1.9862e+07
3100	0.0114662	0.0803989	0.125072	-0.317754	1.9858e+07
3200	0.011452	0.0804098	0.125068	-0.317881	1.9854e+07
3300	0.011442	0.0804122	0.12506	-0.317961	1.985e+07
3400	0.011445	0.0804069	0.12501	-0.318	1.9846e+07
3500	0.0114323	0.080371	0.125017	-0.317953	1.9842e+07
3600	0.0114374	0.0803835	0.125008	-0.317974	1.9838e+07
3700	0.0114417	0.0804296	0.124919	-0.318225	1.9834e+07
3800	0.0114554	0.0804846	0.124961	-0.318251	1.983e+07
3900	0.0114505	0.0805411	0.125026	-0.318364	1.9826e+07
4000	0.0114579	0.0805123	0.124998	-0.31827	1.9822e+07
4100	0.0114587	0.0804864	0.124952	-0.318251	1.9818e+07
4200	0.0114602	0.08051	0.124915	-0.31837	1.9814e+07
4300	0.0114658	0.0805186	0.124855	-0.318452	1.981e+07
4400	0.011484	0.0805159	0.124784	-0.318437	1.9806e+07
4500	0.0114871	0.0804832	0.124776	-0.318327	1.9802e+07
4600	0.0114887	0.080499	0.124747	-0.318409	1.9798e+07
4700	0.0114898	0.0805485	0.124625	-0.318737	1.9794e+07
4800	0.0115004	0.0805943	0.124615	-0.318832	1.979e+07
4900	0.0114861	0.0806421	0.124624	-0.319055	1.9786e+07
5000	0.0114841	0.0806044	0.124616	-0.318961	1.9782e+07
5100	0.0114695	0.0805687	0.124606	-0.318953	1.9778e+07
5200	0.0114557	0.0805831	0.124609	-0.319078	1.9774e+07
5300	0.0114462	0.0805954	0.124593	-0.319197	1.977e+07
5400	0.0114495	0.0805904	0.124531	-0.319254	1.9766e+07
5500	0.0114376	0.080555	0.124515	-0.319237	1.9762e+07
5600	0.0114273	0.0805681	0.1245	-0.319364	1.9758e+07
5700	0.0114158	0.0806143	0.124411	-0.319711	1.9754e+07
5800	0.0114145	0.0806574	0.124444	-0.319805	1.975e+07
5900	0.0114001	0.0807022	0.124496	-0.319957	1.9746e+07
6000	0.0113981	0.0806613	0.124481	-0.319863	1.9742e+07
6100	0.0113951	0.080622	0.124449	-0.319804	1.9738e+07
6200	0.0113927	0.0806356	0.124449	-0.319862	1.9734e+07
6300	0.0113949	0.080641	0.12443	-0.319893	1.973e+07
6400	0.0114104	0.0806511	0.124365	-0.319927	1.9726e+07
6500	0.0114109	0.0806186	0.124375	-0.319808	1.9722e+07
6600	0.0114131	0.080635	0.124372	-0.31985	1.9718e+07
6700	0.0114172	0.0806875	0.124279	-0.320127	1.9714e+07
6800	0.0114316	0.0807374	0.124311	-0.320149	1.971e+07
6900	0.0114266	0.0807926	0.124381	-0.320249	1.9706e+07
7000	0.011434	0.0807613	0.124406	-0.320068	1.9702e+07
7100	0.011434	0.0807319	0.124417	-0.31996	1.9698e+07
7200	0.0114227	0.0807485	0.124432	-0.320059	1.9694e+07
7300	0.0114098	0.0807565	0.124428	-0.320169	1.969e+07
7400	0.0114108	0.0807554	0.124394	-0.320209	1.9686e+07
7500	0.0113965	0.0807353	0.124419	-0.320196	1.9682e+07
7600	0.0113835	0.0807641	0.124433	-0.320346	1.9678e+07
7700	0.0113672	0.0808236	0.124364	-0.320734	1.9674e+07
7800	0.0113602	0.0808798	0.124417	-0.320874	1.967e+07
7900	0.0113337	0.0809347	0.124498	-0.321088	1.9666e+07
8000	0.0113218	0.0809037	0.124524	-0.321024	1.9662e+07
8100	0.0113033	0.0808748	0.124537	-0.321027	1.9658e+07
8200	0.0112916	0.0808934	0.124568	-0.321111	1.9654e+07
8300	0.0112935	0.0809041	0.124585	-0.321109	1.965e+07
8400	0.0113065	0.0809112	0.124561	-0.321086	1.9646e+07
8500	0.0113074	0.0808878	0.124602	-0.320948	1.9642e+07
8600	0.011309	0.0809133	0.124629	-0.320977	1.9638e+07
8700	0.0113107	0.0809856	0.124571	-0.321279	1.9634e+07
8800	0.0113223	0.0810544	0.124636	-0.321327	1.963e+07
8900	0.011314	0.0811252	0.124692	-0.321517	1.9626e+07
9000	0.0113201	0.0811101	0.124686	-0.32144	1.9622e+07
9100	0.0113201	0.0811095	0.124654	-0.321487	1.9618e+07
9200	0.0113146	0.0811563	0.124629	-0.321704	1.9614e+07
9300	0.0113165	0.0811958	0.124589	-0.321875	1.961e+07
9400	0.0113296	0.0812281	0.124512	-0.322009	1.9606e+07
9500	0.0113304	0.0812302	0.124495	-0.322037	1.9602e+07
9600	0.0113321	0.0812814	0.124467	-0.322227	1.9598e+07
9700	0.0113338	0.081354	0.124342	-0.322629	1.9594e+07
9800	0.0113518	0.0814233	0.124344	-0.322734	1.959e+07
9900	0.0113499	0.0814946	0.124409	-0.32287	1.9586e+07
10000	0.0113625	0.0814799	0.124412	-0.322743	1.9582e+07
10100	0.0113751	0.0814536	0.124418	-0.322576	1.9578e+07
10200	0.011376	0.0814748	0.124426	-0.322625	1.9574e+07
10300	0.0113844	0.0814888	0.124407	-0.322645	1.957e+07
10400	0.0114039	0.0814957	0.124351	-0.322631	1.9566e+07
10500	0.0114113	0.0814724	0.124357	-0.322505	1.9562e+07
10600	0.0114188	0.081498	0.12435	-0.322549	1.9558e+07
10700	0.011427	0.0815581	0.124267	-0.32281	1.9554e+07
10800	0.0114395	0.081615	0.124301	-0.32286	1.955e+07
10900	0.0114318	0.0816739	0.124365	-0.322996	1.9546e+07
11000	0.0114386	0.0816466	0.124391	-0.322831	1.9542e+07
11100	0.011432	0.0816266	0.124403	-0.322791	1.9538e+07
11200	0.011426	0.0816543	0.124415	-0.322896	1.9534e+07
11300	0.0114283	0.0816747	0.124427	-0.322927	1.953e+07
11400	0.0114411	0.0816879	0.124363	-0.322986	1.9526e+07
11500	0.0114418	0.0816709	0.124328	-0.32298	1.9522e+07
11600	0.0114429	0.0817034	0.124242	-0.323202	1.9518e+07
11700	0.0114446	0.0817674	0.124073	-0.323643	1.9514e+07
11800	0.011457	0.0818285	0.12402	-0.323836	1.951e+07
11900	0.0114492	0.0818936	0.123976	-0.324152	1.9506e+07
12000	0.0114559	0.0818662	0.123879	-0.324171	1.9502e+07
12100	0.0114554	0.0818207	0.123771	-0.324193	1.9498e+07
12200	0.0114495	0.0818183	0.123706	-0.32432	1.9494e+07
12300	0.0114517	0.0818087	0.123611	-0.324418	1.949e+07
12400	0.0114646	0.0817911	0.123497	-0.324455	1.9486e+07
12500	0.0114653	0.0817443	0.123491	-0.324314	1.9482e+07
12600	0.0114664	0.0817481	0.12352	-0.324275	1.9478e+07
12700	0.011462	0.0817821	0.123445	-0.32452	1.9474e+07
12800	0.0114621	0.0818171	0.123515	-0.324524	1.947e+07
12900	0.011442	0.0818411	0.123592	-0.324607	1.9466e+07
13000	0.0114365	0.0817862	0.123619	-0.324429	1.9462e+07
13100	0.0114238	0.0817416	0.123633	-0.324346	1.9458e+07
13200	0.0114045	0.0817466	0.123674	-0.324419	1.9454e+07
13300	0.0113948	0.0817569	0.123679	-0.324503	1.945e+07
13400	0.0113961	0.0817596	0.123622	-0.324589	1.9446e+07
13500	0.0113846	0.0817311	0.12364	-0.324543	1.9442e+07
13600	0.0113723	0.0817507	0.12365	-0.324664	1.9438e+07
13700	0.0113689	0.0818083	0.123558	-0.325002	1.9434e+07
13800	0.0113821	0.0818648	0.123605	-0.325028	1.943e+07
13900	0.011369	0.0819272	0.123671	-0.325202	1.9426e+07
14000	0.0113701	0.0819035	0.123687	-0.325097	1.9422e+07
14100	0.0113635	0.0818823	0.123678	-0.325086	1.9418e+07
14200	0.0113507	0.0819052	0.123696	-0.325208	1.9414e+07
14300	0.0113516	0.0819203	0.123679	-0.325276	1.941e+07
14400	0.0113644	0.0819287	0.123613	-0.325322	1.9406e+07
14500	0.0113653	0.0819065	0.123618	-0.32524	1.9402e+07
14600	0.0113652	0.0819324	0.123613	-0.325328	1.9398e+07
14700	0.011368	0.0819932	0.123513	-0.325651	1.9394e+07
14800	0.0113815	0.0820531	0.123552	-0.325696	1.939e+07
14900	0.011381	0.0821061	0.123599	-0.325793	1.9386e+07
15000	0.0113945	0.0820726	0.123595	-0.325612	1.9382e+07
15100	0.0114005	0.0820386	0.123598	-0.325465	1.9378e+07
15200	0.011401	0.0820489	0.12363	-0.325446	1.9374e+07
15300	0.0114015	0.0820577	0.123651	-0.325439	1.937e+07
15400	0.0114142	0.082057	0.123619	-0.325407	1.9366e+07
15500	0.0114148	0.0820252	0.123667	-0.325234	1.9362e+07
15600	0.0114149	0.082042	0.123715	-0.325214	1.9358e+07
15700	0.0114176	0.0820939	0.123653	-0.32545	1.9354e+07
15800	0.0114311	0.0821451	0.123731	-0.32541	1.935e+07
15900	0.0114238	0.0822012	0.123826	-0.325486	1.9346e+07
16000	0.011431	0.0821713	0.123874	-0.325279	1.9342e+07
16100	0.0114307	0.0821412	0.123903	-0.325144	1.9338e+07
16200	0.0114245	0.0821547	0.123959	-0.325139	1.9334e+07
16300	0.0114251	0.0821425	0.123985	-0.325058	1.933e+07
16400	0.0114378	0.0821204	0.123958	-0.324953	1.9326e+07
16500	0.0114384	0.0820747	0.124005	-0.324738	1.9322e+07
16600	0.0114452	0.0820767	0.12404	-0.32465	1.9318e+07
16700	0.0114544	0.0821048	0.123973	-0.324781	1.9314e+07
16800	0.0114743	0.0821353	0.124032	-0.324667	1.931e+07
16900	0.0114736	0.0821728	0.124103	-0.324682	1.9306e+07
17000	0.0114877	0.0821154	0.124125	-0.324385	1.9302e+07
17100	0.0114938	0.0820582	0.124135	-0.324155	1.9298e+07
17200	0.0114945	0.0820478	0.12416	-0.324081	1.9294e+07
17300	0.0115016	0.0820641	0.124157	-0.324094	1.929e+07
17400	0.0115208	0.0820742	0.124086	-0.324114	1.9286e+07
17500	0.0115275	0.0820509	0.12409	-0.323995	1.9282e+07
17600	0.0115277	0.082072	0.124087	-0.324064	1.9278e+07
17700	0.0115375	0.0821379	0.123985	-0.32436	1.9274e+07
17800	0.0115571	0.0821999	0.12403	-0.324367	1.927e+07
17900	0.0115559	0.082263	0.124074	-0.324504	1.9266e+07
18000	0.0115696	0.0822318	0.124063	-0.32434	1.9262e+07
18100	0.0115753	0.0822021	0.124043	-0.324243	1.9258e+07
18200	0.011576	0.0822194	0.124061	-0.324266	1.9254e+07
18300	0.0115832	0.0822386	0.124041	-0.324312	1.925e+07
18400	0.011602	0.0822454	0.123978	-0.324311	1.9246e+07
18500	0.0116091	0.0822248	0.123982	-0.324198	1.9242e+07
18600	0.0116157	0.082249	0.123986	-0.324228	1.9238e+07
18700	0.0116192	0.0823117	0.123893	-0.32454	1.9234e+07
18800	0.0116382	0.0823707	0.123933	-0.324547	1.923e+07
18900	0.0116374	0.082434	0.123998	-0.324652	1.9226e+07
19000	0.0116503	0.0824028	0.124023	-0.32444	1.9222e+07
19100	0.0116563	0.082373	0.124034	-0.324295	1.9218e+07
19200	0.011657	0.0823904	0.12407	-0.324291	1.9214e+07
19300	0.011665	0.0824097	0.124078	-0.32429	1.921e+07
19400	0.0116844	0.0824165	0.124033	-0.32426	1.9206e+07
19500	0.011692	0.0823959	0.124058	-0.324114	1.9202e+07
19600	0.0116992	0.0824202	0.124078	-0.324114	1.9198e+07
19700	0.0117107	0.0824955	0.124006	-0.324386	1.9194e+07
19800	0.0117224	0.0825674	0.124064	-0.324451	1.919e+07
19900	0.0117144	0.0826438	0.124126	-0.324643	1.9186e+07
20000	0.0117203	0.082626	0.124144	-0.324525	1.9182e+07
20100	0.01172	0.0826089	0.124149	-0.324467	1.9178e+07
20200	0.0117138	0.0826402	0.124179	-0.324557	1.9174e+07
20300	0.0117153	0.082673	0.124192	-0.324631	1.917e+07
20400	0.0117281	0.0826933	0.124153	-0.324673	1.9166e+07
20500	0.0117292	0.0826861	0.124179	-0.324605	1.9162e+07
20600	0.01173	0.0827231	0.124201	-0.324683	1.9158e+07
20700	0.0117351	0.0827859	0.124133	-0.324946	1.9154e+07
20800	0.0117469	0.0828376	0.124197	-0.324939	1.915e+07
20900	0.0117388	0.0828953	0.12428	-0.325043	1.9146e+07
21000	0.0117448	0.0828587	0.124305	-0.324856	1.9142e+07
21100	0.0117445	0.0828215	0.124302	-0.324748	1.9138e+07
21200	0.0117383	0.0828326	0.124326	-0.324785	1.9134e+07
21300	0.0117397	0.0828468	0.124322	-0.324825	1.913e+07
21400	0.0117526	0.082849	0.124255	-0.324853	1.9126e+07
21500	0.0117537	0.0828221	0.124261	-0.324755	1.9122e+07
21600	0.0117546	0.0828396	0.124249	-0.324821	1.9118e+07
21700	0.0117597	0.0828967	0.12414	-0.325129	1.9114e+07
21800	0.0117715	0.0829548	0.124142	-0.325234	1.911e+07
21900	0.0117634	0.0830187	0.124148	-0.32547	1.9106e+07
22000	0.0117758	0.0829881	0.124121	-0.325341	1.9102e+07
22100	0.0117823	0.0829577	0.1241	-0.32524	1.9098e+07
22200	0.011783	0.0829752	0.124102	-0.325286	1.9094e+07
22300	0.0117913	0.0829953	0.124056	-0.325366	1.909e+07
22400	0.011807	0.0830004	0.123958	-0.325433	1.9086e+07
22500	0.0118114	0.0829736	0.123931	-0.325364	1.9082e+07
22600	0.011816	0.0829912	0.123911	-0.32542	1.9078e+07
22700	0.0118243	0.0830483	0.123794	-0.32572	1.9074e+07
22800	0.0118396	0.0831004	0.123834	-0.325728	1.907e+07
22900	0.0118356	0.0831584	0.123904	-0.325828	1.9066e+07
23000	0.0118374	0.0831213	0.12392	-0.325677	1.9062e+07
23100	0.0118335	0.083084	0.123929	-0.325573	1.9058e+07
23200	0.0118247	0.083095	0.123964	-0.325607	1.9054e+07
23300	0.0118231	0.0831088	0.123978	-0.325639	1.905e+07
23400	0.0118354	0.083114	0.123941	-0.325635	1.9046e+07
23500	0.0118367	0.0830936	0.123989	-0.325494	1.9042e+07
23600	0.011838	0.0831177	0.12403	-0.3255	1.9038e+07
23700	0.0118432	0.0831817	0.123973	-0.325749	1.9034e+07
23800	0.0118551	0.0832402	0.124049	-0.325745	1.903e+07
23900	0.0118477	0.0833045	0.124122	-0.325879	1.9026e+07
24000	0.0118527	0.0832736	0.124141	-0.325725	1.9022e+07
24100	0.011852	0.0832427	0.124148	-0.325624	1.9018e+07
24200	0.0118464	0.0832601	0.124193	-0.325645	1.9014e+07
24300	0.011848	0.0832804	0.12422	-0.325658	1.901e+07
24400	0.0118603	0.0832888	0.124197	-0.325643	1.9006e+07
24500	0.0118616	0.0832684	0.124251	-0.325492	1.9002e+07
24600	0.0118505	0.0832926	0.124306	-0.325552	1.8998e+07
24700	0.0118432	0.0833567	0.124256	-0.325867	1.8994e+07
24800	0.0118267	0.0834154	0.124328	-0.326041	1.899e+07
24900	0.0117908	0.0834799	0.12441	-0.326332	1.8986e+07
25000	0.0117699	0.0834489	0.124444	-0.326313	1.8982e+07
25100	0.011741	0.083418	0.12446	-0.32637	1.8978e+07
25200	0.0117077	0.0834355	0.124492	-0.326577	1.8974e+07
25300	0.0116798	0.0834558	0.124475	-0.326833	1.897e+07
25400	0.0116627	0.0834643	0.124403	-0.327069	1.8966e+07
25500	0.0116329	0.0834439	0.1244	-0.327192	1.8962e+07
25600	0.0116198	0.0834682	0.12437	-0.32739	1.8958e+07
25700	0.0116087	0.0835324	0.124233	-0.327859	1.8954e+07
25800	0.0116195	0.0835913	0.124254	-0.327942	1.895e+07
25900	0.0116114	0.0836465	0.124287	-0.328111	1.8946e+07
26000	0.0116171	0.0836024	0.124266	-0.327973	1.8942e+07
26100	0.0116167	0.0835521	0.124243	-0.327856	1.8938e+07
26200	0.0116062	0.0835503	0.124254	-0.327898	1.8934e+07
26300	0.0116014	0.0835518	0.124242	-0.327949	1.893e+07
26400	0.0116128	0.0835403	0.12417	-0.327952	1.8926e+07
26500	0.0116126	0.083502	0.124187	-0.327811	1.8922e+07
26600	0.0116024	0.0835059	0.124228	-0.327823	1.8918e+07
26700	0.0115947	0.0835515	0.124186	-0.328071	1.8914e+07
26800	0.0115865	0.0835923	0.124267	-0.328126	1.891e+07
26900	0.011559	0.0836475	0.124358	-0.328326	1.8906e+07
27000	0.0115456	0.0836098	0.124389	-0.328245	1.8902e+07
27100	0.0115267	0.0835796	0.124406	-0.328241	1.8898e+07
27200	0.0115084	0.0835955	0.124453	-0.32833	1.8894e+07
27300	0.0114967	0.0836159	0.124448	-0.328471	1.889e+07
27400	0.0114851	0.0836234	0.124359	-0.328697	1.8886e+07
27500	0.0114605	0.0836035	0.124359	-0.328785	1.8882e+07
27600	0.0114544	0.0836274	0.124339	-0.328925	1.8878e+07
27700	0.0114499	0.0836926	0.124222	-0.329328	1.8874e+07
27800	0.0114518	0.0837563	0.124255	-0.329461	1.887e+07
27900	0.0114345	0.0838247	0.124298	-0.329709	1.8866e+07
28000	0.0114308	0.0838001	0.124294	-0.329663	1.8862e+07
28100	0.0114224	0.0837734	0.124298	-0.329627	1.8858e+07
28200	0.011407	0.0837928	0.124316	-0.329753	1.8854e+07
28300	0.0113919	0.0838166	0.124307	-0.32993	1.885e+07
28400	0.0113908	0.0838275	0.124263	-0.330035	1.8846e+07
28500	0.0113759	0.0838107	0.124285	-0.330042	1.8842e+07
28600	0.0113663	0.0838384	0.124299	-0.330164	1.8838e+07
28700	0.0113547	0.0839072	0.124212	-0.330575	1.8834e+07
28800	0.0113559	0.0839641	0.124262	-0.330665	1.883e+07
28900	0.0113392	0.0840263	0.124327	-0.330858	1.8826e+07
29000	0.0113353	0.0839883	0.124322	-0.330774	1.8822e+07
29100	0.0113272	0.0839546	0.124313	-0.330733	1.8818e+07
29200	0.0113125	0.083971	0.124345	-0.330824	1.8814e+07
29300	0.0113102	0.0839983	0.124336	-0.330935	1.881e+07
29400	0.0113196	0.0840128	0.12426	-0.331037	1.8806e+07
29500	0.0113143	0.0839996	0.124266	-0.331019	1.8802e+07
29600	0.0113134	0.0840274	0.124262	-0.331116	1.8798e+07
29700	0.0113115	0.0840966	0.124165	-0.331485	1.8794e+07
29800	0.0113152	0.0841633	0.124196	-0.331618	1.879e+07
29900	0.0113012	0.0842353	0.124229	-0.331873	1.8786e+07
30000	0.0113011	0.0842106	0.124224	-0.331806	1.8782e+07
30100	0.0112959	0.0841835	0.12421	-0.331776	1.8778e+07
30200	0.0112846	0.0841999	0.124226	-0.33187	1.8774e+07
30300	0.011279	0.0842141	0.124221	-0.331955	1.877e+07
30400	0.0112853	0.0842158	0.124174	-0.331992	1.8766e+07
30500	0.0112766	0.0841892	0.124203	-0.331921	1.8762e+07
30600	0.0112664	0.0842138	0.124223	-0.332027	1.8758e+07
30700	0.0112647	0.0842802	0.124146	-0.332355	1.8754e+07
30800	0.0112693	0.0843407	0.124213	-0.332409	1.875e+07
30900	0.0112556	0.0844063	0.124304	-0.332555	1.8746e+07
31000	0.011254	0.0843744	0.124327	-0.332433	1.8742e+07
31100	0.0112492	0.0843474	0.124347	-0.33235	1.8738e+07
31200	0.011238	0.0843672	0.124397	-0.332403	1.8734e+07
31300	0.0112337	0.0843915	0.124406	-0.332489	1.873e+07
31400	0.011233	0.0844029	0.124358	-0.332599	1.8726e+07
31500	0.0112174	0.0843859	0.124386	-0.332601	1.8722e+07
31600	0.0112137	0.0844103	0.124406	-0.332667	1.8718e+07
31700	0.0112114	0.0844701	0.124334	-0.33297	1.8714e+07
31800	0.0112158	0.0845243	0.124401	-0.333006	1.871e+07
31900	0.0112022	0.0845836	0.12448	-0.33315	1.8706e+07
32000	0.0112018	0.0845455	0.124524	-0.33297	1.8702e+07
32100	0.0111972	0.0845089	0.124563	-0.332828	1.8698e+07
32200	0.0111856	0.0845191	0.124631	-0.332825	1.8694e+07
32300	0.0111812	0.0845339	0.124667	-0.332843	1.869e+07
32400	0.0111939	0.0845361	0.124632	-0.332826	1.8686e+07
32500	0.011191	0.0845098	0.124673	-0.332701	1.8682e+07
32600	0.0111936	0.0845276	0.124707	-0.332689	1.8678e+07
32700	0.0111978	0.084594	0.124635	-0.332973	1.8674e+07
32800	0.0111898	0.0846544	0.124691	-0.33312	1.867e+07
32900	0.0111639	0.0847204	0.124757	-0.333376	1.8666e+07
33000	0.0111499	0.0846881	0.124762	-0.333356	1.8662e+07
33100	0.0111336	0.084658	0.124763	-0.333362	1.8658e+07
33200	0.0111108	0.0846881	0.124795	-0.333542	1.8654e+07
33300	0.0110925	0.0847226	0.124777	-0.333784	1.865e+07
33400	0.0110855	0.0847444	0.124702	-0.334005	1.8646e+07
33500	0.0110631	0.0847374	0.124698	-0.334126	1.8642e+07
33600	0.0110456	0.0847751	0.124685	-0.334365	1.8638e+07
33700	0.0110326	0.0848551	0.124577	-0.334849	1.8634e+07
33800	0.0110453	0.0849285	0.124624	-0.334923	1.863e+07
33900	0.0110384	0.0850059	0.12466	-0.335142	1.8626e+07
34000	0.0110452	0.0849864	0.124646	-0.335065	1.8622e+07
34100	0.0110458	0.0849698	0.124618	-0.335054	1.8618e+07
34200	0.0110407	0.0849862	0.124622	-0.335128	1.8614e+07
34300	0.0110348	0.085009	0.124603	-0.335261	1.861e+07
34400	0.0110397	0.0850182	0.124538	-0.335357	1.8606e+07
34500	0.0110361	0.0849984	0.124558	-0.335289	1.8602e+07
34600	0.0110379	0.0850237	0.12457	-0.335337	1.8598e+07
34700	0.0110443	0.0850903	0.124489	-0.335621	1.8594e+07
34800	0.0110318	0.0851502	0.124549	-0.335786	1.859e+07
34900	0.0109997	0.085215	0.124624	-0.336062	1.8586e+07
35000	0.010948	0.0851823	0.124638	-0.336255	1.8582e+07
35100	0.0108901	0.0851526	0.124641	-0.336511	1.8578e+07
35200	0.0108297	0.0851691	0.124679	-0.336868	1.8574e+07
35300	0.0107789	0.0851919	0.12468	-0.337244	1.857e+07
35400	0.0107366	0.0852011	0.124607	-0.337639	1.8566e+07
35500	0.0106656	0.0851814	0.124616	-0.337997	1.8562e+07
35600	0.0105974	0.0852068	0.124615	-0.338488	1.8558e+07
35700	0.0105325	0.0852736	0.124521	-0.339228	1.8554e+07
35800	0.0104955	0.0853336	0.124566	-0.339563	1.855e+07
35900	0.0104495	0.0853986	0.124637	-0.339928	1.8546e+07
36000	0.0104421	0.0853531	0.124651	-0.339816	1.8542e+07
36100	0.010431	0.0853107	0.124662	-0.339738	1.8538e+07
36200	0.01041	0.085311	0.124704	-0.339802	1.8534e+07
36300	0.0103978	0.0853179	0.124712	-0.339885	1.853e+07
36400	0.0103975	0.0853118	0.124674	-0.339927	1.8526e+07
36500	0.0103975	0.0852766	0.124716	-0.339756	1.8522e+07
36600	0.0104002	0.0852869	0.124743	-0.33973	1.8518e+07
36700	0.0104023	0.0853366	0.124666	-0.339984	1.8514e+07
36800	0.0104034	0.0853809	0.124719	-0.340028	1.851e+07
36900	0.0103942	0.0854271	0.124774	-0.340139	1.8506e+07
37000	0.0103937	0.0853923	0.124783	-0.340023	1.8502e+07
37100	0.0103897	0.085361	0.124777	-0.339963	1.8498e+07
37200	0.0103751	0.0853777	0.124793	-0.340077	1.8494e+07
37300	0.0103691	0.0854002	0.124774	-0.340211	1.849e+07
37400	0.0103753	0.0854104	0.124697	-0.340323	1.8486e+07
37500	0.0103689	0.0853912	0.124699	-0.3403	1.8482e+07
37600	0.0103643	0.0854166	0.124695	-0.34041	1.8478e+07
37700	0.0103595	0.0854821	0.124603	-0.340778	1.8474e+07
37800	0.0103677	0.0855436	0.12467	-0.340808	1.847e+07
37900	0.0103648	0.0856061	0.12475	-0.340888	1.8466e+07
38000	0.0103711	0.0855747	0.12478	-0.340711	1.8462e+07
38100	0.0103734	0.0855398	0.124765	-0.340615	1.8458e+07
38200	0.0103657	0.0855467	0.124781	-0.340659	1.8454e+07
38300	0.0103599	0.0855527	0.124762	-0.340741	1.845e+07
38400	0.0103661	0.0855463	0.124672	-0.340822	1.8446e+07
38500	0.0103591	0.08551	0.124659	-0.340777	1.8442e+07
38600	0.0103551	0.0855328	0.124626	-0.34092	1.8438e+07
38700	0.0103505	0.0855955	0.124491	-0.341346	1.8434e+07
38800	0.0103587	0.0856539	0.124481	-0.341485	1.843e+07
38900	0.010356	0.08571	0.124479	-0.341672	1.8426e+07
39000	0.0103617	0.0856715	0.124411	-0.341627	1.8422e+07
39100	0.0103641	0.0856464	0.124371	-0.341599	1.8418e+07
39200	0.0103561	0.0856506	0.124361	-0.341676	1.8414e+07
39300	0.0103632	0.085653	0.124322	-0.341701	1.841e+07
39400	0.0103828	0.085647	0.124247	-0.34168	1.8406e+07
39500	0.010389	0.0856075	0.124245	-0.341527	1.8402e+07
39600	0.0103982	0.0855998	0.124222	-0.341483	1.8398e+07
39700	0.0104073	0.0856332	0.124101	-0.341716	1.8394e+07
39800	0.0104157	0.0856598	0.124137	-0.341689	1.839e+07
39900	0.0104129	0.085692	0.12418	-0.341735	1.8386e+07
40000	0.0104187	0.0856351	0.124184	-0.341523	1.8382e+07
40100	0.0104208	0.0855744	0.124174	-0.341345	1.8378e+07
40200	0.0104195	0.0855836	0.124181	-0.34137	1.8374e+07
40300	0.0104271	0.0856113	0.124162	-0.341436	1.837e+07
40400	0.0104469	0.085621	0.124072	-0.341483	1.8366e+07
40500	0.0104532	0.0856056	0.124059	-0.341419	1.8362e+07
40600	0.0104627	0.0856361	0.124066	-0.341442	1.8358e+07
40700	0.0104713	0.0857059	0.123987	-0.341721	1.8354e+07
40800	0.0104864	0.0857714	0.124043	-0.341738	1.835e+07
40900	0.0104903	0.0858368	0.124112	-0.341801	1.8346e+07
41000	0.0105032	0.0858097	0.124123	-0.341625	1.8342e+07
41100	0.0105126	0.0857858	0.124119	-0.341503	1.8338e+07
41200	0.010505	0.0858124	0.124154	-0.341574	1.8334e+07
41300	0.0105053	0.0858421	0.124164	-0.341646	1.833e+07
41400	0.0105182	0.0858586	0.124114	-0.341694	1.8326e+07
41500	0.0105179	0.0858466	0.124134	-0.341629	1.8322e+07
41600	0.0105142	0.0858774	0.124148	-0.341723	1.8318e+07
41700	0.0105092	0.0859469	0.124061	-0.342095	1.8314e+07
41800	0.0105069	0.0860113	0.124124	-0.342203	1.831e+07
41900	0.0104934	0.0860726	0.124195	-0.342358	1.8306e+07
42000	0.0104827	0.0860423	0.124196	-0.342331	1.8302e+07
42100	0.0104684	0.0860047	0.124181	-0.342328	1.8298e+07
42200	0.0104443	0.0860179	0.124195	-0.342493	1.8294e+07
42300	0.0104283	0.0860345	0.124182	-0.34266	1.829e+07
42400	0.0104243	0.0860375	0.124108	-0.342809	1.8286e+07
42500	0.0104079	0.0860126	0.124119	-0.342817	1.8282e+07
42600	0.0103999	0.0860326	0.124121	-0.342922	1.8278e+07
42700	0.0103863	0.0860926	0.124027	-0.34333	1.8274e+07
42800	0.0103819	0.0861473	0.124089	-0.343423	1.827e+07
42900	0.0103657	0.0862058	0.124159	-0.343587	1.8266e+07
43000	0.0103642	0.0861682	0.124195	-0.343429	1.8262e+07
43100	0.0103612	0.0861335	0.124213	-0.343315	1.8258e+07
43200	0.0103458	0.0861494	0.124254	-0.343392	1.8254e+07
43300	0.0103394	0.0861687	0.124271	-0.343462	1.825e+07
43400	0.0103446	0.0861748	0.124225	-0.34352	1.8246e+07
43500	0.0103385	0.0861526	0.124262	-0.343435	1.8242e+07
43600	0.0103332	0.0861795	0.124273	-0.34353	1.8238e+07
43700	0.0103364	0.0862465	0.124183	-0.343849	1.8234e+07
43800	0.0103449	0.0863117	0.124237	-0.343906	1.823e+07
43900	0.0103363	0.0863769	0.124302	-0.344051	1.8226e+07
44000	0.0103353	0.0863495	0.124299	-0.343981	1.8222e+07
44100	0.010332	0.0863218	0.124282	-0.343945	1.8218e+07
44200	0.0103193	0.086345	0.124292	-0.344076	1.8214e+07
44300	0.010317	0.0863746	0.124281	-0.344195	1.821e+07
44400	0.0103261	0.086391	0.124221	-0.344281	1.8206e+07
44500	0.0103238	0.086379	0.124243	-0.344226	1.8202e+07
44600	0.0103226	0.0864125	0.124267	-0.344295	1.8198e+07
44700	0.0103221	0.0864866	0.124177	-0.344657	1.8194e+07
44800	0.0103217	0.0865518	0.124225	-0.344779	1.819e+07
44900	0.0103147	0.086604	0.124268	-0.344909	1.8186e+07
45000	0.0103172	0.0865636	0.124276	-0.344761	1.8182e+07
45100	0.0103169	0.0865226	0.124274	-0.344646	1.8178e+07
45200	0.0102975	0.086533	0.124292	-0.344765	1.8174e+07
45300	0.0102886	0.0865429	0.124289	-0.344854	1.817e+07
45400	0.0102904	0.0865358	0.124215	-0.344939	1.8166e+07
45500	0.0102806	0.0864996	0.124218	-0.344884	1.8162e+07
45600	0.0102728	0.0865132	0.124215	-0.344977	1.8158e+07
45700	0.0102664	0.0865684	0.124135	-0.345305	1.8154e+07
45800	0.010272	0.0866165	0.124215	-0.345289	1.815e+07
45900	0.0102651	0.0866793	0.124305	-0.345376	1.8146e+07
46000	0.0102671	0.0866482	0.124345	-0.34521	1.8142e+07
46100	0.010268	0.0866196	0.124373	-0.345075	1.8138e+07
46200	0.0102587	0.0866406	0.12443	-0.345104	1.8134e+07
46300	0.0102595	0.0866638	0.124471	-0.345105	1.813e+07
46400	0.0102784	0.0866773	0.124442	-0.345076	1.8126e+07
46500	0.0102853	0.0866606	0.124487	-0.344913	1.8122e+07
46600	0.0102937	0.0866864	0.124525	-0.344879	1.8118e+07
46700	0.0103038	0.0867543	0.124466	-0.345111	1.8114e+07
46800	0.0103193	0.0868155	0.124556	-0.345058	1.811e+07
46900	0.0103225	0.0868783	0.124649	-0.345079	1.8106e+07
47000	0.0103274	0.0868467	0.124685	-0.344901	1.8102e+07
47100	0.0103249	0.0868178	0.124709	-0.344792	1.8098e+07
47200	0.0103097	0.0868388	0.124747	-0.344887	1.8094e+07
47300	0.0103043	0.0868621	0.124755	-0.344977	1.809e+07
47400	0.0103031	0.0868722	0.124698	-0.345103	1.8086e+07
47500	0.0102901	0.0868521	0.124717	-0.345093	1.8082e+07
47600	0.0102778	0.086878	0.124728	-0.345227	1.8078e+07
47700	0.0102679	0.0869461	0.124641	-0.345622	1.8074e+07
47800	0.010264	0.0870075	0.124705	-0.345729	1.807e+07
47900	0.0102467	0.0870671	0.124771	-0.345906	1.8066e+07
48000	0.0102468	0.0870322	0.124795	-0.345766	1.8062e+07
48100	0.0102499	0.087	0.124786	-0.345666	1.8058e+07
48200	0.0102338	0.0870112	0.124817	-0.345747	1.8054e+07
48300	0.0102276	0.0870245	0.124811	-0.345834	1.805e+07
48400	0.010233	0.0870248	0.124727	-0.345932	1.8046e+07
48500	0.0102201	0.0869947	0.124714	-0.345944	1.8042e+07
48600	0.0102097	0.087012	0.124696	-0.346084	1.8038e+07
48700	0.0102001	0.0870776	0.124579	-0.346519	1.8034e+07
48800	0.0101963	0.0871366	0.124611	-0.346666	1.803e+07
48900	0.0101792	0.0872003	0.124646	-0.346901	1.8026e+07
49000	0.0101733	0.0871696	0.124634	-0.346867	1.8022e+07
49100	0.0101616	0.0871394	0.124604	-0.346895	1.8018e+07
49200	0.0101459	0.0871672	0.124597	-0.347083	1.8014e+07
49300	0.010133	0.0871971	0.124577	-0.34728	1.801e+07
49400	0.0101326	0.0872173	0.124511	-0.347447	1.8006e+07
49500	0.0101262	0.0872081	0.124525	-0.347436	1.8002e+07
49600	0.0101206	0.0872447	0.124527	-0.347574	1.7998e+07
49700	0.0101173	0.0873161	0.124434	-0.34795	1.7994e+07
49800	0.0101195	0.0873822	0.124498	-0.348031	1.799e+07
49900	0.0101064	0.087448	0.124567	-0.348196	1.7986e+07
50000	0.0101029	0.0874211	0.124581	-0.348116	1.7982e+07
50100	0.0100954	0.0873936	0.124593	-0.348061	1.7978e+07
50200	0.0100768	0.0874184	0.12465	-0.348157	1.7974e+07
50300	0.0100737	0.0874445	0.124669	-0.348224	1.797e+07
50400	0.0100834	0.0874543	0.124616	-0.348277	1.7966e+07
50500	0.0100795	0.0874355	0.124632	-0.34822	1.7962e+07
50600	0.0100767	0.0874625	0.124624	-0.348329	1.7958e+07
50700	0.0100761	0.0875309	0.124517	-0.348701	1.7954e+07
50800	0.0100824	0.0875937	0.12457	-0.348763	1.795e+07
50900	0.0100794	0.0876564	0.124629	-0.348873	1.7946e+07
51000	0.0100856	0.087626	0.124638	-0.348732	1.7942e+07
51100	0.0100879	0.0875952	0.124625	-0.348648	1.7938e+07
51200	0.0100792	0.0876166	0.124645	-0.348732	1.7934e+07
51300	0.0100794	0.0876393	0.124653	-0.348785	1.793e+07
51400	0.0100923	0.0876425	0.124596	-0.348806	1.7926e+07
51500	0.0100918	0.087617	0.124604	-0.348721	1.7922e+07
51600	0.0100925	0.0876342	0.124617	-0.348747	1.7918e+07
51700	0.0100886	0.0876932	0.124533	-0.349075	1.7914e+07
51800	0.0100915	0.0877454	0.124594	-0.349115	1.791e+07
51900	0.0100815	0.0878048	0.124663	-0.349241	1.7906e+07
52000	0.0100809	0.0877712	0.124671	-0.349134	1.7902e+07
52100	0.0100766	0.0877445	0.124673	-0.349078	1.7898e+07
52200	0.0100611	0.0877695	0.124706	-0.349195	1.7894e+07
52300	0.0100547	0.0877971	0.124702	-0.34932	1.789e+07
52400	0.0100476	0.0878179	0.124644	-0.349514	1.7886e+07
52500	0.0100267	0.0878104	0.124678	-0.349566	1.7882e+07
52600	0.0100068	0.0878513	0.124703	-0.349767	1.7878e+07
52700	0.0100023	0.0879344	0.12463	-0.350152	1.7874e+07
52800	0.0100058	0.0880123	0.124699	-0.350249	1.787e+07
52900	0.00999654	0.0880817	0.124776	-0.350386	1.7866e+07
53000	0.0099963	0.088057	0.124799	-0.35028	1.7862e+07
53100	0.00999029	0.0880262	0.124804	-0.350219	1.7858e+07
53200	0.00997442	0.0880443	0.124843	-0.350307	1.7854e+07
53300	0.00997465	0.0880639	0.124866	-0.350326	1.785e+07
53400	0.0100022	0.0880712	0.124823	-0.350248	1.7846e+07
53500	0.0100168	0.0880495	0.124845	-0.350062	1.7842e+07
53600	0.0100319	0.0880731	0.124856	-0.350022	1.7838e+07
53700	0.0100419	0.088139	0.124769	-0.350289	1.7834e+07
53800	0.0100575	0.0881995	0.124822	-0.350289	1.783e+07
53900	0.0100622	0.0882585	0.124864	-0.350366	1.7826e+07
54000	0.0100759	0.0882234	0.124852	-0.3502	1.7822e+07
54100	0.0100845	0.0881893	0.124825	-0.35009	1.7818e+07
54200	0.0100818	0.0882107	0.124828	-0.350165	1.7814e+07
54300	0.0100815	0.0882339	0.124818	-0.350251	1.781e+07
54400	0.010095	0.0882447	0.124738	-0.350324	1.7806e+07
54500	0.0100955	0.0882263	0.124744	-0.350259	1.7802e+07
54600	0.0100966	0.0882535	0.124742	-0.350334	1.7798e+07
54700	0.0100995	0.088323	0.124633	-0.350691	1.7794e+07
54800	0.0101083	0.0883873	0.124677	-0.350755	1.779e+07
54900	0.0101058	0.0884498	0.124729	-0.35087	1.7786e+07
55000	0.0101126	0.0884322	0.124733	-0.350773	1.7782e+07
55100	0.0101142	0.0884156	0.124703	-0.350761	1.7778e+07
55200	0.0101045	0.0884514	0.124709	-0.350915	1.7774e+07
55300	0.0101042	0.0884889	0.124692	-0.351052	1.777e+07
55400	0.0101177	0.088514	0.124611	-0.351171	1.7766e+07
55500	0.0101182	0.0885096	0.12461	-0.351157	1.7762e+07
55600	0.0101194	0.0885502	0.1246	-0.351283	1.7758e+07
55700	0.0101222	0.0886479	0.124504	-0.3517	1.7754e+07
55800	0.010131	0.0887395	0.124559	-0.351826	1.775e+07
55900	0.0101286	0.0888311	0.124626	-0.352002	1.7746e+07
56000	0.0101353	0.0888124	0.124637	-0.351889	1.7742e+07
56100	0.010137	0.0887953	0.124646	-0.351815	1.7738e+07
56200	0.0101273	0.0888323	0.124681	-0.351927	1.7734e+07
56300	0.0101269	0.0888709	0.1247	-0.352011	1.773e+07
56400	0.0101405	0.088897	0.124642	-0.352095	1.7726e+07
56500	0.0101411	0.0888928	0.12466	-0.352051	1.7722e+07
56600	0.0101422	0.0889355	0.12467	-0.352153	1.7718e+07
56700	0.0101451	0.0890041	0.124569	-0.352493	1.7714e+07
56800	0.0101539	0.0890667	0.124615	-0.352548	1.771e+07
56900	0.0101514	0.0891305	0.12469	-0.35263	1.7706e+07
57000	0.0101582	0.0890978	0.124706	-0.352468	1.7702e+07
57100	0.010167	0.0890661	0.124707	-0.352322	1.7698e+07
57200	0.0101642	0.0890895	0.124736	-0.352362	1.7694e+07
57300	0.0101639	0.0891142	0.124749	-0.352414	1.769e+07
57400	0.0101777	0.0891263	0.124698	-0.352446	1.7686e+07
57500	0.0101782	0.089108	0.12472	-0.352355	1.7682e+07
57600	0.0101798	0.0891366	0.124729	-0.352415	1.7678e+07
57700	0.010183	0.0892054	0.124649	-0.35272	1.7674e+07
57800	0.0101924	0.0892682	0.124707	-0.352753	1.767e+07
57900	0.0101895	0.0893321	0.124775	-0.352848	1.7666e+07
58000	0.0101979	0.0893029	0.124776	-0.352711	1.7662e+07
58100	0.0101921	0.0892746	0.124757	-0.352696	1.7658e+07
58200	0.0101763	0.0893015	0.124768	-0.352851	1.7654e+07
58300	0.0101753	0.08933	0.124756	-0.352957	1.765e+07
58400	0.0101889	0.0893456	0.124666	-0.353063	1.7646e+07
58500	0.0101901	0.0893312	0.124626	-0.353076	1.7642e+07
58600	0.0101916	0.0893637	0.124569	-0.353251	1.7638e+07
58700	0.0101945	0.0894399	0.124426	-0.353679	1.7634e+07
58800	0.0102037	0.0895103	0.124452	-0.353786	1.763e+07
58900	0.0102001	0.0895817	0.124486	-0.353959	1.7626e+07
59000	0.0102075	0.0895519	0.124455	-0.353877	1.7622e+07
59100	0.0102085	0.0895235	0.124434	-0.353822	1.7618e+07
59200	0.0101994	0.0895503	0.124428	-0.353964	1.7614e+07
59300	0.0101984	0.0895787	0.124407	-0.354085	1.761e+07
59400	0.0101983	0.0895941	0.124336	-0.354242	1.7606e+07
59500	0.0101856	0.0895798	0.124382	-0.354205	1.7602e+07
59600	0.0101734	0.0896125	0.12443	-0.354297	1.7598e+07
59700	0.0101626	0.0896818	0.12437	-0.354657	1.7594e+07
59800	0.0101578	0.0897454	0.124456	-0.354734	1.759e+07
59900	0.0101409	0.0898099	0.12454	-0.354888	1.7586e+07
60000	0.0101358	0.0897765	0.124533	-0.354833	1.7582e+07
60100	0.0101235	0.0897445	0.124527	-0.354826	1.7578e+07
60200	0.0101037	0.0897677	0.12454	-0.354991	1.7574e+07
60300	0.0100896	0.0897927	0.124526	-0.355171	1.757e+07
60400	0.0101024	0.0898048	0.124421	-0.355294	1.7566e+07
60500	0.0101032	0.0897871	0.124375	-0.355311	1.7562e+07
60600	0.0101042	0.0898165	0.124304	-0.355502	1.7558e+07
60700	0.0101058	0.089886	0.124152	-0.355934	1.7554e+07
60800	0.0101141	0.0899497	0.124162	-0.35605	1.755e+07
60900	0.0101103	0.0900144	0.124196	-0.356204	1.7546e+07
61000	0.0101185	0.089981	0.124147	-0.356137	1.7542e+07
61100	0.0101195	0.0899489	0.124109	-0.356099	1.7538e+07
61200	0.0101129	0.0899723	0.124083	-0.356248	1.7534e+07
61300	0.0101126	0.0899974	0.124058	-0.356361	1.753e+07
61400	0.0101254	0.0900096	0.123985	-0.356434	1.7526e+07
61500	0.0101193	0.0899919	0.124028	-0.356353	1.7522e+07
61600	0.0101062	0.0900213	0.124077	-0.356439	1.7518e+07
61700	0.010094	0.0900911	0.124012	-0.356816	1.7514e+07
61800	0.0100879	0.090155	0.124095	-0.356904	1.751e+07
61900	0.01007	0.0902199	0.124179	-0.357065	1.7506e+07
62000	0.0100646	0.0901865	0.124181	-0.356999	1.7502e+07
62100	0.0100516	0.0901508	0.124177	-0.356982	1.7498e+07
62200	0.0100314	0.0901708	0.124186	-0.357146	1.7494e+07
62300	0.0100173	0.0901925	0.12419	-0.357287	1.749e+07
62400	0.0100103	0.090198	0.124118	-0.35746	1.7486e+07
62500	0.00999701	0.0901733	0.124132	-0.357447	1.7482e+07
62600	0.00999141	0.0901961	0.124141	-0.357532	1.7478e+07
62700	0.00998632	0.090259	0.124056	-0.357879	1.7474e+07
62800	0.00998925	0.0903168	0.124108	-0.357943	1.747e+07
62900	0.00997802	0.090375	0.124185	-0.358056	1.7466e+07
63000	0.00997819	0.0903341	0.124176	-0.357951	1.7462e+07
63100	0.00997348	0.090299	0.12419	-0.357857	1.7458e+07
63200	0.00996201	0.0903194	0.1242	-0.357968	1.7454e+07
63300	0.0099548	0.0903417	0.124208	-0.358063	1.745e+07
63400	0.00996753	0.0903538	0.124135	-0.358138	1.7446e+07
63500	0.00996911	0.0903364	0.124144	-0.358064	1.7442e+07
63600	0.00996932	0.090366	0.124147	-0.358143	1.7438e+07
63700	0.00996966	0.0904355	0.124058	-0.358481	1.7434e+07
63800	0.00997974	0.0905005	0.124144	-0.358468	1.743e+07
63900	0.00997563	0.0905658	0.124239	-0.358528	1.7426e+07
64000	0.00998204	0.0905314	0.124241	-0.358388	1.7422e+07
64100	0.00998314	0.0905029	0.12423	-0.358318	1.7418e+07
64200	0.00997825	0.0905304	0.124233	-0.358422	1.7414e+07
64300	0.00997765	0.0905599	0.124231	-0.358512	1.741e+07
64400	0.00999041	0.0905759	0.12415	-0.358611	1.7406e+07
64500	0.009992	0.0905589	0.124149	-0.358553	1.7402e+07
64600	0.00999222	0.090589	0.124146	-0.358643	1.7398e+07
64700	0.00999256	0.0906591	0.124039	-0.359012	1.7394e+07
64800	0.0100027	0.0907111	0.124091	-0.359016	1.739e+07
64900	0.00999166	0.0907633	0.124136	-0.35916	1.7386e+07
65000	0.0099912	0.0907192	0.124089	-0.359111	1.7382e+07
65100	0.00998554	0.0906748	0.124074	-0.359043	1.7378e+07
65200	0.00997389	0.0906855	0.124085	-0.359126	1.7374e+07
65300	0.00996632	0.0906972	0.124087	-0.359201	1.737e+07
65400	0.00997285	0.0906975	0.12402	-0.359271	1.7366e+07
65500	0.00996778	0.0906698	0.12404	-0.359191	1.7362e+07
65600	0.00996009	0.0906864	0.124049	-0.35927	1.7358e+07
65700	0.00995366	0.0907469	0.123986	-0.359582	1.7354e+07
65800	0.00995729	0.0908171	0.124083	-0.359605	1.735e+07
65900	0.00995217	0.0908841	0.124192	-0.359653	1.7346e+07
66000	0.00995882	0.0908505	0.124217	-0.359477	1.7342e+07
66100	0.00996043	0.0908204	0.124231	-0.359359	1.7338e+07
66200	0.00995596	0.0908488	0.124251	-0.359435	1.7334e+07
66300	0.00995498	0.0908771	0.124237	-0.359543	1.733e+07
66400	0.00996822	0.0908941	0.124153	-0.359646	1.7326e+07
66500	0.00997027	0.0908804	0.124162	-0.35958	1.7322e+07
66600	0.00996981	0.0909107	0.124166	-0.359663	1.7318e+07
66700	0.00997006	0.0909843	0.124078	-0.360011	1.7314e+07
66800	0.00998028	0.0910619	0.124144	-0.360065	1.731e+07
66900	0.00997515	0.0911354	0.124219	-0.360185	1.7306e+07
67000	0.00998182	0.0911123	0.124201	-0.360107	1.7302e+07
67100	0.00998012	0.0910927	0.124197	-0.360069	1.7298e+07
67200	0.00997233	0.0911252	0.124206	-0.360193	1.7294e+07
67300	0.00996808	0.0911574	0.12423	-0.360273	1.729e+07
67400	0.00997813	0.0911776	0.124185	-0.360341	1.7286e+07
67500	0.00997694	0.0911678	0.124217	-0.36027	1.7282e+07
67600	0.00997271	0.0912033	0.124236	-0.360365	1.7278e+07
67700	0.00996989	0.0912812	0.124159	-0.360726	1.7274e+07
67800	0.00998352	0.0913482	0.124231	-0.360718	1.727e+07
67900	0.00998205	0.0914112	0.124316	-0.36077	1.7266e+07
68000	0.00999249	0.0913774	0.124308	-0.360625	1.7262e+07
68100	0.0100019	0.0913506	0.124321	-0.360471	1.7258e+07
68200	0.0100051	0.0913796	0.124357	-0.360477	1.7254e+07
68300	0.010011	0.0914045	0.124384	-0.360467	1.725e+07
68400	0.010031	0.0914179	0.124326	-0.360477	1.7246e+07
68500	0.0100401	0.091401	0.124339	-0.360354	1.7242e+07
68600	0.0100462	0.0914299	0.124343	-0.360394	1.7238e+07
68700	0.0100686	0.091501	0.124276	-0.360567	1.7234e+07
68800	0.0100932	0.0915687	0.12436	-0.360476	1.723e+07
68900	0.0101031	0.0916318	0.124457	-0.360441	1.7226e+07
69000	0.0101246	0.0915986	0.124461	-0.360211	1.7222e+07
69100	0.0101414	0.0915642	0.124467	-0.360003	1.7218e+07
69200	0.0101527	0.0915866	0.124467	-0.359998	1.7214e+07
69300	0.0101665	0.0916114	0.124459	-0.359998	1.721e+07
69400	0.0101938	0.0916243	0.124385	-0.359988	1.7206e+07
69500	0.0102106	0.0916075	0.124408	-0.359803	1.7202e+07
69600	0.0102247	0.0916363	0.124404	-0.359806	1.7198e+07
69700	0.0102256	0.0917073	0.124315	-0.360145	1.7194e+07
69800	0.0102356	0.0917681	0.124378	-0.360154	1.719e+07
69900	0.0102165	0.0918242	0.12444	-0.36033	1.7186e+07
70000	0.0102096	0.0917838	0.124409	-0.360306	1.7182e+07
70100	0.0101841	0.0917458	0.124393	-0.360377	1.7178e+07
70200	0.0101516	0.0917646	0.124385	-0.360639	1.7174e+07
70300	0.0101223	0.0917824	0.124362	-0.360901	1.717e+07
70400	0.0101074	0.0917887	0.124255	-0.361179	1.7166e+07
70500	0.0100811	0.0917648	0.124243	-0.36129	1.7162e+07
70600	0.0100519	0.0917865	0.124231	-0.361547	1.7158e+07
70700	0.0100223	0.09185	0.124129	-0.362067	1.7154e+07
70800	0.010003	0.0919178	0.124185	-0.362286	1.715e+07
70900	0.00998379	0.0919812	0.124253	-0.36247	1.7146e+07
71000	0.00997718	0.0919479	0.124217	-0.362475	1.7142e+07
71100	0.00998192	0.0919173	0.124192	-0.3624	1.7138e+07
71200	0.00997806	0.0919434	0.12417	-0.362532	1.7134e+07
71300	0.00997715	0.0919684	0.124141	-0.362654	1.713e+07
71400	0.00999073	0.0919818	0.124065	-0.362732	1.7126e+07
71500	0.00999284	0.091958	0.124078	-0.362632	1.7122e+07
71600	0.00999871	0.0919798	0.124075	-0.362663	1.7118e+07
71700	0.0100045	0.0920367	0.123983	-0.362936	1.7114e+07
71800	0.0100059	0.0920905	0.124049	-0.362973	1.711e+07
71900	0.00999331	0.0921394	0.124138	-0.363043	1.7106e+07
72000	0.00999356	0.092091	0.124152	-0.362883	1.7102e+07
72100	0.00999115	0.0920457	0.124183	-0.36272	1.7098e+07
72200	0.00998176	0.0920581	0.124223	-0.362748	1.7094e+07
72300	0.0099743	0.092069	0.124259	-0.362766	1.709e+07
72400	0.00997934	0.0920705	0.124221	-0.3628	1.7086e+07
72500	0.00997397	0.0920501	0.124269	-0.362699	1.7082e+07
72600	0.00996582	0.0920832	0.124302	-0.362788	1.7078e+07
72700	0.00995901	0.0921664	0.124247	-0.36315	1.7074e+07
72800	0.00997675	0.0922461	0.124336	-0.363126	1.707e+07
72900	0.0099791	0.0923209	0.124433	-0.363167	1.7066e+07
73000	0.00998563	0.0922836	0.124438	-0.363014	1.7062e+07
73100	0.00998941	0.0922491	0.124462	-0.362857	1.7058e+07
73200	0.00998578	0.0922721	0.124493	-0.362893	1.7054e+07
73300	0.00998552	0.0922946	0.124501	-0.362944	1.705e+07
73400	0.00999812	0.0923	0.124436	-0.362989	1.7046e+07
73500	0.00999944	0.0922754	0.124475	-0.362849	1.7042e+07
73600	0.0099904	0.0922897	0.124501	-0.362903	1.7038e+07
73700	0.00998418	0.0923492	0.124455	-0.36318	1.7034e+07
73800	0.00998758	0.0923905	0.12456	-0.363108	1.703e+07
73900	0.0099758	0.0924265	0.124672	-0.3631	1.7026e+07
74000	0.00998175	0.0923777	0.124692	-0.362896	1.7022e+07
74100	0.00999302	0.0923336	0.124731	-0.362642	1.7018e+07
74200	0.00999641	0.092346	0.124764	-0.362604	1.7014e+07
74300	0.00999607	0.0923569	0.1248	-0.362578	1.701e+07
74400	0.0100091	0.0923557	0.124743	-0.362587	1.7006e+07
74500	0.0100105	0.0923267	0.12477	-0.362455	1.7002e+07
74600	0.0100159	0.092338	0.124782	-0.362436	1.6998e+07
74700	0.0100238	0.0923906	0.124676	-0.362705	1.6994e+07
74800	0.0100424	0.0924538	0.124724	-0.362694	1.699e+07
74900	0.0100451	0.0925148	0.124771	-0.362774	1.6986e+07
75000	0.010059	0.0924765	0.124712	-0.362678	1.6982e+07
75100	0.0100629	0.0924426	0.124657	-0.362647	1.6978e+07
75200	0.0100592	0.0924664	0.124626	-0.362785	1.6974e+07
75300	0.0100652	0.092473	0.124581	-0.362839	1.697e+07
75400	0.0100852	0.092467	0.124484	-0.362858	1.6966e+07
75500	0.0100934	0.0924351	0.124461	-0.362755	1.6962e+07
75600	0.0100913	0.0924502	0.124409	-0.362894	1.6958e+07
75700	0.0100918	0.0925051	0.124276	-0.363258	1.6954e+07
75800	0.010103	0.0925633	0.124297	-0.36332	1.695e+07
75900	0.0100983	0.0926145	0.124342	-0.36342	1.6946e+07
76000	0.010105	0.0925666	0.124311	-0.363295	1.6942e+07
76100	0.0101088	0.0925212	0.124304	-0.363155	1.6938e+07
76200	0.0101048	0.0925338	0.124308	-0.363208	1.6934e+07
76300	0.0101036	0.0925588	0.124287	-0.36332	1.693e+07
76400	0.0101162	0.0925715	0.124179	-0.363453	1.6926e+07
76500	0.0101172	0.0925611	0.124164	-0.363441	1.6922e+07
76600	0.0101151	0.0925954	0.124156	-0.363563	1.6918e+07
76700	0.0101156	0.0926683	0.124054	-0.363928	1.6914e+07
76800	0.0101344	0.0927407	0.124089	-0.363962	1.691e+07
76900	0.0101444	0.0928095	0.12413	-0.364029	1.6906e+07
77000	0.0101655	0.092779	0.124082	-0.363893	1.6902e+07
77100	0.010184	0.0927514	0.124044	-0.363766	1.6898e+07
77200	0.0101949	0.0927822	0.124029	-0.363811	1.6894e+07
77300	0.010223	0.0928108	0.124001	-0.363767	1.689e+07
77400	0.0102719	0.0928269	0.123932	-0.363629	1.6886e+07
77500	0.0103095	0.0928126	0.123975	-0.363295	1.6882e+07
77600	0.0103449	0.09284	0.123998	-0.363122	1.6878e+07
77700	0.0103957	0.0929058	0.123921	-0.363124	1.6874e+07
77800	0.0104527	0.0929712	0.124006	-0.362831	1.687e+07
77900	0.0104845	0.0930331	0.12411	-0.362648	1.6866e+07
78000	0.010529	0.0929954	0.124111	-0.362274	1.6862e+07
78100	0.0105713	0.0929607	0.124132	-0.36189	1.6858e+07
78200	0.010604	0.0929842	0.124144	-0.361741	1.6854e+07
78300	0.0106232	0.0930058	0.124163	-0.361657	1.685e+07
78400	0.010649	0.0930077	0.124117	-0.361581	1.6846e+07
78500	0.0106719	0.0929824	0.124164	-0.361299	1.6842e+07
78600	0.0106948	0.0930064	0.124181	-0.361202	1.6838e+07
78700	0.0107039	0.093069	0.124105	-0.361443	1.6834e+07
78800	0.0107236	0.0931309	0.124176	-0.361387	1.683e+07
78900	0.0107256	0.0931892	0.124251	-0.361419	1.6826e+07
79000	0.0107397	0.0931487	0.12425	-0.361225	1.6822e+07
79100	0.010751	0.0931102	0.124247	-0.361053	1.6818e+07
79200	0.0107535	0.0931302	0.124251	-0.361088	1.6814e+07
79300	0.0107599	0.0931563	0.124248	-0.361128	1.681e+07
79400	0.0107787	0.0931753	0.124161	-0.361207	1.6806e+07
79500	0.0107799	0.0931724	0.124157	-0.361197	1.6802e+07
79600	0.0107805	0.0932146	0.12415	-0.361322	1.6798e+07
79700	0.0107817	0.0932952	0.124021	-0.361745	1.6794e+07
79800	0.0107936	0.0933754	0.124053	-0.361849	1.679e+07
79900	0.0107962	0.0934414	0.124097	-0.361947	1.6786e+07
80000	0.0108106	0.0934088	0.12408	-0.361798	1.6782e+07
80100	0.0108218	0.093378	0.124072	-0.361658	1.6778e+07
80200	0.010825	0.0934055	0.124074	-0.361712	1.6774e+07
80300	0.0108312	0.0934243	0.12407	-0.361735	1.677e+07
80400	0.0108507	0.0934264	0.124	-0.361734	1.6766e+07
80500	0.0108662	0.093398	0.12402	-0.361531	1.6762e+07
80600	0.0108816	0.0934158	0.124031	-0.361471	1.6758e+07
80700	0.0108978	0.0934731	0.123939	-0.361681	1.6754e+07
80800	0.0109243	0.0935267	0.123991	-0.36159	1.675e+07
80900	0.0109265	0.0935876	0.124051	-0.361653	1.6746e+07
81000	0.0109408	0.0935493	0.124011	-0.361523	1.6742e+07
81100	0.0109374	0.0935145	0.123995	-0.361471	1.6738e+07
81200	0.0109262	0.0935385	0.123992	-0.36161	1.6734e+07
81300	0.0109174	0.093561	0.123974	-0.361754	1.673e+07
81400	0.0109226	0.0935732	0.123899	-0.361876	1.6726e+07
81500	0.0109089	0.0935595	0.123949	-0.361841	1.6722e+07
81600	0.0108943	0.0935914	0.123984	-0.361961	1.6718e+07
81700	0.0108804	0.0936633	0.123933	-0.362325	1.6714e+07
81800	0.010878	0.0937245	0.124032	-0.362354	1.671e+07
81900	0.0108583	0.0937819	0.124124	-0.362485	1.6706e+07
82000	0.0108525	0.0937399	0.124103	-0.362436	1.6702e+07
82100	0.0108563	0.0937014	0.124087	-0.362331	1.6698e+07
82200	0.010852	0.0937216	0.124083	-0.362419	1.6694e+07
82300	0.0108518	0.0937406	0.124068	-0.362497	1.669e+07
82400	0.0108629	0.0937455	0.123991	-0.362566	1.6686e+07
82500	0.0108633	0.0937244	0.124012	-0.362473	1.6682e+07
82600	0.0108629	0.0937489	0.124017	-0.362536	1.6678e+07
82700	0.0108633	0.0938133	0.123923	-0.362862	1.6674e+07
82800	0.0108749	0.093882	0.123944	-0.36295	1.667e+07
82900	0.0108697	0.0939322	0.123999	-0.363033	1.6666e+07
83000	0.0108785	0.0938829	0.123999	-0.362843	1.6662e+07
83100	0.0108824	0.093837	0.124012	-0.362672	1.6658e+07
83200	0.0108781	0.0938499	0.124036	-0.362697	1.6654e+07
83300	0.0108778	0.0938614	0.124025	-0.362747	1.665e+07
83400	0.010889	0.0938589	0.123942	-0.362806	1.6646e+07
83500	0.0108894	0.0938305	0.123954	-0.362705	1.6642e+07
83600	0.010889	0.0938486	0.123954	-0.362757	1.6638e+07
83700	0.0108894	0.0939065	0.12384	-0.363098	1.6634e+07
83800	0.0109011	0.0939615	0.123885	-0.363109	1.663e+07
83900	0.0108958	0.0940271	0.12392	-0.363268	1.6626e+07
84000	0.0109047	0.0939919	0.123853	-0.363223	1.6622e+07
84100	0.0109085	0.0939614	0.123805	-0.363192	1.6618e+07
84200	0.0109042	0.0939881	0.123729	-0.363413	1.6614e+07
84300	0.010904	0.0940145	0.12367	-0.363582	1.661e+07
84400	0.0109152	0.0940266	0.123543	-0.363751	1.6606e+07
84500	0.0109231	0.0940126	0.123509	-0.363718	1.6602e+07
84600	0.0109302	0.0940449	0.123432	-0.363889	1.6598e+07
84700	0.0109382	0.0941178	0.123279	-0.364287	1.6594e+07
84800	0.0109573	0.0941878	0.12331	-0.364318	1.659e+07
84900	0.0109595	0.0942536	0.123358	-0.364412	1.6586e+07
85000	0.010972	0.0942184	0.123327	-0.364288	1.6582e+07
85100	0.0109798	0.0941879	0.123308	-0.364188	1.6578e+07
85200	0.0109796	0.0942148	0.123322	-0.364242	1.6574e+07
85300	0.0109836	0.0942413	0.123334	-0.364272	1.657e+07
85400	0.0109982	0.0942576	0.123243	-0.364375	1.6566e+07
85500	0.0109873	0.0942478	0.123244	-0.364412	1.6562e+07
85600	0.0109764	0.0942843	0.123239	-0.364586	1.6558e+07
85700	0.0109658	0.094362	0.123126	-0.365046	1.6554e+07
85800	0.0109661	0.094436	0.123146	-0.365218	1.655e+07
85900	0.0109505	0.094506	0.123172	-0.365465	1.6546e+07
86000	0.0109517	0.0944753	0.123121	-0.365453	1.6542e+07
86100	0.0109486	0.0944501	0.123058	-0.365502	1.6538e+07
86200	0.0109371	0.0944804	0.122993	-0.36576	1.6534e+07
86300	0.0109308	0.0945117	0.122935	-0.365978	1.653e+07
86400	0.0109347	0.0945235	0.122828	-0.366158	1.6526e+07
86500	0.0109353	0.0945097	0.122818	-0.366132	1.6522e+07
86600	0.0109342	0.0945415	0.122792	-0.366269	1.6518e+07
86700	0.0109429	0.0946155	0.122692	-0.366583	1.6514e+07
86800	0.0109619	0.0946848	0.12273	-0.366601	1.651e+07
86900	0.0109713	0.0947506	0.122765	-0.366671	1.6506e+07
87000	0.0109944	0.0947155	0.122706	-0.366529	1.6502e+07
87100	0.0110134	0.0946864	0.122712	-0.366325	1.6498e+07
87200	0.0110239	0.094713	0.122701	-0.366354	1.6494e+07
87300	0.0110391	0.0947408	0.122688	-0.366361	1.649e+07
87400	0.0110656	0.0947452	0.122616	-0.36633	1.6486e+07
87500	0.011074	0.0947093	0.122639	-0.366144	1.6482e+07
87600	0.0110733	0.0947193	0.122635	-0.366182	1.6478e+07
87700	0.011068	0.0947705	0.122544	-0.366502	1.6474e+07
87800	0.0110647	0.0948175	0.12261	-0.366545	1.647e+07
87900	0.0110367	0.0948624	0.122673	-0.366736	1.6466e+07
88000	0.0110234	0.094806	0.122669	-0.366667	1.6462e+07
88100	0.0110047	0.0947566	0.122646	-0.366677	1.6458e+07
88200	0.0109786	0.0947657	0.122645	-0.366861	1.6454e+07
88300	0.010957	0.0947758	0.122648	-0.367014	1.645e+07
88400	0.0109451	0.0947755	0.122589	-0.367179	1.6446e+07
88500	0.0109316	0.0947625	0.122613	-0.367185	1.6442e+07
88600	0.0109249	0.0947963	0.122613	-0.367319	1.6438e+07
88700	0.01092	0.0948703	0.122523	-0.367698	1.6434e+07
88800	0.0109307	0.0949389	0.122581	-0.36773	1.643e+07
88900	0.0109254	0.0950066	0.122639	-0.367856	1.6426e+07
89000	0.010935	0.094973	0.122618	-0.367739	1.6422e+07
89100	0.0109396	0.0949386	0.122647	-0.36757	1.6418e+07
89200	0.0109341	0.0949614	0.122671	-0.367627	1.6414e+07
89300	0.0109332	0.0949858	0.122684	-0.36768	1.641e+07
89400	0.0109426	0.0949925	0.122621	-0.367743	1.6406e+07
89500	0.0109435	0.0949792	0.12267	-0.367622	1.6402e+07
89600	0.0109441	0.0950128	0.122683	-0.36769	1.6398e+07
89700	0.0109466	0.0950868	0.122608	-0.368001	1.6394e+07
89800	0.0109573	0.0951557	0.122682	-0.368008	1.639e+07
89900	0.010952	0.0952159	0.122752	-0.368093	1.6386e+07
90000	0.0109466	0.0951744	0.122744	-0.368025	1.6382e+07
90100	0.010936	0.0951361	0.122757	-0.367961	1.6378e+07
90200	0.0109153	0.0951552	0.122766	-0.368122	1.6374e+07
90300	0.0108996	0.0951762	0.122772	-0.368264	1.637e+07
90400	0.0108942	0.0951793	0.122717	-0.368394	1.6366e+07
90500	0.01088	0.0951548	0.122759	-0.368344	1.6362e+07
90600	0.0108658	0.0951736	0.122788	-0.368434	1.6358e+07
90700	0.0108531	0.0952327	0.122727	-0.368771	1.6354e+07
90800	0.0108493	0.0952871	0.122802	-0.368823	1.635e+07
90900	0.0108311	0.095349	0.122876	-0.368983	1.6346e+07
91000	0.0108397	0.0953069	0.122867	-0.368831	1.6342e+07
91100	0.0108448	0.0952693	0.122882	-0.368672	1.6338e+07
91200	0.0108393	0.0952852	0.122893	-0.368731	1.6334e+07
91300	0.0108377	0.095302	0.122898	-0.368779	1.633e+07
91400	0.0108473	0.0953019	0.122823	-0.368842	1.6326e+07
91500	0.0108479	0.0952776	0.122829	-0.368762	1.6322e+07
91600	0.0108447	0.0953039	0.122803	-0.368895	1.6318e+07
91700	0.0108429	0.0953555	0.122685	-0.369238	1.6314e+07
91800	0.01085	0.0954023	0.122733	-0.369248	1.631e+07
91900	0.0108427	0.095448	0.122774	-0.36935	1.6306e+07
92000	0.0108556	0.0953905	0.122748	-0.369157	1.6302e+07
92100	0.0108643	0.0953343	0.122737	-0.368968	1.6298e+07
92200	0.0108627	0.0953414	0.122721	-0.369024	1.6294e+07
92300	0.0108508	0.0953492	0.122698	-0.369153	1.629e+07
92400	0.0108496	0.0953376	0.122617	-0.36926	1.6286e+07
92500	0.0108403	0.0953119	0.122638	-0.369209	1.6282e+07
92600	0.0108327	0.0953299	0.122634	-0.369312	1.6278e+07
92700	0.0108284	0.0954051	0.122545	-0.369689	1.6274e+07
92800	0.0108321	0.0954892	0.122605	-0.3698	1.627e+07
92900	0.0108229	0.0955721	0.122659	-0.369996	1.6266e+07
93000	0.0108166	0.0955565	0.122624	-0.370047	1.6262e+07
93100	0.0108089	0.095545	0.122615	-0.370078	1.6258e+07
93200	0.0107873	0.0955911	0.122602	-0.370354	1.6254e+07
93300	0.010784	0.0956387	0.122592	-0.37052	1.625e+07
93400	0.0107948	0.0956683	0.122518	-0.370657	1.6246e+07
93500	0.0107968	0.0956724	0.12257	-0.370573	1.6242e+07
93600	0.0107961	0.0957221	0.122566	-0.37072	1.6238e+07
93700	0.0107977	0.0958168	0.122473	-0.37112	1.6234e+07
93800	0.0108008	0.0958875	0.122535	-0.371196	1.623e+07
93900	0.0107904	0.0959542	0.122583	-0.371364	1.6226e+07
94000	0.0107911	0.095915	0.122574	-0.371266	1.6222e+07
94100	0.0107905	0.0958807	0.122591	-0.371148	1.6218e+07
94200	0.0107914	0.0958963	0.122599	-0.371172	1.6214e+07
94300	0.0107957	0.0959142	0.122597	-0.371199	1.621e+07
94400	0.0108143	0.0959137	0.122531	-0.371194	1.6206e+07
94500	0.0108161	0.0958905	0.122541	-0.371103	1.6202e+07
94600	0.0108164	0.0959142	0.12256	-0.371135	1.6198e+07
94700	0.0108184	0.0959747	0.122489	-0.371405	1.6194e+07
94800	0.0108371	0.0960311	0.122567	-0.371321	1.619e+07
94900	0.0108424	0.0960843	0.12261	-0.371365	1.6186e+07
95000	0.0108589	0.0960377	0.122578	-0.37119	1.6182e+07
95100	0.0108735	0.09599	0.122569	-0.370987	1.6178e+07
95200	0.0108593	0.0960093	0.122531	-0.371186	1.6174e+07
95300	0.0108494	0.0960311	0.122485	-0.37138	1.617e+07
95400	0.0108515	0.096033	0.122369	-0.37156	1.6166e+07
95500	0.0108541	0.0960149	0.122377	-0.371483	1.6162e+07
95600	0.0108538	0.0960428	0.122352	-0.3716	1.6158e+07
95700	0.010856	0.0961115	0.122239	-0.371959	1.6154e+07
95800	0.0108668	0.0961794	0.122289	-0.371999	1.615e+07
95900	0.010863	0.0962431	0.122326	-0.372136	1.6146e+07
96000	0.0108716	0.0962043	0.12229	-0.372037	1.6142e+07
96100	0.0108781	0.0961686	0.122273	-0.371929	1.6138e+07
96200	0.0108713	0.0961915	0.122263	-0.372048	1.6134e+07
96300	0.0108688	0.0962171	0.122254	-0.372148	1.613e+07
96400	0.0108784	0.0962229	0.122175	-0.372234	1.6126e+07
96500	0.010881	0.096208	0.122185	-0.372161	1.6122e+07
96600	0.0108807	0.0962394	0.122127	-0.372344	1.6118e+07
96700	0.0108829	0.0963124	0.121957	-0.372806	1.6114e+07
96800	0.0108938	0.0963803	0.121928	-0.372974	1.611e+07
96900	0.01089	0.0964446	0.121908	-0.373205	1.6106e+07
97000	0.0108986	0.0964061	0.121831	-0.373175	1.6102e+07
97100	0.0109051	0.0963818	0.12179	-0.373135	1.6098e+07
97200	0.010891	0.0964093	0.121744	-0.37337	1.6094e+07
97300	0.0108814	0.0964429	0.121704	-0.373586	1.609e+07
97400	0.0108836	0.0964564	0.121577	-0.373815	1.6086e+07
97500	0.0108716	0.0964494	0.12157	-0.37388	1.6082e+07
97600	0.0108569	0.0964888	0.121566	-0.374083	1.6078e+07
97700	0.0108443	0.0965709	0.121502	-0.374488	1.6074e+07
97800	0.0108406	0.0966461	0.121597	-0.374561	1.607e+07
97900	0.0108208	0.0967202	0.121655	-0.374786	1.6066e+07
98000	0.0108131	0.096694	0.121643	-0.374781	1.6062e+07
98100	0.0108057	0.0966634	0.121674	-0.374691	1.6058e+07
98200	0.010791	0.0966989	0.121677	-0.37487	1.6054e+07
98300	0.0107889	0.0967328	0.121689	-0.374957	1.605e+07
98400	0.0108002	0.0967463	0.121619	-0.37504	1.6046e+07
98500	0.0108105	0.0967387	0.121648	-0.374909	1.6042e+07
98600	0.0108174	0.0967777	0.121657	-0.37496	1.6038e+07
98700	0.0108353	0.0968635	0.121581	-0.375211	1.6034e+07
98800	0.010862	0.0969421	0.121646	-0.375158	1.603e+07
98900	0.010872	0.0970124	0.121687	-0.375223	1.6026e+07
99000	0.0108942	0.0969856	0.121669	-0.375047	1.6022e+07
99100	0.0109161	0.0969625	0.121687	-0.374823	1.6018e+07
99200	0.0109243	0.0969985	0.12171	-0.374835	1.6014e+07
99300	0.0109298	0.0970362	0.121725	-0.374879	1.601e+07
99400	0.0109494	0.097054	0.121659	-0.374918	1.6006e+07
99500	0.0109588	0.0970347	0.121696	-0.374749	1.6002e+07
99600	0.0109652	0.0970625	0.121705	-0.374772	1.5998e+07
99700	0.0109682	0.0971293	0.121628	-0.375061	1.5994e+07
99800	0.0109798	0.0971753	0.121709	-0.374984	1.599e+07
99900	0.0109748	0.0972156	0.121787	-0.374996	1.5986e+07
100000	0.0109821	0.0971499	0.121799	-0.374756	1.5982e+07
100100	0.0109892	0.0970724	0.121846	-0.374425	1.5978e+07
100200	0.0109824	0.0970552	0.121884	-0.374357	1.5974e+07
100300	0.0109802	0.0970411	0.121923	-0.374268	1.597e+07
100400	0.0109921	0.0970069	0.12188	-0.374174	1.5966e+07
100500	0.0109863	0.0969343	0.12194	-0.373913	1.5962e+07
100600	0.0109703	0.0969176	0.121972	-0.373911	1.5958e+07
100700	0.0109583	0.0969343	0.121918	-0.374117	1.5954e+07
100800	0.0109546	0.0969585	0.122014	-0.374048	1.595e+07
100900	0.010934	0.096972	0.122085	-0.374093	1.5946e+07
101000	0.0109266	0.0968909	0.122089	-0.37391	1.5942e+07
101100	0.01092	0.0968359	0.122129	-0.373734	1.5938e+07
101200	0.010898	0.0968326	0.12216	-0.373806	1.5934e+07
101300	0.0108804	0.0968309	0.122192	-0.373856	1.593e+07
101400	0.010878	0.0968143	0.122141	-0.373907	1.5926e+07
101500	0.0108731	0.0967889	0.122194	-0.373781	1.5922e+07
101600	0.0108693	0.0968078	0.122218	-0.373816	1.5918e+07
101700	0.0108714	0.0968552	0.122155	-0.374035	1.5914e+07
101800	0.0108835	0.0969045	0.122245	-0.373951	1.591e+07
101900	0.0108783	0.0969499	0.122324	-0.373977	1.5906e+07
102000	0.0108864	0.0968781	0.122336	-0.373714	1.5902e+07
102100	0.0108944	0.0968055	0.122383	-0.373392	1.5898e+07
102200	0.0108876	0.0967576	0.122422	-0.373239	1.5894e+07
102300	0.0108852	0.0967065	0.122461	-0.37305	1.589e+07
102400	0.0108978	0.0966359	0.122418	-0.372852	1.5886e+07
102500	0.0109004	0.0965454	0.122479	-0.372491	1.5882e+07
102600	0.0108966	0.0965053	0.122511	-0.372353	1.5878e+07
102700	0.0108987	0.0965258	0.122455	-0.372486	1.5874e+07
102800	0.0109109	0.0965134	0.122553	-0.372222	1.587e+07
102900	0.0109057	0.0964743	0.122632	-0.372018	1.5866e+07
103000	0.0109138	0.0963514	0.122644	-0.371615	1.5862e+07
103100	0.0109218	0.0962232	0.122699	-0.371127	1.5858e+07
103200	0.010915	0.0961769	0.122746	-0.370966	1.5854e+07
103300	0.0109126	0.0961142	0.122793	-0.370732	1.585e+07
103400	0.0109253	0.0960409	0.122758	-0.370512	1.5846e+07
103500	0.0109279	0.0959571	0.122828	-0.370155	1.5842e+07
103600	0.0109241	0.0959055	0.122868	-0.369971	1.5838e+07
103700	0.0109262	0.0958853	0.122821	-0.369979	1.5834e+07
103800	0.0109385	0.0958248	0.122926	-0.369571	1.583e+07
103900	0.0109333	0.095788	0.123013	-0.36936	1.5826e+07
104000	0.0109414	0.0955935	0.123034	-0.368743	1.5822e+07
104100	0.0109494	0.0953981	0.123082	-0.368081	1.5818e+07
104200	0.0109426	0.0952303	0.123121	-0.367598	1.5814e+07
104300	0.0109402	0.0951145	0.12316	-0.367229	1.581e+07
104400	0.0109529	0.0949905	0.123117	-0.366879	1.5806e+07
104500	0.0109556	0.0948106	0.123178	-0.366269	1.5802e+07
104600	0.0109518	0.094699	0.123211	-0.36593	1.5798e+07
104700	0.0109539	0.0946229	0.123155	-0.365795	1.5794e+07
104800	0.0109662	0.0945455	0.123253	-0.365351	1.579e+07
104900	0.0109609	0.0945104	0.123332	-0.365158	1.5786e+07
105000	0.0109691	0.0944181	0.123346	-0.364831	1.5782e+07
105100	0.0109771	0.094305	0.123394	-0.364392	1.5778e+07
105200	0.0109703	0.0942688	0.123432	-0.364272	1.5774e+07
105300	0.0109679	0.0942724	0.123472	-0.364232	1.577e+07
105400	0.0109807	0.0942466	0.123429	-0.364153	1.5766e+07
105500	0.0109833	0.0941856	0.12349	-0.36387	1.5762e+07
105600	0.0109795	0.09417	0.123523	-0.363797	1.5758e+07
105700	0.0109816	0.0942204	0.123467	-0.364013	1.5754e+07
105800	0.010994	0.0942476	0.123565	-0.36386	1.575e+07
105900	0.0109888	0.094316	0.123645	-0.363954	1.5746e+07
106000	0.0109969	0.0942267	0.123659	-0.363635	1.5742e+07
106100	0.011005	0.0941152	0.123707	-0.3632	1.5738e+07
106200	0.0109981	0.0940596	0.123746	-0.363025	1.5734e+07
106300	0.0109958	0.094037	0.123786	-0.362913	1.573e+07
106400	0.0110086	0.0939889	0.123743	-0.362771	1.5726e+07
106500	0.0110112	0.0938893	0.123804	-0.36238	1.5722e+07
106600	0.0110074	0.0938379	0.123837	-0.362207	1.5718e+07
106700	0.0110096	0.0938672	0.123781	-0.362365	1.5714e+07
106800	0.0110219	0.0938598	0.12388	-0.362115	1.571e+07
106900	0.0110167	0.0938886	0.12396	-0.3621	1.5706e+07
107000	0.0110249	0.0937982	0.123974	-0.361776	1.5702e+07
107100	0.011033	0.0937384	0.124022	-0.361485	1.5698e+07
107200	0.0110261	0.0937365	0.124061	-0.361459	1.5694e+07
107300	0.0110238	0.0937778	0.124101	-0.361525	1.569e+07
107400	0.0110366	0.0937899	0.124058	-0.36155	1.5686e+07
107500	0.0110393	0.0937583	0.124119	-0.361349	1.5682e+07
107600	0.0110355	0.0937767	0.124153	-0.361371	1.5678e+07
107700	0.0110223	0.0938554	0.124097	-0.361756	1.5674e+07
107800	0.0110194	0.0939239	0.124195	-0.361809	1.567e+07
107900	0.0109987	0.0940292	0.124276	-0.362099	1.5666e+07
108000	0.010992	0.0939928	0.12429	-0.362015	1.5662e+07
108100	0.010985	0.0939561	0.124339	-0.361877	1.5658e+07
108200	0.0109628	0.0939763	0.124378	-0.362004	1.5654e+07
108300	0.0109525	0.094002	0.124418	-0.362073	1.565e+07
108400	0.0109569	0.0939991	0.124375	-0.362106	1.5646e+07
108500	0.0109518	0.0939678	0.124437	-0.361952	1.5642e+07
108600	0.0109395	0.0939865	0.12447	-0.362025	1.5638e+07
108700	0.0109483	0.0940645	0.124414	-0.362278	1.5634e+07
108800	0.0109693	0.0941179	0.124513	-0.362145	1.563e+07
108900	0.0109725	0.0942085	0.124593	-0.362251	1.5626e+07
109000	0.0109889	0.0941396	0.124608	-0.36194	1.5622e+07
109100	0.0110054	0.0940708	0.124657	-0.361574	1.5618e+07
109200	0.0110069	0.0940526	0.124696	-0.361453	1.5614e+07
109300	0.0110046	0.0940814	0.124736	-0.361483	1.561e+07
109400	0.0110172	0.0940813	0.124693	-0.361475	1.5606e+07
109500	0.01102	0.0940221	0.124755	-0.361197	1.5602e+07
109600	0.0110145	0.094009	0.124789	-0.36114	1.5598e+07
109700	0.0110151	0.0940599	0.124733	-0.361366	1.5594e+07
109800	0.0110288	0.0940488	0.124832	-0.361098	1.559e+07
109900	0.011024	0.0940752	0.124913	-0.361074	1.5586e+07
110000	0.0110327	0.093973	0.124927	-0.360715	1.5582e+07
110100	0.0110415	0.0938641	0.124976	-0.360283	1.5578e+07
110200	0.0110351	0.093824	0.125016	-0.360148	1.5574e+07
110300	0.0110252	0.0938361	0.125056	-0.360176	1.557e+07
110400	0.0110301	0.0937917	0.125013	-0.360091	1.5566e+07
110500	0.011025	0.0937073	0.125075	-0.359789	1.5562e+07
110600	0.0110117	0.0936738	0.125109	-0.359722	1.5558e+07
110700	0.0110126	0.0937104	0.125053	-0.359905	1.5554e+07
110800	0.0110265	0.0937417	0.125153	-0.359755	1.555e+07
110900	0.0110215	0.0938227	0.125234	-0.359883	1.5546e+07
111000	0.0110301	0.0937629	0.125249	-0.359642	1.5542e+07
111100	0.0110391	0.0937165	0.125298	-0.359383	1.5538e+07
111200	0.0110411	0.0937254	0.125338	-0.359334	1.5534e+07
111300	0.011055	0.093779	0.125379	-0.359337	1.553e+07
111400	0.0110839	0.0937762	0.125336	-0.359225	1.5526e+07
111500	0.0111027	0.0937135	0.125399	-0.358841	1.5522e+07
111600	0.0111136	0.0936692	0.125434	-0.358599	1.5518e+07
111700	0.0111227	0.0936553	0.125378	-0.358594	1.5514e+07
111800	0.0111443	0.0935933	0.125477	-0.358139	1.551e+07
111900	0.0111474	0.0935783	0.125558	-0.357953	1.5506e+07
112000	0.0111639	0.093411	0.125572	-0.357367	1.5502e+07
112100	0.0111806	0.0932011	0.125622	-0.356606	1.5498e+07
112200	0.0111744	0.0930458	0.125661	-0.356146	1.5494e+07
112300	0.0111723	0.0928903	0.125702	-0.355659	1.549e+07
112400	0.0111851	0.092736	0.12566	-0.355217	1.5486e+07
112500	0.0111879	0.0925309	0.125723	-0.354526	1.5482e+07
112600	0.0111828	0.0924177	0.125758	-0.354184	1.5478e+07
112700	0.0111838	0.0923794	0.125702	-0.354157	1.5474e+07
112800	0.0111974	0.0923577	0.125801	-0.353861	1.547e+07
112900	0.0111924	0.0923759	0.125883	-0.353817	1.5466e+07
113000	0.0112008	0.0922486	0.125897	-0.353386	1.5462e+07
113100	0.0112095	0.0921347	0.125947	-0.352937	1.5458e+07
113200	0.0112032	0.092073	0.125986	-0.352739	1.5454e+07
113300	0.0112011	0.0919987	0.126027	-0.352478	1.545e+07
113400	0.011214	0.0918743	0.125985	-0.352116	1.5446e+07
113500	0.0112168	0.0917594	0.126048	-0.351677	1.5442e+07
113600	0.0112117	0.0916704	0.126083	-0.351401	1.5438e+07
113700	0.0112128	0.0916662	0.126027	-0.351469	1.5434e+07
113800	0.0112264	0.0916137	0.126127	-0.351087	1.543e+07
113900	0.0112213	0.0915851	0.126209	-0.35091	1.5426e+07
114000	0.0112298	0.0914012	0.126231	-0.350304	1.5422e+07
114100	0.0112306	0.0912252	0.126297	-0.349699	1.5418e+07
114200	0.0112163	0.0911148	0.126354	-0.349383	1.5414e+07
114300	0.0112063	0.0910964	0.126411	-0.349301	1.541e+07
114400	0.0112114	0.0910557	0.126385	-0.349196	1.5406e+07
114500	0.0112059	0.0909454	0.126464	-0.348793	1.5402e+07
114600	0.0111929	0.0908901	0.126516	-0.348634	1.5398e+07
114700	0.0111863	0.0909045	0.126475	-0.348776	1.5394e+07
114800	0.0111921	0.0908566	0.126591	-0.348428	1.539e+07
114900	0.0111837	0.0908722	0.126684	-0.348381	1.5386e+07
115000	0.0111891	0.0907286	0.126694	-0.347924	1.5382e+07
115100	0.0112017	0.0905843	0.126733	-0.347379	1.5378e+07
115200	0.0111992	0.0904899	0.126761	-0.34708	1.5374e+07
115300	0.0112095	0.0904413	0.126792	-0.346835	1.537e+07
115400	0.0112343	0.0903548	0.126738	-0.346522	1.5366e+07
115500	0.0112486	0.0902174	0.126791	-0.345964	1.5362e+07
115600	0.0112553	0.0901144	0.126815	-0.345593	1.5358e+07
115700	0.0112683	0.0900525	0.126746	-0.345444	1.5354e+07
115800	0.0112865	0.0899797	0.126835	-0.344993	1.535e+07
115900	0.0112818	0.0899224	0.126906	-0.344748	1.5346e+07
116000	0.011291	0.0897257	0.126921	-0.344106	1.5342e+07
116100	0.0112994	0.0895137	0.126972	-0.343368	1.5338e+07
116200	0.0112933	0.0893554	0.127012	-0.342887	1.5334e+07
116300	0.0112838	0.0892603	0.127054	-0.342606	1.533e+07
116400	0.0112887	0.0890871	0.127012	-0.342139	1.5326e+07
116500	0.0112829	0.0888989	0.127078	-0.34153	1.5322e+07
116600	0.0112699	0.0887461	0.127114	-0.34111	1.5318e+07
116700	0.0112631	0.088695	0.127057	-0.341088	1.5314e+07
116800	0.0112842	0.0886265	0.127158	-0.340612	1.531e+07
116900	0.0112876	0.0886022	0.127238	-0.340402	1.5306e+07
117000	0.0113047	0.0884414	0.127252	-0.339811	1.5302e+07
117100	0.0113211	0.0882724	0.127296	-0.339158	1.5298e+07
117200	0.011323	0.0880984	0.127328	-0.338591	1.5294e+07
117300	0.0113293	0.0879649	0.127362	-0.338114	1.529e+07
117400	0.0113505	0.087808	0.127296	-0.337628	1.5286e+07
117500	0.0113609	0.0876403	0.127345	-0.337003	1.5282e+07
117600	0.011364	0.0875521	0.127366	-0.336696	1.5278e+07
117700	0.0113656	0.0875304	0.127292	-0.336732	1.5274e+07
117800	0.0113704	0.0874354	0.127378	-0.336298	1.527e+07
117900	0.0113581	0.087427	0.127442	-0.33625	1.5266e+07
118000	0.0113595	0.0872844	0.127441	-0.335824	1.5262e+07
118100	0.0113594	0.0870827	0.127485	-0.335167	1.5258e+07
118200	0.0113453	0.0869894	0.127518	-0.334927	1.5254e+07
118300	0.0113354	0.0869655	0.127553	-0.334863	1.525e+07
118400	0.0113416	0.086885	0.127522	-0.334635	1.5246e+07
118500	0.0113364	0.0867428	0.127588	-0.334149	1.5242e+07
118600	0.0113244	0.0866685	0.127626	-0.333944	1.5238e+07
118700	0.0113339	0.0866523	0.127567	-0.333927	1.5234e+07
118800	0.0113548	0.0866244	0.127668	-0.333571	1.523e+07
118900	0.0113583	0.0866448	0.127748	-0.333494	1.5226e+07
119000	0.0113752	0.0865316	0.127762	-0.333039	1.5222e+07
119100	0.011391	0.0864434	0.127813	-0.332609	1.5218e+07
119200	0.0113928	0.0863996	0.127853	-0.33241	1.5214e+07
119300	0.0113992	0.086372	0.127896	-0.332227	1.521e+07
119400	0.0114204	0.0862773	0.127857	-0.331879	1.5206e+07
119500	0.0114317	0.0861871	0.127923	-0.331448	1.5202e+07
119600	0.0114353	0.0861742	0.127961	-0.331333	1.5198e+07
119700	0.0114371	0.086223	0.127902	-0.331553	1.5194e+07
119800	0.0114501	0.086228	0.128004	-0.331341	1.519e+07
119900	0.0114457	0.0862851	0.128084	-0.33142	1.5186e+07
120000	0.0114545	0.0861813	0.128098	-0.33104	1.5182e+07
120100	0.0114621	0.0860627	0.12815	-0.330567	1.5178e+07
120200	0.0114558	0.0859723	0.12819	-0.330277	1.5174e+07
120300	0.0114539	0.0859687	0.128233	-0.330215	1.517e+07
120400	0.011467	0.0859203	0.128194	-0.330051	1.5166e+07
120500	0.0114701	0.0858537	0.12826	-0.329738	1.5162e+07
120600	0.0114654	0.0858283	0.128299	-0.329634	1.5158e+07
120700	0.0114672	0.0858847	0.12824	-0.329877	1.5154e+07
120800	0.0114803	0.0858779	0.128342	-0.32963	1.515e+07
120900	0.0114759	0.085903	0.128422	-0.329615	1.5146e+07
121000	0.0114847	0.0857954	0.128436	-0.329222	1.5142e+07
121100	0.0114924	0.0856811	0.128488	-0.328762	1.5138e+07
121200	0.011486	0.0856451	0.128529	-0.328632	1.5134e+07
121300	0.0114841	0.085627	0.128571	-0.328527	1.513e+07
121400	0.0114973	0.0855404	0.128525	-0.32826	1.5126e+07
121500	0.0115004	0.0853859	0.128583	-0.327697	1.5122e+07
121600	0.0114878	0.0853069	0.128614	-0.32749	1.5118e+07
121700	0.0114816	0.0852647	0.128547	-0.327499	1.5114e+07
121800	0.0114868	0.085175	0.128641	-0.327062	1.511e+07
121900	0.0114743	0.0851391	0.128713	-0.326924	1.5106e+07
122000	0.0114752	0.0849354	0.12872	-0.3263	1.5102e+07
122100	0.0114747	0.0847278	0.128764	-0.325618	1.5098e+07
122200	0.0114604	0.0845658	0.128797	-0.325169	1.5094e+07
122300	0.011451	0.0844891	0.128832	-0.324942	1.509e+07
122400	0.0114559	0.084341	0.128793	-0.324525	1.5086e+07
122500	0.0114193	0.0842274	0.12886	-0.324303	1.5082e+07
122600	0.0113825	0.08417	0.128899	-0.324291	1.5078e+07
122700	0.0113531	0.0841854	0.12884	-0.324596	1.5074e+07
122800	0.0113352	0.0841968	0.128943	-0.324587	1.507e+07
122900	0.0112979	0.084233	0.129023	-0.3248	1.5066e+07
123000	0.0112755	0.0841896	0.129038	-0.324781	1.5062e+07
123100	0.0112497	0.084118	0.129089	-0.324642	1.5058e+07
123200	0.0112134	0.084123	0.129131	-0.324812	1.5054e+07
123300	0.0111795	0.0841686	0.129174	-0.325086	1.505e+07
123400	0.0111625	0.0841271	0.129135	-0.325118	1.5046e+07
123500	0.011162	0.0840103	0.129202	-0.324672	1.5042e+07
123600	0.011157	0.083959	0.129241	-0.324491	1.5038e+07
123700	0.0111596	0.0839805	0.129182	-0.324626	1.5034e+07
123800	0.0111722	0.083963	0.129286	-0.32435	1.503e+07
123900	0.0111679	0.083978	0.129366	-0.324304	1.5026e+07
124000	0.0111773	0.0838539	0.129381	-0.323854	1.5022e+07
124100	0.0111851	0.0837208	0.129433	-0.323331	1.5018e+07
124200	0.0111795	0.083623	0.129474	-0.32301	1.5014e+07
124300	0.0111775	0.083578	0.129518	-0.322822	1.501e+07
124400	0.0111923	0.0834538	0.129479	-0.322416	1.5006e+07
124500	0.0111918	0.0833691	0.129546	-0.322066	1.5002e+07
124600	0.0111868	0.0833298	0.129586	-0.32192	1.4998e+07
124700	0.0111893	0.083375	0.129526	-0.322127	1.4994e+07
124800	0.0112019	0.0833904	0.12963	-0.32195	1.499e+07
124900	0.0111977	0.083422	0.129711	-0.321955	1.4986e+07
125000	0.0112071	0.0833356	0.129726	-0.321617	1.4982e+07
125100	0.011215	0.0832419	0.129778	-0.321212	1.4978e+07
125200	0.0112093	0.0831989	0.12982	-0.321056	1.4974e+07
125300	0.0112073	0.083226	0.129864	-0.321086	1.497e+07
125400	0.0112221	0.0831782	0.129825	-0.32091	1.4966e+07
125500	0.0112216	0.0830945	0.129892	-0.320562	1.4962e+07
125600	0.0112005	0.0830455	0.129932	-0.320482	1.4958e+07
125700	0.0111867	0.0830623	0.129872	-0.320699	1.4954e+07
125800	0.0111832	0.0830548	0.129969	-0.32056	1.495e+07
125900	0.0111632	0.0830527	0.130041	-0.320567	1.4946e+07
126000	0.0111568	0.0829197	0.130049	-0.320191	1.4942e+07
126100	0.0111487	0.082761	0.130093	-0.319694	1.4938e+07
126200	0.0111268	0.0826685	0.130127	-0.319494	1.4934e+07
126300	0.0111087	0.0826136	0.130163	-0.319382	1.493e+07
126400	0.0111073	0.0824634	0.130116	-0.319	1.4926e+07
126500	0.0110896	0.0822845	0.130175	-0.318475	1.4922e+07
126600	0.0110856	0.0822383	0.130207	-0.318312	1.4918e+07
126700	0.0110884	0.0822385	0.13014	-0.318392	1.4914e+07
126800	0.0111002	0.0822031	0.130244	-0.318066	1.491e+07
126900	0.0110953	0.0821935	0.130325	-0.317951	1.4906e+07
127000	0.0110975	0.0820682	0.13034	-0.317534	1.4902e+07
127100	0.0110969	0.081939	0.130393	-0.317068	1.4898e+07
127200	0.0110837	0.0818745	0.130435	-0.316888	1.4894e+07
127300	0.0110735	0.0818864	0.130488	-0.31691	1.489e+07
127400	0.0110805	0.0818319	0.130457	-0.316746	1.4886e+07
127500	0.0110712	0.081752	0.130533	-0.316449	1.4882e+07
127600	0.0110548	0.0817176	0.130586	-0.316365	1.4878e+07
127700	0.0110455	0.0817424	0.130539	-0.316562	1.4874e+07
127800	0.0110449	0.0817285	0.130657	-0.316357	1.487e+07
127900	0.0110284	0.0817158	0.13075	-0.316283	1.4866e+07
128000	0.0110343	0.0815649	0.130779	-0.315746	1.4862e+07
128100	0.0110376	0.0813939	0.130844	-0.31511	1.4858e+07
128200	0.0110282	0.081286	0.130899	-0.314757	1.4854e+07
128300	0.011023	0.0812474	0.130948	-0.314599	1.485e+07
128400	0.0110338	0.0811115	0.130912	-0.314169	1.4846e+07
128500	0.0110278	0.0809371	0.130985	-0.313565	1.4842e+07
128600	0.0110232	0.0808155	0.131026	-0.31316	1.4838e+07
128700	0.011026	0.0807855	0.130967	-0.313134	1.4834e+07
128800	0.0110379	0.0807062	0.131072	-0.312672	1.483e+07
128900	0.0110169	0.0806694	0.131153	-0.312568	1.4826e+07
129000	0.0110102	0.0805305	0.131177	-0.312145	1.4822e+07
129100	0.0110013	0.0803837	0.131239	-0.311657	1.4818e+07
129200	0.01098	0.0802898	0.13129	-0.31142	1.4814e+07
129300	0.010962	0.0802468	0.131344	-0.311318	1.481e+07
129400	0.0109605	0.0801003	0.131313	-0.310917	1.4806e+07
129500	0.0109424	0.0799234	0.13139	-0.310367	1.4802e+07
129600	0.0109211	0.0798649	0.131439	-0.310243	1.4798e+07
129700	0.0109074	0.0798915	0.131389	-0.310476	1.4794e+07
129800	0.0109027	0.0798851	0.131503	-0.310325	1.479e+07
129900	0.0108983	0.0798907	0.131593	-0.310243	1.4786e+07
130000	0.0109079	0.0797624	0.131609	-0.309766	1.4782e+07
130100	0.010915	0.0795909	0.131663	-0.309116	1.4778e+07
130200	0.0109097	0.07947	0.131705	-0.308712	1.4774e+07
130300	0.0109084	0.0794077	0.131751	-0.308463	1.477e+07
130400	0.0109235	0.079252	0.131711	-0.307943	1.4766e+07
130500	0.0109221	0.0790772	0.13178	-0.30731	1.4762e+07
130600	0.0109175	0.0789544	0.13182	-0.306898	1.4758e+07
130700	0.010929	0.0789202	0.131761	-0.306805	1.4754e+07
130800	0.010949	0.0788569	0.131867	-0.306342	1.475e+07
130900	0.0109529	0.0787731	0.131949	-0.305944	1.4746e+07
131000	0.0109709	0.0785569	0.131966	-0.305137	1.4742e+07
131100	0.0109949	0.0783464	0.132011	-0.304272	1.4738e+07
131200	0.0110067	0.078198	0.132046	-0.303689	1.4734e+07
131300	0.0110229	0.0781184	0.132083	-0.303292	1.473e+07
131400	0.0110548	0.0779762	0.132035	-0.302722	1.4726e+07
131500	0.0110702	0.0778247	0.132096	-0.302069	1.4722e+07
131600	0.0110807	0.0777686	0.132129	-0.301785	1.4718e+07
131700	0.0110921	0.0777861	0.132061	-0.301866	1.4714e+07
131800	0.011113	0.0777733	0.132158	-0.301569	1.471e+07
131900	0.0111171	0.0777654	0.132233	-0.301419	1.4706e+07
132000	0.011135	0.0776793	0.132241	-0.30103	1.4702e+07
132100	0.0111425	0.0776109	0.132295	-0.300697	1.4698e+07
132200	0.0111367	0.0776186	0.132338	-0.300696	1.4694e+07
132300	0.011137	0.077683	0.132384	-0.300836	1.469e+07
132400	0.0111521	0.0776735	0.132344	-0.300771	1.4686e+07
132500	0.011151	0.077638	0.132414	-0.30057	1.4682e+07
132600	0.0111448	0.0776525	0.132455	-0.300597	1.4678e+07
132700	0.0111477	0.0777372	0.132396	-0.300928	1.4674e+07
132800	0.0111603	0.0777858	0.132502	-0.300863	1.467e+07
132900	0.0111559	0.0778709	0.132585	-0.301045	1.4666e+07
133000	0.0111653	0.0778467	0.132601	-0.300891	1.4662e+07
133100	0.0111728	0.0777816	0.132655	-0.300568	1.4658e+07
133200	0.011167	0.0777604	0.132699	-0.300475	1.4654e+07
133300	0.0111673	0.0777772	0.132745	-0.300465	1.465e+07
133400	0.0111826	0.0777132	0.132705	-0.300228	1.4646e+07
133500	0.0111815	0.0776015	0.132775	-0.299786	1.4642e+07
133600	0.0111752	0.0775845	0.132817	-0.299713	1.4638e+07
133700	0.0111781	0.0776428	0.132757	-0.299961	1.4634e+07
133800	0.0111908	0.0776652	0.132864	-0.299813	1.463e+07
133900	0.0111864	0.0776765	0.132947	-0.299762	1.4626e+07
134000	0.0111958	0.0775674	0.132964	-0.299339	1.4622e+07
134100	0.0112034	0.0774774	0.133018	-0.298938	1.4618e+07
134200	0.0111976	0.0774135	0.133062	-0.29871	1.4614e+07
134300	0.0111979	0.0774196	0.133108	-0.298665	1.461e+07
134400	0.0112131	0.0773627	0.133068	-0.29845	1.4606e+07
134500	0.0111953	0.0772271	0.133138	-0.29803	1.4602e+07
134600	0.0111725	0.077193	0.133189	-0.297988	1.4598e+07
134700	0.0111596	0.0772417	0.133138	-0.298286	1.4594e+07
134800	0.0111556	0.077233	0.133254	-0.298126	1.459e+07
134900	0.0111267	0.0772256	0.133346	-0.298148	1.4586e+07
135000	0.0111139	0.0770787	0.133372	-0.297723	1.4582e+07
135100	0.0110973	0.0769188	0.133435	-0.297228	1.4578e+07
135200	0.0110648	0.0768032	0.133488	-0.296981	1.4574e+07
135300	0.0110401	0.0767528	0.133542	-0.296893	1.457e+07
135400	0.0110295	0.0766359	0.13351	-0.296626	1.4566e+07
135500	0.0110195	0.0765297	0.133589	-0.296242	1.4562e+07
135600	0.0109881	0.076493	0.13363	-0.296253	1.4558e+07
135700	0.0109488	0.0765344	0.133571	-0.296695	1.4554e+07
135800	0.010917	0.0765342	0.133679	-0.296736	1.455e+07
135900	0.0108903	0.0765417	0.133763	-0.296804	1.4546e+07
136000	0.0108737	0.0764386	0.133781	-0.296549	1.4542e+07
136100	0.010857	0.0762984	0.133836	-0.296126	1.4538e+07
136200	0.0108079	0.0761873	0.13388	-0.296001	1.4534e+07
136300	0.0107678	0.0761279	0.133926	-0.295986	1.453e+07
136400	0.0107402	0.0759651	0.133886	-0.295683	1.4526e+07
136500	0.0106984	0.0757712	0.133956	-0.295214	1.4522e+07
136600	0.0106675	0.0756592	0.133981	-0.295004	1.4518e+07
136700	0.0106658	0.0756349	0.133905	-0.295038	1.4514e+07
136800	0.0106704	0.0755644	0.133998	-0.294662	1.451e+07
136900	0.0106495	0.0755224	0.134065	-0.29456	1.4506e+07
137000	0.0106438	0.0753812	0.134051	-0.29416	1.4502e+07
137100	0.0106329	0.0752521	0.134072	-0.29378	1.4498e+07
137200	0.0106244	0.075158	0.134084	-0.293513	1.4494e+07
137300	0.0106256	0.075141	0.134097	-0.293434	1.449e+07
137400	0.0106389	0.0750361	0.134024	-0.293115	1.4486e+07
137500	0.0106377	0.0748581	0.134061	-0.292501	1.4482e+07
137600	0.0106308	0.0747601	0.134085	-0.292193	1.4478e+07
137700	0.0106458	0.0747515	0.134009	-0.292178	1.4474e+07
137800	0.0106667	0.0746576	0.134101	-0.291629	1.447e+07
137900	0.0106709	0.0745338	0.13417	-0.291114	1.4466e+07
138000	0.0106902	0.0743103	0.134189	-0.290251	1.4462e+07
138100	0.0107035	0.0740888	0.134247	-0.289378	1.4458e+07
138200	0.0107034	0.0738467	0.134291	-0.288536	1.4454e+07
138300	0.0107131	0.073685	0.134336	-0.287893	1.445e+07
138400	0.0107353	0.0735106	0.134287	-0.287258	1.4446e+07
138500	0.0107419	0.0733681	0.13435	-0.286671	1.4442e+07
138600	0.0107452	0.0732429	0.13439	-0.28619	1.4438e+07
138700	0.0107516	0.0732305	0.134331	-0.286189	1.4434e+07
138800	0.0107637	0.0731872	0.13444	-0.285834	1.443e+07
138900	0.0107602	0.0731425	0.134525	-0.285596	1.4426e+07
139000	0.0107715	0.0730058	0.134545	-0.285057	1.4422e+07
139100	0.0107765	0.0728565	0.134603	-0.284462	1.4418e+07
139200	0.0107676	0.072732	0.134647	-0.284049	1.4414e+07
139300	0.0107688	0.0726743	0.134692	-0.283794	1.441e+07
139400	0.0107822	0.072494	0.13466	-0.283164	1.4406e+07
139500	0.0107802	0.0722681	0.13474	-0.282329	1.4402e+07
139600	0.010775	0.0721103	0.134781	-0.281786	1.4398e+07
139700	0.0107815	0.0720366	0.134721	-0.281582	1.4394e+07
139800	0.0107936	0.071965	0.134831	-0.281132	1.439e+07
139900	0.0107901	0.0719295	0.134917	-0.280925	1.4386e+07
140000	0.0108014	0.0717743	0.134936	-0.28032	1.4382e+07
140100	0.0108064	0.0716382	0.134995	-0.279765	1.4378e+07
140200	0.0107975	0.0715269	0.135038	-0.279392	1.4374e+07
140300	0.0107987	0.0714861	0.135084	-0.279191	1.437e+07
140400	0.0108122	0.0713911	0.135043	-0.278849	1.4366e+07
140500	0.0108102	0.0713004	0.135115	-0.278467	1.4362e+07
140600	0.010805	0.071235	0.135156	-0.278228	1.4358e+07
140700	0.0108115	0.0712695	0.135096	-0.278381	1.4354e+07
140800	0.0108236	0.0712515	0.135207	-0.278108	1.435e+07
140900	0.0108202	0.071219	0.135292	-0.277911	1.4346e+07
141000	0.0108315	0.071116	0.135312	-0.277477	1.4342e+07
141100	0.0108365	0.0710175	0.135371	-0.277045	1.4338e+07
141200	0.0108276	0.0709141	0.135415	-0.276697	1.4334e+07
141300	0.0108288	0.0709174	0.13546	-0.276643	1.433e+07
141400	0.0108424	0.0708329	0.135419	-0.276334	1.4326e+07
141500	0.0108404	0.0707135	0.135492	-0.275855	1.4322e+07
141600	0.0108352	0.0706739	0.135533	-0.275701	1.4318e+07
141700	0.0108416	0.0707114	0.135473	-0.275864	1.4314e+07
141800	0.0108538	0.0707355	0.135584	-0.275732	1.431e+07
141900	0.0108504	0.0707628	0.13567	-0.275734	1.4306e+07
142000	0.0108618	0.0706178	0.135673	-0.27518	1.4302e+07
142100	0.0108668	0.0704725	0.135715	-0.274612	1.4298e+07
142200	0.0108579	0.0703547	0.135742	-0.274236	1.4294e+07
142300	0.0108591	0.0703169	0.135771	-0.274066	1.429e+07
142400	0.0108727	0.0702185	0.135713	-0.27373	1.4286e+07
142500	0.0108707	0.070118	0.135769	-0.273334	1.4282e+07
142600	0.0108655	0.0700538	0.135794	-0.273118	1.4278e+07
142700	0.010872	0.070104	0.135718	-0.273344	1.4274e+07
142800	0.0108842	0.0700802	0.135811	-0.273074	1.427e+07
142900	0.0108808	0.0700019	0.135879	-0.272747	1.4266e+07
143000	0.0108837	0.0698727	0.1359	-0.27227	1.4262e+07
143100	0.0108803	0.0697207	0.13596	-0.271703	1.4258e+07
143200	0.010863	0.0695599	0.136004	-0.271209	1.4254e+07
143300	0.0108555	0.0694671	0.136049	-0.270884	1.425e+07
143400	0.0108606	0.0693036	0.135991	-0.270376	1.4246e+07
143500	0.01085	0.0691237	0.136048	-0.269759	1.4242e+07
143600	0.0108366	0.0689541	0.136073	-0.269233	1.4238e+07
143700	0.0108341	0.0688296	0.135996	-0.268921	1.4234e+07
143800	0.0108384	0.0687183	0.136091	-0.2684	1.423e+07
143900	0.0108272	0.0686422	0.13616	-0.268122	1.4226e+07
144000	0.0108386	0.0684528	0.136164	-0.267407	1.4222e+07
144100	0.010843	0.0682729	0.136206	-0.266717	1.4218e+07
144200	0.0108344	0.0681472	0.136234	-0.266304	1.4214e+07
144300	0.010836	0.0680984	0.136264	-0.266091	1.421e+07
144400	0.0108497	0.067963	0.136222	-0.2656	1.4206e+07
144500	0.0108474	0.0678066	0.136304	-0.264978	1.4202e+07
144600	0.0108425	0.067675	0.136354	-0.264495	1.4198e+07
144700	0.0108491	0.0676909	0.136305	-0.264572	1.4194e+07
144800	0.0108615	0.0676553	0.136425	-0.264229	1.419e+07
144900	0.0108589	0.0675846	0.13652	-0.263886	1.4186e+07
145000	0.0108704	0.0674391	0.13655	-0.263283	1.4182e+07
145100	0.0108742	0.0672814	0.136619	-0.262635	1.4178e+07
145200	0.0108652	0.0671505	0.136673	-0.262172	1.4174e+07
145300	0.0108667	0.0670624	0.136729	-0.261792	1.417e+07
145400	0.0108806	0.0668915	0.136696	-0.261162	1.4166e+07
145500	0.0108782	0.0667074	0.136769	-0.260452	1.4162e+07
145600	0.0108733	0.0666022	0.136811	-0.260067	1.4158e+07
145700	0.0108798	0.066591	0.136753	-0.260061	1.4154e+07
145800	0.0108922	0.066525	0.136864	-0.259625	1.415e+07
145900	0.0108896	0.0664724	0.13695	-0.259355	1.4146e+07
146000	0.0109012	0.0663178	0.136971	-0.258726	1.4142e+07
146100	0.0109049	0.0661579	0.137032	-0.258078	1.4138e+07
146200	0.0108959	0.0660381	0.137077	-0.25766	1.4134e+07
146300	0.0108975	0.0660165	0.137124	-0.25752	1.413e+07
146400	0.0109113	0.0659476	0.137083	-0.257249	1.4126e+07
146500	0.010909	0.0657965	0.137156	-0.256649	1.4122e+07
146600	0.010904	0.0657166	0.137198	-0.25635	1.4118e+07
146700	0.0109106	0.0657144	0.13714	-0.256374	1.4114e+07
146800	0.0109231	0.0656161	0.137252	-0.255825	1.411e+07
146900	0.0109204	0.0654848	0.137338	-0.25528	1.4106e+07
147000	0.010932	0.0652482	0.137359	-0.254361	1.4102e+07
147100	0.0109358	0.0649701	0.13742	-0.253295	1.4098e+07
147200	0.0109268	0.0647172	0.137466	-0.252407	1.4094e+07
147300	0.0109284	0.0645736	0.137513	-0.251838	1.409e+07
147400	0.0109423	0.0643399	0.137455	-0.251003	1.4086e+07
147500	0.01094	0.0641384	0.137512	-0.250239	1.4082e+07
147600	0.010935	0.0639414	0.137538	-0.249542	1.4078e+07
147700	0.0109416	0.0638276	0.137462	-0.249191	1.4074e+07
147800	0.0109541	0.0637561	0.13754	-0.248772	1.407e+07
147900	0.0109514	0.0636956	0.137593	-0.248512	1.4066e+07
148000	0.0109631	0.063524	0.137579	-0.247852	1.4062e+07
148100	0.0109669	0.0633715	0.137609	-0.247252	1.4058e+07
148200	0.0109579	0.063241	0.137618	-0.246832	1.4054e+07
148300	0.0109594	0.0631377	0.137623	-0.24645	1.405e+07
148400	0.0109734	0.062986	0.13756	-0.2459	1.4046e+07
148500	0.0109711	0.0627996	0.137612	-0.245188	1.4042e+07
148600	0.0109661	0.0626602	0.137627	-0.244702	1.4038e+07
148700	0.0109645	0.0626069	0.137538	-0.244624	1.4034e+07
148800	0.0109688	0.062552	0.137635	-0.24429	1.403e+07
148900	0.0109575	0.0624989	0.137692	-0.244101	1.4026e+07
149000	0.0109609	0.0623882	0.137686	-0.243691	1.4022e+07
149100	0.0109555	0.062313	0.137721	-0.243413	1.4018e+07
149200	0.010938	0.0622486	0.137755	-0.243246	1.4014e+07
149300	0.0109313	0.0622597	0.137786	-0.243289	1.401e+07
149400	0.0109367	0.0622204	0.137731	-0.243179	1.4006e+07
149500	0.0109271	0.0621656	0.137795	-0.242965	1.4002e+07
149600	0.010914	0.0621114	0.13782	-0.24282	1.3998e+07
149700	0.0109203	0.062108	0.137738	-0.242865	1.3994e+07
149800	0.0109324	0.0621017	0.137859	-0.242631	1.399e+07
149900	0.0109296	0.0620781	0.13796	-0.242447	1.3986e+07
150000	0.0109413	0.0619541	0.137998	-0.241889	1.3982e+07
150100	0.0109445	0.0618453	0.138075	-0.24139	1.3978e+07
150200	0.0109351	0.061774	0.138143	-0.241111	1.3974e+07
150300	0.0109368	0.0617672	0.13821	-0.241	1.397e+07
150400	0.0109508	0.0617083	0.138189	-0.240729	1.3966e+07
150500	0.0109497	0.0616207	0.138287	-0.240309	1.3962e+07
150600	0.0109452	0.0615489	0.138337	-0.24002	1.3958e+07
150700	0.0109515	0.0615621	0.138282	-0.240093	1.3954e+07
150800	0.0109637	0.0615719	0.138386	-0.239938	1.395e+07
150900	0.0109609	0.0615806	0.138461	-0.239901	1.3946e+07
151000	0.0109727	0.0615263	0.138472	-0.239623	1.3942e+07
151100	0.0109759	0.0614793	0.138524	-0.239376	1.3938e+07
151200	0.0109664	0.0614855	0.138567	-0.239406	1.3934e+07
151300	0.0109682	0.0615437	0.138589	-0.239579	1.393e+07
151400	0.0109823	0.0615455	0.138525	-0.239576	1.3926e+07
151500	0.0109811	0.0615174	0.138579	-0.239421	1.3922e+07
151600	0.0109766	0.0614894	0.138601	-0.239321	1.3918e+07
151700	0.010983	0.0615129	0.13852	-0.23946	1.3914e+07
151800	0.0109952	0.0615308	0.138617	-0.239344	1.391e+07
151900	0.0109924	0.0615212	0.138682	-0.239252	1.3906e+07
152000	0.0110042	0.0614103	0.138683	-0.238781	1.3902e+07
152100	0.0110074	0.0612949	0.138727	-0.238295	1.3898e+07
152200	0.0109979	0.0612148	0.138762	-0.238023	1.3894e+07
152300	0.0109997	0.0611987	0.138815	-0.237895	1.389e+07
152400	0.0110139	0.0611133	0.138776	-0.237547	1.3886e+07
152500	0.0110127	0.0610336	0.138857	-0.237174	1.3882e+07
152600	0.0110082	0.0609224	0.138898	-0.236753	1.3878e+07
152700	0.0110146	0.0608681	0.138833	-0.236592	1.3874e+07
152800	0.0110269	0.0607988	0.138948	-0.236139	1.387e+07
152900	0.011024	0.0606877	0.13903	-0.235661	1.3866e+07
153000	0.0110359	0.0605296	0.13905	-0.234996	1.3862e+07
153100	0.0110392	0.0603888	0.139111	-0.234397	1.3858e+07
153200	0.0110296	0.0602198	0.139162	-0.233781	1.3854e+07
153300	0.0110315	0.0600895	0.139215	-0.233236	1.385e+07
153400	0.0110456	0.0599057	0.139176	-0.232525	1.3846e+07
153500	0.0110445	0.0596967	0.139258	-0.231678	1.3842e+07
153600	0.01104	0.0594941	0.139299	-0.230918	1.3838e+07
153700	0.0110464	0.0593375	0.139234	-0.230377	1.3834e+07
153800	0.0110587	0.059241	0.139349	-0.229824	1.383e+07
153900	0.0110559	0.0591216	0.139432	-0.229311	1.3826e+07
154000	0.0110678	0.0589327	0.139451	-0.228524	1.3822e+07
154100	0.0110711	0.0587361	0.139513	-0.227713	1.3818e+07
154200	0.0110615	0.0585948	0.139565	-0.227192	1.3814e+07
154300	0.0110634	0.0585529	0.139618	-0.226968	1.381e+07
154400	0.0110776	0.058467	0.139579	-0.226609	1.3806e+07
154500	0.0110764	0.0583824	0.139661	-0.226215	1.3802e+07
154600	0.011072	0.0583387	0.139702	-0.226035	1.3798e+07
154700	0.0110784	0.0583362	0.139637	-0.226058	1.3794e+07
154800	0.0110738	0.0583432	0.139753	-0.225986	1.379e+07
154900	0.0110539	0.0583528	0.139836	-0.226048	1.3786e+07
155000	0.0110488	0.0582854	0.139856	-0.225808	1.3782e+07
155100	0.0110345	0.0581899	0.139917	-0.225471	1.3778e+07
155200	0.0110081	0.0581159	0.139969	-0.225296	1.3774e+07
155300	0.0109923	0.0580755	0.140023	-0.225181	1.377e+07
155400	0.0109899	0.0579802	0.139984	-0.224883	1.3766e+07
155500	0.0109716	0.0579007	0.140066	-0.224607	1.3762e+07
155600	0.0109475	0.0578308	0.140108	-0.224445	1.3758e+07
155700	0.0109357	0.0578076	0.140043	-0.224497	1.3754e+07
155800	0.0109473	0.0577905	0.140159	-0.224241	1.375e+07
155900	0.0109454	0.057732	0.140243	-0.223945	1.3746e+07
156000	0.0109574	0.0575767	0.140262	-0.223276	1.3742e+07
156100	0.0109625	0.0574508	0.140324	-0.222712	1.3738e+07
156200	0.0109521	0.0573473	0.140376	-0.222332	1.3734e+07
156300	0.010954	0.0573303	0.14043	-0.2222	1.373e+07
156400	0.0109693	0.0572577	0.140392	-0.22188	1.3726e+07
156500	0.0109684	0.0571806	0.140474	-0.22151	1.3722e+07
156600	0.0109617	0.0571085	0.140516	-0.221237	1.3718e+07
156700	0.0109675	0.0571106	0.140451	-0.221279	1.3714e+07
156800	0.0109792	0.0570988	0.140567	-0.221043	1.371e+07
156900	0.0109773	0.0571108	0.140651	-0.22101	1.3706e+07
157000	0.0109893	0.0570641	0.140671	-0.220744	1.3702e+07
157100	0.0109945	0.0570281	0.140733	-0.220514	1.3698e+07
157200	0.010984	0.0570013	0.140786	-0.220419	1.3694e+07
157300	0.010986	0.0570411	0.14084	-0.2205	1.369e+07
157400	0.0110013	0.0569959	0.140801	-0.220282	1.3686e+07
157500	0.0110004	0.0569288	0.140884	-0.219949	1.3682e+07
157600	0.0109937	0.0568357	0.140926	-0.219597	1.3678e+07
157700	0.0109996	0.0567924	0.140861	-0.219469	1.3674e+07
157800	0.0110113	0.0567724	0.140978	-0.219202	1.367e+07
157900	0.0110094	0.0567432	0.141062	-0.219016	1.3666e+07
158000	0.0110215	0.0566024	0.141082	-0.218397	1.3662e+07
158100	0.0110267	0.056456	0.141145	-0.217753	1.3658e+07
158200	0.0110162	0.056323	0.141198	-0.21726	1.3654e+07
158300	0.0110181	0.0562364	0.141252	-0.216867	1.365e+07
158400	0.0110247	0.0561002	0.141214	-0.216357	1.3646e+07
158500	0.011015	0.0559256	0.141297	-0.21567	1.3642e+07
158600	0.0109997	0.0558078	0.141339	-0.215272	1.3638e+07
158700	0.0109969	0.0557305	0.141274	-0.215065	1.3634e+07
158800	0.0109997	0.0556319	0.141391	-0.214555	1.363e+07
158900	0.0109888	0.0555268	0.141476	-0.214134	1.3626e+07
159000	0.0109917	0.0553772	0.141496	-0.21353	1.3622e+07
159100	0.0109881	0.0551855	0.141559	-0.212761	1.3618e+07
159200	0.0109687	0.0550081	0.141612	-0.212147	1.3614e+07
159300	0.0109611	0.0549009	0.141667	-0.211729	1.361e+07
159400	0.0109763	0.0547849	0.141628	-0.211239	1.3606e+07
159500	0.0109761	0.0546818	0.141711	-0.210763	1.3602e+07
159600	0.0109694	0.0545848	0.141753	-0.21039	1.3598e+07
159700	0.0109756	0.0545184	0.141688	-0.210167	1.3594e+07
159800	0.0109876	0.0544712	0.141806	-0.209798	1.359e+07
159900	0.0109854	0.0543968	0.141891	-0.20944	1.3586e+07
160000	0.0109971	0.0542368	0.141912	-0.208741	1.3582e+07
160100	0.0110026	0.0541594	0.141974	-0.20835	1.3578e+07
160200	0.0109921	0.0540841	0.142027	-0.20807	1.3574e+07
160300	0.0109934	0.0540796	0.142081	-0.207992	1.357e+07
160400	0.0109999	0.0539936	0.142043	-0.207663	1.3566e+07
160500	0.0110002	0.0539375	0.142126	-0.207363	1.3562e+07
160600	0.010994	0.0538697	0.142169	-0.207096	1.3558e+07
160700	0.0110007	0.0538069	0.142104	-0.206882	1.3554e+07
160800	0.0110129	0.0537385	0.142222	-0.20643	1.355e+07
160900	0.0110112	0.0536529	0.142308	-0.206026	1.3546e+07
161000	0.0110245	0.053493	0.142329	-0.205314	1.3542e+07
161100	0.0110297	0.0533521	0.142393	-0.204679	1.3538e+07
161200	0.0110196	0.0532328	0.142446	-0.204226	1.3534e+07
161300	0.0110203	0.05314	0.1425	-0.203811	1.353e+07
161400	0.0110455	0.0530155	0.142462	-0.203222	1.3526e+07
161500	0.0110369	0.0528916	0.142546	-0.202711	1.3522e+07
161600	0.0110213	0.052787	0.142589	-0.202356	1.3518e+07
161700	0.0110174	0.0527647	0.142524	-0.202356	1.3514e+07
161800	0.01102	0.0527802	0.142643	-0.202284	1.351e+07
161900	0.0110091	0.052797	0.142729	-0.202328	1.3506e+07
162000	0.0110125	0.0527351	0.14275	-0.202049	1.3502e+07
162100	0.011009	0.0526653	0.142814	-0.201737	1.3498e+07
162200	0.0109896	0.0526044	0.142868	-0.201562	1.3494e+07
162300	0.0109812	0.0526426	0.142922	-0.201705	1.349e+07
162400	0.0109886	0.0526312	0.142884	-0.201655	1.3486e+07
162500	0.0109893	0.0526208	0.14296	-0.201537	1.3482e+07
162600	0.0109821	0.052607	0.142993	-0.201493	1.3478e+07
162700	0.0109878	0.0526282	0.14292	-0.201614	1.3474e+07
162800	0.0110086	0.0526394	0.14303	-0.201428	1.347e+07
162900	0.011016	0.0526487	0.143108	-0.201345	1.3466e+07
163000	0.0110205	0.0525797	0.143121	-0.20104	1.3462e+07
163100	0.0110168	0.0525342	0.143176	-0.200832	1.3458e+07
163200	0.0109979	0.0524857	0.143221	-0.200711	1.3454e+07
163300	0.0109892	0.0524995	0.143266	-0.200771	1.345e+07
163400	0.0109956	0.052464	0.143219	-0.200643	1.3446e+07
163500	0.0109882	0.0524299	0.143303	-0.200471	1.3442e+07
163600	0.0109734	0.0523968	0.143329	-0.200404	1.3438e+07
163700	0.0109719	0.0523786	0.143246	-0.200423	1.3434e+07
163800	0.0109666	0.0524043	0.143349	-0.200453	1.343e+07
163900	0.0109459	0.0524073	0.143418	-0.200518	1.3426e+07
164000	0.0109599	0.0523403	0.143422	-0.200174	1.3422e+07
164100	0.010965	0.0522963	0.143469	-0.199928	1.3418e+07
164200	0.010955	0.0522849	0.143506	-0.199907	1.3414e+07
164300	0.0109554	0.0523112	0.143544	-0.19997	1.341e+07
164400	0.0109707	0.0522882	0.143489	-0.199845	1.3406e+07
164500	0.0109689	0.0522549	0.143552	-0.199665	1.3402e+07
164600	0.0109618	0.0522293	0.143595	-0.199566	1.3398e+07
164700	0.0109685	0.0522533	0.143529	-0.199684	1.3394e+07
164800	0.0109812	0.0522783	0.143649	-0.199591	1.339e+07
164900	0.0109786	0.0523039	0.143737	-0.199621	1.3386e+07
165000	0.0109927	0.0522302	0.14375	-0.199241	1.3382e+07
165100	0.0109978	0.0521253	0.143806	-0.198752	1.3378e+07
165200	0.0109877	0.0520178	0.143852	-0.198349	1.3374e+07
165300	0.0109881	0.0519999	0.143899	-0.198233	1.337e+07
165400	0.0110035	0.0519285	0.143854	-0.19791	1.3366e+07
165500	0.0110017	0.0518539	0.143937	-0.197552	1.3362e+07
165600	0.0109946	0.051747	0.14398	-0.197136	1.3358e+07
165700	0.0110013	0.0516529	0.143914	-0.196795	1.3354e+07
165800	0.0110141	0.0516027	0.144036	-0.19641	1.335e+07
165900	0.0110115	0.0515474	0.144125	-0.196126	1.3346e+07
166000	0.0110256	0.0514139	0.144155	-0.195495	1.3342e+07
166100	0.0110307	0.051268	0.14423	-0.194827	1.3338e+07
166200	0.0110206	0.0511695	0.144295	-0.194439	1.3334e+07
166300	0.011021	0.0511337	0.144371	-0.194226	1.333e+07
166400	0.0110365	0.0510529	0.144355	-0.193837	1.3326e+07
166500	0.0110347	0.050981	0.144446	-0.19348	1.3322e+07
166600	0.0110276	0.0509232	0.144498	-0.193247	1.3318e+07
166700	0.0110343	0.0509032	0.144441	-0.193183	1.3314e+07
166800	0.0110471	0.0509138	0.144572	-0.193028	1.331e+07
166900	0.0110445	0.0509098	0.14467	-0.192936	1.3306e+07
167000	0.0110587	0.0508344	0.1447	-0.192531	1.3302e+07
167100	0.0110638	0.0507468	0.144776	-0.192089	1.3298e+07
167200	0.0110537	0.050645	0.144841	-0.191688	1.3294e+07
167300	0.0110542	0.0506254	0.1449	-0.191555	1.329e+07
167400	0.0110697	0.0505392	0.144865	-0.19116	1.3286e+07
167500	0.0110679	0.0504647	0.144946	-0.190803	1.3282e+07
167600	0.0110608	0.050368	0.14499	-0.190425	1.3278e+07
167700	0.0110676	0.0502772	0.144923	-0.190091	1.3274e+07
167800	0.0110804	0.0501999	0.145045	-0.189601	1.327e+07
167900	0.0110778	0.050076	0.145134	-0.189048	1.3266e+07
168000	0.011092	0.0498965	0.145155	-0.18824	1.3262e+07
168100	0.0110972	0.0497297	0.145221	-0.187493	1.3258e+07
168200	0.011087	0.049593	0.145278	-0.18696	1.3254e+07
168300	0.0110875	0.0494968	0.145336	-0.186525	1.325e+07
168400	0.011103	0.0493485	0.145301	-0.18588	1.3246e+07
168500	0.0111013	0.0491546	0.145384	-0.185049	1.3242e+07
168600	0.0110988	0.0489454	0.145432	-0.18419	1.3238e+07
168700	0.0111103	0.0487241	0.14537	-0.183299	1.3234e+07
168800	0.0111279	0.0485728	0.145497	-0.182482	1.323e+07
168900	0.0111297	0.0484496	0.14559	-0.181898	1.3226e+07
169000	0.0111486	0.0482145	0.145617	-0.180827	1.3222e+07
169100	0.0111582	0.0479854	0.145687	-0.179793	1.3218e+07
169200	0.011153	0.047747	0.145749	-0.178813	1.3214e+07
169300	0.0111585	0.0476035	0.145813	-0.178149	1.321e+07
169400	0.0111786	0.0474335	0.145783	-0.177377	1.3206e+07
169500	0.0111817	0.047309	0.14587	-0.176782	1.3202e+07
169600	0.011156	0.0472379	0.145914	-0.176605	1.3198e+07
169700	0.0111547	0.0471358	0.145848	-0.176259	1.3194e+07
169800	0.0111587	0.0470549	0.145971	-0.175803	1.319e+07
169900	0.0111466	0.046948	0.14606	-0.175364	1.3186e+07
170000	0.011152	0.0468126	0.146082	-0.174767	1.3182e+07
170100	0.011148	0.0466591	0.146148	-0.174112	1.3178e+07
170200	0.0111287	0.0465249	0.146206	-0.173631	1.3174e+07
170300	0.0111192	0.0465022	0.146265	-0.173542	1.317e+07
170400	0.0111253	0.0464546	0.14623	-0.173345	1.3166e+07
170500	0.0111131	0.0463753	0.146313	-0.173022	1.3162e+07
170600	0.0111166	0.0462758	0.146357	-0.172561	1.3158e+07
170700	0.011124	0.0461939	0.146291	-0.172242	1.3154e+07
170800	0.0111373	0.046119	0.146415	-0.171756	1.315e+07
170900	0.0111365	0.0460634	0.146504	-0.171459	1.3146e+07
171000	0.0111516	0.0459232	0.146526	-0.170784	1.3142e+07
171100	0.0111574	0.0458147	0.146621	-0.170228	1.3138e+07
171200	0.0111464	0.0456578	0.146707	-0.16958	1.3134e+07
171300	0.0111456	0.0455672	0.146795	-0.169141	1.313e+07
171400	0.0111599	0.0454123	0.146789	-0.168432	1.3126e+07
171500	0.0111563	0.0452876	0.146901	-0.167849	1.3122e+07
171600	0.0111505	0.0451756	0.146974	-0.167364	1.3118e+07
171700	0.0111579	0.045041	0.146936	-0.166801	1.3114e+07
171800	0.0111713	0.0449687	0.147091	-0.166301	1.311e+07
171900	0.0111704	0.0448298	0.14721	-0.165638	1.3106e+07
172000	0.0111855	0.0446469	0.147263	-0.164757	1.3102e+07
172100	0.0111915	0.0444448	0.147325	-0.163841	1.3098e+07
172200	0.0111804	0.0442455	0.147383	-0.163036	1.3094e+07
172300	0.011161	0.0441677	0.147444	-0.162777	1.309e+07
172400	0.0111568	0.0440702	0.1474	-0.162434	1.3086e+07
172500	0.0111348	0.0440104	0.147474	-0.162253	1.3082e+07
172600	0.0111104	0.043917	0.14751	-0.161978	1.3078e+07
172700	0.0110988	0.0438206	0.147434	-0.161707	1.3074e+07
172800	0.0110927	0.0437431	0.14755	-0.161327	1.307e+07
172900	0.0110734	0.0436928	0.147632	-0.161164	1.3066e+07
173000	0.0110701	0.0435961	0.147648	-0.16077	1.3062e+07
173100	0.0110574	0.0435167	0.147701	-0.160471	1.3058e+07
173200	0.0110279	0.0434171	0.14775	-0.160188	1.3054e+07
173300	0.0110268	0.0433918	0.147802	-0.160048	1.305e+07
173400	0.0110421	0.0432978	0.147767	-0.159597	1.3046e+07
173500	0.0110379	0.0431948	0.147851	-0.159127	1.3042e+07
173600	0.0110328	0.0431003	0.147897	-0.158726	1.3038e+07
173700	0.0110487	0.0429874	0.14783	-0.158217	1.3034e+07
173800	0.0110714	0.0429196	0.147956	-0.157705	1.303e+07
173900	0.0110806	0.0428223	0.148048	-0.157176	1.3026e+07
174000	0.0111053	0.0426741	0.148073	-0.156396	1.3022e+07
174100	0.0111204	0.0425317	0.148136	-0.155665	1.3018e+07
174200	0.011119	0.0423446	0.148194	-0.154844	1.3014e+07
174300	0.0111274	0.0422806	0.148256	-0.154481	1.301e+07
174400	0.0111518	0.0422239	0.148221	-0.15413	1.3006e+07
174500	0.0111576	0.0421613	0.148305	-0.15377	1.3002e+07
174600	0.0111627	0.0420648	0.148352	-0.1533	1.2998e+07
174700	0.0111688	0.0419863	0.148284	-0.152987	1.2994e+07
174800	0.0111821	0.0419597	0.148411	-0.152703	1.299e+07
174900	0.0111808	0.0419328	0.148503	-0.152527	1.2986e+07
175000	0.0111966	0.0418411	0.148528	-0.152032	1.2982e+07
175100	0.0112027	0.0417019	0.148592	-0.151364	1.2978e+07
175200	0.0111917	0.0415713	0.148651	-0.150832	1.2974e+07
175300	0.0111814	0.0415059	0.148712	-0.150569	1.297e+07
175400	0.011187	0.0413724	0.148678	-0.149999	1.2966e+07
175500	0.0111736	0.0412362	0.148762	-0.149438	1.2962e+07
175600	0.01116	0.0411233	0.148809	-0.149003	1.2958e+07
175700	0.0111569	0.0409991	0.148741	-0.148545	1.2954e+07
175800	0.0111609	0.0409346	0.148869	-0.148154	1.295e+07
175900	0.0111499	0.0408393	0.148952	-0.147751	1.2946e+07
176000	0.0111564	0.0406919	0.148968	-0.147077	1.2942e+07
176100	0.0111535	0.0405635	0.149023	-0.146508	1.2938e+07
176200	0.0111327	0.0404022	0.149082	-0.145898	1.2934e+07
176300	0.0111312	0.0403222	0.149144	-0.14552	1.293e+07
176400	0.0111476	0.0402483	0.149111	-0.145136	1.2926e+07
176500	0.0111439	0.0401919	0.149206	-0.144848	1.2922e+07
176600	0.0111394	0.0401094	0.149253	-0.144488	1.2918e+07
176700	0.0111461	0.0400354	0.149187	-0.144181	1.2914e+07
176800	0.011159	0.0399829	0.149314	-0.143792	1.291e+07
176900	0.011157	0.0399154	0.149414	-0.143444	1.2906e+07
177000	0.0111726	0.0398097	0.149448	-0.142878	1.2902e+07
177100	0.0111789	0.0397089	0.149522	-0.142358	1.2898e+07
177200	0.0111672	0.0396	0.149581	-0.141917	1.2894e+07
177300	0.0111657	0.0396108	0.149642	-0.141928	1.289e+07
177400	0.0111822	0.0395907	0.149608	-0.141773	1.2886e+07
177500	0.0111785	0.039563	0.149683	-0.141622	1.2882e+07
177600	0.0111739	0.0394992	0.14973	-0.141341	1.2878e+07
177700	0.0111807	0.0394165	0.149664	-0.140995	1.2874e+07
177800	0.0111937	0.0393654	0.149793	-0.140611	1.287e+07
177900	0.0111916	0.039304	0.149885	-0.140295	1.2866e+07
178000	0.0112073	0.0391933	0.14991	-0.139713	1.2862e+07
178100	0.0112137	0.039063	0.149975	-0.139072	1.2858e+07
178200	0.0112019	0.0389254	0.150035	-0.138505	1.2854e+07
178300	0.0112004	0.0388773	0.150097	-0.138264	1.285e+07
178400	0.0112171	0.0388129	0.150063	-0.137915	1.2846e+07
178500	0.0112136	0.0387514	0.150148	-0.137611	1.2842e+07
178600	0.0112092	0.0387208	0.150196	-0.137471	1.2838e+07
178700	0.0112165	0.0387158	0.15013	-0.137454	1.2834e+07
178800	0.0112294	0.0387415	0.150259	-0.137403	1.283e+07
178900	0.0112276	0.0387189	0.150351	-0.137252	1.2826e+07
179000	0.0112441	0.0386496	0.150377	-0.136842	1.2822e+07
179100	0.0112508	0.0385343	0.150442	-0.136263	1.2818e+07
179200	0.0112398	0.038396	0.150502	-0.135687	1.2814e+07
179300	0.011238	0.0383419	0.150565	-0.135421	1.281e+07
179400	0.011254	0.0382843	0.150531	-0.135105	1.2806e+07
179500	0.01125	0.038231	0.150617	-0.134839	1.2802e+07
179600	0.0112454	0.0381425	0.150665	-0.13445	1.2798e+07
179700	0.0112524	0.0380663	0.150599	-0.134125	1.2794e+07
179800	0.0112651	0.0380143	0.150728	-0.133741	1.279e+07
179900	0.0112632	0.0379981	0.150821	-0.13362	1.2786e+07
180000	0.0112795	0.0378882	0.150847	-0.133034	1.2782e+07
180100	0.0112861	0.0378172	0.150912	-0.132645	1.2778e+07
180200	0.011275	0.0376889	0.150973	-0.132111	1.2774e+07
180300	0.0112732	0.0376639	0.151036	-0.131971	1.277e+07
180400	0.0112892	0.0375704	0.151002	-0.131497	1.2766e+07
180500	0.0112853	0.0374847	0.151088	-0.13109	1.2762e+07
180600	0.0112806	0.0374025	0.151137	-0.130727	1.2758e+07
180700	0.0112876	0.0373137	0.15107	-0.130344	1.2754e+07
180800	0.0113004	0.0372547	0.151201	-0.12993	1.275e+07
180900	0.0112985	0.0371396	0.151294	-0.129379	1.2746e+07
181000	0.0113244	0.0370237	0.151339	-0.128697	1.2742e+07
181100	0.0113407	0.0368836	0.151426	-0.127938	1.2738e+07
181200	0.0113393	0.0367702	0.151506	-0.127399	1.2734e+07
181300	0.0113473	0.0367537	0.151589	-0.127229	1.273e+07
181400	0.0113731	0.0367182	0.151575	-0.126937	1.2726e+07
181500	0.011379	0.0367122	0.151682	-0.126811	1.2722e+07
181600	0.0113847	0.0366687	0.151749	-0.126545	1.2718e+07
181700	0.0114017	0.0366294	0.151702	-0.126307	1.2714e+07
181800	0.0114243	0.0366399	0.151852	-0.126131	1.271e+07
181900	0.0114317	0.0366313	0.151966	-0.125979	1.2706e+07
182000	0.0114481	0.0366044	0.152002	-0.125747	1.2702e+07
182100	0.011454	0.0365355	0.15208	-0.125364	1.2698e+07
182200	0.0114421	0.0364412	0.152153	-0.124973	1.2694e+07
182300	0.01145	0.0364031	0.152206	-0.124728	1.269e+07
182400	0.0114769	0.0363639	0.152162	-0.124433	1.2686e+07
182500	0.0114828	0.0362916	0.15224	-0.124036	1.2682e+07
182600	0.0114881	0.0362294	0.152278	-0.123709	1.2678e+07
182700	0.0115053	0.0361464	0.152201	-0.123296	1.2674e+07
182800	0.0115278	0.0360741	0.152323	-0.122777	1.267e+07
182900	0.0115266	0.0359764	0.15241	-0.122302	1.2666e+07
183000	0.0115435	0.0358249	0.152417	-0.121537	1.2662e+07
183100	0.0115502	0.0356667	0.152469	-0.120772	1.2658e+07
183200	0.0115393	0.0355054	0.152525	-0.120089	1.2654e+07
183300	0.0115291	0.0354593	0.152599	-0.119899	1.265e+07
183400	0.0115357	0.0353753	0.152572	-0.119507	1.2646e+07
183500	0.0115225	0.0353149	0.15267	-0.119256	1.2642e+07
183600	0.0115097	0.0352419	0.152729	-0.11897	1.2638e+07
183700	0.011509	0.0351956	0.152673	-0.118803	1.2634e+07
183800	0.0115114	0.0352024	0.152812	-0.118736	1.263e+07
183900	0.011508	0.0351836	0.152917	-0.11861	1.2626e+07
184000	0.0115239	0.0351597	0.152952	-0.118394	1.2622e+07
184100	0.0115302	0.0351194	0.153034	-0.118133	1.2618e+07
184200	0.0115184	0.0350443	0.1531	-0.117828	1.2614e+07
184300	0.0115176	0.0350691	0.153164	-0.117905	1.261e+07
184400	0.011534	0.0350491	0.153126	-0.117747	1.2606e+07
184500	0.0115307	0.0350743	0.153215	-0.117824	1.2602e+07
184600	0.0115272	0.0350784	0.153263	-0.117834	1.2598e+07
184700	0.011536	0.0350931	0.153197	-0.117888	1.2594e+07
184800	0.0115479	0.0351079	0.153327	-0.11781	1.259e+07
184900	0.0115446	0.0350726	0.153423	-0.117617	1.2586e+07
185000	0.0115605	0.0350138	0.153448	-0.117253	1.2582e+07
185100	0.0115668	0.0349074	0.15352	-0.116706	1.2578e+07
185200	0.011555	0.0348028	0.153577	-0.116277	1.2574e+07
185300	0.0115542	0.0347255	0.153631	-0.115908	1.257e+07
185400	0.0115707	0.0346085	0.153585	-0.115325	1.2566e+07
185500	0.0115674	0.0345105	0.153655	-0.114869	1.2562e+07
185600	0.0115544	0.0343921	0.153684	-0.1144	1.2558e+07
185700	0.0115536	0.0342698	0.153598	-0.113911	1.2554e+07
185800	0.0115661	0.0341832	0.15371	-0.113392	1.255e+07
185900	0.0115625	0.0340713	0.153785	-0.112872	1.2546e+07
186000	0.0115789	0.0339386	0.153781	-0.112192	1.2542e+07
186100	0.0115861	0.0338484	0.153835	-0.11172	1.2538e+07
186200	0.011576	0.0337513	0.153895	-0.11131	1.2534e+07
186300	0.0115739	0.0337395	0.153947	-0.11124	1.253e+07
186400	0.0115902	0.033721	0.153901	-0.111092	1.2526e+07
186500	0.0115874	0.0336944	0.15399	-0.110939	1.2522e+07
186600	0.0115937	0.0336312	0.154039	-0.110594	1.2518e+07
186700	0.0116133	0.0335742	0.153974	-0.110267	1.2514e+07
186800	0.0116346	0.0335568	0.154105	-0.109998	1.251e+07
186900	0.011641	0.0334838	0.154201	-0.109583	1.2506e+07
187000	0.0116671	0.0333757	0.154237	-0.108935	1.2502e+07
187100	0.0116833	0.0332472	0.154309	-0.108231	1.2498e+07
187200	0.0116822	0.0330564	0.154378	-0.107345	1.2494e+07
187300	0.011691	0.0328787	0.15444	-0.106465	1.249e+07
187400	0.0117179	0.0327053	0.154404	-0.105556	1.2486e+07
187500	0.0117244	0.0325736	0.154493	-0.10488	1.2482e+07
187600	0.0117209	0.0324427	0.154543	-0.104283	1.2478e+07
187700	0.0117312	0.0323174	0.154477	-0.103695	1.2474e+07
187800	0.0117335	0.0321996	0.154609	-0.103082	1.247e+07
187900	0.011721	0.0320743	0.154705	-0.102535	1.2466e+07
188000	0.0117291	0.0319112	0.154731	-0.101739	1.2462e+07
188100	0.0117359	0.0317339	0.154804	-0.100861	1.2458e+07
188200	0.0117262	0.0316301	0.154873	-0.100408	1.2454e+07
188300	0.0117237	0.0315477	0.154936	-0.100017	1.245e+07
188400	0.0117434	0.0314647	0.154899	-0.0995488	1.2446e+07
188500	0.0117388	0.0313856	0.154989	-0.0991693	1.2442e+07
188600	0.0117461	0.0313022	0.155039	-0.0987248	1.2438e+07
188700	0.0117371	0.031211	0.154974	-0.0983915	1.2434e+07
188800	0.011729	0.0311549	0.155106	-0.0981158	1.243e+07
188900	0.0117047	0.031062	0.155202	-0.0977793	1.2426e+07
189000	0.0117016	0.0309639	0.155229	-0.0973367	1.2422e+07
189100	0.0116808	0.0308527	0.155302	-0.0969083	1.2418e+07
189200	0.0116406	0.0307411	0.155381	-0.0965829	1.2414e+07
189300	0.0116081	0.030692	0.155455	-0.0965027	1.241e+07
189400	0.0115968	0.0306421	0.155428	-0.0963504	1.2406e+07
189500	0.0115606	0.0304899	0.155529	-0.0958057	1.2402e+07
189600	0.0115262	0.0303155	0.155589	-0.0951691	1.2398e+07
189700	0.0115368	0.03014	0.155533	-0.0943318	1.2394e+07
189800	0.0115492	0.0299973	0.155676	-0.0935397	1.239e+07
189900	0.0115463	0.0298079	0.155784	-0.0926334	1.2386e+07
190000	0.0115617	0.0296202	0.15582	-0.0916669	1.2382e+07
190100	0.0115701	0.0294412	0.155903	-0.0907557	1.2378e+07
190200	0.0115591	0.0292735	0.155974	-0.0900095	1.2374e+07
190300	0.0115564	0.0291381	0.156038	-0.0893685	1.237e+07
190400	0.0115752	0.0290157	0.156002	-0.0887138	1.2366e+07
190500	0.0115687	0.0289924	0.156092	-0.0886009	1.2362e+07
190600	0.0115635	0.0289674	0.156143	-0.0884916	1.2358e+07
190700	0.0115741	0.0289447	0.156077	-0.0883566	1.2354e+07
190800	0.0115865	0.0289115	0.15621	-0.0880744	1.235e+07
190900	0.0115837	0.0288646	0.156308	-0.0878289	1.2346e+07
191000	0.0115991	0.0287877	0.156305	-0.0873882	1.2342e+07
191100	0.0116076	0.0287232	0.15635	-0.0870223	1.2338e+07
191200	0.0115965	0.0286525	0.156393	-0.0867362	1.2334e+07
191300	0.0115939	0.0285543	0.156429	-0.0862789	1.233e+07
191400	0.0116127	0.0284419	0.156363	-0.0856812	1.2326e+07
191500	0.0116062	0.0283226	0.156425	-0.0851342	1.2322e+07
191600	0.0116009	0.0282433	0.156448	-0.0847835	1.2318e+07
191700	0.0116117	0.0281544	0.156352	-0.0843507	1.2314e+07
191800	0.0116241	0.0281195	0.156458	-0.0840737	1.231e+07
191900	0.0116213	0.0280293	0.156524	-0.0836397	1.2306e+07
192000	0.0116368	0.0279278	0.156563	-0.0830635	1.2302e+07
192100	0.0116453	0.0278179	0.156643	-0.0824685	1.2298e+07
192200	0.0116342	0.0276667	0.156723	-0.0817887	1.2294e+07
192300	0.0116316	0.0275147	0.156799	-0.081059	1.229e+07
192400	0.0116404	0.0273868	0.156772	-0.080421	1.2286e+07
192500	0.0116239	0.0272818	0.156874	-0.0799772	1.2282e+07
192600	0.0116085	0.0271771	0.156937	-0.0795445	1.2278e+07
192700	0.0116092	0.0270674	0.156881	-0.0790469	1.2274e+07
192800	0.0116115	0.0269849	0.157028	-0.0785862	1.227e+07
192900	0.0115987	0.026812	0.157136	-0.077799	1.2266e+07
193000	0.0116038	0.0266166	0.157164	-0.0768375	1.2262e+07
193100	0.0116027	0.0264286	0.157224	-0.075931	1.2258e+07
193200	0.0115814	0.0262317	0.157285	-0.0750922	1.2254e+07
193300	0.0115594	0.0261456	0.157341	-0.0747832	1.225e+07
193400	0.0115684	0.0260331	0.157294	-0.0742175	1.2246e+07
193500	0.0115537	0.025948	0.157377	-0.0738628	1.2242e+07
193600	0.0115383	0.0258395	0.157421	-0.0734155	1.2238e+07
193700	0.0115389	0.0257052	0.157345	-0.0728014	1.2234e+07
193800	0.0115404	0.0255758	0.157472	-0.0721288	1.223e+07
193900	0.0115279	0.0254598	0.15756	-0.0716118	1.2226e+07
194000	0.0115334	0.0253235	0.157579	-0.0709237	1.2222e+07
194100	0.0115325	0.0251917	0.15765	-0.0702729	1.2218e+07
194200	0.0115115	0.0250732	0.157721	-0.0697954	1.2214e+07
194300	0.0115078	0.0249712	0.157786	-0.0693048	1.221e+07
194400	0.0115268	0.0248868	0.157749	-0.0688086	1.2206e+07
194500	0.0115417	0.024824	0.157842	-0.0683924	1.2202e+07
194600	0.0115564	0.0247217	0.157896	-0.0678016	1.2198e+07
194700	0.0115873	0.0246422	0.15783	-0.0672726	1.2194e+07
194800	0.0116203	0.0245577	0.157968	-0.0666375	1.219e+07
194900	0.0116383	0.0244606	0.158067	-0.0660383	1.2186e+07
195000	0.0116746	0.0243178	0.158096	-0.0651412	1.2182e+07
195100	0.0117043	0.0241977	0.158167	-0.0643764	1.2178e+07
195200	0.0117137	0.0240678	0.158238	-0.0636746	1.2174e+07
195300	0.0117307	0.0239414	0.158304	-0.0629495	1.217e+07
195400	0.0117668	0.0238096	0.158267	-0.0621263	1.2166e+07
195500	0.011765	0.0237261	0.15836	-0.0617025	1.2162e+07
195600	0.0117595	0.0236488	0.158415	-0.0613408	1.2158e+07
195700	0.0117694	0.0235527	0.158349	-0.0608415	1.2154e+07
195800	0.0117805	0.023502	0.158487	-0.0604919	1.215e+07
195900	0.0117789	0.0234296	0.158586	-0.0601187	1.2146e+07
196000	0.0117937	0.0233494	0.158606	-0.0596421	1.2142e+07
196100	0.0117939	0.0232714	0.158667	-0.0592441	1.2138e+07
196200	0.0117729	0.0231597	0.158729	-0.0587975	1.2134e+07
196300	0.0117597	0.0231147	0.158785	-0.0586338	1.213e+07
196400	0.0117655	0.0230637	0.158738	-0.0583685	1.2126e+07
196500	0.0117537	0.0229709	0.158822	-0.0579558	1.2122e+07
196600	0.0117379	0.0228778	0.158866	-0.0575755	1.2118e+07
196700	0.011738	0.0227556	0.158791	-0.0570015	1.2114e+07
196800	0.0117393	0.0226016	0.15892	-0.0562052	1.211e+07
196900	0.011727	0.0223728	0.159009	-0.0551285	1.2106e+07
197000	0.0117319	0.0221272	0.159039	-0.05389	1.2102e+07
197100	0.0117424	0.0218869	0.159111	-0.0526329	1.2098e+07
197200	0.0117316	0.0216544	0.159173	-0.0515308	1.2094e+07
197300	0.011728	0.0214319	0.159229	-0.0504391	1.209e+07
197400	0.0117439	0.0211982	0.159182	-0.0492093	1.2086e+07
197500	0.0117425	0.0210449	0.159267	-0.0484365	1.2082e+07
197600	0.0117369	0.0209043	0.159312	-0.0477586	1.2078e+07
197700	0.0117469	0.0207351	0.159236	-0.0468823	1.2074e+07
197800	0.011758	0.0206284	0.159365	-0.04626	1.207e+07
197900	0.0117557	0.0205499	0.159454	-0.0458605	1.2066e+07
198000	0.0117707	0.0204359	0.159475	-0.0452061	1.2062e+07
198100	0.0117813	0.0203264	0.159538	-0.0445878	1.2058e+07
198200	0.0117705	0.0201774	0.15961	-0.0438869	1.2054e+07
198300	0.0117669	0.0200935	0.159677	-0.0434725	1.205e+07
198400	0.0117828	0.0199654	0.159639	-0.0427537	1.2046e+07
198500	0.0117814	0.0198667	0.159735	-0.0422468	1.2042e+07
198600	0.0117758	0.0197515	0.15979	-0.0416882	1.2038e+07
198700	0.0117859	0.0196396	0.159725	-0.0410869	1.2034e+07
198800	0.011797	0.0195288	0.159864	-0.0404405	1.203e+07
198900	0.0117947	0.019432	0.159944	-0.0399498	1.2026e+07
199000	0.0118098	0.0193443	0.159955	-0.0394248	1.2022e+07
199100	0.0118205	0.0192558	0.160008	-0.0389115	1.2018e+07
199200	0.0118096	0.0191732	0.160012	-0.038554	1.2014e+07
199300	0.011806	0.0191384	0.160009	-0.0383987	1.201e+07
199400	0.011822	0.019122	0.159902	-0.0382504	1.2006e+07
199500	0.0118206	0.0191631	0.159925	-0.0384606	1.2002e+07
199600	0.011815	0.0191964	0.15992	-0.0386596	1.1998e+07
199700	0.0118251	0.0192196	0.159799	-0.0387462	1.1994e+07
199800	0.0118363	0.0192339	0.159886	-0.0387396	1.199e+07
199900	0.011834	0.0192335	0.159948	-0.0387374	1.1986e+07
