pos	avg*ABBA	avg*BABA	avg*AABB	sliding_D*	QuartetCnt
0	0.000369131	0.0121432	0.00172427	1	400000
50	0.000369315	0.0121493	0.00172513	1	399800
100	0.0003695	0.0121553	0.001726	1	399600
150	0.000369685	0.0121614	0.00171543	0.996909	399400
200	0.00036987	0.0121838	0.00171629	0.995992	399200
250	0.000370056	0.0121899	0.00171715	0.995992	399000
300	0.000370241	0.0121961	0.00171801	0.995992	398800
350	0.000370427	0.0122022	0.00171887	0.995992	398600
400	0.000370613	0.0122166	0.00166457	0.980601	398400
450	0.000370799	0.0122227	0.00166541	0.980601	398200
500	0.000370986	0.0122289	0.00166624	0.980601	398000
550	0.000371172	0.012235	0.00165244	0.976628	397800
600	0.000371359	0.0122412	0.00164282	0.973786	397600
650	0.000371546	0.0122473	0.00164365	0.973786	397400
700	0.000371733	0.0122535	0.00164448	0.973786	397200
750	0.00037192	0.0122597	0.00164531	0.973786	397000
800	0.000387821	0.0122425	0.00164614	0.984457	396800
850	0.000388016	0.0122486	0.00167813	0.992878	396600
900	0.000388212	0.0122548	0.00167898	0.992878	396400
950	0.000388408	0.012261	0.00167983	0.992878	396200
1000	0.000388604	0.0122672	0.00168068	0.992878	396000
1050	0.000388801	0.0122734	0.00168153	0.992878	395800
1100	0.000388997	0.0122796	0.00168238	0.992878	395600
1150	0.000389194	0.0122858	0.00168323	0.992878	395400
1200	0.000389391	0.012292	0.00168408	0.992878	395200
1250	0.000389588	0.012291	0.00167036	0.989366	395000
1300	0.000389785	0.0122972	0.00167121	0.989366	394800
1350	0.000389983	0.0123034	0.00164194	0.981251	394600
1400	0.000404865	0.0123097	0.00162812	0.986029	394400
1450	0.00040507	0.0123159	0.00162895	0.986029	394200
1500	0.000405276	0.0123222	0.00162977	0.986029	394000
1550	0.000405482	0.0123284	0.0016306	0.986029	393800
1600	0.000405688	0.0123347	0.00159995	0.977541	393600
1650	0.000405894	0.012341	0.00160076	0.977541	393400
1700	0.000406101	0.0123472	0.00160157	0.977541	393200
1750	0.000406307	0.0123535	0.00160239	0.977541	393000
1800	0.000406514	0.0123598	0.00160321	0.977541	392800
1850	0.000406721	0.0123661	0.00160402	0.977541	392600
1900	0.000406929	0.0123724	0.00160484	0.977541	392400
1950	0.000381161	0.0123787	0.00160566	0.962115	392200
2000	0.000381356	0.012385	0.00162122	0.9661	392000
2050	0.00038155	0.0123914	0.00162204	0.9661	391800
2100	0.000381745	0.0123977	0.00162287	0.9661	391600
2150	0.00038194	0.012404	0.0016237	0.9661	391400
2200	0.000382135	0.0124104	0.00162453	0.9661	391200
2250	0.000382331	0.0124167	0.00162536	0.9661	391000
2300	0.000382527	0.0124231	0.0016262	0.9661	390800
2350	0.000382722	0.0124294	0.00162703	0.9661	390600
2400	0.000382918	0.0124358	0.00162786	0.9661	390400
2450	0.000383115	0.0124422	0.0016287	0.9661	390200
2500	0.000383311	0.0124485	0.00162953	0.9661	390000
2550	0.000383508	0.0124549	0.00163037	0.9661	389800
2600	0.000383705	0.0124613	0.0016312	0.9661	389600
2650	0.000383902	0.0124517	0.00163204	0.966956	389400
2700	0.000384099	0.0124581	0.00163288	0.966956	389200
2750	0.000384297	0.0124645	0.00163372	0.966956	389000
2800	0.000384494	0.0124709	0.00160361	0.958641	388800
2850	0.000384692	0.0124773	0.00157765	0.951418	388600
2900	0.00038489	0.0124837	0.001553	0.944532	388400
2950	0.000385089	0.0124902	0.00155399	0.944583	388200
3000	0.000385287	0.0124966	0.00155479	0.944583	388000
3050	0.000385486	0.012503	0.00155559	0.944583	387800
3100	0.000385685	0.0125095	0.00155639	0.944583	387600
3150	0.000385884	0.0125159	0.0015572	0.944583	387400
3200	0.000386083	0.0125224	0.001558	0.944583	387200
3250	0.000386283	0.0125289	0.00155881	0.944583	387000
3300	0.000386482	0.0125354	0.00157577	0.948936	386800
3350	0.000386682	0.0125418	0.00157658	0.948936	386600
3400	0.000386882	0.0125483	0.0015774	0.948936	386400
3450	0.000387083	0.0125548	0.00157821	0.948936	386200
3500	0.000387283	0.0125613	0.00157903	0.948936	386000
3550	0.000387484	0.0125679	0.00157985	0.948936	385800
3600	0.000387685	0.0125744	0.00158067	0.948936	385600
3650	0.000387886	0.0125809	0.00155644	0.942206	385400
3700	0.000388088	0.0125874	0.00153068	0.935046	385200
3750	0.000388289	0.0125632	0.00153148	0.936618	385000
3800	0.000388491	0.0125697	0.00154831	0.940948	384800
3850	0.000388693	0.0125763	0.00154912	0.940948	384600
3900	0.000388895	0.0125828	0.00154993	0.940948	384400
3950	0.000389098	0.0125894	0.00155073	0.940948	384200
4000	0.0003893	0.0125959	0.00155154	0.940948	384000
4050	0.000389503	0.0126025	0.00155235	0.940948	383800
4100	0.000389706	0.0126091	0.00155316	0.940948	383600
4150	0.00038991	0.0126156	0.00151483	0.930406	383400
4200	0.000390113	0.0126222	0.00151562	0.930406	383200
4250	0.000390317	0.0126288	0.00151641	0.930406	383000
4300	0.000390521	0.0126354	0.0015172	0.930406	382800
4350	0.000390725	0.012642	0.001518	0.930406	382600
4400	0.000390929	0.0126486	0.00151879	0.930406	382400
4450	0.000391134	0.0126553	0.00151958	0.930406	382200
4500	0.000391339	0.0126619	0.00152038	0.930406	382000
4550	0.000391544	0.0126685	0.00152118	0.930406	381800
4600	0.000391749	0.0126752	0.00149371	0.922794	381600
4650	0.000391954	0.0126818	0.00146456	0.914703	381400
4700	0.00039216	0.0126885	0.00146533	0.914703	381200
4750	0.000392366	0.0126951	0.00146609	0.914703	381000
4800	0.000392572	0.0127018	0.00143863	0.907054	380800
4850	0.000392778	0.0127085	0.00141111	0.899368	380600
4900	0.000392985	0.0127151	0.00141185	0.899368	380400
4950	0.000393191	0.0127218	0.0014126	0.899368	380200
5000	0.000393398	0.0127285	0.00141334	0.899368	380000
5050	0.000393605	0.0127352	0.00138499	0.891446	379800
5100	0.000393813	0.0127419	0.00135508	0.883071	379600
5150	0.00039402	0.0127487	0.0013558	0.883071	379400
5200	0.000394228	0.0127554	0.00135651	0.883071	379200
5250	0.000394436	0.0127621	0.00135723	0.883071	379000
5300	0.000394645	0.0127688	0.00135794	0.883071	378800
5350	0.000394853	0.0127756	0.00135866	0.883071	378600
5400	0.000407877	0.0127823	0.00135938	0.890669	378400
5450	0.000408092	0.0127891	0.00131254	0.877687	378200
5500	0.000408308	0.0127959	0.00131324	0.877687	378000
5550	0.000408524	0.0128026	0.00131393	0.877687	377800
5600	0.000408741	0.0128094	0.00131463	0.877687	377600
5650	0.000408957	0.0128162	0.0013316	0.882129	377400
5700	0.000409174	0.012823	0.00134588	0.885827	377200
5750	0.000409391	0.0128298	0.0013466	0.885827	377000
5800	0.000409609	0.0128366	0.00134731	0.885827	376800
5850	0.000409826	0.0128434	0.00134803	0.885827	376600
5900	0.000403458	0.0128503	0.00132899	0.876559	376400
5950	0.000403673	0.0128571	0.00132969	0.876559	376200
6000	0.000403887	0.0128683	0.0013304	0.876355	376000
6050	0.000404102	0.0128751	0.00133111	0.876355	375800
6100	0.000404318	0.012882	0.00133182	0.876355	375600
6150	0.000404533	0.0128889	0.00133253	0.876355	375400
6200	0.000404749	0.0128957	0.00133324	0.876355	375200
6250	0.000404964	0.0129026	0.00133395	0.876355	375000
6300	0.000405181	0.0129177	0.00125543	0.854366	374800
6350	0.000405397	0.0129246	0.0012561	0.854366	374600
6400	0.000392229	0.0129315	0.00125677	0.846421	374400
6450	0.000392438	0.0129384	0.00125744	0.846421	374200
6500	0.000392648	0.0129453	0.00123031	0.838777	374000
6550	0.000392858	0.0129523	0.00121535	0.834471	373800
6600	0.000393069	0.0129592	0.001216	0.834471	373600
6650	0.000393279	0.0129661	0.00121665	0.834471	373400
6700	0.00039349	0.0129731	0.0012173	0.834471	373200
6750	0.000393701	0.01298	0.00120265	0.830253	373000
6800	0.000393912	0.012987	0.0012033	0.830253	372800
6850	0.000394124	0.012994	0.00120394	0.830253	372600
6900	0.000394335	0.0130009	0.00120459	0.830253	372400
6950	0.000394547	0.0130079	0.00117386	0.821597	372200
7000	0.000394759	0.0130149	0.00114178	0.812535	372000
7050	0.000394972	0.0130219	0.00114239	0.812535	371800
7100	0.000395184	0.0130289	0.00114301	0.812535	371600
7150	0.000395397	0.013036	0.00114362	0.812535	371400
7200	0.00039561	0.013043	0.00114424	0.812535	371200
7250	0.000395823	0.01305	0.00111286	0.803658	371000
7300	0.000396037	0.013057	0.00111346	0.803658	370800
7350	0.00039625	0.0130641	0.00111406	0.803658	370600
7400	0.000396464	0.0130711	0.00111466	0.803658	370400
7450	0.000396679	0.0130782	0.00111526	0.803658	370200
7500	0.000396893	0.0130853	0.00111586	0.803658	370000
7550	0.000397108	0.0130924	0.00111647	0.803658	369800
7600	0.000413646	0.0130994	0.00111707	0.813371	369600
7650	0.00041387	0.0131065	0.0011021	0.809068	369400
7700	0.000414095	0.0131136	0.00110269	0.809068	369200
7750	0.000429655	0.0131207	0.00110329	0.818174	369000
7800	0.000429888	0.0131279	0.00110389	0.818174	368800
7850	0.000430121	0.013135	0.00108748	0.813491	368600
7900	0.000430355	0.0131421	0.00108807	0.813491	368400
7950	0.000430589	0.0131492	0.00108866	0.813491	368200
8000	0.000430823	0.0131564	0.00110362	0.817441	368000
8050	0.000431057	0.0131635	0.00107279	0.808796	367800
8100	0.000431292	0.0131707	0.00107338	0.808796	367600
8150	0.000431526	0.0131779	0.00107396	0.808796	367400
8200	0.000431761	0.0131851	0.00107455	0.808796	367200
8250	0.000431997	0.0131922	0.00105963	0.804527	367000
8300	0.000432232	0.0131833	0.0010602	0.805199	366800
8350	0.000432468	0.0131693	0.00106078	0.806082	366600
8400	0.000416867	0.0131764	0.00106136	0.796677	366400
8450	0.000401894	0.0131836	0.00106194	0.787635	366200
8500	0.000402114	0.0131908	0.00106252	0.787635	366000
8550	0.000402334	0.0131981	0.0010631	0.787635	365800
8600	0.000402554	0.0132053	0.00106368	0.787635	365600
8650	0.000386409	0.0132125	0.00106427	0.777901	365400
8700	0.00038662	0.0132197	0.00106485	0.777901	365200
8750	0.000386832	0.013227	0.00106543	0.777901	365000
8800	0.000387044	0.0132342	0.00106602	0.777901	364800
8850	0.000387256	0.0132415	0.0010666	0.777901	364600
8900	0.000387469	0.0132488	0.00106719	0.777901	364400
8950	0.000387682	0.0132622	0.00104713	0.771932	364200
9000	0.000387895	0.0132695	0.00101918	0.764003	364000
9050	0.000388108	0.0132768	0.00101974	0.764003	363800
9100	0.000388321	0.0132841	0.0010203	0.764003	363600
9150	0.000388535	0.0132914	0.00102086	0.764003	363400
9200	0.000388749	0.0132988	0.00103844	0.768726	363200
9250	0.000388963	0.0133061	0.00103901	0.768726	363000
9300	0.000389178	0.0133134	0.00103958	0.768726	362800
9350	0.000389392	0.0133208	0.00104016	0.768726	362600
9400	0.000389607	0.0133196	0.00100685	0.759657	362400
9450	0.000389822	0.013327	0.00100741	0.759657	362200
9500	0.000390038	0.0133344	0.00100797	0.759657	362000
9550	0.000390253	0.0133417	0.00100852	0.759657	361800
9600	0.000390469	0.0133491	0.00100908	0.759657	361600
9650	0.000390685	0.0133565	0.00100964	0.759657	361400
9700	0.000390902	0.0133639	0.0010102	0.759657	361200
9750	0.000391118	0.0133713	0.00101076	0.759657	361000
9800	0.000391335	0.0133787	0.00101132	0.759657	360800
9850	0.000391552	0.0133861	0.00101188	0.759657	360600
9900	0.000391769	0.0133936	0.00101244	0.759657	360400
9950	0.000391987	0.013401	0.001013	0.759657	360200
10000	0.000392205	0.0134084	0.00101357	0.759657	360000
10050	0.000392423	0.0134159	0.00101413	0.759657	359800
10100	0.000392641	0.0134234	0.00101469	0.759657	359600
10150	0.000392859	0.0134308	0.00101526	0.759657	359400
10200	0.000393078	0.0134383	0.00101582	0.759657	359200
10250	0.000393297	0.0134458	0.00101639	0.759657	359000
10300	0.000393516	0.0134533	0.00100068	0.755172	358800
10350	0.000393736	0.0134608	0.00100124	0.755172	358600
10400	0.000393956	0.0134683	0.0010018	0.755172	358400
10450	0.000394176	0.0134758	0.000974852	0.747581	358200
10500	0.000394396	0.0134833	0.000975396	0.747581	358000
10550	0.000394616	0.0134909	0.000975942	0.747581	357800
10600	0.000394837	0.0134984	0.000976487	0.747581	357600
10650	0.000395058	0.013506	0.000977034	0.747581	357400
10700	0.000395279	0.0135135	0.000977581	0.747581	357200
10750	0.000395501	0.0135211	0.000978129	0.747581	357000
10800	0.000395722	0.0135127	0.000978677	0.748174	356800
10850	0.000373887	0.0135203	0.000979226	0.735182	356600
10900	0.000374097	0.0135279	0.000979775	0.735182	356400
10950	0.000374307	0.0135355	0.000980325	0.735182	356200
11000	0.000374518	0.0135431	0.000980876	0.735182	356000
11050	0.000374728	0.0135507	0.000981427	0.735182	355800
11100	0.000374939	0.0135583	0.000981979	0.735182	355600
11150	0.00037515	0.0135659	0.000982532	0.735182	355400
11200	0.000375361	0.0135736	0.000983085	0.735182	355200
11250	0.000375573	0.0135812	0.000983639	0.735182	355000
11300	0.000375784	0.0135889	0.000984194	0.735182	354800
11350	0.000375996	0.0135966	0.000984749	0.735182	354600
11400	0.000376208	0.0135964	0.000985304	0.735463	354400
11450	0.000376421	0.0136041	0.000985861	0.735463	354200
11500	0.000376634	0.013603	0.000968775	0.730924	354000
11550	0.000376846	0.0136107	0.000972879	0.731904	353800
11600	0.00037706	0.0136184	0.000973429	0.731904	353600
11650	0.000377273	0.0136261	0.00094168	0.722999	353400
11700	0.000377487	0.0136338	0.000942213	0.722999	353200
11750	0.0003777	0.0136415	0.000942747	0.722999	353000
11800	0.000377915	0.0136492	0.000943281	0.722999	352800
11850	0.000378129	0.013657	0.000943816	0.722999	352600
11900	0.000378344	0.0136647	0.000944352	0.722999	352400
11950	0.000378558	0.0136725	0.000944888	0.722999	352200
12000	0.000378773	0.0136803	0.000945425	0.722999	352000
12050	0.000378989	0.013688	0.000945962	0.722999	351800
12100	0.000379204	0.0136875	0.0009465	0.723294	351600
12150	0.00037942	0.0136953	0.000947039	0.723294	351400
12200	0.000379636	0.0137031	0.000947578	0.723294	351200
12250	0.000379853	0.0137109	0.000948118	0.723294	351000
12300	0.000380069	0.0137187	0.000914872	0.714002	350800
12350	0.000380286	0.0137265	0.000915394	0.714002	350600
12400	0.000380503	0.013726	0.00088255	0.70508	350400
12450	0.00038072	0.0137339	0.000883054	0.70508	350200
12500	0.000380938	0.0137417	0.000851823	0.696292	350000
12550	0.000373431	0.0137496	0.000844586	0.689599	349800
12600	0.000373645	0.0137292	0.000845069	0.690534	349600
12650	0.000373859	0.0137371	0.000845553	0.690534	349400
12700	0.000374073	0.0137449	0.000846037	0.690534	349200
12750	0.000374287	0.0137528	0.000846522	0.690534	349000
12800	0.000374502	0.0137607	0.000847007	0.690534	348800
12850	0.000374717	0.0137686	0.000847493	0.690534	348600
12900	0.000393038	0.0137765	0.00084798	0.701166	348400
12950	0.000393263	0.0137767	0.000848467	0.701426	348200
13000	0.00039349	0.0137846	0.000848954	0.701426	348000
13050	0.000393716	0.0137926	0.000833741	0.697087	347800
13100	0.000393942	0.0138005	0.000834221	0.697087	347600
13150	0.000362073	0.0138085	0.000834701	0.678237	347400
13200	0.000362281	0.0138164	0.000835182	0.678237	347200
13250	0.00036249	0.0138244	0.000835663	0.678237	347000
13300	0.000362699	0.0138323	0.000836145	0.678237	346800
13350	0.000362909	0.0138403	0.000836628	0.678237	346600
13400	0.000363118	0.0138557	0.000807649	0.669816	346400
13450	0.000363328	0.0138637	0.000808116	0.669816	346200
13500	0.000363538	0.0138717	0.000780993	0.662132	346000
13550	0.000363748	0.0138798	0.000781445	0.662132	345800
13600	0.000363959	0.0138878	0.000781897	0.662132	345600
13650	0.000364169	0.0138958	0.00078235	0.662132	345400
13700	0.00036438	0.0139397	0.000782803	0.661023	345200
13750	0.000364592	0.0139478	0.000783257	0.661023	345000
13800	0.000364803	0.0139558	0.000783711	0.661023	344800
13850	0.000365015	0.0139639	0.000784166	0.661023	344600
13900	0.000365227	0.0139721	0.000754755	0.652729	344400
13950	0.000365439	0.0139802	0.000755194	0.652729	344200
14000	0.000365652	0.0139883	0.000755633	0.652729	344000
14050	0.000365864	0.0139964	0.000756072	0.652729	343800
14100	0.000366077	0.0140046	0.000756513	0.652729	343600
14150	0.00036629	0.0140127	0.000756953	0.652729	343400
14200	0.000366504	0.0140209	0.000773005	0.657053	343200
14250	0.000366718	0.0140291	0.000773494	0.657064	343000
14300	0.000366932	0.0140373	0.000773945	0.657064	342800
14350	0.000367146	0.0140455	0.000774397	0.657064	342600
14400	0.00036736	0.0140537	0.000795053	0.662634	342400
14450	0.000367575	0.0140619	0.000795518	0.662634	342200
14500	0.00036779	0.0140701	0.000717602	0.640968	342000
14550	0.000368005	0.0140882	0.000718022	0.640678	341800
14600	0.000368221	0.0140964	0.000718442	0.640678	341600
14650	0.000368436	0.0140989	0.000718863	0.640847	341400
14700	0.000352991	0.0141072	0.000719285	0.631697	341200
14750	0.000353198	0.0141155	0.000719707	0.631697	341000
14800	0.000353405	0.0141238	0.000720129	0.631697	340800
14850	0.000353613	0.014132	0.000720552	0.631697	340600
14900	0.00035382	0.0141318	0.000720975	0.631942	340400
14950	0.000354028	0.0141402	0.000721399	0.631942	340200
15000	0.000354237	0.0141485	0.000721823	0.631942	340000
15050	0.000354445	0.0141414	0.000722248	0.632384	339800
15100	0.000390529	0.0141498	0.000722674	0.653248	339600
15150	0.000390759	0.0141581	0.000723099	0.653248	339400
15200	0.000390989	0.0141664	0.000723526	0.653248	339200
15250	0.00039122	0.0141748	0.000723953	0.653248	339000
15300	0.000391451	0.0141834	0.00072438	0.653242	338800
15350	0.000391682	0.0141918	0.000724808	0.653242	338600
15400	0.000376991	0.0142001	0.000698708	0.6373	338400
15450	0.000377214	0.0142085	0.000699121	0.6373	338200
15500	0.000377438	0.0142169	0.000699535	0.6373	338000
15550	0.000377661	0.0142254	0.000699949	0.6373	337800
15600	0.000377885	0.0142338	0.000700364	0.6373	337600
15650	0.000378109	0.0142422	0.000700779	0.6373	337400
15700	0.000378333	0.0142428	0.000685389	0.633177	337200
15750	0.000378558	0.0142512	0.000670193	0.628874	337000
15800	0.000378782	0.0142597	0.000636102	0.619339	336800
15850	0.000379007	0.0142682	0.00063648	0.619339	336600
15900	0.000379233	0.0142766	0.000636858	0.619339	336400
15950	0.000379458	0.0142851	0.000637237	0.619339	336200
16000	0.000379684	0.014285	0.000638018	0.61969	336000
16050	0.00037991	0.0142935	0.000624628	0.61588	335800
16100	0.000380137	0.014302	0.000591535	0.606599	335600
16150	0.000380363	0.0143106	0.000573818	0.601574	335400
16200	0.00038059	0.0143191	0.000574161	0.601574	335200
16250	0.000380818	0.0143276	0.000574504	0.601574	335000
16300	0.000381045	0.0143362	0.000574847	0.601574	334800
16350	0.000381273	0.0143448	0.00057519	0.601574	334600
16400	0.000381501	0.0143534	0.000575534	0.601574	334400
16450	0.000381729	0.0143619	0.000575879	0.601574	334200
16500	0.000381958	0.0143705	0.000576224	0.601574	334000
16550	0.000382187	0.0143792	0.000576569	0.601574	333800
16600	0.000382416	0.0143878	0.000576915	0.601574	333600
16650	0.000382645	0.0143964	0.000577261	0.601574	333400
16700	0.000382875	0.014405	0.000577607	0.601574	333200
16750	0.000383105	0.0144137	0.000577954	0.601574	333000
16800	0.000383335	0.0144224	0.000542463	0.591649	332800
16850	0.000383566	0.014431	0.000542789	0.591649	332600
16900	0.000383796	0.0144397	0.000527212	0.587236	332400
16950	0.000384027	0.0144484	0.000527529	0.587236	332200
17000	0.000384259	0.0144422	0.000512938	0.583472	332000
17050	0.00038449	0.0144596	0.000513247	0.583253	331800
17100	0.000384722	0.0144683	0.000513557	0.583253	331600
17150	0.000384954	0.014477	0.000513867	0.583253	331400
17200	0.000385187	0.0144858	0.000504537	0.580577	331200
17250	0.00038542	0.0144945	0.000504842	0.580577	331000
17300	0.000385653	0.0145033	0.000505147	0.580577	330800
17350	0.000385886	0.014512	0.000471276	0.571079	330600
17400	0.00038612	0.0145208	0.000471585	0.571085	330400
17450	0.000386353	0.0145296	0.000471879	0.571088	330200
17500	0.000386588	0.0145384	0.000411067	0.554033	330000
17550	0.000386822	0.0145473	0.000375768	0.544054	329800
17600	0.000387057	0.0145561	0.000345496	0.53546	329600
17650	0.000387292	0.0145649	0.000331967	0.53158	329400
17700	0.000387527	0.0145738	0.000332169	0.53158	329200
17750	0.000387763	0.0145826	0.00034912	0.536304	329000
17800	0.000387998	0.0145915	0.000349333	0.536304	328800
17850	0.000388235	0.0146004	0.000349545	0.536304	328600
17900	0.000388471	0.0146093	0.000349758	0.536304	328400
17950	0.000388708	0.0146182	0.000349971	0.536304	328200
18000	0.000388945	0.0146477	0.000350185	0.535846	328000
18050	0.000389182	0.0146566	0.000350398	0.535846	327800
18100	0.000374369	0.0146505	0.000350612	0.527396	327600
18150	0.000374598	0.0146687	0.000351097	0.527272	327400
18200	0.000374827	0.0146777	0.000351311	0.527272	327200
18250	0.000375056	0.0146867	0.000351526	0.527272	327000
18300	0.000375285	0.0146956	0.000351741	0.527272	326800
18350	0.000360515	0.0147046	0.000351957	0.518533	326600
18400	0.000360736	0.0147136	0.000352172	0.518533	326400
18450	0.000360957	0.0147227	0.000333905	0.513338	326200
18500	0.000361178	0.0147317	0.00033411	0.513338	326000
18550	0.0003614	0.0147407	0.000334315	0.513338	325800
18600	0.000361622	0.0147498	0.000334521	0.513338	325600
18650	0.000361844	0.0147589	0.000334726	0.513338	325400
18700	0.000362067	0.0147679	0.000334932	0.513338	325200
18750	0.00036229	0.014777	0.000318908	0.508783	325000
18800	0.000362513	0.014795	0.000319105	0.508603	324800
18850	0.000362736	0.0148041	0.000301203	0.503521	324600
18900	0.00036296	0.0148132	0.000305538	0.504687	324400
18950	0.000363184	0.0148224	0.000305727	0.504687	324200
19000	0.000363408	0.0148315	0.000305915	0.504687	324000
19050	0.000363632	0.0148407	0.000295738	0.501779	323800
19100	0.000363857	0.0148498	0.000278799	0.496972	323600
19150	0.000383468	0.014859	0.000297972	0.513539	323400
19200	0.000383706	0.0148682	0.000298157	0.513539	323200
19250	0.000383943	0.0148774	0.000298341	0.513539	323000
19300	0.000384181	0.0148866	0.000298526	0.513539	322800
19350	0.000384419	0.0148959	0.000298711	0.513539	322600
19400	0.000384658	0.0149051	0.000298897	0.513539	322400
19450	0.000384896	0.0149144	0.000299082	0.513539	322200
19500	0.000385135	0.0149236	0.000299268	0.513539	322000
19550	0.000385375	0.0149329	0.000299454	0.513539	321800
19600	0.000402963	0.0149527	0.00029964	0.523293	321600
19650	0.000403214	0.014962	0.000285103	0.519221	321400
19700	0.000403465	0.0149714	0.00028528	0.519221	321200
19750	0.000403717	0.0149807	0.000268924	0.514644	321000
19800	0.000403968	0.01499	0.000252571	0.510065	320800
19850	0.00040422	0.0150084	0.000252728	0.509882	320600
19900	0.000404473	0.0150178	0.000252886	0.509882	320400
19950	0.000404725	0.0150272	0.000253044	0.509882	320200
20000	0.000404978	0.0150366	0.000253202	0.509882	320000
20050	0.000405231	0.015046	0.000253361	0.509882	319800
20100	0.000405485	0.0150554	0.000253519	0.509882	319600
20150	0.000405739	0.0150648	0.000253678	0.509882	319400
20200	0.000405993	0.0150743	0.000253837	0.509882	319200
20250	0.000406248	0.0150837	0.000253996	0.509882	319000
20300	0.000406503	0.0150932	0.000254155	0.509882	318800
20350	0.000406758	0.0150642	0.000254315	0.510653	318600
20400	0.000407013	0.0150737	0.000254475	0.510653	318400
20450	0.000407269	0.0150832	0.000254635	0.510653	318200
20500	0.000407525	0.0150927	0.000254795	0.510653	318000
20550	0.000407782	0.0151022	0.000254955	0.510653	317800
20600	0.000408038	0.0151117	0.000255116	0.510653	317600
20650	0.000408296	0.0150883	0.000255276	0.511313	317400
20700	0.000408553	0.0150979	0.000255437	0.511313	317200
20750	0.000408811	0.0151074	0.000255599	0.511313	317000
20800	0.000409069	0.0151169	0.00025576	0.511313	316800
20850	0.000409327	0.0151265	0.000255921	0.511313	316600
20900	0.000409586	0.015136	0.000256083	0.511313	316400
20950	0.000409845	0.0151208	0.000256245	0.511811	316200
21000	0.000410105	0.0151303	0.000256407	0.511811	316000
21050	0.000410364	0.0151399	0.00025657	0.511811	315800
21100	0.000410624	0.0151495	0.000256732	0.511811	315600
21150	0.000410885	0.0151592	0.000256895	0.51181	315400
21200	0.000411145	0.0151688	0.000257058	0.51181	315200
21250	0.000411406	0.0151784	0.000257221	0.51181	315000
21300	0.000411668	0.0151881	0.000257385	0.51181	314800
21350	0.00041193	0.0151222	0.000257548	0.513329	314600
21400	0.000398504	0.0151318	0.000257712	0.50553	314400
21450	0.000398758	0.0151414	0.000257876	0.50553	314200
21500	0.000384752	0.0151511	0.000258041	0.4974	314000
21550	0.000384997	0.0151607	0.000258205	0.4974	313800
21600	0.000385243	0.0151704	0.00025837	0.4974	313600
21650	0.000385488	0.0151801	0.000258535	0.4974	313400
21700	0.000385735	0.0151898	0.0002587	0.4974	313200
21750	0.000385981	0.0151909	0.000241664	0.49283	313000
21800	0.000386228	0.0152006	0.000241818	0.49283	312800
21850	0.000386475	0.0152103	0.000241973	0.49283	312600
21900	0.000386722	0.01522	0.000242128	0.49283	312400
21950	0.00038697	0.0152389	0.000242283	0.492659	312200
22000	0.000387218	0.0152487	0.000242438	0.492659	312000
22050	0.000387467	0.0152584	0.000242594	0.492659	311800
22100	0.000387715	0.0152682	0.00024275	0.492659	311600
22150	0.000387964	0.015278	0.000242906	0.492659	311400
22200	0.000388214	0.0152879	0.000243062	0.492659	311200
22250	0.000388463	0.0152977	0.000243218	0.492659	311000
22300	0.000388713	0.0153075	0.000243374	0.492659	310800
22350	0.000388964	0.0152832	0.000243531	0.493299	310600
22400	0.000389214	0.0152931	0.000243688	0.493299	310400
22450	0.000389465	0.0153029	0.000243845	0.493299	310200
22500	0.000389716	0.0153128	0.000244002	0.493299	310000
22550	0.000389968	0.0152838	0.00024416	0.494029	309800
22600	0.00039022	0.0153021	0.000244318	0.49387	309600
22650	0.000390472	0.0153206	0.000244476	0.49371	309400
22700	0.000390725	0.0153305	0.000244634	0.49371	309200
22750	0.000390978	0.0153404	0.000244792	0.49371	309000
22800	0.000391231	0.0153507	0.000244951	0.493703	308800
22850	0.000391484	0.0153434	0.000245109	0.494027	308600
22900	0.000391738	0.0153185	0.000245268	0.494681	308400
22950	0.000391992	0.0153284	0.000245428	0.494681	308200
23000	0.000392247	0.0153384	0.000245587	0.494681	308000
23050	0.000392502	0.0152687	0.000245747	0.496184	307800
23100	0.000392757	0.0152787	0.000245906	0.496184	307600
23150	0.000393013	0.0152575	0.000246066	0.496774	307400
23200	0.000393269	0.0152882	0.000246226	0.49638	307200
23250	0.000393525	0.0152982	0.000246387	0.49638	307000
23300	0.000393781	0.0153081	0.000246548	0.49638	306800
23350	0.000394038	0.0153181	0.000246708	0.49638	306600
23400	0.000394295	0.0152951	0.000246869	0.497005	306400
23450	0.000394553	0.0153051	0.000247031	0.497005	306200
23500	0.000394811	0.015326	0.000247192	0.4968	306000
23550	0.000395069	0.015336	0.000247354	0.4968	305800
23600	0.000395328	0.015346	0.000247516	0.4968	305600
23650	0.000395586	0.0153561	0.000247678	0.4968	305400
23700	0.000395846	0.0153561	0.00024784	0.49699	305200
23750	0.000396105	0.0153661	0.000248003	0.49699	305000
23800	0.000396365	0.0153281	0.000248165	0.497902	304800
23850	0.000396625	0.0152993	0.000248328	0.498641	304600
23900	0.000396886	0.0153094	0.000248491	0.498641	304400
23950	0.000397147	0.0153036	0.000248655	0.498944	304200
24000	0.000397408	0.0153137	0.000267577	0.504054	304000
24050	0.00039767	0.0153237	0.000267753	0.504054	303800
24100	0.000397932	0.0153338	0.000267929	0.504054	303600
24150	0.000398194	0.0152663	0.000268106	0.505563	303400
24200	0.000398457	0.0152764	0.000268283	0.505563	303200
24250	0.00039872	0.0152887	0.00026846	0.505518	303000
24300	0.000398983	0.0152992	0.000268637	0.505511	302800
24350	0.000399247	0.0153093	0.000268815	0.505511	302600
24400	0.000399511	0.0153194	0.000268992	0.505511	302400
24450	0.000399775	0.015301	0.00026917	0.506068	302200
24500	0.00040004	0.0153	0.000269349	0.506286	302000
24550	0.000400305	0.0153101	0.000269527	0.506286	301800
24600	0.000400571	0.0153203	0.000269706	0.506286	301600
24650	0.000400836	0.0153105	0.000269885	0.506675	301400
24700	0.000401103	0.015284	0.000270064	0.507392	301200
24750	0.000401369	0.0152942	0.000270243	0.507392	301000
24800	0.000401636	0.0153044	0.000270423	0.507392	300800
24850	0.000401903	0.0151253	0.000270603	0.511141	300600
24900	0.000402171	0.0151354	0.000270783	0.511141	300400
24950	0.000402439	0.0151454	0.000270964	0.511141	300200
25000	0.000402707	0.0151555	0.000271144	0.511141	300000
25050	0.000402976	0.0151657	0.000271325	0.511141	299800
25100	0.000403245	0.0151186	0.000271506	0.512288	299600
25150	0.000403514	0.0151287	0.000271688	0.512288	299400
25200	0.000403784	0.0151388	0.000271869	0.512288	299200
25250	0.000404054	0.0151489	0.000272051	0.512288	299000
25300	0.000404324	0.0151591	0.000272233	0.512288	298800
25350	0.000404595	0.0151692	0.000272416	0.512288	298600
25400	0.000404866	0.0151794	0.000272598	0.512288	298400
25450	0.000405138	0.015199	0.000272781	0.5121	298200
25500	0.00040541	0.0151993	0.000272964	0.512298	298000
25550	0.000405682	0.0151759	0.000273147	0.512971	297800
25600	0.000405955	0.0151484	0.000273331	0.51373	297600
25650	0.000406228	0.0151586	0.000273515	0.51373	297400
25700	0.000406501	0.0151688	0.000273699	0.51373	297200
25750	0.000406775	0.015179	0.000273883	0.51373	297000
25800	0.000407049	0.0151892	0.000274068	0.51373	296800
25850	0.000407323	0.0151995	0.000274252	0.51373	296600
25900	0.000407598	0.0152097	0.000274438	0.51373	296400
25950	0.000407873	0.01522	0.000274623	0.51373	296200
26000	0.000408149	0.015193	0.000274808	0.51448	296000
26050	0.000408425	0.0152033	0.000274994	0.51448	295800
26100	0.000408701	0.0152136	0.00027518	0.51448	295600
26150	0.000408978	0.0152239	0.000275367	0.51448	295400
26200	0.000409255	0.0152342	0.000275553	0.51448	295200
26250	0.000409532	0.0152445	0.00027574	0.51448	295000
26300	0.00040981	0.0152549	0.000275927	0.51448	294800
26350	0.000410089	0.0152652	0.000276114	0.51448	294600
26400	0.000410367	0.0152958	0.000276302	0.514075	294400
26450	0.000410646	0.0153062	0.00027649	0.514075	294200
26500	0.000410925	0.0153166	0.000276678	0.514075	294000
26550	0.000411205	0.0152688	0.000276866	0.515241	293800
26600	0.000411485	0.0152792	0.000277055	0.515241	293600
26650	0.000411766	0.0152897	0.000277244	0.515241	293400
26700	0.000412047	0.0153001	0.000277433	0.515241	293200
26750	0.000412328	0.0153121	0.000277622	0.51521	293000
26800	0.00041261	0.0153226	0.000277812	0.51521	292800
26850	0.000412892	0.0152744	0.000278002	0.516388	292600
26900	0.000413174	0.0152848	0.000278192	0.516388	292400
26950	0.000413457	0.0152531	0.000278382	0.51724	292200
27000	0.00041374	0.0152279	0.000278573	0.517963	292000
27050	0.000414024	0.0152383	0.000278764	0.517963	291800
27100	0.000414308	0.0152488	0.000278955	0.517963	291600
27150	0.000414592	0.0152592	0.000279146	0.517963	291400
27200	0.000414877	0.0152697	0.000279338	0.517963	291200
27250	0.000415162	0.0152802	0.00027953	0.517963	291000
27300	0.000415447	0.0152907	0.000279722	0.517963	290800
27350	0.000415733	0.0153013	0.000279915	0.517963	290600
27400	0.00041602	0.0153118	0.000280108	0.517963	290400
27450	0.000416306	0.0153223	0.000280301	0.517963	290200
27500	0.000416593	0.0153329	0.000280494	0.517963	290000
27550	0.000416881	0.0153435	0.000280688	0.517963	289800
27600	0.000417169	0.0153541	0.000280882	0.517963	289600
27650	0.000417457	0.0153344	0.000281076	0.518574	289400
27700	0.000417746	0.0153451	0.00028127	0.518574	289200
27750	0.000418035	0.0153557	0.000281465	0.518574	289000
27800	0.000418324	0.0153663	0.00028166	0.518574	288800
27850	0.000418614	0.015377	0.000281855	0.518574	288600
27900	0.000418905	0.0153876	0.00028205	0.518574	288400
27950	0.000419195	0.0153983	0.000282246	0.518574	288200
28000	0.000419486	0.015409	0.000282442	0.518574	288000
28050	0.000419778	0.0154197	0.000282638	0.518574	287800
28100	0.00042007	0.0154304	0.000282835	0.518574	287600
28150	0.000420362	0.0154613	0.000283032	0.51817	287400
28200	0.000420655	0.0154721	0.000283229	0.51817	287200
28250	0.000420948	0.0154828	0.000283426	0.51817	287000
28300	0.000421242	0.0154936	0.000283624	0.51817	286800
28350	0.000421536	0.0155044	0.000283822	0.51817	286600
28400	0.00042183	0.0155153	0.00028402	0.51817	286400
28450	0.000422125	0.0155261	0.000284218	0.51817	286200
28500	0.00042242	0.015537	0.000284417	0.51817	286000
28550	0.000389488	0.0155478	0.000284616	0.499754	285800
28600	0.000389761	0.0155587	0.000284815	0.499754	285600
28650	0.000390034	0.0155696	0.000285015	0.499754	285400
28700	0.000390307	0.0155805	0.000285215	0.499754	285200
28750	0.000390581	0.0155915	0.000285415	0.499754	285000
28800	0.000390855	0.0156024	0.000285615	0.499754	284800
28850	0.00039113	0.0156134	0.000285816	0.499754	284600
28900	0.000391405	0.0156244	0.000286017	0.499754	284400
28950	0.000391681	0.0156354	0.000286218	0.499754	284200
29000	0.000391956	0.0156464	0.00028642	0.499754	284000
29050	0.000392233	0.0156574	0.000286622	0.499754	283800
29100	0.000392509	0.0156685	0.000286824	0.499754	283600
29150	0.000419148	0.0156313	0.000287026	0.515192	283400
29200	0.000419444	0.0156424	0.000287229	0.515192	283200
29250	0.00041974	0.0156534	0.000287432	0.515192	283000
29300	0.000420037	0.0156645	0.000287635	0.515192	282800
29350	0.000420335	0.0156756	0.000287839	0.515192	282600
29400	0.000420632	0.015725	0.000288043	0.514444	282400
29450	0.00042093	0.0157361	0.000288247	0.514444	282200
29500	0.000421229	0.015752	0.000288451	0.514353	282000
29550	0.000421528	0.0157632	0.000288656	0.514353	281800
29600	0.000421827	0.0157744	0.000288861	0.514353	281600
29650	0.000422127	0.0157856	0.000289066	0.514353	281400
29700	0.000422427	0.0157968	0.000289272	0.514353	281200
29750	0.000422728	0.015808	0.000289478	0.514353	281000
29800	0.000423029	0.0158193	0.000289684	0.514353	280800
29850	0.000423331	0.0158012	0.000289891	0.514921	280600
29900	0.000423632	0.0158125	0.000290097	0.514921	280400
29950	0.000423935	0.0158238	0.000290304	0.514921	280200
30000	0.000424238	0.0158351	0.000290512	0.514921	280000
30050	0.000424541	0.0158464	0.000290719	0.514921	279800
30100	0.000424845	0.0158372	0.000290927	0.515319	279600
30150	0.000425149	0.0158485	0.000291136	0.515319	279400
30200	0.000425453	0.0158172	0.000291344	0.516147	279200
30250	0.000425758	0.0158286	0.000291553	0.516147	279000
30300	0.000426064	0.0158399	0.000291762	0.516147	278800
30350	0.00042637	0.0158513	0.000291972	0.516147	278600
30400	0.000426676	0.0158627	0.000292181	0.516147	278400
30450	0.000426983	0.0158741	0.000292391	0.516147	278200
30500	0.00042729	0.0158855	0.000292602	0.516147	278000
30550	0.000427597	0.015897	0.000292812	0.516147	277800
30600	0.000427905	0.0159084	0.000293023	0.516147	277600
30650	0.000428214	0.0158921	0.000293235	0.516685	277400
30700	0.000428523	0.0158646	0.000293446	0.517442	277200
30750	0.000428832	0.0158553	0.000293658	0.517846	277000
30800	0.000429142	0.0158668	0.00029387	0.517846	276800
30850	0.000429452	0.0158882	0.000294083	0.517652	276600
30900	0.000429763	0.0158997	0.000294296	0.517652	276400
30950	0.000430074	0.0159112	0.000294509	0.517652	276200
31000	0.000430386	0.0159265	0.000294722	0.51758	276000
31050	0.000430698	0.015938	0.000294936	0.51758	275800
31100	0.000431011	0.0159496	0.00029515	0.51758	275600
31150	0.000431324	0.0159612	0.000295364	0.51758	275400
31200	0.000409651	0.0159728	0.000295579	0.505727	275200
31250	0.000409949	0.01594	0.000295794	0.506557	275000
31300	0.000410248	0.0159516	0.000296009	0.506557	274800
31350	0.000410546	0.0159632	0.000296225	0.506557	274600
31400	0.000410846	0.0159748	0.000296441	0.506557	274400
31450	0.000411145	0.0159865	0.000296657	0.506557	274200
31500	0.000411445	0.0159982	0.000296873	0.506557	274000
31550	0.000411746	0.0160098	0.000275736	0.501	273800
31600	0.000434668	0.0160216	0.000298559	0.519036	273600
31650	0.000434986	0.0160333	0.000298777	0.519036	273400
31700	0.000435305	0.016045	0.000298996	0.519036	273200
31750	0.000435624	0.0160568	0.000299215	0.519036	273000
31800	0.000435943	0.0160685	0.000299434	0.519036	272800
31850	0.000436263	0.0160803	0.000299654	0.519036	272600
31900	0.000436583	0.0160926	0.000299874	0.519028	272400
31950	0.000436904	0.016148	0.000300094	0.518189	272200
32000	0.000437225	0.0161599	0.000300315	0.518189	272000
32050	0.000460299	0.0161718	0.000300536	0.530271	271800
32100	0.000460638	0.0161837	0.000300757	0.530271	271600
32150	0.000460978	0.0161956	0.000300979	0.530271	271400
32200	0.000461318	0.0162173	0.000301201	0.530078	271200
32250	0.000461658	0.0161621	0.000301423	0.53141	271000
32300	0.000461999	0.0161364	0.000301646	0.532162	270800
32350	0.000462341	0.0161483	0.000301869	0.532162	270600
32400	0.000462683	0.0161173	0.000302092	0.533021	270400
32450	0.000463025	0.0160446	0.000302315	0.534726	270200
32500	0.000463368	0.0160564	0.000302539	0.534726	270000
32550	0.000463712	0.0160268	0.000302764	0.535569	269800
32600	0.000464056	0.0160015	0.000302988	0.536324	269600
32650	0.0004644	0.0160135	0.000303213	0.536322	269400
32700	0.000464745	0.0159801	0.000303438	0.537247	269200
32750	0.000465091	0.015992	0.000303664	0.537247	269000
32800	0.000465437	0.0160039	0.00030389	0.537247	268800
32850	0.000465783	0.0160158	0.000304116	0.537247	268600
32900	0.00046613	0.0160278	0.000304343	0.537247	268400
32950	0.000466478	0.0160397	0.00030457	0.537247	268200
33000	0.000466826	0.0159871	0.000304797	0.538567	268000
33050	0.000467175	0.0159991	0.000305025	0.538567	267800
33100	0.000467524	0.016011	0.000305253	0.538567	267600
33150	0.000467874	0.015932	0.000305481	0.540442	267400
33200	0.000468224	0.015944	0.00030571	0.540442	267200
33250	0.000468575	0.0159559	0.000305939	0.540442	267000
33300	0.000468926	0.0159487	0.000306168	0.540839	266800
33350	0.000469278	0.0159235	0.000306398	0.54161	266600
33400	0.00046963	0.0158918	0.000306628	0.542519	266400
33450	0.000469983	0.0159037	0.000306858	0.542519	266200
33500	0.000470336	0.0159157	0.000307089	0.542519	266000
33550	0.00047069	0.0159277	0.00030732	0.542519	265800
33600	0.000471044	0.0158969	0.000307551	0.543412	265600
33650	0.000471399	0.0159089	0.000307783	0.543412	265400
33700	0.000471755	0.0159906	0.000308015	0.54196	265200
33750	0.000472111	0.0160027	0.000308248	0.54196	265000
33800	0.000472468	0.0160148	0.00030848	0.54196	264800
33850	0.000472825	0.0160269	0.000308714	0.54196	264600
33900	0.000473182	0.0160276	0.000308947	0.542196	264400
33950	0.00047354	0.0160397	0.000309181	0.542196	264200
34000	0.000473899	0.0160519	0.000309415	0.542196	264000
34050	0.000474259	0.016064	0.00030965	0.542196	263800
34100	0.000474618	0.0160322	0.000309885	0.543106	263600
34150	0.000474979	0.0159853	0.00031012	0.544336	263400
34200	0.00047534	0.0158725	0.000310356	0.54696	263200
34250	0.000475701	0.0158846	0.000310592	0.54696	263000
34300	0.000476063	0.0158494	0.000310828	0.547961	262800
34350	0.000476426	0.0158615	0.000311065	0.547961	262600
34400	0.000476789	0.0158736	0.000311302	0.547961	262400
34450	0.000477153	0.0158857	0.000311539	0.547961	262200
34500	0.000477517	0.0158762	0.000311777	0.54842	262000
34550	0.000477882	0.0158765	0.000312015	0.548672	261800
34600	0.000478247	0.0158886	0.000312254	0.548672	261600
34650	0.000478613	0.0159008	0.000312493	0.548672	261400
34700	0.000478979	0.0159129	0.000312732	0.548672	261200
34750	0.000479346	0.0158809	0.000312972	0.549611	261000
34800	0.000479714	0.0158931	0.000313212	0.549611	260800
34850	0.000480082	0.0159053	0.000325371	0.552679	260600
34900	0.000480451	0.0159175	0.000325621	0.552679	260400
34950	0.000459003	0.0159298	0.000325871	0.540988	260200
35000	0.000459356	0.015942	0.000349911	0.54711	260000
35050	0.00045971	0.0159543	0.00035018	0.54711	259800
35100	0.000460064	0.0159444	0.00035045	0.547578	259600
35150	0.000460419	0.0159567	0.00035072	0.547578	259400
35200	0.000460774	0.015927	0.000350991	0.548463	259200
35250	0.00046113	0.0159393	0.000351262	0.548463	259000
35300	0.000461486	0.0159517	0.000351533	0.548463	258800
35350	0.000461843	0.0159328	0.000351805	0.549122	258600
35400	0.0004622	0.0159147	0.000352078	0.549767	258400
35450	0.000462558	0.015927	0.00035235	0.549767	258200
35500	0.000462917	0.0159394	0.000352623	0.549767	258000
35550	0.000463276	0.0159518	0.000352897	0.549767	257800
35600	0.000463636	0.0159309	0.000353171	0.550473	257600
35650	0.000463996	0.0159021	0.000353445	0.551351	257400
35700	0.000464357	0.0158685	0.00035372	0.552332	257200
35750	0.000477156	0.0158809	0.000344302	0.556507	257000
35800	0.000477527	0.0158932	0.00034457	0.556507	256800
35850	0.0004779	0.0159056	0.000320921	0.550357	256600
35900	0.000478272	0.015918	0.000321171	0.550357	256400
35950	0.000478646	0.0159305	0.000321422	0.550357	256200
36000	0.00047902	0.0159429	0.000321673	0.550357	256000
36050	0.000479394	0.0159157	0.000321924	0.551202	255800
36100	0.000479769	0.0159281	0.000322176	0.551202	255600
36150	0.000480145	0.0159406	0.000322428	0.551202	255400
36200	0.000501975	0.0159105	0.000322681	0.563595	255200
36250	0.000502369	0.0159474	0.000322934	0.563058	255000
36300	0.000502763	0.0159599	0.000323188	0.563058	254800
36350	0.000503158	0.0159079	0.000323442	0.56448	254600
36400	0.000503554	0.0158756	0.000323696	0.565472	254400
36450	0.00050395	0.0158881	0.00032395	0.565472	254200
36500	0.000504347	0.0158555	0.000324206	0.566474	254000
36550	0.000504744	0.0158192	0.000324461	0.567566	253800
36600	0.000505142	0.0157918	0.000324717	0.568461	253600
36650	0.000505541	0.0157061	0.000324973	0.570682	253400
36700	0.000484	0.0157185	0.00032523	0.558816	253200
36750	0.000484383	0.0156879	0.000325487	0.559766	253000
36800	0.000484766	0.0157003	0.000325745	0.559766	252800
36850	0.00048515	0.0157127	0.000326002	0.559766	252600
36900	0.000485534	0.0157252	0.000326261	0.559766	252400
36950	0.000485919	0.0157376	0.000326519	0.559766	252200
37000	0.000486305	0.0157211	0.000326779	0.560408	252000
37050	0.000486691	0.0157336	0.000327038	0.560408	251800
37100	0.000487078	0.0157461	0.000327298	0.560408	251600
37150	0.000487465	0.0157586	0.000327559	0.560408	251400
37200	0.000487854	0.0157712	0.000327819	0.560408	251200
37250	0.000488242	0.0157837	0.000328081	0.560408	251000
37300	0.000488632	0.0157023	0.000328342	0.562491	250800
37350	0.000489022	0.015674	0.000328604	0.563404	250600
37400	0.000489412	0.0156865	0.000328867	0.563404	250400
37450	0.000489803	0.01565	0.00032913	0.564502	250200
37500	0.000490195	0.0156008	0.000329393	0.565893	250000
37550	0.000490588	0.0156133	0.000329657	0.565893	249800
37600	0.000490981	0.0156258	0.000329921	0.565893	249600
37650	0.000514738	0.0156383	0.000330185	0.57857	249400
37700	0.000515152	0.0156509	0.00033045	0.57857	249200
37750	0.000515565	0.0155755	0.000330716	0.580628	249000
37800	0.00051598	0.015588	0.000330982	0.580628	248800
37850	0.000516395	0.0156005	0.000331248	0.580628	248600
37900	0.000516811	0.0156131	0.000331515	0.580628	248400
37950	0.000517227	0.0156257	0.000317899	0.577026	248200
38000	0.000517644	0.0156383	0.000318156	0.577026	248000
38050	0.000518062	0.0155541	0.000318413	0.579286	247800
38100	0.00051848	0.0154668	0.00031867	0.581643	247600
38150	0.0005189	0.0154793	0.000318927	0.581643	247400
38200	0.000519319	0.0154817	0.000319185	0.581883	247200
38250	0.00051974	0.0154943	0.000319444	0.581883	247000
38300	0.000520161	0.0155068	0.000270461	0.568981	246800
38350	0.000520583	0.0155194	0.000301247	0.576993	246600
38400	0.000521005	0.015532	0.000301492	0.576993	246400
38450	0.000521429	0.0154994	0.000301737	0.578051	246200
38500	0.000521853	0.0155171	0.000301982	0.577932	246000
38550	0.000506038	0.0155298	0.000302228	0.569055	245800
38600	0.00050645	0.0155424	0.000302474	0.569055	245600
38650	0.000506863	0.0155134	0.00030272	0.570011	245400
38700	0.000507276	0.0154841	0.000302967	0.570979	245200
38750	0.00050769	0.0154967	0.000303215	0.570979	245000
38800	0.000508105	0.0155096	0.000303462	0.570975	244800
38850	0.00050852	0.0155222	0.000303711	0.570975	244600
38900	0.000508936	0.0155349	0.000303959	0.570975	244400
38950	0.000509353	0.0154497	0.000304208	0.573242	244200
39000	0.000509771	0.0154624	0.000304457	0.573242	244000
39050	0.000510189	0.0154363	0.000304707	0.574145	243800
39100	0.000510608	0.015449	0.000304957	0.574145	243600
39150	0.000511027	0.0154617	0.000305208	0.574145	243400
39200	0.000511448	0.0155269	0.000305459	0.572926	243200
39250	0.000511869	0.0154903	0.00030571	0.574071	243000
39300	0.00051229	0.0155031	0.000305962	0.574071	242800
39350	0.000512713	0.0154395	0.000306214	0.575855	242600
39400	0.000513136	0.0154522	0.000306467	0.575855	242400
39450	0.000513559	0.015465	0.00030672	0.575855	242200
39500	0.000513984	0.0154298	0.000306974	0.576981	242000
39550	0.000540192	0.0154555	0.000307227	0.590805	241800
39600	0.000540639	0.0154683	0.000307482	0.590805	241600
39650	0.000541087	0.0154811	0.000307737	0.590805	241400
39700	0.000541535	0.0154939	0.000307992	0.590805	241200
39750	0.000541985	0.0155068	0.000308247	0.590805	241000
39800	0.000542435	0.0155197	0.000308503	0.590805	240800
39850	0.000542886	0.0155442	0.00030876	0.590522	240600
39900	0.000543338	0.0155572	0.000309017	0.590522	240400
39950	0.00054379	0.0155701	0.000309274	0.590522	240200
40000	0.000544243	0.0155831	0.000309532	0.590522	240000
40050	0.000544697	0.015552	0.00030979	0.591587	239800
40100	0.000545152	0.015565	0.000310048	0.591587	239600
40150	0.000545607	0.0155296	0.000310307	0.59276	239400
40200	0.000546063	0.0155315	0.000310567	0.593029	239200
40250	0.00054652	0.0155445	0.000310827	0.593029	239000
40300	0.000546978	0.015517	0.000311087	0.594016	238800
40350	0.000547437	0.01553	0.000311348	0.594016	238600
40400	0.000547896	0.015543	0.000311609	0.594016	238400
40450	0.000548356	0.0155561	0.000311871	0.594016	238200
40500	0.000548817	0.0155691	0.000312133	0.594016	238000
40550	0.000549278	0.0155822	0.000312395	0.594016	237800
40600	0.000549741	0.0155954	0.000312658	0.594016	237600
40650	0.000550204	0.0156085	0.000312922	0.594016	237400
40700	0.000550668	0.0156217	0.000313185	0.594016	237200
40750	0.000551132	0.0156348	0.00031345	0.594016	237000
40800	0.000551598	0.015648	0.000313715	0.594016	236800
40850	0.000552064	0.0156613	0.00031398	0.594016	236600
40900	0.000552531	0.0155966	0.000314245	0.595908	236400
40950	0.000552999	0.0156098	0.000314511	0.595908	236200
41000	0.000553468	0.015623	0.000314778	0.595908	236000
41050	0.000553937	0.0155434	0.000315045	0.598181	235800
41100	0.000554407	0.0155566	0.000315312	0.598181	235600
41150	0.000554878	0.0155698	0.00031558	0.598181	235400
41200	0.00055535	0.0156333	0.000315849	0.596951	235200
41250	0.000555823	0.0156466	0.000316117	0.596951	235000
41300	0.000556296	0.0156599	0.000316387	0.596951	234800
41350	0.00055677	0.0156732	0.000316656	0.596951	234600
41400	0.000557246	0.0156866	0.000316927	0.596951	234400
41450	0.000557721	0.0156491	0.000317197	0.598193	234200
41500	0.000558198	0.0156624	0.000317468	0.598193	234000
41550	0.000558676	0.0156992	0.00031774	0.597625	233800
41600	0.000559154	0.0157126	0.000318012	0.597625	233600
41650	0.000559633	0.0157261	0.000318284	0.597625	233400
41700	0.000560113	0.0156922	0.000318557	0.598776	233200
41750	0.000560594	0.0156551	0.000318831	0.600014	233000
41800	0.000561075	0.0156685	0.000319105	0.600014	232800
41850	0.000561558	0.015682	0.000319379	0.600014	232600
41900	0.000562041	0.0156574	0.000319654	0.600947	232400
41950	0.000562525	0.0156709	0.000319929	0.600947	232200
42000	0.00056301	0.0156844	0.000320205	0.600947	232000
42050	0.000563496	0.015698	0.000320481	0.600947	231800
42100	0.000563983	0.0157115	0.000320758	0.600947	231600
42150	0.00056447	0.0157251	0.000321035	0.600947	231400
42200	0.000564958	0.0156893	0.000321313	0.602158	231200
42250	0.000565447	0.0157029	0.000321591	0.602158	231000
42300	0.000565937	0.0156916	0.00029693	0.59637	230800
42350	0.000566428	0.015602	0.000297187	0.59889	230600
42400	0.00056692	0.0155681	0.000297445	0.600058	230400
42450	0.000543835	0.0155831	0.000297704	0.587233	230200
42500	0.000544308	0.0155966	0.000297962	0.587233	230000
42550	0.000544782	0.0156102	0.000298222	0.587233	229800
42600	0.000545256	0.0155757	0.000298482	0.588383	229600
42650	0.000545731	0.015538	0.000298742	0.589615	229400
42700	0.000546208	0.0155076	0.000299002	0.590679	229200
42750	0.000546685	0.0155211	0.000299264	0.590679	229000
42800	0.000547163	0.0155347	0.000299525	0.590679	228800
42850	0.000547641	0.0154101	0.000299787	0.594048	228600
42900	0.000548121	0.0154236	0.00030005	0.594048	228400
42950	0.000548601	0.0154371	0.000300313	0.594048	228200
43000	0.000549082	0.0154507	0.000300576	0.594048	228000
43050	0.000549565	0.0155072	0.00030084	0.592999	227800
43100	0.000550047	0.0154741	0.000301104	0.594137	227600
43150	0.000550531	0.0154878	0.000301369	0.594137	227400
43200	0.000551016	0.0155267	0.000301634	0.593521	227200
43250	0.000551501	0.0155403	0.0003019	0.593521	227000
43300	0.000551988	0.015554	0.000302166	0.593521	226800
43350	0.000552475	0.0155678	0.000302433	0.593521	226600
43400	0.000467171	0.0155815	0.0003027	0.546742	226400
43450	0.000467584	0.0155953	0.000302968	0.546742	226200
43500	0.000467998	0.0156091	0.000303236	0.546742	226000
43550	0.000468413	0.0155736	0.000303505	0.547804	225800
43600	0.000468828	0.0155874	0.000303774	0.547804	225600
43650	0.000469244	0.0156013	0.000304043	0.547804	225400
43700	0.000469661	0.0156151	0.000304313	0.547804	225200
43750	0.000470078	0.015629	0.000304584	0.547804	225000
43800	0.000470496	0.0156429	0.000304855	0.547804	224800
43850	0.000470915	0.0156568	0.000305126	0.547804	224600
43900	0.000471335	0.0156708	0.000305398	0.547804	224400
43950	0.000471756	0.0156848	0.000305671	0.547804	224200
44000	0.000472177	0.0156988	0.000305944	0.547804	224000
44050	0.000472599	0.0157128	0.000306217	0.547804	223800
44100	0.000473021	0.0157269	0.000306491	0.547804	223600
44150	0.000473445	0.0157409	0.000306765	0.547804	223400
44200	0.000473869	0.015755	0.00030704	0.547804	223200
44250	0.000474294	0.0157692	0.000307315	0.547804	223000
44300	0.00047472	0.0157375	0.000307591	0.548783	222800
44350	0.000475146	0.0156506	0.000307868	0.550964	222600
44400	0.000475574	0.0156104	0.000308145	0.552143	222400
44450	0.000476002	0.0156245	0.000308422	0.552143	222200
44500	0.000476431	0.0156386	0.0003087	0.552143	222000
44550	0.00047686	0.0156527	0.000308978	0.552143	221800
44600	0.000477291	0.0156302	0.000309257	0.552941	221600
44650	0.000477722	0.0156443	0.000309536	0.552941	221400
44700	0.000478154	0.0156585	0.000309816	0.552941	221200
44750	0.000478586	0.0156726	0.000310097	0.552941	221000
44800	0.00047902	0.0156868	0.000310378	0.552941	220800
44850	0.000479454	0.0157295	0.000310659	0.552324	220600
44900	0.000479889	0.0156905	0.000310941	0.553479	220400
44950	0.000480325	0.0157048	0.000311223	0.553479	220200
45000	0.000480762	0.0157191	0.000311506	0.553479	220000
45050	0.000481199	0.0156944	0.00031179	0.554329	219800
45100	0.000481637	0.0157086	0.000312074	0.554329	219600
45150	0.000482077	0.0157011	0.000312358	0.554807	219400
45200	0.000482516	0.0157186	0.000312643	0.554737	219200
45250	0.000482957	0.015708	0.000312929	0.555281	219000
45300	0.000483398	0.0157224	0.000313215	0.555281	218800
45350	0.000483841	0.0157368	0.000313501	0.555281	218600
45400	0.000484284	0.0157512	0.000313788	0.555281	218400
45450	0.000484728	0.0157111	0.000314076	0.556474	218200
45500	0.000485172	0.0157255	0.000314364	0.556474	218000
45550	0.000485618	0.0157399	0.000314653	0.556474	217800
45600	0.000486064	0.0157544	0.000314942	0.556474	217600
45650	0.000486511	0.01577	0.000315232	0.556449	217400
45700	0.000486959	0.0157845	0.000315522	0.556449	217200
45750	0.000487408	0.0157991	0.000315813	0.556449	217000
45800	0.000487858	0.0158137	0.000316104	0.556449	216800
45850	0.000488308	0.0158283	0.000316396	0.556449	216600
45900	0.00048876	0.0158444	0.000316688	0.556416	216400
45950	0.000489212	0.0158591	0.000316981	0.556416	216200
46000	0.000489665	0.0158737	0.000317275	0.556416	216000
46050	0.000490119	0.0158321	0.000317569	0.557642	215800
46100	0.000490573	0.0158468	0.000317863	0.557642	215600
46150	0.000491029	0.0158631	0.000318159	0.557608	215400
46200	0.000491485	0.0158778	0.000318454	0.557608	215200
46250	0.000491942	0.0158926	0.00031875	0.557608	215000
46300	0.0004924	0.0159074	0.000319047	0.557608	214800
46350	0.000492859	0.0159222	0.000319345	0.557608	214600
46400	0.000493319	0.0158909	0.000319643	0.558612	214400
46450	0.00049378	0.0159057	0.000319941	0.558612	214200
46500	0.000451505	0.0157924	0.00032024	0.538338	214000
46550	0.000451928	0.0158072	0.00032054	0.538338	213800
46600	0.000452351	0.015822	0.00032084	0.538338	213600
46650	0.000452775	0.0158368	0.000295706	0.531723	213400
46700	0.0004532	0.0158516	0.000295983	0.531723	213200
46750	0.000453625	0.0158262	0.000296261	0.532543	213000
46800	0.000454051	0.0158411	0.000296539	0.532543	212800
46850	0.000454479	0.015856	0.000296818	0.532543	212600
46900	0.000454907	0.0158709	0.000297098	0.532543	212400
46950	0.000455335	0.0158859	0.000297378	0.532543	212200
47000	0.000455765	0.0158454	0.000297658	0.533674	212000
47050	0.000456195	0.0158603	0.000297939	0.533674	211800
47100	0.000456626	0.0158753	0.000298221	0.533674	211600
47150	0.000457058	0.0158903	0.000298503	0.533674	211400
47200	0.000457491	0.0158253	0.000298786	0.535312	211200
47250	0.000457925	0.015854	0.000299069	0.535031	211000
47300	0.000458359	0.015818	0.000299353	0.53608	210800
47350	0.000458795	0.0157763	0.000299637	0.537252	210600
47400	0.000459231	0.0157913	0.000299922	0.537252	210400
47450	0.000459668	0.0158064	0.000300207	0.537252	210200
47500	0.000460105	0.0158214	0.000300493	0.537252	210000
47550	0.000460544	0.0158365	0.00030078	0.537252	209800
47600	0.000460983	0.0158078	0.000301067	0.538158	209600
47650	0.000461424	0.0158229	0.000301354	0.538158	209400
47700	0.000461865	0.015838	0.000301642	0.538158	209200
47750	0.000462307	0.0158532	0.000301931	0.538158	209000
47800	0.00046275	0.0158402	0.00030222	0.538741	208800
47850	0.000433379	0.0158554	0.00030251	0.522621	208600
47900	0.000433795	0.0158706	0.0003028	0.522621	208400
47950	0.000434212	0.0158859	0.000303091	0.522621	208200
48000	0.000434629	0.0159011	0.000303383	0.522621	208000
48050	0.000435048	0.0159164	0.000303675	0.522621	207800
48100	0.000435467	0.0159318	0.000303967	0.522621	207600
48150	0.000435887	0.0159471	0.000332215	0.529861	207400
48200	0.000436307	0.0159625	0.000332535	0.529861	207200
48250	0.000436729	0.015978	0.000332856	0.529861	207000
48300	0.000437151	0.0159934	0.000333178	0.529861	206800
48350	0.000437574	0.0159569	0.000333501	0.530904	206600
48400	0.000437998	0.0159724	0.000333824	0.530904	206400
48450	0.000424847	0.0159066	0.000347732	0.528754	206200
48500	0.00042526	0.0159076	0.000348069	0.529043	206000
48550	0.000425673	0.0158962	0.000348408	0.529583	205800
48600	0.000426087	0.0158669	0.000348747	0.530485	205600
48650	0.000426502	0.0158286	0.000349086	0.531573	205400
48700	0.000426918	0.0159014	0.000349426	0.530412	205200
48750	0.000427334	0.015859	0.000349767	0.531583	205000
48800	0.000427752	0.0158257	0.000350109	0.532573	204800
48850	0.00042817	0.0157867	0.000350451	0.533685	204600
48900	0.000428589	0.0158022	0.000350794	0.533685	204400
48950	0.000429009	0.0158326	0.000351138	0.533379	204200
49000	0.000429429	0.0158333	0.000351482	0.533682	204000
49050	0.000429851	0.0158488	0.000351827	0.533682	203800
49100	0.000430273	0.0158644	0.000352172	0.533682	203600
49150	0.000430696	0.01588	0.000352519	0.533682	203400
49200	0.00043112	0.0158956	0.000352866	0.533682	203200
49250	0.000431545	0.0159113	0.000353213	0.533682	203000
49300	0.00043197	0.015927	0.000353562	0.533682	202800
49350	0.000432397	0.0158663	0.000353911	0.535239	202600
49400	0.000432824	0.015882	0.00035426	0.535239	202400
49450	0.000433252	0.0158079	0.000354611	0.537083	202200
49500	0.000433681	0.0157356	0.000354962	0.538906	202000
49550	0.000434111	0.0157246	0.000355314	0.539462	201800
49600	0.000434541	0.0157402	0.000355666	0.539462	201600
49650	0.000434973	0.0157558	0.000356019	0.539462	201400
49700	0.000435405	0.0157122	0.000356373	0.540702	201200
49750	0.000435839	0.0157278	0.000356728	0.540702	201000
49800	0.000375406	0.0157435	0.000357083	0.507569	200800
49850	0.00037578	0.0157592	0.000384339	0.514643	200600
49900	0.000376155	0.0157749	0.000384723	0.514643	200400
49950	0.000376531	0.0157907	0.000385107	0.514643	200200
50000	0.000376908	0.0158065	0.000385492	0.514643	200000
50050	0.000377285	0.0157699	0.000385878	0.515658	199800
50100	0.000377663	0.0157857	0.000386265	0.515658	199600
50150	0.000378042	0.0158015	0.000386652	0.515658	199400
50200	0.000378421	0.0158174	0.00038704	0.515658	199200
50250	0.000378802	0.0158333	0.000387429	0.515658	199000
50300	0.000379183	0.0158015	0.000387819	0.516584	198800
50350	0.000379564	0.0157879	0.000388209	0.517158	198600
50400	0.000379947	0.0157418	0.000388601	0.518371	198400
50450	0.00038033	0.0158191	0.000388993	0.517171	198200
50500	0.000380715	0.0157903	0.000389386	0.518043	198000
50550	0.0003811	0.0158063	0.00038978	0.518043	197800
50600	0.000381485	0.0158223	0.000390174	0.518043	197600
50650	0.000381872	0.0158383	0.000390569	0.518043	197400
50700	0.000382259	0.0158019	0.000390965	0.519067	197200
50750	0.000382647	0.015818	0.000391362	0.519067	197000
50800	0.000383036	0.0158341	0.00039176	0.519067	196800
50850	0.000383426	0.0158043	0.000392159	0.519966	196600
50900	0.000383816	0.0158204	0.000392558	0.519966	196400
50950	0.000384207	0.0157149	0.000392958	0.522366	196200
51000	0.0003846	0.0157309	0.000393359	0.522366	196000
51050	0.000384992	0.0156374	0.000393761	0.524556	195800
51100	0.000385386	0.0156534	0.000394164	0.524556	195600
51150	0.00038578	0.0156694	0.000394567	0.524556	195400
51200	0.000386176	0.0156854	0.000394971	0.524556	195200
51250	0.000386572	0.0156412	0.000395376	0.525768	195000
51300	0.000386969	0.0156573	0.000395782	0.525768	194800
51350	0.000387366	0.0156139	0.000396189	0.526971	194600
51400	0.000387765	0.01563	0.000396597	0.526971	194400
51450	0.000388164	0.015646	0.000397005	0.526971	194200
51500	0.000388564	0.0156118	0.000397414	0.527993	194000
51550	0.000388965	0.0156279	0.000397825	0.527993	193800
51600	0.000415779	0.015644	0.000398236	0.542406	193600
51650	0.000416209	0.0156287	0.000398647	0.543073	193400
51700	0.00041664	0.0156449	0.00039906	0.543073	193200
51750	0.000417071	0.0156611	0.000399474	0.543073	193000
51800	0.000417504	0.015617	0.000399888	0.544353	192800
51850	0.000417938	0.0156333	0.000400303	0.544353	192600
51900	0.000418372	0.0155344	0.000400719	0.546815	192400
51950	0.000450109	0.0154962	0.000373941	0.558006	192200
52000	0.000450578	0.0155123	0.00037433	0.558006	192000
52050	0.000451048	0.0154715	0.000374721	0.559279	191800
52100	0.000451519	0.0154876	0.000375112	0.559279	191600
52150	0.000451991	0.0155038	0.000375504	0.559279	191400
52200	0.000452464	0.01552	0.000375897	0.559279	191200
52250	0.000452937	0.0155363	0.00037629	0.559279	191000
52300	0.000453412	0.0155525	0.000376685	0.559279	190800
52350	0.000453888	0.0155689	0.00037708	0.559279	190600
52400	0.000454365	0.0155852	0.000377476	0.559279	190400
52450	0.000454842	0.0156016	0.000377873	0.559279	190200
52500	0.000455321	0.015618	0.000378271	0.559279	190000
52550	0.000455801	0.0156345	0.000378669	0.559279	189800
52600	0.000456282	0.015651	0.000379069	0.559279	189600
52650	0.000456764	0.0156675	0.000379469	0.559279	189400
52700	0.000457246	0.0156841	0.00037987	0.559279	189200
52750	0.00045773	0.0157007	0.000380272	0.559279	189000
52800	0.000458215	0.0156647	0.000380675	0.560442	188800
52850	0.000458701	0.0156813	0.000381079	0.560442	188600
52900	0.000459188	0.0156979	0.000381483	0.560442	188400
52950	0.000459676	0.0157814	0.000381889	0.558972	188200
53000	0.000460165	0.0157982	0.000382295	0.558972	188000
53050	0.000460655	0.015815	0.000382702	0.558972	187800
53100	0.000461146	0.0158319	0.00038311	0.558972	187600
53150	0.000461638	0.0158488	0.000383519	0.558972	187400
53200	0.000462132	0.0158657	0.000383929	0.558972	187200
53250	0.000462626	0.0159152	0.000384339	0.558265	187000
53300	0.000463121	0.0159322	0.000384751	0.558265	186800
53350	0.000463618	0.0159493	0.000385163	0.558265	186600
53400	0.000464115	0.0159677	0.000385576	0.558238	186400
53450	0.000464614	0.0159848	0.00038599	0.558238	186200
53500	0.000465113	0.0158707	0.000386406	0.561094	186000
53550	0.000465614	0.0158878	0.000386821	0.561094	185800
53600	0.000466115	0.0159049	0.000387238	0.561094	185600
53650	0.000466618	0.0159221	0.000387656	0.561094	185400
53700	0.000467122	0.0159393	0.000388075	0.561094	185200
53750	0.000467627	0.0160213	0.000388494	0.559687	185000
53800	0.000468133	0.0160386	0.000388915	0.559687	184800
53850	0.00046864	0.016056	0.000389336	0.559687	184600
53900	0.000469149	0.0160734	0.000389758	0.559687	184400
53950	0.000469658	0.0160909	0.000390181	0.559687	184200
54000	0.000470169	0.0160448	0.000390606	0.56106	184000
54050	0.00047068	0.0160623	0.000391031	0.56106	183800
54100	0.000471193	0.0160797	0.000391457	0.56106	183600
54150	0.000471707	0.0160497	0.000391883	0.562092	183400
54200	0.000472222	0.0160672	0.000392311	0.562092	183200
54250	0.000472738	0.0160848	0.00039274	0.562092	183000
54300	0.000473255	0.0161024	0.00039317	0.562092	182800
54350	0.000473773	0.01612	0.0003936	0.562092	182600
54400	0.000474293	0.0160778	0.000394032	0.563392	182400
54450	0.000474814	0.0160353	0.000394464	0.564704	182200
54500	0.000475335	0.0160529	0.000394898	0.564704	182000
54550	0.000475858	0.0160706	0.000395332	0.564704	181800
54600	0.000476382	0.0160883	0.000395768	0.564704	181600
54650	0.000476908	0.016106	0.000396204	0.564704	181400
54700	0.000477434	0.0161238	0.000396641	0.564704	181200
54750	0.000477962	0.0161754	0.00039708	0.563971	181000
54800	0.00047849	0.0161611	0.000397519	0.564669	180800
54850	0.00047902	0.016179	0.000397959	0.564669	180600
54900	0.000479551	0.0161969	0.0003984	0.564669	180400
54950	0.000480083	0.0162149	0.000398843	0.564669	180200
55000	0.000480617	0.0162329	0.000399286	0.564669	180000
55050	0.000481151	0.0161845	0.00039973	0.566111	179800
55100	0.000481687	0.0162026	0.000400175	0.566111	179600
55150	0.000482224	0.0162206	0.000400621	0.566111	179400
55200	0.000482762	0.0162387	0.000401068	0.566111	179200
55250	0.000483302	0.0162569	0.000401516	0.566111	179000
55300	0.000483842	0.016275	0.000401965	0.566111	178800
55350	0.000484384	0.0162365	0.000402416	0.567344	178600
55400	0.00041545	0.0161157	0.000402867	0.533717	178400
55450	0.000415917	0.0161338	0.000403319	0.533717	178200
55500	0.000416384	0.0161519	0.000435978	0.541896	178000
55550	0.000416852	0.0161701	0.000436469	0.541896	177800
55600	0.000417322	0.0161883	0.00043696	0.541896	177600
55650	0.000417792	0.016174	0.000437453	0.542561	177400
55700	0.000418264	0.0161922	0.000437947	0.542561	177200
55750	0.000418737	0.0162105	0.000438441	0.542561	177000
55800	0.000386704	0.0161964	0.000438937	0.526102	176800
55850	0.000387142	0.0161556	0.000439435	0.527257	176600
55900	0.000387581	0.0161075	0.000439933	0.528562	176400
55950	0.000388021	0.0161258	0.000440432	0.528562	176200
56000	0.000388462	0.0161441	0.000440933	0.528562	176000
56050	0.000388934	0.0161625	0.000441434	0.528578	175800
56100	0.000389377	0.0161809	0.000441937	0.528578	175600
56150	0.000389821	0.0161993	0.000442441	0.528578	175400
56200	0.000390266	0.0162178	0.000442946	0.528578	175200
56250	0.000390712	0.0162364	0.000443452	0.528578	175000
56300	0.000391159	0.0162549	0.00044396	0.528578	174800
56350	0.000391607	0.0162736	0.000444468	0.528578	174600
56400	0.000392057	0.016278	0.000444978	0.528857	174400
56450	0.000392507	0.0162285	0.000445489	0.530193	174200
56500	0.000325313	0.0162471	0.000446001	0.494503	174000
56550	0.000268715	0.0162658	0.000446514	0.464257	173800
56600	0.000269024	0.0162845	0.000447028	0.464257	173600
56650	0.000269334	0.0163033	0.000447544	0.464257	173400
56700	0.000269645	0.0163222	0.000448061	0.464257	173200
56750	0.000306814	0.016341	0.000448579	0.483757	173000
56800	0.000307169	0.0162579	0.000449098	0.485492	172800
56850	0.000307525	0.0162106	0.000449618	0.486627	172600
56900	0.000307881	0.0162124	0.00045014	0.48692	172400
56950	0.000308239	0.0162312	0.000450663	0.48692	172200
57000	0.000308597	0.0161493	0.000451187	0.488663	172000
57050	0.000239346	0.0161684	0.000451712	0.451414	171800
57100	0.000239625	0.0161872	0.000452239	0.451414	171600
57150	0.000239905	0.0161437	0.000452766	0.452366	171400
57200	0.000240185	0.0161626	0.000453295	0.452366	171200
57250	0.000240466	0.0160559	0.000453825	0.4543	171000
57300	0.000240747	0.0160747	0.000454357	0.4543	170800
57350	0.00024103	0.0160936	0.000454889	0.4543	170600
57400	0.000241312	0.0161124	0.000455423	0.4543	170400
57450	0.000241596	0.0160589	0.000455959	0.455423	170200
57500	0.00024188	0.0160778	0.000387291	0.437212	170000
57550	0.000242165	0.0160968	0.000387747	0.437212	169800
57600	0.000242451	0.0161157	0.000388205	0.437212	169600
57650	0.000242737	0.0161465	0.000388663	0.437042	169400
57700	0.000243024	0.0161656	0.000389122	0.437042	169200
57750	0.000243311	0.0161848	0.000389583	0.437042	169000
57800	0.0002436	0.0162039	0.000390045	0.437042	168800
57850	0.000243889	0.0161762	0.000390507	0.43772	168600
57900	0.000244178	0.0161954	0.000325799	0.420561	168400
57950	0.000244469	0.0162147	0.000326186	0.420561	168200
58000	0.00024476	0.016234	0.000326574	0.420561	168000
58050	0.000245052	0.0162533	0.000326964	0.420561	167800
58100	0.000245344	0.0162727	0.000327354	0.420561	167600
58150	0.000245637	0.0162571	0.000327745	0.421032	167400
58200	0.000245931	0.0162766	0.000328137	0.421032	167200
58250	0.000246225	0.0162961	0.00032853	0.421032	167000
58300	0.000246521	0.0161152	0.000328924	0.423753	166800
58350	0.000246817	0.0160671	0.000329319	0.424682	166600
58400	0.000247113	0.0160229	0.000329715	0.425563	166400
58450	0.000247411	0.0160422	0.000330111	0.425563	166200
58500	0.000247709	0.0159931	0.000330509	0.426517	166000
58550	0.000248007	0.0159492	0.000330908	0.427405	165800
58600	0.000279765	0.0160006	0.000331307	0.444153	165600
58650	0.000280104	0.0158906	0.000331708	0.446112	165400
58700	0.000280443	0.0159098	0.00033211	0.446112	165200
58750	0.000280783	0.0158295	0.000332512	0.447637	165000
58800	0.000281123	0.0157736	0.000332916	0.448797	164800
58850	0.000281465	0.0157589	0.00033332	0.449324	164600
58900	0.000281807	0.015778	0.000333726	0.449324	164400
58950	0.000282151	0.0157972	0.000334132	0.449324	164200
59000	0.000282495	0.0158165	0.00033454	0.449324	164000
59050	0.00028284	0.0157522	0.000334948	0.450626	163800
59100	0.000283185	0.0157715	0.000335358	0.450626	163600
59150	0.000283532	0.0157908	0.000335768	0.450626	163400
59200	0.000283879	0.0158101	0.00033618	0.450626	163200
59250	0.000284228	0.0158295	0.000301129	0.441118	163000
59300	0.000284577	0.0159223	0.000301499	0.440021	162800
59350	0.000284927	0.0159419	0.000301869	0.440021	162600
59400	0.000285278	0.0159616	0.000302241	0.440021	162400
59450	0.00028563	0.0160236	0.00034015	0.449342	162200
59500	0.000285982	0.015824	0.00034057	0.452743	162000
59550	0.000286336	0.015884	0.000340991	0.45211	161800
59600	0.00028669	0.0159208	0.000341413	0.451843	161600
59650	0.000287045	0.0158382	0.000341836	0.453442	161400
59700	0.000287402	0.0158579	0.00034226	0.453442	161200
59750	0.000287759	0.0158776	0.000342685	0.453442	161000
59800	0.000288116	0.0157583	0.000343112	0.45564	160800
59850	0.000288475	0.0157779	0.000343539	0.45564	160600
59900	0.000288835	0.015769	0.000343967	0.456096	160400
59950	0.000289196	0.0157887	0.000344397	0.456096	160200
60000	0.000289557	0.0157756	0.000344827	0.456618	160000
60050	0.000289919	0.0157954	0.000345259	0.456618	159800
60100	0.000290283	0.0157589	0.000345691	0.457518	159600
60150	0.000290647	0.0157787	0.000346125	0.457518	159400
60200	0.000291012	0.0157985	0.00034656	0.457518	159200
60250	0.000291378	0.0157678	0.000346996	0.458329	159000
60300	0.000291745	0.0157106	0.000347433	0.459573	158800
60350	0.000292113	0.0155403	0.000347871	0.462688	158600
60400	0.000292482	0.01556	0.00034831	0.462688	158400
60450	0.000292852	0.0155796	0.000348751	0.462688	158200
60500	0.000293222	0.0155993	0.000349192	0.462688	158000
60550	0.000293594	0.0156191	0.000349635	0.462688	157800
60600	0.000293967	0.0156389	0.000350078	0.462688	157600
60650	0.00029434	0.0156588	0.000350523	0.462688	157400
60700	0.000294715	0.0156787	0.000350969	0.462688	157200
60750	0.00029509	0.0156987	0.000351416	0.462688	157000
60800	0.000295466	0.0157187	0.000351865	0.462688	156800
60850	0.000295844	0.0157056	0.000352314	0.463234	156600
60900	0.000296222	0.0157256	0.000352764	0.463234	156400
60950	0.000296601	0.0157458	0.000353216	0.463234	156200
61000	0.000296982	0.015766	0.000353669	0.463234	156000
61050	0.000297363	0.0157862	0.000354123	0.463234	155800
61100	0.000297745	0.0158065	0.000354578	0.463234	155600
61150	0.000298128	0.0157578	0.000355035	0.464364	155400
61200	0.000298512	0.0157781	0.000355492	0.464364	155200
61250	0.000298898	0.0157343	0.000355951	0.465423	155000
61300	0.000299284	0.0157546	0.000356411	0.465423	154800
61350	0.000299671	0.0157031	0.000356872	0.466613	154600
61400	0.000300059	0.0157235	0.000357334	0.466613	154400
61450	0.000300448	0.0156686	0.000357797	0.467868	154200
61500	0.000300838	0.0156889	0.000358262	0.467868	154000
61550	0.00030123	0.0157093	0.000358728	0.467868	153800
61600	0.000301622	0.0157298	0.000359195	0.467868	153600
61650	0.000302015	0.0157099	0.000359663	0.468543	153400
61700	0.000302409	0.0157304	0.000360133	0.468543	153200
61750	0.000302805	0.015751	0.000360604	0.468543	153000
61800	0.000303201	0.0157343	0.000361076	0.469166	152800
61850	0.000303598	0.0158081	0.000361549	0.468279	152600
61900	0.000303997	0.0158289	0.000362023	0.468279	152400
61950	0.000304396	0.0158497	0.000362499	0.468279	152200
62000	0.000304797	0.0158705	0.000362976	0.468279	152000
62050	0.000305198	0.0158143	0.000363454	0.46956	151800
62100	0.000305601	0.0158352	0.000363934	0.46956	151600
62150	0.000306005	0.0158561	0.000364415	0.46956	151400
62200	0.00030641	0.0158771	0.000364897	0.46956	151200
62250	0.000306815	0.0158574	0.00036538	0.470238	151000
62300	0.000307222	0.0158089	0.000365864	0.471401	150800
62350	0.00030763	0.0157912	0.00036635	0.472052	150600
62400	0.000308039	0.0157432	0.000366838	0.473219	150400
62450	0.00030845	0.0157642	0.000367326	0.473219	150200
62500	0.000308861	0.0158664	0.000367816	0.471851	150000
62550	0.000309273	0.0158876	0.000368307	0.471851	149800
62600	0.000309687	0.0158473	0.000368799	0.472883	149600
62650	0.000310101	0.0158686	0.000369293	0.472883	149400
62700	0.000310517	0.0159286	0.000369788	0.472233	149200
62750	0.000310934	0.01595	0.000370284	0.472233	149000
62800	0.000311352	0.0159714	0.000370782	0.472233	148800
62850	0.000311771	0.015777	0.000371281	0.475877	148600
62900	0.000312191	0.0157983	0.000290924	0.454304	148400
62950	0.000312612	0.0158196	0.000291317	0.454304	148200
63000	0.000313035	0.015841	0.000291711	0.454304	148000
63050	0.000313458	0.0158168	0.000292105	0.455026	147800
63100	0.000313883	0.0158382	0.000292501	0.455026	147600
63150	0.000314309	0.0158597	0.000292898	0.455026	147400
63200	0.000314736	0.0158813	0.000293296	0.455026	147200
63250	0.000315164	0.0158683	0.000293695	0.455573	147000
63300	0.000315593	0.0158899	0.000294095	0.455573	146800
63350	0.000316024	0.015832	0.000294496	0.456837	146600
63400	0.000316456	0.0158741	0.000294899	0.456511	146400
63450	0.000316889	0.0159847	0.000295302	0.455108	146200
63500	0.000317323	0.0160066	0.000295707	0.455108	146000
63550	0.000317758	0.0159588	0.000296112	0.456205	145800
63600	0.000318195	0.0160654	0.000296519	0.454876	145600
63650	0.000318632	0.0160875	0.000296927	0.454876	145400
63700	0.000319071	0.0159805	0.000297336	0.456902	145200
63750	0.000319511	0.0158044	0.000297746	0.46007	145000
63800	0.000319953	0.0158263	0.000298157	0.46007	144800
63850	0.000320395	0.0158481	0.00029857	0.46007	144600
63900	0.000280568	0.0157896	0.000298983	0.439115	144400
63950	0.000280958	0.0156888	0.000299398	0.440959	144200
64000	0.000281348	0.0157106	0.000299814	0.440959	144000
64050	0.000281739	0.0157325	0.000300231	0.440959	143800
64100	0.000282132	0.0156093	0.000300649	0.443169	143600
64150	0.000282525	0.015631	0.000301068	0.443169	143400
64200	0.00028292	0.0156529	0.000301489	0.443169	143200
64250	0.000283315	0.0155977	0.00030191	0.444354	143000
64300	0.000283712	0.0156624	0.000218046	0.420708	142800
64350	0.00028411	0.015617	0.000218351	0.421653	142600
64400	0.000284509	0.015639	0.000218658	0.421653	142400
64450	0.000284909	0.015661	0.000218966	0.421653	142200
64500	0.00028531	0.0156088	0.000219274	0.422701	142000
64550	0.000285713	0.0155546	0.000219583	0.423784	141800
64600	0.000286116	0.015496	0.000219893	0.424938	141600
64650	0.000286521	0.015518	0.000220204	0.424938	141400
64700	0.000286927	0.0155399	0.000220516	0.424938	141200
64750	0.000287334	0.015562	0.000220829	0.424938	141000
64800	0.000287742	0.0156061	0.000221143	0.424623	140800
64850	0.000288151	0.0156283	0.000221457	0.424623	140600
64900	0.000288562	0.0155054	0.000221773	0.42671	140400
64950	0.000288973	0.0155275	0.000222089	0.42671	140200
65000	0.000289386	0.0155497	0.000222406	0.42671	140000
65050	0.000295401	0.0155004	0.000222725	0.430923	139800
65100	0.000295825	0.0155227	0.000223044	0.430923	139600
65150	0.000296249	0.0155449	0.000223364	0.430923	139400
65200	0.000296675	0.0155851	0.000223685	0.430661	139200
65250	0.000297102	0.0156075	0.000224006	0.430661	139000
65300	0.00029753	0.015592	0.000224329	0.431219	138800
65350	0.000297959	0.0156145	0.000224653	0.431219	138600
65400	0.00029839	0.0155629	0.000267513	0.443966	138400
65450	0.000298821	0.0154994	0.0002679	0.445302	138200
65500	0.000299255	0.0154322	0.000268289	0.446708	138000
65550	0.000299689	0.0154546	0.000268678	0.446708	137800
65600	0.000300124	0.0154771	0.000269069	0.446708	137600
65650	0.000300561	0.0155032	0.00026946	0.446651	137400
65700	0.000300999	0.0155258	0.000269853	0.446651	137200
65750	0.000301439	0.0154649	0.000270247	0.447965	137000
65800	0.00030188	0.0153985	0.000270642	0.449379	136800
65850	0.000302322	0.0154211	0.000271038	0.449379	136600
65900	0.000302765	0.0154437	0.000271436	0.449379	136400
65950	0.000303209	0.0154664	0.000271834	0.449379	136200
66000	0.000303655	0.0154442	0.000272234	0.450093	136000
66050	0.000304103	0.015467	0.000272635	0.450093	135800
66100	0.000304551	0.0154053	0.000273037	0.451445	135600
66150	0.000305001	0.0153452	0.00027344	0.452783	135400
66200	0.000305452	0.0152812	0.000273845	0.454195	135200
66250	0.000305905	0.0153038	0.000274251	0.454195	135000
66300	0.000306358	0.0152349	0.000274657	0.455701	134800
66350	0.000306814	0.0152575	0.000275066	0.455701	134600
66400	0.00030727	0.0152802	0.000275475	0.455701	134400
66450	0.000307728	0.0152572	0.000275885	0.456456	134200
66500	0.000308187	0.0152799	0.000276297	0.456456	134000
66550	0.000308648	0.0153028	0.00027671	0.456456	133800
66600	0.00030911	0.0153257	0.000277124	0.456456	133600
66650	0.000309574	0.0153487	0.00027754	0.456456	133400
66700	0.000310038	0.0152952	0.000277957	0.457719	133200
66750	0.000310505	0.0153182	0.000278375	0.457719	133000
66800	0.000310972	0.0152497	0.000278794	0.459241	132800
66850	0.000311441	0.0152746	0.000279214	0.45921	132600
66900	0.000311912	0.0152977	0.000279636	0.45921	132400
66950	0.000312384	0.0153208	0.000280059	0.45921	132200
67000	0.000312857	0.015344	0.000280484	0.45921	132000
67050	0.000313332	0.0153673	0.000280909	0.45921	131800
67100	0.000313808	0.0153064	0.000281336	0.460614	131600
67150	0.000314286	0.0153297	0.000281764	0.460614	131400
67200	0.000314765	0.015353	0.000282194	0.460614	131200
67250	0.000315245	0.0153765	0.000282625	0.460614	131000
67300	0.000315727	0.0154	0.000283057	0.460614	130800
67350	0.000316211	0.0154426	0.00028349	0.460297	130600
67400	0.000316696	0.0152507	0.000283925	0.463914	130400
67450	0.000317182	0.0152742	0.000284361	0.463914	130200
67500	0.00031767	0.0152977	0.000284799	0.463914	130000
67550	0.00031816	0.015241	0.000285238	0.465279	129800
67600	0.000318651	0.0152645	0.000285678	0.465279	129600
67650	0.000319143	0.0152178	0.000286119	0.466483	129400
67700	0.000319637	0.0149569	0.000286562	0.471456	129200
67750	0.000320133	0.0148854	0.000287006	0.473149	129000
67800	0.00032063	0.0147257	0.000287452	0.476473	128800
67850	0.000321128	0.0147486	0.000287899	0.476473	128600
67900	0.000321629	0.014703	0.000288348	0.477736	128400
67950	0.00032213	0.014641	0.000288797	0.479314	128200
68000	0.000322634	0.0146639	0.000289249	0.479314	128000
68050	0.000323139	0.0146868	0.000289701	0.479314	127800
68100	0.000323645	0.0146728	0.000290155	0.480003	127600
68150	0.000324153	0.0146959	0.000290611	0.480003	127400
68200	0.000324663	0.014771	0.000291068	0.479039	127200
68250	0.000325174	0.0147477	0.000198434	0.45325	127000
68300	0.000325687	0.0147709	0.000198747	0.45325	126800
68350	0.000326202	0.0147943	0.000199061	0.45325	126600
68400	0.000326718	0.0148399	0.000199376	0.452875	126400
68450	0.000327236	0.0148635	0.000199692	0.452875	126200
68500	0.000327755	0.0147481	0.000200009	0.455226	126000
68550	0.000328276	0.0147715	0.000200327	0.455226	125800
68600	0.000328799	0.0147284	0.000200646	0.456366	125600
68650	0.000329323	0.0147519	0.000200966	0.456366	125400
68700	0.000329849	0.0147755	0.000114788	0.431385	125200
68750	0.000330377	0.0147021	0.000114972	0.432903	125000
68800	0.000330906	0.01462	0.000115156	0.434576	124800
68850	0.000331438	0.0145949	0.000115341	0.435352	124600
68900	0.00033197	0.0145346	0.000115526	0.436699	124400
68950	0.000332505	0.0145114	0.000115712	0.437453	124200
69000	0.000333041	0.014434	0.000115899	0.4391	124000
69050	0.000333579	0.0144573	7.82909e-05	0.427883	123800
69100	0.000334119	0.0144807	7.84176e-05	0.427883	123600
69150	0.000334661	0.0145042	7.85447e-05	0.427883	123400
69200	0.000335204	0.0144286	7.86722e-05	0.429442	123200
69250	0.000335749	0.0144521	7.88001e-05	0.429442	123000
69300	0.000336296	0.0144299	7.89284e-05	0.430166	122800
69350	0.000336844	0.0144534	7.90572e-05	0.430166	122600
69400	0.000337395	0.014477	7.91864e-05	0.430166	122400
69450	0.000337947	0.0145007	7.9316e-05	0.430166	122200
69500	0.000338501	0.0145245	7.9446e-05	0.430166	122000
69550	0.000339057	0.0145483	7.95764e-05	0.430166	121800
69600	0.000294946	0.0145723	7.97073e-05	0.403034	121600
69650	0.000295432	0.0145963	3.07462e-05	0.388398	121400
69700	0.000295919	0.0146204	3.07969e-05	0.388398	121200
69750	0.000296409	0.0145453	-1.8764e-05	0.374757	121000
69800	0.000296899	0.0145694	-1.87951e-05	0.374757	120800
69850	0.000297392	0.0145936	-1.88263e-05	0.374757	120600
69900	0.000297886	0.0146178	-1.88575e-05	0.374757	120400
69950	0.000298381	0.0146206	-1.88889e-05	0.375018	120200
70000	0.000298879	0.014645	-1.89204e-05	0.375018	120000
70050	0.000299378	0.0146694	-1.8952e-05	0.375018	119800
70100	0.000299878	0.0145459	-1.89837e-05	0.376822	119600
70150	0.000300381	0.0145703	-1.90155e-05	0.376822	119400
70200	0.000300885	0.0145947	-1.90474e-05	0.376822	119200
70250	0.00030139	0.0145953	-1.90794e-05	0.377115	119000
70300	0.000301898	0.0146218	-1.91115e-05	0.377092	118800
70350	0.000302407	0.0146464	-1.91437e-05	0.377092	118600
70400	0.000302918	0.0146712	-1.91761e-05	0.377092	118400
70450	0.00030343	0.014696	-1.92085e-05	0.377092	118200
70500	0.000303944	0.0147209	-1.92411e-05	0.377092	118000
70550	0.00030446	0.0147459	-1.92737e-05	0.377092	117800
70600	0.000304978	0.0146737	-1.93065e-05	0.37828	117600
70650	0.000305498	0.0146987	-1.93394e-05	0.37828	117400
70700	0.000306019	0.0147237	7.18369e-05	0.405299	117200
70750	0.000306542	0.0146568	7.19597e-05	0.406591	117000
70800	0.000307067	0.0146819	7.20829e-05	0.406591	116800
70850	0.000307594	0.0147071	7.22066e-05	0.406591	116600
70900	0.000308122	0.0146358	7.23306e-05	0.407956	116400
70950	0.000308653	0.014661	7.24551e-05	0.407956	116200
71000	0.000309185	0.0146863	7.258e-05	0.407956	116000
71050	0.000309719	0.0147117	7.27054e-05	0.407956	115800
71100	0.000310255	0.014639	7.28312e-05	0.40935	115600
71150	0.000310792	0.0146644	7.29574e-05	0.40935	115400
71200	0.000311332	0.0146898	7.30841e-05	0.40935	115200
71250	0.000311873	0.0147154	7.32112e-05	0.40935	115000
71300	0.000312417	0.014741	7.33387e-05	0.40935	114800
71350	0.000312962	0.0147667	7.34667e-05	0.40935	114600
71400	0.000313509	0.0147411	7.35951e-05	0.410082	114400
71450	0.000314058	0.0148244	2.18128e-05	0.394054	114200
71500	0.000314609	0.0148504	2.18511e-05	0.394054	114000
71550	0.000315162	0.0148765	2.18895e-05	0.394054	113800
71600	0.000315717	0.0149027	2.19281e-05	0.394054	113600
71650	0.000316274	0.014929	2.19667e-05	0.394054	113400
71700	0.000316833	0.0149554	2.20055e-05	0.394054	113200
71750	0.000317393	0.0149818	2.20445e-05	0.394054	113000
71800	0.000317956	0.0150084	2.20836e-05	0.394054	112800
71850	0.000318521	0.015035	2.21228e-05	0.394054	112600
71900	0.000319088	0.0150618	2.21622e-05	0.394054	112400
71950	0.000319656	0.0150886	2.22017e-05	0.394054	112200
72000	0.000320227	0.0151156	2.22413e-05	0.394054	112000
72050	0.0003208	0.0151426	2.22811e-05	0.394054	111800
72100	0.000321375	0.0151698	2.2321e-05	0.394054	111600
72150	0.000321952	0.0151786	-7.92365e-05	0.364924	111400
72200	0.000322531	0.0151848	-7.9379e-05	0.365158	111200
72250	0.000323112	0.0152121	-7.9522e-05	0.365158	111000
72300	0.000323695	0.0152396	-7.96656e-05	0.365158	110800
72350	0.000324281	0.0151596	-7.98096e-05	0.36635	110600
72400	0.000324868	0.0151871	-7.99542e-05	0.36635	110400
72450	0.000325458	0.0152146	-8.00993e-05	0.36635	110200
72500	0.000326049	0.0152423	-8.0245e-05	0.36635	110000
72550	0.000326643	0.0151679	-8.03911e-05	0.367489	109800
72600	0.000327239	0.0151956	-8.05378e-05	0.367489	109600
72650	0.000327838	0.0152234	-8.06851e-05	0.367489	109400
72700	0.000328438	0.0152513	-8.08328e-05	0.367489	109200
72750	0.000329041	0.0152312	-8.09812e-05	0.368027	109000
72800	0.000329646	0.0152592	-8.113e-05	0.368027	108800
72850	0.000330253	0.0151872	-8.12794e-05	0.369152	108600
72900	0.000330862	0.0152153	-8.14294e-05	0.369152	108400
72950	0.000331474	0.0152434	-8.15799e-05	0.369152	108200
73000	0.000332087	0.0151897	-8.1731e-05	0.370079	108000
73050	0.000332704	0.0152179	-8.18826e-05	0.370079	107800
73100	0.000333322	0.0152462	-8.20348e-05	0.370079	107600
73150	0.000333943	0.0152746	-8.21876e-05	0.370079	107400
73200	0.000334566	0.0151978	-8.23409e-05	0.371277	107200
73250	0.000335191	0.0152262	-8.24948e-05	0.371277	107000
73300	0.000335819	0.0152547	-8.26493e-05	0.371277	106800
73350	0.000336449	0.0152833	-8.28044e-05	0.371277	106600
73400	0.000337081	0.015312	-8.296e-05	0.371277	106400
73450	0.000337716	0.0153127	-8.31163e-05	0.371596	106200
73500	0.000338353	0.0151836	-8.32731e-05	0.37341	106000
73550	0.000338993	0.0152123	-8.34305e-05	0.37341	105800
73600	0.000339635	0.0151387	-8.35885e-05	0.374602	105600
73650	0.000340279	0.0149488	-8.37471e-05	0.377192	105400
73700	0.000340926	0.0149772	-8.39063e-05	0.377192	105200
73750	0.000341576	0.0149117	-8.40662e-05	0.378326	105000
73800	0.000342227	0.0149402	-8.42266e-05	0.378326	104800
73850	0.000342882	0.0149701	-8.43876e-05	0.378309	104600
73900	0.000343539	0.0149988	-8.45493e-05	0.378309	104400
73950	0.000344198	0.0150276	-8.47116e-05	0.378309	104200
74000	0.00034486	0.0150565	-8.48745e-05	0.378309	104000
74050	0.000345524	0.0149081	-8.5038e-05	0.38046	103800
74100	0.000346192	0.0149369	-8.52022e-05	0.38046	103600
74150	0.000346861	0.0148592	-8.5367e-05	0.381771	103400
74200	0.000347533	0.014734	-8.55324e-05	0.383695	103200
74250	0.000348208	0.0147626	-8.56985e-05	0.383695	103000
74300	0.000348886	0.0146708	-8.58652e-05	0.385224	102800
74350	0.000349566	0.0146994	-8.60326e-05	0.385224	102600
74400	0.000350248	0.014611	-8.62006e-05	0.386727	102400
74450	0.000350934	0.0145234	-8.63693e-05	0.388238	102200
74500	0.000351622	0.0145518	-8.65387e-05	0.388238	102000
74550	0.000352313	0.0145056	-8.67087e-05	0.38922	101800
74600	0.000353006	0.0144492	-8.68794e-05	0.390344	101600
74650	0.000353703	0.0144777	-8.70508e-05	0.390344	101400
74700	0.000354402	0.0145063	-8.72228e-05	0.390344	101200
74750	0.000355103	0.0144507	-8.73955e-05	0.391467	101000
74800	0.000355808	0.0144794	-8.75689e-05	0.391467	100800
74850	0.000356515	0.0145377	-8.7743e-05	0.391075	100600
74900	0.000357226	0.0145666	-8.79178e-05	0.391075	100400
74950	0.000357939	0.0145957	-8.80933e-05	0.391075	100200
75000	0.000358654	0.0146249	-8.82695e-05	0.391075	100000
75050	0.000359373	0.0146542	-8.84464e-05	0.391075	99800
75100	0.000360095	0.0146836	-8.8624e-05	0.391075	99600
75150	0.000360819	0.0147132	-8.88023e-05	0.391075	99400
75200	0.000361547	0.0147428	-8.89813e-05	0.391075	99200
75250	0.000362277	0.0147726	-8.91611e-05	0.391075	99000
75300	0.000363011	0.0148025	-8.93416e-05	0.391075	98800
75350	0.000363747	0.0147182	-8.95228e-05	0.392575	98600
75400	0.000364486	0.0147481	-8.97047e-05	0.392575	98400
75450	0.000365229	0.0147781	-8.98874e-05	0.392575	98200
75500	0.000365974	0.0148083	-9.00709e-05	0.392575	98000
75550	0.000366722	0.0146895	-9.02551e-05	0.394549	97800
75600	0.000367474	0.0147196	-9.044e-05	0.394549	97600
75650	0.000368228	0.0147499	-9.06257e-05	0.394549	97400
75700	0.00025714	0.0147802	-9.08122e-05	0.326342	97200
75750	0.00025767	0.0148107	-9.09994e-05	0.326342	97000
75800	0.000258202	0.0148413	-9.11875e-05	0.326342	96800
75850	0.000258737	0.014872	-9.13763e-05	0.326342	96600
75900	0.000259274	0.0149029	-9.15658e-05	0.326342	96400
75950	0.000259813	0.0148041	-9.17562e-05	0.327485	96200
76000	0.000260354	0.0148349	-9.19474e-05	0.327485	96000
76050	0.000260897	0.0148797	-9.21393e-05	0.327363	95800
76100	0.000261443	0.0148107	-9.23321e-05	0.328252	95600
76150	0.000261991	0.0147162	-9.25256e-05	0.329381	95400
76200	0.000262542	0.0147471	-9.272e-05	0.329381	95200
76250	0.000263094	0.0147782	-9.29152e-05	0.329381	95000
76300	0.00026365	0.0148094	-9.31112e-05	0.329381	94800
76350	0.000264207	0.0148407	-9.33081e-05	0.329381	94600
76400	0.000264767	0.0148721	-9.35058e-05	0.329381	94400
76450	0.000265329	0.0149037	-9.37043e-05	0.329381	94200
76500	0.000265893	0.0149354	-9.39037e-05	0.329381	94000
76550	0.00026646	0.0149412	-9.41039e-05	0.329614	93800
76600	0.00026703	0.0148519	-9.4305e-05	0.330705	93600
76650	0.000267601	0.0148837	-9.45069e-05	0.330705	93400
76700	0.000268176	0.0149157	-9.47097e-05	0.330705	93200
76750	0.000268752	0.0147164	-9.49134e-05	0.332822	93000
76800	0.000269332	0.0147481	-9.5118e-05	0.332822	92800
76850	0.000269913	0.0146531	-9.53234e-05	0.334007	92600
76900	0.000270498	0.0146855	-9.55297e-05	0.334	92400
76950	0.000271084	0.0147174	-9.57369e-05	0.334	92200
77000	0.000271674	0.0147494	-9.59451e-05	0.334	92000
77050	0.000272266	0.0147815	-9.61541e-05	0.334	91800
77100	0.00027286	0.0148138	-9.6364e-05	0.334	91600
77150	0.000273457	0.0148462	-9.65749e-05	0.334	91400
77200	0.000274057	0.0148788	-9.67867e-05	0.334	91200
77250	0.000274659	0.0149115	-9.69994e-05	0.334	91000
77300	0.000275264	0.0149443	-9.72131e-05	0.334	90800
77350	0.000275872	0.0149773	-9.74277e-05	0.334	90600
77400	0.000276482	0.0150104	-9.76432e-05	0.334	90400
77450	0.000277095	0.0150437	-9.78597e-05	0.334	90200
77500	0.000277711	0.0150771	-9.80772e-05	0.334	90000
77550	0.000278329	0.0151107	-9.82956e-05	0.334	89800
77600	0.000278951	0.0151444	-9.8515e-05	0.334	89600
77650	0.000279575	0.0151783	-9.87354e-05	0.334	89400
77700	0.000280202	0.0150864	-9.89568e-05	0.335152	89200
77750	0.000280831	0.0151203	-9.91792e-05	0.335152	89000
77800	0.000281464	0.0151543	-9.94025e-05	0.335152	88800
77850	0.000282099	0.0151886	-9.96269e-05	0.335152	88600
77900	0.000282737	0.0152229	-9.98523e-05	0.335152	88400
77950	0.000283378	0.0152574	-0.000100079	0.335152	88200
78000	0.000284022	0.0152921	-0.000100306	0.335152	88000
78050	0.000284669	0.0153269	-0.000100535	0.335152	87800
78100	0.000285319	0.0153619	-0.000100764	0.335152	87600
78150	0.000285972	0.0153971	-0.000100995	0.335152	87400
78200	0.000286628	0.0154324	-0.000101226	0.335152	87200
78250	0.000287287	0.0153968	-0.000101459	0.335795	87000
78300	0.000287949	0.0153379	-0.000101693	0.336654	86800
78350	0.000288614	0.0152394	-0.000101928	0.337889	86600
78400	0.000289282	0.0152747	-0.000102164	0.337889	86400
78450	0.000289953	0.01525	-0.000102401	0.338449	86200
78500	0.000290628	0.0150728	-0.000102639	0.340456	86000
78550	0.000291305	0.0151079	-0.000102878	0.340456	85800
78600	0.000291986	0.0151432	-0.000103119	0.340456	85600
78650	0.000292669	0.0151787	-0.00010336	0.340456	85400
78700	0.000293357	0.0152143	-0.000103603	0.340456	85200
78750	0.000294047	0.0152501	-0.000103846	0.340456	85000
78800	0.00029474	0.0152861	-0.000104091	0.340456	84800
78850	0.000295437	0.0150348	-0.000104337	0.343213	84600
78900	0.000296137	0.0150704	-0.000104585	0.343213	84400
78950	0.000296841	0.0151062	-0.000104833	0.343213	84200
79000	0.000297547	0.0151422	-0.000105083	0.343213	84000
79050	0.000298257	0.0151061	-0.000105333	0.343915	83800
79100	0.000298971	0.0151423	-0.000105585	0.343915	83600
79150	0.000299688	0.0151786	-0.000105839	0.343915	83400
79200	0.000300408	0.0150908	-0.000106093	0.345131	83200
79250	0.000301132	0.0149891	-0.000106349	0.346502	83000
79300	0.00023547	0.0148925	-0.000106606	0.30735	82800
79350	0.00023604	0.0149286	-0.000106864	0.30735	82600
79400	0.000236613	0.0147228	-0.000107123	0.309191	82400
79450	0.000237189	0.0147586	-0.000107384	0.309191	82200
79500	0.000237767	0.0147946	-0.000107646	0.309191	82000
79550	0.000238349	0.0148308	-0.000107909	0.309191	81800
79600	0.000238933	0.0148671	-0.000108173	0.309191	81600
79650	0.00023952	0.0147531	-0.000108439	0.310352	81400
79700	0.00024011	0.0147894	-0.000108706	0.310352	81200
79750	0.000240703	0.014826	-0.000108975	0.310352	81000
79800	0.000241298	0.0148627	-0.000109244	0.310352	80800
79850	0.000241897	0.0148995	-0.000109515	0.310352	80600
79900	0.000242499	0.0149366	-0.000109788	0.310352	80400
79950	0.000243104	0.0147593	-0.000110062	0.312022	80200
80000	0.000243711	0.014502	-0.000110337	0.314387	80000
80050	0.000244322	0.0145384	-0.000110613	0.314387	79800
80100	0.000244936	0.0145749	-0.000110891	0.314387	79600
80150	0.000245553	0.0146116	-0.000111171	0.314387	79400
80200	0.000246173	0.0146485	-0.000112114	0.314184	79200
80250	0.000246796	0.0146341	-0.000112398	0.314602	79000
80300	0.000247423	0.0146712	-0.000112683	0.314602	78800
80350	0.000248052	0.0145725	-0.00011297	0.315714	78600
80400	0.000248685	0.0146097	-0.000113258	0.315714	78400
80450	0.000249321	0.014647	-0.000113547	0.315714	78200
80500	0.00024996	0.0146846	-0.000113839	0.315714	78000
80550	0.000250603	0.0145788	-0.000114131	0.316897	77800
80600	0.000251249	0.0146164	-0.000114425	0.316897	77600
80650	0.000251898	0.0146542	-0.000114721	0.316897	77400
80700	0.000252551	0.0146921	-0.000115018	0.316897	77200
80750	0.000253207	0.0147303	-0.000115317	0.316897	77000
80800	0.000253866	0.0146959	-0.000115617	0.317497	76800
80850	0.000254529	0.0147343	-0.000115919	0.317497	76600
80900	0.000255195	0.0147729	-0.000116223	0.317497	76400
80950	0.000255865	0.0146823	-0.000116528	0.318572	76200
81000	0.000256538	0.0147262	-0.000116834	0.318528	76000
81050	0.000257215	0.0147651	-0.000117143	0.318528	75800
81100	0.000257896	0.0148042	-0.000117453	0.318528	75600
81150	0.00025858	0.0148434	-0.000117764	0.318528	75400
81200	0.000259267	0.0148829	-0.000118077	0.318528	75200
81250	0.000184469	0.0147716	-0.000118392	0.273031	75000
81300	0.000184963	0.0148111	-0.000118709	0.273031	74800
81350	0.000185459	0.0148508	-0.000119027	0.273031	74600
81400	0.000268336	0.0148918	-0.000119347	0.323613	74400
81450	0.000269059	0.0149319	-0.000119669	0.323613	74200
81500	0.000269786	0.014812	-0.000119992	0.324997	74000
81550	0.000270517	0.0144257	-0.000120317	0.328819	73800
81600	0.000271252	0.0144649	-0.000120644	0.328819	73600
81650	0.000271992	0.0145043	-0.000120973	0.328819	73400
81700	0.000272735	0.0143763	-0.000121303	0.33037	73200
81750	0.000273482	0.014336	-0.000121636	0.331118	73000
81800	0.000274233	0.0143754	-0.00012197	0.331118	72800
81850	0.000274989	0.014415	-0.000122306	0.331118	72600
81900	0.000275748	0.0144548	-0.000122644	0.331118	72400
81950	0.000276512	0.0144949	-0.000122984	0.331118	72200
82000	0.00027728	0.0145351	-0.000123325	0.331118	72000
82050	0.000278053	0.014607	-0.000123669	0.330827	71800
82100	0.000278829	0.0146478	-0.000124014	0.330827	71600
82150	0.00027961	0.0146888	-0.000124362	0.330827	71400
82200	0.000280396	0.0143931	-0.000124711	0.333988	71200
82250	0.000281186	0.0144336	-0.000125062	0.333988	71000
82300	0.00028198	0.0144744	-0.000125415	0.333988	70800
82350	0.00024028	0.0145154	-0.000125771	0.307334	70600
82400	0.000240962	0.0145566	-0.000126128	0.307334	70400
82450	0.000241649	0.0145981	-0.000126487	0.307334	70200
82500	0.000242339	0.0146398	-0.000126849	0.307334	70000
82550	0.000243034	0.0146818	-0.000127212	0.307334	69800
82600	0.000243732	0.014724	-0.000127578	0.307334	69600
82650	0.000244435	0.0147664	-0.000127945	0.307334	69400
82700	0.000245141	0.0148091	-0.000128315	0.307334	69200
82750	0.000245852	0.014852	-0.000128687	0.307334	69000
82800	0.000246566	0.0148952	-0.000129061	0.307334	68800
82850	0.000247285	0.0149386	-0.000129438	0.307334	68600
82900	0.000248008	0.0149823	-0.000129816	0.307334	68400
82950	0.000248735	0.014853	-0.000130197	0.30864	68200
83000	0.000249467	0.0148967	-0.00013058	0.30864	68000
83050	0.000250203	0.0149406	-0.000130965	0.30864	67800
83100	0.000250943	0.0149848	-0.000131352	0.30864	67600
83150	0.000251688	0.0150293	-0.000131742	0.30864	67400
83200	0.000252437	0.015074	-0.000132134	0.30864	67200
83250	0.00025319	0.015119	-0.000132529	0.30864	67000
83300	0.000253948	0.0151643	-0.000132925	0.30864	66800
83350	0.000254711	0.0152098	-0.000205223	0.287234	66600
83400	0.000255478	0.0152556	-0.000205841	0.287234	66400
83450	0.00025625	0.0153017	-0.000206463	0.287234	66200
83500	0.000257027	0.0153481	-0.000207089	0.287234	66000
83550	0.000257808	0.0153947	-0.000207718	0.287234	65800
83600	0.000258594	0.0154417	-0.000208351	0.287234	65600
83650	0.000356528	0.0153978	-0.000208989	0.345407	65400
83700	0.000357622	0.015299	-0.00020963	0.346835	65200
83750	0.000358722	0.0153461	-0.000210275	0.346835	65000
83800	0.000359829	0.0154381	-0.000210924	0.346398	64800
83850	0.000200772	0.0154859	-0.000211577	0.251559	64600
83900	0.000201395	0.015534	-0.000212234	0.251559	64400
83950	0.000202023	0.0155824	-0.000212895	0.251559	64200
84000	0.000202654	0.0156311	-0.00021356	0.251559	64000
84050	0.000203289	0.0155194	-0.00021423	0.252151	63800
84100	0.000203928	0.0155683	-0.000214903	0.252151	63600
84150	0.000204572	0.0156174	-0.000215581	0.252151	63400
84200	0.000205219	0.0156668	-0.000216263	0.252151	63200
84250	0.000205871	0.0157165	-0.00021695	0.252151	63000
84300	0.000206526	0.0157666	-0.000217641	0.252151	62800
84350	0.000207186	0.0158169	-0.000218336	0.252151	62600
84400	0.00020785	0.0158676	-0.000219036	0.252151	62400
84450	0.000208519	0.0159187	-0.000409865	0.19651	62200
84500	0.000209191	0.01597	-0.000411187	0.19651	62000
84550	0.000209868	0.0160217	-0.000412518	0.19651	61800
84600	0.00021055	0.0158766	-0.000413857	0.196537	61600
84650	0.000211235	0.0159283	-0.000415205	0.196537	61400
84700	0.000211926	0.0159804	-0.000416562	0.196537	61200
84750	0.000212621	0.0160328	-0.000417928	0.196537	61000
84800	0.00021332	0.0159889	-0.000419302	0.19655	60800
84850	0.000214024	0.0160417	-0.000420686	0.19655	60600
84900	0.000214733	0.0161435	-0.000422079	0.196544	60400
84950	0.000215446	0.0161971	-0.000423482	0.196544	60200
85000	0.000216164	0.0162511	-0.000424893	0.196544	60000
85050	0.000216887	0.016498	-0.000426314	0.196518	59800
85100	0.000217615	0.0165534	-0.000427745	0.196518	59600
85150	0.000218348	0.0166091	-0.000429185	0.196518	59400
85200	0.000219085	0.016419	-0.000430635	0.196551	59200
85250	0.000219828	0.0164747	-0.000432095	0.196551	59000
85300	0.000220576	0.0165307	-0.000433564	0.196551	58800
85350	0.000221329	0.0165871	-0.000435044	0.196551	58600
85400	0.000222086	0.0166439	-0.000436534	0.196551	58400
85450	0.00022285	0.0167102	-0.000438034	0.196549	58200
85500	0.000223618	0.0167679	-0.000439545	0.196549	58000
85550	0.000224392	0.0168259	-0.000441066	0.196549	57800
85600	0.000225171	0.0168843	-0.000442597	0.196549	57600
85650	0.000225956	0.0167416	-0.000444139	0.196576	57400
85700	0.000226746	0.0168001	-0.000445692	0.196576	57200
85750	0.000227541	0.0168591	-0.000447256	0.196576	57000
85800	0.000228342	0.0169185	-0.000448831	0.196576	56800
85850	0.000229149	0.0169782	-0.000517686	0.177812	56600
85900	0.000229962	0.0168422	-0.000519522	0.177616	56400
85950	0.00023078	0.0166981	-0.000521371	0.177407	56200
86000	0.000231604	0.0167577	-0.000523233	0.177407	56000
86050	0.000232435	0.016634	-0.000525108	0.177216	55800
86100	0.000233271	0.0166938	-0.000526997	0.177216	55600
86150	0.000234113	0.0167541	-0.0005289	0.177216	55400
86200	0.000234961	0.0168148	-0.000530816	0.177216	55200
86250	0.000235815	0.0168759	-0.000532746	0.177216	55000
86300	0.000236676	0.0168468	-0.000534691	0.177122	54800
86350	0.000237543	0.016926	-0.000536649	0.17714	54600
86400	0.000238416	0.0169883	-0.000424942	0.208769	54400
86450	0.000239296	0.0166758	-0.00042651	0.209097	54200
86500	0.000240182	0.0167376	-0.00042809	0.209097	54000
86550	0.000241075	0.0167998	-0.000429681	0.209097	53800
86600	0.000241975	0.0166476	-0.000431285	0.209289	53600
86650	0.000242881	0.01671	-0.0004329	0.209289	53400
86700	0.000243794	0.0167728	-0.000434527	0.209289	53200
86750	0.000244714	0.0168361	-0.000436167	0.209289	53000
86800	0.000245641	0.0169503	-0.000437819	0.209244	52800
86850	0.000246575	0.0169187	-0.000439484	0.209329	52600
86900	0.000247516	0.0169833	-0.000441161	0.209329	52400
86950	0.000248465	0.016828	-0.000442852	0.209527	52200
87000	0.00024942	0.0166602	-0.000444555	0.209741	52000
87050	0.000250383	0.0168466	-0.000446271	0.209628	51800
87100	0.000251354	0.0169119	-0.000448001	0.209628	51600
87150	0.000252332	0.0169393	-0.000326358	0.243626	51400
87200	0.000253317	0.0170055	-0.000327633	0.243626	51200
87250	0.000254311	0.0170722	-0.000328918	0.243626	51000
87300	0.000255312	0.0171394	-0.000330213	0.243626	50800
87350	0.000256321	0.0172071	-0.000331518	0.243626	50600
87400	0.000257338	0.0172754	-0.000332834	0.243626	50400
87450	0.000258364	0.0173442	-0.00033416	0.243626	50200
87500	0.000259397	0.0172676	-0.000335496	0.244044	50000
87550	0.000260439	0.017337	-0.000336844	0.244044	49800
87600	0.000261489	0.0174069	-0.000338202	0.244044	49600
87650	0.000262548	0.0175337	-0.000339571	0.243883	49400
87700	0.000263615	0.017605	-0.000340952	0.243883	49200
87750	0.000264691	0.0176769	-0.000342343	0.243883	49000
87800	0.000265776	0.0177493	-0.000343746	0.243883	48800
87850	0.000266869	0.0179267	-0.000345161	0.243594	48600
87900	0.000267972	0.0178819	-0.000346587	0.243923	48400
87950	0.000269084	0.017698	-0.000348025	0.244648	48200
88000	0.000270205	0.0175725	-0.000349475	0.245221	48000
88050	0.000271336	0.0174209	-0.000350938	0.245881	47800
88100	0.000272476	0.017286	-0.000352412	0.246503	47600
88150	0.000273626	0.0173589	-0.000353899	0.246503	47400
88200	0.000274785	0.0174325	-0.000355399	0.246503	47200
88250	0.000275954	0.0175067	-0.000356911	0.246503	47000
88300	0.000277134	0.0176427	-0.000358436	0.246322	46800
88350	0.000278323	0.0177184	-0.000359975	0.246322	46600
88400	0.000279523	0.0177948	-0.000361526	0.246322	46400
88450	0.000280733	0.0173835	-0.000363091	0.247788	46200
88500	0.000281953	0.0174591	-0.00036467	0.247788	46000
88550	0.000283185	0.0174107	-0.000366263	0.248172	45800
88600	0.000284427	0.017487	-0.000367869	0.248172	45600
88650	0.00028568	0.0174597	-0.000369489	0.248495	45400
88700	0.000286944	0.017537	-0.000371124	0.248495	45200
88750	0.000288219	0.017085	-0.000372774	0.250182	45000
88800	0.000289506	0.0171613	-0.000374438	0.250182	44800
88850	0.000290804	0.0172382	-0.000376117	0.250182	44600
88900	0.000292114	0.0173159	-0.000377811	0.250182	44400
88950	0.000293436	0.0173942	-0.000379521	0.250182	44200
89000	0.000294769	0.0173494	-0.000381246	0.250582	44000
89050	0.000296115	0.0171629	-0.000382987	0.251456	43800
89100	0.000297474	0.0171305	-0.000384744	0.251829	43600
89150	0.000298844	0.0169453	-0.000386517	0.252729	43400
89200	0.000300228	0.0167689	-0.000388306	0.25362	43200
89250	0.000301624	0.0168469	-0.000390112	0.25362	43000
89300	0.000303034	0.0169256	-0.000391935	0.25362	42800
89350	0.000304457	0.0170051	-0.000393775	0.25362	42600
89400	0.000305893	0.0165532	-0.000395633	0.255535	42400
89450	0.000307342	0.0163678	-0.000397508	0.256526	42200
89500	0.000388808	0.0159305	-0.000319398	0.32777	42000
89550	0.000390669	0.0160068	-0.000320926	0.32777	41800
89600	0.000392547	0.0160837	-0.000322469	0.32777	41600
89650	0.000394443	0.0161614	-0.000324027	0.32777	41400
89700	0.000396358	0.0162399	-0.0003256	0.32777	41200
89750	0.000398291	0.0163191	-0.000327188	0.32777	41000
89800	0.000400244	0.0163991	-0.000328792	0.32777	40800
89850	0.000402215	0.0158675	-0.000330412	0.332895	40600
89900	0.000404207	0.015946	-0.000332048	0.332895	40400
89950	0.000406218	0.0160253	-0.0003337	0.332895	40200
90000	0.000408249	0.0161055	-0.000335368	0.332895	40000
90050	0.0004103	0.015884	-0.000337053	0.33552	39800
90100	0.000412372	0.0158299	-0.000338756	0.336711	39600
90150	0.000414466	0.0155945	-0.000340475	0.33958	39400
90200	0.00041658	0.015525	-0.000342212	0.340967	39200
90250	0.000418717	0.0156047	-0.000343967	0.340967	39000
90300	0.000420875	0.0156851	-0.00034574	0.340967	38800
90350	0.000423056	0.0157664	-0.000347532	0.340967	38600
90400	0.000425259	0.0158485	-0.000349342	0.340967	38400
90450	0.000102953	0.0159315	-0.000351171	0.151246	38200
90500	0.000103495	0.0160153	-0.000353019	0.151246	38000
90550	0.000104043	0.0157885	-0.000354887	0.150381	37800
90600	0.000276253	0.0155683	-0.000356775	0.253245	37600
90650	0.00027773	0.0156516	-0.000358682	0.253245	37400
90700	0.000279223	0.0157357	-0.000360611	0.253245	37200
90750	0.000280733	0.0159061	-0.00036256	0.252928	37000
90800	0.000282259	0.0156541	-0.000364531	0.2542	36800
90850	0.000283801	0.0157397	-0.000366523	0.2542	36600
90900	0.00028536	0.0158261	-0.000368536	0.2542	36400
90950	0.000286937	0.0156156	-0.000370573	0.255348	36200
91000	0.000288531	0.0157023	-0.000372631	0.255348	36000
91050	0.000290143	0.0157901	-0.000374713	0.255348	35800
91100	0.000291773	0.0158788	-0.000376818	0.255348	35600
91150	0.000293421	0.0159685	-0.000378947	0.255348	35400
91200	0.000295088	0.0160592	-0.0003811	0.255348	35200
91250	0.000296775	0.016151	-0.000383278	0.255348	35000
91300	0.00029848	0.0162438	-0.000385481	0.255348	34800
91350	0.000300206	0.0161785	-0.000387709	0.255951	34600
91400	0.000301951	0.0159449	-0.000389963	0.257223	34400
91450	0.000303717	0.0160589	-0.000392243	0.257142	34200
91500	0.000305503	0.0156484	-0.000394551	0.259178	34000
91550	0.000307311	0.015741	-0.000396885	0.259178	33800
91600	0.00030914	0.0154675	-0.000399248	0.260726	33600
91650	0.000310991	0.0155601	-0.000401638	0.260726	33400
91700	0.000312865	0.0153716	-0.000404058	0.261951	33200
91750	0.000314761	0.0154647	-0.000406507	0.261951	33000
91800	0.00031668	0.015559	-0.000408986	0.261951	32800
91850	0.000318623	0.0156545	-0.000411495	0.261951	32600
91900	0.00032059	0.0155701	-0.000414035	0.262741	32400
91950	0.000322581	0.0156668	-0.000233705	0.316015	32200
92000	0.000324597	0.0157647	0.000163679	0.427323	32000
92050	0.000326639	0.0155928	0.00017451	0.433941	31800
92100	0.000328706	0.015599	0.000175615	0.435318	31600
92150	0.0003308	0.0156201	0.000176733	0.436487	31400
92200	0.00033292	0.0153723	0.000177866	0.44179	31200
92250	0.000335068	0.0154715	0.000179014	0.44179	31000
92300	0.000337244	0.0152248	0.000180176	0.447247	30800
92350	0.000339448	0.0149205	0.000181354	0.453859	30600
92400	0.000341681	0.0150187	0.000182547	0.453859	30400
92450	0.000343944	0.0151181	0.000183756	0.453859	30200
92500	0.000346237	0.0152299	0.000184981	0.453677	30000
92550	0.000348561	0.0144963	0.000186222	0.468096	29800
92600	0.000350916	0.0145942	0.000187481	0.468096	29600
92650	0.000353303	0.0146935	0.000188756	0.468096	29400
92700	0.000355723	0.0147942	0.000190049	0.468096	29200
92750	0.000358176	0.0148962	0.00019136	0.468096	29000
92800	0.000360664	0.0142051	0.000192688	0.482831	28800
92850	0.000363186	0.0142119	0.000194036	0.484638	28600
92900	0.000365743	0.0143462	0.000195402	0.483972	28400
92950	0.000368337	0.014448	0.000196788	0.483971	28200
93000	0.000370968	0.0141262	0.000198194	0.492347	28000
93050	0.000373637	0.0142278	0.00019962	0.492347	27800
93100	0.000376345	0.0143309	0.000201066	0.492347	27600
93150	0.000379092	0.0144355	0.000202534	0.492347	27400
93200	-1.93641e-05	0.0145416	0.000204023	0.246663	27200
93250	-1.95075e-05	0.0146493	0.000205534	0.246663	27000
93300	-1.96531e-05	0.0147587	-1.30781e-05	0.177817	26800
93350	-1.98009e-05	0.0148858	-1.31764e-05	0.177835	26600
93400	-1.99509e-05	0.0149986	-1.32762e-05	0.177835	26400
93450	-2.01032e-05	0.0151131	-1.33776e-05	0.177835	26200
93500	-2.02578e-05	0.0149456	-1.34805e-05	0.17752	26000
93550	-2.04148e-05	0.014678	-1.3585e-05	0.177079	25800
93600	-2.05743e-05	0.0146207	-1.36911e-05	0.176875	25600
93650	-2.07363e-05	0.0147358	-1.37989e-05	0.176875	25400
93700	-2.09009e-05	0.0144337	-1.39084e-05	0.176365	25200
93750	-2.10681e-05	0.0145492	-1.40197e-05	0.176365	25000
93800	-2.1238e-05	0.0146665	-1.41328e-05	0.176365	24800
93850	-2.14107e-05	0.0147858	-1.42477e-05	0.176365	24600
93900	-2.15862e-05	0.014907	-1.43644e-05	0.176365	24400
93950	-2.17646e-05	0.0150302	-1.44832e-05	0.176365	24200
94000	-2.1946e-05	0.0151554	-1.46038e-05	0.176365	24000
94050	-2.21304e-05	0.0152828	-1.47266e-05	0.176365	23800
94100	-2.23179e-05	0.0154123	-1.48514e-05	0.176365	23600
94150	-2.25087e-05	0.015544	-1.49783e-05	0.176365	23400
94200	-2.27027e-05	0.0151666	-1.51074e-05	0.175756	23200
94250	-2.29001e-05	0.0152985	-1.52388e-05	0.175756	23000
94300	-2.3101e-05	0.0146472	-1.53725e-05	0.174754	22800
94350	-2.33054e-05	0.0143512	-1.55085e-05	0.174171	22600
94400	-2.35135e-05	0.0144794	-1.5647e-05	0.174171	22400
94450	-2.37254e-05	0.0146098	-1.57879e-05	0.174171	22200
94500	-2.39411e-05	0.0147426	-1.59315e-05	0.174171	22000
94550	0.000258588	0.0143181	-1.60776e-05	0.35467	21800
94600	0.000260982	0.0144507	-1.62265e-05	0.35467	21600
94650	0.000263421	0.014054	-1.63781e-05	0.360631	21400
94700	0.000265906	0.0139034	-1.65327e-05	0.363957	21200
94750	0.000268438	0.0140358	-1.66901e-05	0.363957	21000
94800	0.00027102	0.0138948	-1.68506e-05	0.367264	20800
94850	0.000273651	0.0140297	-1.70142e-05	0.367264	20600
94900	0.000276334	0.0143115	-1.7181e-05	0.365553	20400
94950	0.00027907	0.0144532	-1.73511e-05	0.365553	20200
95000	0.00028186	0.0145977	-1.75246e-05	0.365553	20000
95050	0.000284707	0.0142373	-1.77016e-05	0.371546	19800
95100	0.000287613	0.0143826	-1.78823e-05	0.371546	19600
95150	0.000290578	0.0145309	-1.80666e-05	0.371546	19400
95200	0.000293605	0.0146822	-1.82548e-05	0.371546	19200
95250	0.000296695	0.0148368	-1.8447e-05	0.371546	19000
95300	0.000299851	0.0149946	-1.86432e-05	0.371546	18800
95350	0.000303076	0.0146024	-1.88437e-05	0.378133	18600
95400	0.00030637	0.0147611	-1.90485e-05	0.378133	18400
95450	0.000309737	0.0149233	-1.92578e-05	0.378133	18200
95500	0.000313178	0.0144136	-1.94718e-05	0.386572	18000
95550	0.000316697	0.0145756	-1.96906e-05	0.386572	17800
95600	0.000320296	0.0147412	-1.99143e-05	0.386572	17600
95650	0.000323977	0.0142348	-2.01432e-05	0.395507	17400
95700	0.000327745	0.0144003	-2.03775e-05	0.395507	17200
95750	0.0003316	0.0145697	-2.06172e-05	0.395507	17000
95800	0.000335548	0.0147431	-2.08626e-05	0.395507	16800
95850	0.000339591	0.0149208	-2.1114e-05	0.395507	16600
95900	0.000343732	0.0151027	-2.13715e-05	0.395507	16400
95950	0.000347976	0.0137912	-2.16353e-05	0.416848	16200
96000	0.000352326	0.0139636	-2.19058e-05	0.416848	16000
96050	0.000356785	0.0141403	-2.21831e-05	0.416848	15800
96100	0.000361359	0.0143216	-2.24675e-05	0.416848	15600
96150	0.000366052	0.0145076	-2.27592e-05	0.416848	15400
96200	-2.25105e-06	0.0133926	-2.30587e-05	0.184782	15200
96250	-2.28107e-06	0.0135712	-2.33662e-05	0.184782	15000
96300	-2.31189e-06	0.0129367	-2.36819e-05	0.184174	14800
96350	-2.34356e-06	0.0119822	-2.40063e-05	0.183207	14600
96400	-2.37611e-06	0.0121487	-2.43397e-05	0.183207	14400
96450	-2.40958e-06	0.0123198	-2.46826e-05	0.183207	14200
96500	-2.444e-06	0.0124958	-2.50352e-05	0.183207	14000
96550	-2.47942e-06	0.0126769	-2.5398e-05	0.183207	13800
96600	-2.51588e-06	0.0128633	-2.57715e-05	0.183207	13600
96650	-2.55343e-06	0.0130553	-2.61561e-05	0.183207	13400
96700	-2.59212e-06	0.0132531	-2.65525e-05	0.183207	13200
96750	-2.632e-06	0.0128125	-2.6961e-05	0.182644	13000
96800	-2.67313e-06	0.0130127	-0.000495318	0.0080568	12800
96850	-2.71556e-06	0.0132192	-0.00050318	0.0080568	12600
96900	-2.75935e-06	0.0134324	-0.000511296	0.0080568	12400
96950	-2.80459e-06	0.0131084	-0.000519678	0	12200
97000	-2.85133e-06	0.0133269	-0.000528339	0	12000
97050	-2.89966e-06	0.0132662	6.06953e-05	0.213574	11800
97100	-2.94966e-06	0.0134949	6.17418e-05	0.213574	11600
97150	-3.0014e-06	0.0137316	6.2825e-05	0.213574	11400
97200	-3.055e-06	0.0116045	6.39469e-05	0.217477	11200
97250	-3.11055e-06	0.0118155	6.51095e-05	0.217477	11000
97300	-3.16815e-06	0.0120343	6.63153e-05	0.217477	10800
97350	-3.22792e-06	0.0122614	6.75665e-05	0.217477	10600
97400	-3.29e-06	0.0124972	0.000614693	0.410448	10400
97450	-3.35451e-06	0.0115926	0	0.191689	10200
97500	-3.4216e-06	0.0118245	0	0.191689	10000
97550	-3.49143e-06	0.0120658	0	0.191689	9800
97600	-3.56417e-06	0.0123172	0	0.191689	9600
97650	-3.64e-06	0.0128856	0	0.191753	9400
97700	-3.71913e-06	0.0131657	0	0.191753	9200
97750	-3.80178e-06	0.0128105	0	0.19162	9000
97800	-3.88818e-06	0.0132463	0	0.19165	8800
97850	-3.9786e-06	0.0135544	0	0.19165	8600
97900	-4.07333e-06	0.0138771	0	0.19165	8400
97950	-4.17268e-06	0.0142156	0	0.19165	8200
98000	-4.277e-06	0.014571	0	0.19165	8000
98050	-4.38667e-06	0.0149446	0	0.19165	7800
98100	-4.50211e-06	0.0153379	0	0.19165	7600
98150	-4.62378e-06	0.0157524	0	0.19165	7400
98200	-4.75222e-06	0.015369	0	0.191504	7200
98250	-4.888e-06	0.0158081	0	0.191504	7000
98300	-5.03176e-06	0.0141435	0	0.19107	6800
98350	-5.18424e-06	0.0145721	0	0.19107	6600
98400	-5.34625e-06	0.0146211	0	0.190978	6400
98450	-5.51871e-06	0.0131908	0	0.190486	6200
98500	-5.70267e-06	0.0116424	0	0.18982	6000
98550	-5.89931e-06	0.0120439	0	0.18982	5800
98600	-6.11e-06	0.0105907	0	0.189008	5600
98650	-6.3363e-06	0.00890272	0	0.187751	5400
98700	-6.58e-06	0.0109512	0	0.188785	5200
98750	-6.8432e-06	0.0113893	0	0.188785	5000
98800	-7.12833e-06	0.0118638	0	0.188785	4800
98850	-7.43826e-06	0.0123796	0	0.188785	4600
98900	-7.77636e-06	0.0129423	0	0.188785	4400
98950	-8.14667e-06	0.0135586	0	0.188785	4200
99000	-8.554e-06	0.0136572	0	0.188547	4000
99050	-9.00421e-06	0.0151025	0	0.188828	3800
99100	-9.50444e-06	0.0159415	0	0.188828	3600
99150	-1.00635e-05	0.0139813	0	0.187676	3400
99200	-1.06925e-05	0.0148552	0	0.187676	3200
99250	-1.14053e-05	0.0158455	0	0.187676	3000
99300	0	0.0149944	0	0.194385	2800
99350	0	0.0161478	0	0.194385	2600
99400	0	0.0174934	0	0.194385	2400
99450	0	0.0190837	0	0.194385	2200
99500	0	0.0209921	0	0.194385	2000
99550	0	0.0233246	0	0.194385	1800
99600	0	0.0262401	0	0.194385	1600
99650	0	0.0299887	0	0.194385	1400
99700	0	0.0349869	0	0.194385	1200
99750	0	0.0306598	0	0.194385	1000
99800	0	0.031009	0	0.194385	800
99850	0	0.0413453	0	0.194385	600
99900	0	0.0555964	0	0.194385	400
99950	0	0.0518144	0	0.194385	200
