file	pos	c*ABBA	c*BABA	c*AABB	D*	QuartetCnt
C:\Users\isaac\phlag\caster\data\ape.fa	0	0.827016	0.0400408	0.676555	0.891645	200000
C:\Users\isaac\phlag\caster\data\ape.fa	100	0.827016	0.0400408	0.682543	0.891471	200000
C:\Users\isaac\phlag\caster\data\ape.fa	200	0.846276	0.0384262	0.682543	0.89738	200000
C:\Users\isaac\phlag\caster\data\ape.fa	300	0.846276	0.0376039	0.679629	0.899096	200000
C:\Users\isaac\phlag\caster\data\ape.fa	400	0.846276	0.0376039	0.679629	0.899096	200000
C:\Users\isaac\phlag\caster\data\ape.fa	500	0.846276	0.0376039	0.679629	0.899096	200000
C:\Users\isaac\phlag\caster\data\ape.fa	600	0.892488	0.0376039	0.679576	0.90569	200000
C:\Users\isaac\phlag\caster\data\ape.fa	700	0.892488	0.0376039	0.666709	0.906272	200000
C:\Users\isaac\phlag\caster\data\ape.fa	800	0.901317	0.0327532	0.664987	0.917407	200000
C:\Users\isaac\phlag\caster\data\ape.fa	900	0.901317	0.0327532	0.658837	0.917773	200000
C:\Users\isaac\phlag\caster\data\ape.fa	1000	0.901317	0.0327532	0.658837	0.917773	200000
C:\Users\isaac\phlag\caster\data\ape.fa	1100	0.923146	0.0312482	0.658837	0.924009	200000
C:\Users\isaac\phlag\caster\data\ape.fa	1200	0.884546	0.0282064	0.659107	0.924764	200000
C:\Users\isaac\phlag\caster\data\ape.fa	1300	0.862178	0.0282064	0.668704	0.920893	200000
C:\Users\isaac\phlag\caster\data\ape.fa	1400	0.862178	0.0282064	0.668704	0.920893	200000
C:\Users\isaac\phlag\caster\data\ape.fa	1500	0.851267	0.0282064	0.673114	0.919041	200000
C:\Users\isaac\phlag\caster\data\ape.fa	1600	0.872711	0.0282064	0.663688	0.922742	200000
C:\Users\isaac\phlag\caster\data\ape.fa	1700	0.872711	0.0282064	0.65421	0.923378	200000
C:\Users\isaac\phlag\caster\data\ape.fa	1800	0.872711	0.0282064	0.648177	0.92379	200000
C:\Users\isaac\phlag\caster\data\ape.fa	1900	0.852256	0.0282064	0.645099	0.920972	200000
C:\Users\isaac\phlag\caster\data\ape.fa	2000	0.852256	0.0282064	0.647974	0.920783	200000
C:\Users\isaac\phlag\caster\data\ape.fa	2100	0.852256	0.0282064	0.647659	0.920804	200000
C:\Users\isaac\phlag\caster\data\ape.fa	2200	0.852256	0.0282064	0.641476	0.921212	200000
C:\Users\isaac\phlag\caster\data\ape.fa	2300	0.852256	0.0295613	0.646539	0.918001	200000
C:\Users\isaac\phlag\caster\data\ape.fa	2400	0.852256	0.0295613	0.652811	0.917614	200000
C:\Users\isaac\phlag\caster\data\ape.fa	2500	0.852256	0.0303154	0.652811	0.916033	200000
C:\Users\isaac\phlag\caster\data\ape.fa	2600	0.873215	0.0303154	0.646327	0.919523	200000
C:\Users\isaac\phlag\caster\data\ape.fa	2700	0.873215	0.0303154	0.643188	0.919723	200000
C:\Users\isaac\phlag\caster\data\ape.fa	2800	0.873215	0.0286731	0.643188	0.923214	200000
C:\Users\isaac\phlag\caster\data\ape.fa	2900	0.873215	0.0286731	0.643188	0.923214	200000
C:\Users\isaac\phlag\caster\data\ape.fa	3000	0.873215	0.0269155	0.643188	0.926978	200000
C:\Users\isaac\phlag\caster\data\ape.fa	3100	0.873215	0.0269121	0.63347	0.927706	200000
C:\Users\isaac\phlag\caster\data\ape.fa	3200	0.873215	0.0269121	0.630456	0.927933	200000
C:\Users\isaac\phlag\caster\data\ape.fa	3300	0.916293	0.0269121	0.620932	0.935141	200000
C:\Users\isaac\phlag\caster\data\ape.fa	3400	0.916293	0.0269121	0.620812	0.935151	200000
C:\Users\isaac\phlag\caster\data\ape.fa	3500	0.874929	0.0269121	0.620812	0.92893	200000
C:\Users\isaac\phlag\caster\data\ape.fa	3600	0.852411	0.0269121	0.620812	0.925503	200000
C:\Users\isaac\phlag\caster\data\ape.fa	3700	0.852411	0.0234696	0.617596	0.933458	200000
C:\Users\isaac\phlag\caster\data\ape.fa	3800	0.852411	0.0234696	0.617596	0.933458	200000
C:\Users\isaac\phlag\caster\data\ape.fa	3900	0.852411	0.0234696	0.617596	0.933458	200000
C:\Users\isaac\phlag\caster\data\ape.fa	4000	0.852411	0.0234696	0.617596	0.933458	200000
C:\Users\isaac\phlag\caster\data\ape.fa	4100	0.852411	0.0242685	0.617528	0.931662	200000
C:\Users\isaac\phlag\caster\data\ape.fa	4200	0.830053	0.0242685	0.620725	0.927973	200000
C:\Users\isaac\phlag\caster\data\ape.fa	4300	0.830053	0.0242685	0.607886	0.928986	200000
C:\Users\isaac\phlag\caster\data\ape.fa	4400	0.830053	0.0242685	0.614347	0.928472	200000
C:\Users\isaac\phlag\caster\data\ape.fa	4500	0.841924	0.0242685	0.612843	0.930431	200000
C:\Users\isaac\phlag\caster\data\ape.fa	4600	0.841924	0.0242685	0.612732	0.93044	200000
C:\Users\isaac\phlag\caster\data\ape.fa	4700	0.841924	0.0242685	0.619242	0.929915	200000
C:\Users\isaac\phlag\caster\data\ape.fa	4800	0.841924	0.0242685	0.627447	0.929265	200000
C:\Users\isaac\phlag\caster\data\ape.fa	4900	0.841924	0.0242685	0.609787	0.93068	200000
C:\Users\isaac\phlag\caster\data\ape.fa	5000	0.841924	0.0242685	0.60339	0.931208	200000
C:\Users\isaac\phlag\caster\data\ape.fa	5100	0.841924	0.0242685	0.600227	0.931473	200000
C:\Users\isaac\phlag\caster\data\ape.fa	5200	0.841924	0.0228767	0.600227	0.934692	200000
C:\Users\isaac\phlag\caster\data\ape.fa	5300	0.841924	0.0221376	0.603765	0.936091	200000
C:\Users\isaac\phlag\caster\data\ape.fa	5400	0.841924	0.0221376	0.606659	0.935831	200000
C:\Users\isaac\phlag\caster\data\ape.fa	5500	0.841924	0.0221376	0.600589	0.936377	200000
C:\Users\isaac\phlag\caster\data\ape.fa	5600	0.841924	0.0221376	0.59718	0.936688	200000
C:\Users\isaac\phlag\caster\data\ape.fa	5700	0.841924	0.0221376	0.599677	0.93646	200000
C:\Users\isaac\phlag\caster\data\ape.fa	5800	0.820663	0.0221376	0.60189	0.932919	200000
C:\Users\isaac\phlag\caster\data\ape.fa	5900	0.820663	0.0184156	0.60189	0.94165	200000
C:\Users\isaac\phlag\caster\data\ape.fa	6000	0.798945	0.0184156	0.607646	0.937675	200000
C:\Users\isaac\phlag\caster\data\ape.fa	6100	0.798945	0.0184156	0.601144	0.938285	200000
C:\Users\isaac\phlag\caster\data\ape.fa	6200	0.798945	0.0184156	0.601144	0.938285	200000
C:\Users\isaac\phlag\caster\data\ape.fa	6300	0.798945	0.0151505	0.601144	0.946089	200000
C:\Users\isaac\phlag\caster\data\ape.fa	6400	0.798945	0.0151505	0.594722	0.946774	200000
C:\Users\isaac\phlag\caster\data\ape.fa	6500	0.798945	0.0151505	0.594721	0.946774	200000
C:\Users\isaac\phlag\caster\data\ape.fa	6600	0.798945	0.0114294	0.594721	0.955906	200000
C:\Users\isaac\phlag\caster\data\ape.fa	6700	0.798945	0.0114294	0.594721	0.955906	200000
C:\Users\isaac\phlag\caster\data\ape.fa	6800	0.798945	0.0114294	0.595259	0.955841	200000
C:\Users\isaac\phlag\caster\data\ape.fa	6900	0.798945	0.0114294	0.589622	0.956525	200000
C:\Users\isaac\phlag\caster\data\ape.fa	7000	0.798945	0.0114294	0.589622	0.956525	200000
C:\Users\isaac\phlag\caster\data\ape.fa	7100	0.798945	0.0123188	0.589622	0.954311	200000
C:\Users\isaac\phlag\caster\data\ape.fa	7200	0.798945	0.0123188	0.589622	0.954311	200000
C:\Users\isaac\phlag\caster\data\ape.fa	7300	0.798945	0.0123188	0.588874	0.9544	200000
C:\Users\isaac\phlag\caster\data\ape.fa	7400	0.798945	0.00926306	0.588874	0.962059	200000
C:\Users\isaac\phlag\caster\data\ape.fa	7500	0.800544	0.00926306	0.588874	0.962316	200000
C:\Users\isaac\phlag\caster\data\ape.fa	7600	0.81136	0.0101019	0.593708	0.96131	200000
C:\Users\isaac\phlag\caster\data\ape.fa	7700	0.81136	0.0101019	0.593666	0.961316	200000
C:\Users\isaac\phlag\caster\data\ape.fa	7800	0.81136	0.0109033	0.593666	0.959319	200000
C:\Users\isaac\phlag\caster\data\ape.fa	7900	0.81136	0.0109033	0.593666	0.959319	200000
C:\Users\isaac\phlag\caster\data\ape.fa	8000	0.782357	0.0109033	0.593666	0.954681	200000
C:\Users\isaac\phlag\caster\data\ape.fa	8100	0.74716	0.0109033	0.588874	0.949524	200000
C:\Users\isaac\phlag\caster\data\ape.fa	8200	0.748507	0.0109033	0.588874	0.949745	200000
C:\Users\isaac\phlag\caster\data\ape.fa	8300	0.748507	0.0100334	0.588874	0.951933	200000
C:\Users\isaac\phlag\caster\data\ape.fa	8400	0.748507	0.0100334	0.591983	0.951568	200000
C:\Users\isaac\phlag\caster\data\ape.fa	8500	0.748507	0.0100334	0.592285	0.951532	200000
C:\Users\isaac\phlag\caster\data\ape.fa	8600	0.748507	0.0100334	0.59539	0.951171	200000
C:\Users\isaac\phlag\caster\data\ape.fa	8700	0.748507	0.0100334	0.601728	0.950444	200000
C:\Users\isaac\phlag\caster\data\ape.fa	8800	0.748507	0.0100334	0.601728	0.950444	200000
C:\Users\isaac\phlag\caster\data\ape.fa	8900	0.748507	0.0091743	0.607895	0.951858	200000
C:\Users\isaac\phlag\caster\data\ape.fa	9000	0.748507	0.0091743	0.607895	0.951858	200000
C:\Users\isaac\phlag\caster\data\ape.fa	9100	0.748507	0.0091743	0.607895	0.951858	200000
C:\Users\isaac\phlag\caster\data\ape.fa	9200	0.748507	0.0091743	0.607895	0.951858	200000
C:\Users\isaac\phlag\caster\data\ape.fa	9300	0.748507	0.0091743	0.614117	0.951148	200000
C:\Users\isaac\phlag\caster\data\ape.fa	9400	0.748507	0.0091743	0.63231	0.949138	200000
C:\Users\isaac\phlag\caster\data\ape.fa	9500	0.748507	0.0091743	0.63231	0.949138	200000
C:\Users\isaac\phlag\caster\data\ape.fa	9600	0.748507	0.0119621	0.63231	0.942554	200000
C:\Users\isaac\phlag\caster\data\ape.fa	9700	0.748507	0.0119621	0.63231	0.942554	200000
C:\Users\isaac\phlag\caster\data\ape.fa	9800	0.748507	0.0119621	0.613227	0.944485	200000
C:\Users\isaac\phlag\caster\data\ape.fa	9900	0.748507	0.0119621	0.606807	0.945157	200000
C:\Users\isaac\phlag\caster\data\ape.fa	10000	0.748507	0.0153054	0.600575	0.937684	200000
C:\Users\isaac\phlag\caster\data\ape.fa	10100	0.748507	0.0153054	0.599983	0.937741	200000
C:\Users\isaac\phlag\caster\data\ape.fa	10200	0.748507	0.0153054	0.599983	0.937741	200000
C:\Users\isaac\phlag\caster\data\ape.fa	10300	0.788129	0.0153054	0.599983	0.944115	200000
C:\Users\isaac\phlag\caster\data\ape.fa	10400	0.788129	0.0153054	0.599983	0.944115	200000
C:\Users\isaac\phlag\caster\data\ape.fa	10500	0.788129	0.0153054	0.596894	0.944436	200000
C:\Users\isaac\phlag\caster\data\ape.fa	10600	0.788129	0.0153054	0.597847	0.944337	200000
C:\Users\isaac\phlag\caster\data\ape.fa	10700	0.809066	0.0153054	0.604133	0.947001	200000
C:\Users\isaac\phlag\caster\data\ape.fa	10800	0.809066	0.0153054	0.610305	0.946351	200000
C:\Users\isaac\phlag\caster\data\ape.fa	10900	0.809066	0.0153054	0.603821	0.947034	200000
C:\Users\isaac\phlag\caster\data\ape.fa	11000	0.830437	0.0153054	0.606871	0.950054	200000
C:\Users\isaac\phlag\caster\data\ape.fa	11100	0.808748	0.0153054	0.603677	0.946999	200000
C:\Users\isaac\phlag\caster\data\ape.fa	11200	0.808748	0.0153054	0.600451	0.947344	200000
C:\Users\isaac\phlag\caster\data\ape.fa	11300	0.808748	0.0153054	0.613076	0.946013	200000
C:\Users\isaac\phlag\caster\data\ape.fa	11400	0.808748	0.0153054	0.622593	0.945038	200000
C:\Users\isaac\phlag\caster\data\ape.fa	11500	0.808748	0.0153054	0.628949	0.9444	200000
C:\Users\isaac\phlag\caster\data\ape.fa	11600	0.808748	0.0153054	0.62577	0.944718	200000
C:\Users\isaac\phlag\caster\data\ape.fa	11700	0.808748	0.0153054	0.62526	0.944769	200000
C:\Users\isaac\phlag\caster\data\ape.fa	11800	0.808748	0.0153054	0.630387	0.944257	200000
C:\Users\isaac\phlag\caster\data\ape.fa	11900	0.808748	0.0153054	0.630387	0.944257	200000
C:\Users\isaac\phlag\caster\data\ape.fa	12000	0.808748	0.017042	0.630387	0.940261	200000
C:\Users\isaac\phlag\caster\data\ape.fa	12100	0.808748	0.017042	0.624624	0.940805	200000
C:\Users\isaac\phlag\caster\data\ape.fa	12200	0.808748	0.017042	0.624624	0.940805	200000
C:\Users\isaac\phlag\caster\data\ape.fa	12300	0.808748	0.017042	0.606028	0.942617	200000
C:\Users\isaac\phlag\caster\data\ape.fa	12400	0.829442	0.017042	0.587206	0.947859	200000
C:\Users\isaac\phlag\caster\data\ape.fa	12500	0.850756	0.017042	0.565038	0.953825	200000
C:\Users\isaac\phlag\caster\data\ape.fa	12600	0.850756	0.0163316	0.571237	0.95486	200000
C:\Users\isaac\phlag\caster\data\ape.fa	12700	0.850756	0.0163316	0.568064	0.955243	200000
C:\Users\isaac\phlag\caster\data\ape.fa	12800	0.850756	0.0171953	0.573692	0.952421	200000
C:\Users\isaac\phlag\caster\data\ape.fa	12900	0.850756	0.0155528	0.573692	0.956506	200000
C:\Users\isaac\phlag\caster\data\ape.fa	13000	0.850756	0.0129593	0.576719	0.962628	200000
C:\Users\isaac\phlag\caster\data\ape.fa	13100	0.850756	0.0113994	0.576719	0.966574	200000
C:\Users\isaac\phlag\caster\data\ape.fa	13200	0.850756	0.0113994	0.576719	0.966574	200000
C:\Users\isaac\phlag\caster\data\ape.fa	13300	0.866325	0.0120142	0.576719	0.967496	200000
C:\Users\isaac\phlag\caster\data\ape.fa	13400	0.866325	0.0120142	0.573536	0.967935	200000
C:\Users\isaac\phlag\caster\data\ape.fa	13500	0.866325	0.0120142	0.573536	0.967935	200000
C:\Users\isaac\phlag\caster\data\ape.fa	13600	0.846169	0.01122	0.579709	0.965889	200000
C:\Users\isaac\phlag\caster\data\ape.fa	13700	0.826983	0.01122	0.586215	0.961966	200000
C:\Users\isaac\phlag\caster\data\ape.fa	13800	0.826983	0.00977402	0.58364	0.965955	200000
C:\Users\isaac\phlag\caster\data\ape.fa	13900	0.826983	0.00977402	0.58364	0.965955	200000
C:\Users\isaac\phlag\caster\data\ape.fa	14000	0.826983	0.0089599	0.580542	0.968457	200000
C:\Users\isaac\phlag\caster\data\ape.fa	14100	0.826983	0.0089599	0.586954	0.967566	200000
C:\Users\isaac\phlag\caster\data\ape.fa	14200	0.826983	0.0106105	0.580786	0.964219	200000
C:\Users\isaac\phlag\caster\data\ape.fa	14300	0.826983	0.0106105	0.577624	0.964644	200000
C:\Users\isaac\phlag\caster\data\ape.fa	14400	0.826983	0.0106105	0.577624	0.964644	200000
C:\Users\isaac\phlag\caster\data\ape.fa	14500	0.826983	0.0106105	0.577624	0.964644	200000
C:\Users\isaac\phlag\caster\data\ape.fa	14600	0.826983	0.0106105	0.58035	0.964277	200000
C:\Users\isaac\phlag\caster\data\ape.fa	14700	0.826983	0.0106105	0.579985	0.964326	200000
C:\Users\isaac\phlag\caster\data\ape.fa	14800	0.805428	0.0106105	0.579985	0.960849	200000
C:\Users\isaac\phlag\caster\data\ape.fa	14900	0.805428	0.0106105	0.579985	0.960849	200000
C:\Users\isaac\phlag\caster\data\ape.fa	15000	0.805428	0.00974162	0.580569	0.962985	200000
C:\Users\isaac\phlag\caster\data\ape.fa	15100	0.805428	0.00974162	0.586876	0.962152	200000
C:\Users\isaac\phlag\caster\data\ape.fa	15200	0.827627	0.00966881	0.577685	0.967145	200000
C:\Users\isaac\phlag\caster\data\ape.fa	15300	0.827627	0.00966881	0.577688	0.967144	200000
C:\Users\isaac\phlag\caster\data\ape.fa	15400	0.827627	0.0103792	0.577639	0.965335	200000
C:\Users\isaac\phlag\caster\data\ape.fa	15500	0.827627	0.0103792	0.577639	0.965335	200000
C:\Users\isaac\phlag\caster\data\ape.fa	15600	0.827627	0.0103792	0.587345	0.964032	200000
C:\Users\isaac\phlag\caster\data\ape.fa	15700	0.827627	0.0137382	0.587	0.955698	200000
C:\Users\isaac\phlag\caster\data\ape.fa	15800	0.843687	0.0122869	0.589017	0.961594	200000
C:\Users\isaac\phlag\caster\data\ape.fa	15900	0.843687	0.0114088	0.588982	0.963784	200000
C:\Users\isaac\phlag\caster\data\ape.fa	16000	0.843687	0.0114088	0.58863	0.96383	200000
C:\Users\isaac\phlag\caster\data\ape.fa	16100	0.843687	0.0114088	0.58863	0.96383	200000
C:\Users\isaac\phlag\caster\data\ape.fa	16200	0.843687	0.0114088	0.58863	0.96383	200000
C:\Users\isaac\phlag\caster\data\ape.fa	16300	0.843687	0.0105796	0.58863	0.965904	200000
C:\Users\isaac\phlag\caster\data\ape.fa	16400	0.843687	0.0105796	0.58863	0.965904	200000
C:\Users\isaac\phlag\caster\data\ape.fa	16500	0.843687	0.0105796	0.591643	0.965501	200000
C:\Users\isaac\phlag\caster\data\ape.fa	16600	0.843687	0.0105796	0.591643	0.965501	200000
C:\Users\isaac\phlag\caster\data\ape.fa	16700	0.843687	0.0105796	0.591643	0.965501	200000
C:\Users\isaac\phlag\caster\data\ape.fa	16800	0.843687	0.0105796	0.591643	0.965501	200000
C:\Users\isaac\phlag\caster\data\ape.fa	16900	0.843687	0.0105796	0.591643	0.965501	200000
C:\Users\isaac\phlag\caster\data\ape.fa	17000	0.843687	0.0105796	0.597769	0.964691	200000
C:\Users\isaac\phlag\caster\data\ape.fa	17100	0.843687	0.00972323	0.600855	0.966401	200000
C:\Users\isaac\phlag\caster\data\ape.fa	17200	0.843687	0.00337037	0.610652	0.980839	200000
C:\Users\isaac\phlag\caster\data\ape.fa	17300	0.843687	0.00172351	0.610652	0.984997	200000
C:\Users\isaac\phlag\caster\data\ape.fa	17400	0.843687	0.00342135	0.607163	0.981245	200000
C:\Users\isaac\phlag\caster\data\ape.fa	17500	0.865942	0.00342135	0.607163	0.984654	200000
C:\Users\isaac\phlag\caster\data\ape.fa	17600	0.865942	0.00173758	0.607163	0.988921	200000
C:\Users\isaac\phlag\caster\data\ape.fa	17700	0.865942	3.70884e-05	0.601311	0.994274	200000
C:\Users\isaac\phlag\caster\data\ape.fa	17800	0.865942	0.000908242	0.601311	0.992023	200000
C:\Users\isaac\phlag\caster\data\ape.fa	17900	0.865942	0.000908242	0.601311	0.992023	200000
C:\Users\isaac\phlag\caster\data\ape.fa	18000	0.877078	0.000908242	0.606231	0.992886	200000
C:\Users\isaac\phlag\caster\data\ape.fa	18100	0.876303	0.000908242	0.600091	0.993816	200000
C:\Users\isaac\phlag\caster\data\ape.fa	18200	0.876303	0.000908242	0.600091	0.993816	200000
C:\Users\isaac\phlag\caster\data\ape.fa	18300	0.876303	0.000908242	0.594621	0.994765	200000
C:\Users\isaac\phlag\caster\data\ape.fa	18400	0.876303	0.000908242	0.594621	0.994765	200000
C:\Users\isaac\phlag\caster\data\ape.fa	18500	0.876303	0.000908242	0.594621	0.994765	200000
C:\Users\isaac\phlag\caster\data\ape.fa	18600	0.896834	0.000908242	0.600896	0.996799	200000
C:\Users\isaac\phlag\caster\data\ape.fa	18700	0.875315	0.000908242	0.600896	0.993527	200000
C:\Users\isaac\phlag\caster\data\ape.fa	18800	0.875315	0.000908242	0.595269	0.9945	200000
C:\Users\isaac\phlag\caster\data\ape.fa	18900	0.875315	0.000908242	0.59237	0.995007	200000
C:\Users\isaac\phlag\caster\data\ape.fa	19000	0.875315	0	0.59237	0.997386	200000
C:\Users\isaac\phlag\caster\data\ape.fa	19100	0.875315	0	0.585632	0.998605	200000
C:\Users\isaac\phlag\caster\data\ape.fa	19200	0.875315	0.00076869	0.579651	0.997652	200000
C:\Users\isaac\phlag\caster\data\ape.fa	19300	0.875315	0.00076869	0.585447	0.996603	200000
C:\Users\isaac\phlag\caster\data\ape.fa	19400	0.875315	0.00076869	0.591844	0.995465	200000
C:\Users\isaac\phlag\caster\data\ape.fa	19500	0.875315	0.00076869	0.591844	0.995465	200000
C:\Users\isaac\phlag\caster\data\ape.fa	19600	0.828313	0.00076869	0.591844	0.988147	200000
C:\Users\isaac\phlag\caster\data\ape.fa	19700	0.852326	0.00076869	0.591844	0.991903	200000
C:\Users\isaac\phlag\caster\data\ape.fa	19800	0.852326	0.00076869	0.591844	0.991903	200000
C:\Users\isaac\phlag\caster\data\ape.fa	19900	0.852326	0.00076869	0.591844	0.991903	200000
C:\Users\isaac\phlag\caster\data\ape.fa	20000	0.852326	0.00076869	0.594946	0.99137	200000
C:\Users\isaac\phlag\caster\data\ape.fa	20100	0.852326	0.00076869	0.594946	0.99137	200000
C:\Users\isaac\phlag\caster\data\ape.fa	20200	0.852326	0.00076869	0.588889	0.992414	200000
C:\Users\isaac\phlag\caster\data\ape.fa	20300	0.852326	0.00076869	0.591939	0.991886	200000
C:\Users\isaac\phlag\caster\data\ape.fa	20400	0.852326	0.00076869	0.59493	0.991373	200000
C:\Users\isaac\phlag\caster\data\ape.fa	20500	0.852326	0.00076869	0.600346	0.990454	200000
C:\Users\isaac\phlag\caster\data\ape.fa	20600	0.852326	0.00438427	0.600346	0.981189	200000
C:\Users\isaac\phlag\caster\data\ape.fa	20700	0.852326	0.00609128	0.600346	0.976873	200000
C:\Users\isaac\phlag\caster\data\ape.fa	20800	0.896082	0.00609128	0.603632	0.983079	200000
C:\Users\isaac\phlag\caster\data\ape.fa	20900	0.896082	0.00609128	0.603632	0.983079	200000
C:\Users\isaac\phlag\caster\data\ape.fa	21000	0.932186	0.00609128	0.603632	0.988514	200000
C:\Users\isaac\phlag\caster\data\ape.fa	21100	0.932186	0.00609128	0.603632	0.988514	200000
C:\Users\isaac\phlag\caster\data\ape.fa	21200	0.932186	0.00609128	0.606562	0.988046	200000
C:\Users\isaac\phlag\caster\data\ape.fa	21300	0.932186	0.00609128	0.615924	0.986574	200000
C:\Users\isaac\phlag\caster\data\ape.fa	21400	0.932186	0.00609128	0.613177	0.987002	200000
C:\Users\isaac\phlag\caster\data\ape.fa	21500	0.932186	0.00609128	0.613177	0.987002	200000
C:\Users\isaac\phlag\caster\data\ape.fa	21600	0.932186	0.00609128	0.616409	0.986498	200000
C:\Users\isaac\phlag\caster\data\ape.fa	21700	0.932186	0.00461011	0.616334	0.990153	200000
C:\Users\isaac\phlag\caster\data\ape.fa	21800	0.932186	0.00461011	0.622226	0.989215	200000
C:\Users\isaac\phlag\caster\data\ape.fa	21900	0.932186	0.00461011	0.622659	0.989147	200000
C:\Users\isaac\phlag\caster\data\ape.fa	22000	0.932186	0.00461011	0.616537	0.990121	200000
C:\Users\isaac\phlag\caster\data\ape.fa	22100	0.932186	0.00461011	0.616537	0.990121	200000
C:\Users\isaac\phlag\caster\data\ape.fa	22200	0.932186	0.00461011	0.619417	0.989661	200000
C:\Users\isaac\phlag\caster\data\ape.fa	22300	0.932186	0.00461011	0.613015	0.990688	200000
C:\Users\isaac\phlag\caster\data\ape.fa	22400	0.932186	0.00632343	0.612918	0.986471	200000
C:\Users\isaac\phlag\caster\data\ape.fa	22500	0.910964	0.00632343	0.607011	0.984224	200000
C:\Users\isaac\phlag\caster\data\ape.fa	22600	0.910964	0.0078505	0.607011	0.980445	200000
C:\Users\isaac\phlag\caster\data\ape.fa	22700	0.95194	0.0078505	0.594534	0.988535	200000
C:\Users\isaac\phlag\caster\data\ape.fa	22800	0.95194	0.0078505	0.591664	0.988999	200000
C:\Users\isaac\phlag\caster\data\ape.fa	22900	0.97402	0.0078505	0.591664	0.992308	200000
C:\Users\isaac\phlag\caster\data\ape.fa	23000	0.97402	0.0078505	0.591664	0.992308	200000
C:\Users\isaac\phlag\caster\data\ape.fa	23100	0.97402	0.0078505	0.591664	0.992308	200000
C:\Users\isaac\phlag\caster\data\ape.fa	23200	0.97402	0.0078505	0.585566	0.993328	200000
C:\Users\isaac\phlag\caster\data\ape.fa	23300	0.964072	0.00616437	0.581171	0.996895	200000
C:\Users\isaac\phlag\caster\data\ape.fa	23400	0.964072	0.00537377	0.581394	0.998896	200000
C:\Users\isaac\phlag\caster\data\ape.fa	23500	0.943227	0.00373113	0.581394	1	200000
C:\Users\isaac\phlag\caster\data\ape.fa	23600	0.943227	0.00373113	0.581394	1	200000
C:\Users\isaac\phlag\caster\data\ape.fa	23700	0.943227	0.00373113	0.581394	1	200000
C:\Users\isaac\phlag\caster\data\ape.fa	23800	0.943227	0.00373113	0.588168	0.998783	200000
C:\Users\isaac\phlag\caster\data\ape.fa	23900	0.965085	0.00717615	0.588168	0.993258	200000
C:\Users\isaac\phlag\caster\data\ape.fa	24000	0.965085	0.00717615	0.588168	0.993258	200000
C:\Users\isaac\phlag\caster\data\ape.fa	24100	0.965085	0.00717615	0.588068	0.993275	200000
C:\Users\isaac\phlag\caster\data\ape.fa	24200	0.965085	0.00717615	0.593986	0.992285	200000
C:\Users\isaac\phlag\caster\data\ape.fa	24300	0.965085	0.00717615	0.590934	0.992794	200000
C:\Users\isaac\phlag\caster\data\ape.fa	24400	0.965085	0.00717615	0.587909	0.993302	200000
C:\Users\isaac\phlag\caster\data\ape.fa	24500	0.965085	0.00717615	0.587909	0.993302	200000
C:\Users\isaac\phlag\caster\data\ape.fa	24600	0.965085	0.00717615	0.581778	0.994344	200000
C:\Users\isaac\phlag\caster\data\ape.fa	24700	0.965085	0.0102473	0.578793	0.987017	200000
C:\Users\isaac\phlag\caster\data\ape.fa	24800	0.965085	0.0102473	0.578793	0.987017	200000
C:\Users\isaac\phlag\caster\data\ape.fa	24900	0.965085	0.0102406	0.578793	0.987034	200000
C:\Users\isaac\phlag\caster\data\ape.fa	25000	0.945025	0.0102254	0.576116	0.984431	200000
C:\Users\isaac\phlag\caster\data\ape.fa	25100	0.945025	0.0102254	0.588586	0.982483	200000
C:\Users\isaac\phlag\caster\data\ape.fa	25200	0.963793	0.0102254	0.595102	0.984308	200000
C:\Users\isaac\phlag\caster\data\ape.fa	25300	0.963793	0.0102254	0.604359	0.982898	200000
C:\Users\isaac\phlag\caster\data\ape.fa	25400	0.963793	0.0102254	0.604359	0.982898	200000
C:\Users\isaac\phlag\caster\data\ape.fa	25500	0.898831	0.0110564	0.60762	0.970687	200000
C:\Users\isaac\phlag\caster\data\ape.fa	25600	0.898831	0.0110564	0.610884	0.970246	200000
C:\Users\isaac\phlag\caster\data\ape.fa	25700	0.846533	0.011918	0.600172	0.961534	200000
C:\Users\isaac\phlag\caster\data\ape.fa	25800	0.846533	0.0110399	0.603453	0.963266	200000
C:\Users\isaac\phlag\caster\data\ape.fa	25900	0.846533	0.0110399	0.609192	0.962537	200000
C:\Users\isaac\phlag\caster\data\ape.fa	26000	0.846533	0.0110399	0.60932	0.962521	200000
C:\Users\isaac\phlag\caster\data\ape.fa	26100	0.846533	0.0110399	0.60932	0.962521	200000
C:\Users\isaac\phlag\caster\data\ape.fa	26200	0.846533	0.0142809	0.60932	0.954721	200000
C:\Users\isaac\phlag\caster\data\ape.fa	26300	0.846533	0.0142809	0.60932	0.954721	200000
C:\Users\isaac\phlag\caster\data\ape.fa	26400	0.846533	0.0142809	0.615224	0.954047	200000
C:\Users\isaac\phlag\caster\data\ape.fa	26500	0.846533	0.0142809	0.612001	0.954414	200000
C:\Users\isaac\phlag\caster\data\ape.fa	26600	0.846533	0.0142809	0.605753	0.955133	200000
C:\Users\isaac\phlag\caster\data\ape.fa	26700	0.846533	0.0142809	0.605753	0.955133	200000
C:\Users\isaac\phlag\caster\data\ape.fa	26800	0.846533	0.0117677	0.605743	0.961202	200000
C:\Users\isaac\phlag\caster\data\ape.fa	26900	0.846533	0.0109024	0.605743	0.963309	200000
C:\Users\isaac\phlag\caster\data\ape.fa	27000	0.846533	0.00921587	0.602591	0.967864	200000
C:\Users\isaac\phlag\caster\data\ape.fa	27100	0.826939	0.00921587	0.602591	0.964814	200000
C:\Users\isaac\phlag\caster\data\ape.fa	27200	0.826939	0.00921587	0.615487	0.96315	200000
C:\Users\isaac\phlag\caster\data\ape.fa	27300	0.849681	0.00921587	0.621343	0.965875	200000
C:\Users\isaac\phlag\caster\data\ape.fa	27400	0.849681	0.00836618	0.630698	0.966705	200000
C:\Users\isaac\phlag\caster\data\ape.fa	27500	0.809179	0.00836618	0.636531	0.959881	200000
C:\Users\isaac\phlag\caster\data\ape.fa	27600	0.809179	0.00836618	0.63325	0.960276	200000
C:\Users\isaac\phlag\caster\data\ape.fa	27700	0.768475	0.00836618	0.633509	0.95402	200000
C:\Users\isaac\phlag\caster\data\ape.fa	27800	0.74774	0.00836618	0.636528	0.95048	200000
C:\Users\isaac\phlag\caster\data\ape.fa	27900	0.74774	0.00836618	0.633443	0.950818	200000
C:\Users\isaac\phlag\caster\data\ape.fa	28000	0.74774	0.00836618	0.627575	0.95147	200000
C:\Users\isaac\phlag\caster\data\ape.fa	28100	0.74774	0.00836618	0.622203	0.952075	200000
C:\Users\isaac\phlag\caster\data\ape.fa	28200	0.70501	0.00836618	0.624849	0.945015	200000
C:\Users\isaac\phlag\caster\data\ape.fa	28300	0.674874	0.00836618	0.610197	0.941655	200000
C:\Users\isaac\phlag\caster\data\ape.fa	28400	0.674874	0.00836618	0.616296	0.941033	200000
C:\Users\isaac\phlag\caster\data\ape.fa	28500	0.674874	0.0091941	0.616296	0.939011	200000
C:\Users\isaac\phlag\caster\data\ape.fa	28600	0.632818	0.0091941	0.616296	0.932091	200000
C:\Users\isaac\phlag\caster\data\ape.fa	28700	0.611006	0.0100535	0.616296	0.926362	200000
C:\Users\isaac\phlag\caster\data\ape.fa	28800	0.611006	0.0100535	0.616296	0.926362	200000
C:\Users\isaac\phlag\caster\data\ape.fa	28900	0.611006	0.0108715	0.622403	0.923897	200000
C:\Users\isaac\phlag\caster\data\ape.fa	29000	0.611006	0.0100306	0.619414	0.926163	200000
C:\Users\isaac\phlag\caster\data\ape.fa	29100	0.611006	0.0100306	0.613891	0.926616	200000
C:\Users\isaac\phlag\caster\data\ape.fa	29200	0.590774	0.0100306	0.613891	0.923204	200000
C:\Users\isaac\phlag\caster\data\ape.fa	29300	0.590774	0.0114828	0.610757	0.919903	200000
C:\Users\isaac\phlag\caster\data\ape.fa	29400	0.568795	0.0114828	0.611143	0.916122	200000
C:\Users\isaac\phlag\caster\data\ape.fa	29500	0.568795	0.0114828	0.616768	0.915737	200000
C:\Users\isaac\phlag\caster\data\ape.fa	29600	0.557807	0.0114828	0.614592	0.914005	200000
C:\Users\isaac\phlag\caster\data\ape.fa	29700	0.557807	0.0106193	0.614592	0.916101	200000
C:\Users\isaac\phlag\caster\data\ape.fa	29800	0.557807	0.0106193	0.617503	0.915902	200000
C:\Users\isaac\phlag\caster\data\ape.fa	29900	0.557807	0.0106193	0.613854	0.916152	200000
C:\Users\isaac\phlag\caster\data\ape.fa	30000	0.557807	0.0106193	0.613854	0.916152	200000
C:\Users\isaac\phlag\caster\data\ape.fa	30100	0.557807	0.0114921	0.613854	0.914031	200000
C:\Users\isaac\phlag\caster\data\ape.fa	30200	0.557807	0.0115018	0.61373	0.914016	200000
C:\Users\isaac\phlag\caster\data\ape.fa	30300	0.557807	0.0115018	0.607183	0.914452	200000
C:\Users\isaac\phlag\caster\data\ape.fa	30400	0.557807	0.0105493	0.618831	0.91598	200000
C:\Users\isaac\phlag\caster\data\ape.fa	30500	0.557807	0.00970822	0.618831	0.918019	200000
C:\Users\isaac\phlag\caster\data\ape.fa	30600	0.54031	0.00970822	0.624255	0.914663	200000
C:\Users\isaac\phlag\caster\data\ape.fa	30700	0.54031	0.00970822	0.62115	0.91487	200000
C:\Users\isaac\phlag\caster\data\ape.fa	30800	0.517929	0.012311	0.615477	0.905059	200000
C:\Users\isaac\phlag\caster\data\ape.fa	30900	0.517929	0.012311	0.608984	0.905413	200000
C:\Users\isaac\phlag\caster\data\ape.fa	31000	0.517929	0.0114927	0.608984	0.907409	200000
C:\Users\isaac\phlag\caster\data\ape.fa	31100	0.517929	0.0114927	0.608984	0.907409	200000
C:\Users\isaac\phlag\caster\data\ape.fa	31200	0.517929	0.0114927	0.61213	0.907228	200000
C:\Users\isaac\phlag\caster\data\ape.fa	31300	0.517929	0.0123452	0.615316	0.904986	200000
C:\Users\isaac\phlag\caster\data\ape.fa	31400	0.495146	0.0123452	0.627816	0.900402	200000
C:\Users\isaac\phlag\caster\data\ape.fa	31500	0.472995	0.0132183	0.627816	0.894491	200000
C:\Users\isaac\phlag\caster\data\ape.fa	31600	0.472995	0.0132183	0.634038	0.89425	200000
C:\Users\isaac\phlag\caster\data\ape.fa	31700	0.472995	0.0132183	0.634038	0.89425	200000
C:\Users\isaac\phlag\caster\data\ape.fa	31800	0.472995	0.0132183	0.634038	0.89425	200000
C:\Users\isaac\phlag\caster\data\ape.fa	31900	0.472995	0.0132183	0.627914	0.894487	200000
C:\Users\isaac\phlag\caster\data\ape.fa	32000	0.511406	0.0132183	0.624642	0.901293	200000
C:\Users\isaac\phlag\caster\data\ape.fa	32100	0.511406	0.0132183	0.624642	0.901293	200000
C:\Users\isaac\phlag\caster\data\ape.fa	32200	0.511406	0.0132183	0.624642	0.901293	200000
C:\Users\isaac\phlag\caster\data\ape.fa	32300	0.493184	0.0132183	0.624642	0.898138	200000
C:\Users\isaac\phlag\caster\data\ape.fa	32400	0.493184	0.0132183	0.624642	0.898138	200000
C:\Users\isaac\phlag\caster\data\ape.fa	32500	0.493184	0.0132183	0.624642	0.898138	200000
C:\Users\isaac\phlag\caster\data\ape.fa	32600	0.493184	0.011607	0.627751	0.901819	200000
C:\Users\isaac\phlag\caster\data\ape.fa	32700	0.493184	0.0133633	0.627751	0.89766	200000
C:\Users\isaac\phlag\caster\data\ape.fa	32800	0.493184	0.0133633	0.634205	0.897384	200000
C:\Users\isaac\phlag\caster\data\ape.fa	32900	0.493184	0.0133633	0.648763	0.896778	200000
C:\Users\isaac\phlag\caster\data\ape.fa	33000	0.493184	0.0133633	0.648757	0.896778	200000
C:\Users\isaac\phlag\caster\data\ape.fa	33100	0.493184	0.0133633	0.648757	0.896778	200000
C:\Users\isaac\phlag\caster\data\ape.fa	33200	0.493184	0.0133633	0.648757	0.896778	200000
C:\Users\isaac\phlag\caster\data\ape.fa	33300	0.493184	0.0133633	0.639341	0.897167	200000
C:\Users\isaac\phlag\caster\data\ape.fa	33400	0.493184	0.0133633	0.639341	0.897167	200000
C:\Users\isaac\phlag\caster\data\ape.fa	33500	0.493353	0.0133633	0.639341	0.897196	200000
C:\Users\isaac\phlag\caster\data\ape.fa	33600	0.493353	0.0133633	0.639341	0.897196	200000
C:\Users\isaac\phlag\caster\data\ape.fa	33700	0.43189	0.0133633	0.6443	0.886451	200000
C:\Users\isaac\phlag\caster\data\ape.fa	33800	0.43189	0.0168298	0.640979	0.878583	200000
C:\Users\isaac\phlag\caster\data\ape.fa	33900	0.43189	0.0168298	0.640979	0.878583	200000
C:\Users\isaac\phlag\caster\data\ape.fa	34000	0.43189	0.0168298	0.640979	0.878583	200000
C:\Users\isaac\phlag\caster\data\ape.fa	34100	0.43189	0.0202732	0.640979	0.870811	200000
C:\Users\isaac\phlag\caster\data\ape.fa	34200	0.43189	0.0202732	0.643804	0.870793	200000
C:\Users\isaac\phlag\caster\data\ape.fa	34300	0.43189	0.0202732	0.638018	0.870831	200000
C:\Users\isaac\phlag\caster\data\ape.fa	34400	0.43189	0.0202732	0.634919	0.870851	200000
C:\Users\isaac\phlag\caster\data\ape.fa	34500	0.43189	0.0202732	0.634919	0.870851	200000
C:\Users\isaac\phlag\caster\data\ape.fa	34600	0.43189	0.0202732	0.641217	0.87081	200000
C:\Users\isaac\phlag\caster\data\ape.fa	34700	0.43189	0.0202732	0.646938	0.870772	200000
C:\Users\isaac\phlag\caster\data\ape.fa	34800	0.43189	0.0202732	0.64389	0.870792	200000
C:\Users\isaac\phlag\caster\data\ape.fa	34900	0.43189	0.0202732	0.650347	0.87075	200000
C:\Users\isaac\phlag\caster\data\ape.fa	35000	0.43189	0.0202732	0.650347	0.87075	200000
C:\Users\isaac\phlag\caster\data\ape.fa	35100	0.43189	0.0202732	0.662759	0.870671	200000
C:\Users\isaac\phlag\caster\data\ape.fa	35200	0.413807	0.0202732	0.662759	0.867595	200000
C:\Users\isaac\phlag\caster\data\ape.fa	35300	0.413807	0.0202732	0.662759	0.867595	200000
C:\Users\isaac\phlag\caster\data\ape.fa	35400	0.415016	0.0202732	0.662759	0.867801	200000
C:\Users\isaac\phlag\caster\data\ape.fa	35500	0.415016	0.0202732	0.672243	0.867777	200000
C:\Users\isaac\phlag\caster\data\ape.fa	35600	0.415016	0.0202732	0.672243	0.867777	200000
C:\Users\isaac\phlag\caster\data\ape.fa	35700	0.332363	0.0202732	0.665763	0.853522	200000
C:\Users\isaac\phlag\caster\data\ape.fa	35800	0.332363	0.0202732	0.659379	0.853418	200000
C:\Users\isaac\phlag\caster\data\ape.fa	35900	0.265395	0.0202732	0.661606	0.841487	200000
C:\Users\isaac\phlag\caster\data\ape.fa	36000	0.265395	0.0197418	0.661606	0.842645	200000
C:\Users\isaac\phlag\caster\data\ape.fa	36100	0.265395	0.0197418	0.661606	0.842645	200000
C:\Users\isaac\phlag\caster\data\ape.fa	36200	0.265395	0.0197418	0.661606	0.842645	200000
C:\Users\isaac\phlag\caster\data\ape.fa	36300	0.265395	0.0188568	0.668983	0.844788	200000
C:\Users\isaac\phlag\caster\data\ape.fa	36400	0.245482	0.0188568	0.668983	0.841204	200000
C:\Users\isaac\phlag\caster\data\ape.fa	36500	0.245482	0.0188568	0.674627	0.841387	200000
C:\Users\isaac\phlag\caster\data\ape.fa	36600	0.245482	0.0188568	0.677757	0.841488	200000
C:\Users\isaac\phlag\caster\data\ape.fa	36700	0.245482	0.0188568	0.677757	0.841488	200000
C:\Users\isaac\phlag\caster\data\ape.fa	36800	0.245482	0.0188568	0.680701	0.841581	200000
C:\Users\isaac\phlag\caster\data\ape.fa	36900	0.245482	0.0156654	0.677719	0.84839	200000
C:\Users\isaac\phlag\caster\data\ape.fa	37000	0.245482	0.0156654	0.694085	0.84876	200000
C:\Users\isaac\phlag\caster\data\ape.fa	37100	0.245482	0.0149515	0.694085	0.850287	200000
C:\Users\isaac\phlag\caster\data\ape.fa	37200	0.245482	0.0149515	0.694085	0.850287	200000
C:\Users\isaac\phlag\caster\data\ape.fa	37300	0.245482	0.0149515	0.70032	0.850411	200000
C:\Users\isaac\phlag\caster\data\ape.fa	37400	0.245482	0.0149515	0.70032	0.850411	200000
C:\Users\isaac\phlag\caster\data\ape.fa	37500	0.245482	0.0149515	0.697444	0.850354	200000
C:\Users\isaac\phlag\caster\data\ape.fa	37600	0.223392	0.0149515	0.694202	0.846413	200000
C:\Users\isaac\phlag\caster\data\ape.fa	37700	0.201732	0.0149515	0.690995	0.842482	200000
C:\Users\isaac\phlag\caster\data\ape.fa	37800	0.180037	0.0149515	0.688266	0.838495	200000
C:\Users\isaac\phlag\caster\data\ape.fa	37900	0.180037	0.0149582	0.694706	0.838712	200000
C:\Users\isaac\phlag\caster\data\ape.fa	38000	0.180037	0.0149582	0.691562	0.838599	200000
C:\Users\isaac\phlag\caster\data\ape.fa	38100	0.180037	0.0149582	0.694869	0.838718	200000
C:\Users\isaac\phlag\caster\data\ape.fa	38200	0.180037	0.0149582	0.694869	0.838718	200000
C:\Users\isaac\phlag\caster\data\ape.fa	38300	0.180081	0.0166166	0.697968	0.835316	200000
C:\Users\isaac\phlag\caster\data\ape.fa	38400	0.200446	0.0198262	0.697968	0.8322	200000
C:\Users\isaac\phlag\caster\data\ape.fa	38500	0.220865	0.0198262	0.697968	0.835795	200000
C:\Users\isaac\phlag\caster\data\ape.fa	38600	0.220865	0.0198262	0.697968	0.835795	200000
C:\Users\isaac\phlag\caster\data\ape.fa	38700	0.242441	0.0198262	0.697968	0.839564	200000
C:\Users\isaac\phlag\caster\data\ape.fa	38800	0.242441	0.0198262	0.697968	0.839564	200000
C:\Users\isaac\phlag\caster\data\ape.fa	38900	0.242441	0.0198262	0.697968	0.839564	200000
C:\Users\isaac\phlag\caster\data\ape.fa	39000	0.242441	0.0173335	0.692192	0.844629	200000
C:\Users\isaac\phlag\caster\data\ape.fa	39100	0.242441	0.0163459	0.689665	0.846668	200000
C:\Users\isaac\phlag\caster\data\ape.fa	39200	0.220245	0.0145968	0.686383	0.84642	200000
C:\Users\isaac\phlag\caster\data\ape.fa	39300	0.220245	0.0145968	0.680084	0.846258	200000
C:\Users\isaac\phlag\caster\data\ape.fa	39400	0.220245	0.0154697	0.686608	0.844539	200000
C:\Users\isaac\phlag\caster\data\ape.fa	39500	0.220245	0.0188551	0.680392	0.837063	200000
C:\Users\isaac\phlag\caster\data\ape.fa	39600	0.220245	0.0188551	0.677516	0.836954	200000
C:\Users\isaac\phlag\caster\data\ape.fa	39700	0.246716	0.0188551	0.669668	0.841453	200000
C:\Users\isaac\phlag\caster\data\ape.fa	39800	0.246716	0.0179823	0.669668	0.84335	200000
C:\Users\isaac\phlag\caster\data\ape.fa	39900	0.246716	0.0179823	0.666495	0.843254	200000
C:\Users\isaac\phlag\caster\data\ape.fa	40000	0.246716	0.0188796	0.666495	0.841296	200000
C:\Users\isaac\phlag\caster\data\ape.fa	40100	0.246716	0.0139188	0.666495	0.852233	200000
C:\Users\isaac\phlag\caster\data\ape.fa	40200	0.246716	0.010697	0.666495	0.859483	200000
C:\Users\isaac\phlag\caster\data\ape.fa	40300	0.246716	0.0114817	0.67324	0.85778	200000
C:\Users\isaac\phlag\caster\data\ape.fa	40400	0.246716	0.010535	0.673566	0.859908	200000
C:\Users\isaac\phlag\caster\data\ape.fa	40500	0.246716	0.010535	0.666146	0.859848	200000
C:\Users\isaac\phlag\caster\data\ape.fa	40600	0.246716	0.010535	0.660383	0.859801	200000
C:\Users\isaac\phlag\caster\data\ape.fa	40700	0.246716	0.010535	0.660383	0.859801	200000
C:\Users\isaac\phlag\caster\data\ape.fa	40800	0.246716	0.012097	0.657601	0.856202	200000
C:\Users\isaac\phlag\caster\data\ape.fa	40900	0.281581	0.0129687	0.660907	0.860597	200000
C:\Users\isaac\phlag\caster\data\ape.fa	41000	0.281581	0.0129687	0.660907	0.860597	200000
C:\Users\isaac\phlag\caster\data\ape.fa	41100	0.30458	0.0129687	0.654687	0.864713	200000
C:\Users\isaac\phlag\caster\data\ape.fa	41200	0.30458	0.0130892	0.654687	0.864438	200000
C:\Users\isaac\phlag\caster\data\ape.fa	41300	0.30458	0.0130892	0.654687	0.864438	200000
C:\Users\isaac\phlag\caster\data\ape.fa	41400	0.30458	0.0138762	0.654687	0.862649	200000
C:\Users\isaac\phlag\caster\data\ape.fa	41500	0.30458	0.0147496	0.657951	0.860695	200000
C:\Users\isaac\phlag\caster\data\ape.fa	41600	0.30458	0.0147496	0.657638	0.860693	200000
C:\Users\isaac\phlag\caster\data\ape.fa	41700	0.30458	0.0147496	0.657624	0.860693	200000
C:\Users\isaac\phlag\caster\data\ape.fa	41800	0.30458	0.0147496	0.657624	0.860693	200000
C:\Users\isaac\phlag\caster\data\ape.fa	41900	0.30458	0.0155671	0.657624	0.858857	200000
C:\Users\isaac\phlag\caster\data\ape.fa	42000	0.30458	0.0164084	0.657624	0.856976	200000
C:\Users\isaac\phlag\caster\data\ape.fa	42100	0.30458	0.0172619	0.657624	0.855076	200000
C:\Users\isaac\phlag\caster\data\ape.fa	42200	0.30458	0.0172619	0.657624	0.855076	200000
C:\Users\isaac\phlag\caster\data\ape.fa	42300	0.30458	0.0172619	0.663177	0.855155	200000
C:\Users\isaac\phlag\caster\data\ape.fa	42400	0.30458	0.0180904	0.666452	0.853386	200000
C:\Users\isaac\phlag\caster\data\ape.fa	42500	0.294017	0.0172788	0.673842	0.85341	200000
C:\Users\isaac\phlag\caster\data\ape.fa	42600	0.294017	0.0202017	0.673842	0.847099	200000
C:\Users\isaac\phlag\caster\data\ape.fa	42700	0.28365	0.0202017	0.669262	0.845146	200000
C:\Users\isaac\phlag\caster\data\ape.fa	42800	0.28365	0.0193897	0.669262	0.8469	200000
C:\Users\isaac\phlag\caster\data\ape.fa	42900	0.241355	0.0210288	0.659805	0.8354	200000
C:\Users\isaac\phlag\caster\data\ape.fa	43000	0.241355	0.0202621	0.659805	0.837069	200000
C:\Users\isaac\phlag\caster\data\ape.fa	43100	0.241355	0.0202621	0.662709	0.83718	200000
C:\Users\isaac\phlag\caster\data\ape.fa	43200	0.282903	0.0202621	0.662709	0.844701	200000
C:\Users\isaac\phlag\caster\data\ape.fa	43300	0.282903	0.0202621	0.662709	0.844701	200000
C:\Users\isaac\phlag\caster\data\ape.fa	43400	0.282903	0.0195264	0.668204	0.846445	200000
C:\Users\isaac\phlag\caster\data\ape.fa	43500	0.282903	0.0185894	0.673539	0.848601	200000
C:\Users\isaac\phlag\caster\data\ape.fa	43600	0.260698	0.0185894	0.673539	0.844654	200000
C:\Users\isaac\phlag\caster\data\ape.fa	43700	0.260698	0.0149203	0.673539	0.852655	200000
C:\Users\isaac\phlag\caster\data\ape.fa	43800	0.260698	0.0149203	0.673539	0.852655	200000
C:\Users\isaac\phlag\caster\data\ape.fa	43900	0.260698	0.0149203	0.67937	0.852756	200000
C:\Users\isaac\phlag\caster\data\ape.fa	44000	0.260698	0.0149203	0.676731	0.85271	200000
C:\Users\isaac\phlag\caster\data\ape.fa	44100	0.260698	0.0149203	0.676731	0.85271	200000
C:\Users\isaac\phlag\caster\data\ape.fa	44200	0.260698	0.0149203	0.673587	0.852656	200000
C:\Users\isaac\phlag\caster\data\ape.fa	44300	0.260698	0.0149203	0.673554	0.852655	200000
C:\Users\isaac\phlag\caster\data\ape.fa	44400	0.260698	0.0149203	0.66994	0.852592	200000
C:\Users\isaac\phlag\caster\data\ape.fa	44500	0.260698	0.0149203	0.67914	0.852752	200000
C:\Users\isaac\phlag\caster\data\ape.fa	44600	0.260698	0.0139469	0.67601	0.854838	200000
C:\Users\isaac\phlag\caster\data\ape.fa	44700	0.283687	0.0156796	0.67601	0.855109	200000
C:\Users\isaac\phlag\caster\data\ape.fa	44800	0.262821	0.0156796	0.67601	0.851413	200000
C:\Users\isaac\phlag\caster\data\ape.fa	44900	0.262821	0.0164341	0.669453	0.849628	200000
C:\Users\isaac\phlag\caster\data\ape.fa	45000	0.262821	0.0164341	0.666618	0.849566	200000
C:\Users\isaac\phlag\caster\data\ape.fa	45100	0.231101	0.0181136	0.66825	0.840189	200000
C:\Users\isaac\phlag\caster\data\ape.fa	45200	0.231101	0.0190016	0.66825	0.838258	200000
C:\Users\isaac\phlag\caster\data\ape.fa	45300	0.231101	0.0189405	0.674828	0.838628	200000
C:\Users\isaac\phlag\caster\data\ape.fa	45400	0.253111	0.0189405	0.681289	0.842775	200000
C:\Users\isaac\phlag\caster\data\ape.fa	45500	0.253111	0.0189405	0.681289	0.842775	200000
C:\Users\isaac\phlag\caster\data\ape.fa	45600	0.253111	0.0189405	0.672125	0.842496	200000
C:\Users\isaac\phlag\caster\data\ape.fa	45700	0.232908	0.0197712	0.669279	0.836958	200000
C:\Users\isaac\phlag\caster\data\ape.fa	45800	0.232908	0.0163099	0.674879	0.844656	200000
C:\Users\isaac\phlag\caster\data\ape.fa	45900	0.232908	0.0163099	0.674879	0.844656	200000
C:\Users\isaac\phlag\caster\data\ape.fa	46000	0.233018	0.0171027	0.674849	0.84295	200000
C:\Users\isaac\phlag\caster\data\ape.fa	46100	0.22376	0.0172827	0.682277	0.841131	200000
C:\Users\isaac\phlag\caster\data\ape.fa	46200	0.22376	0.0172827	0.685471	0.841235	200000
C:\Users\isaac\phlag\caster\data\ape.fa	46300	0.22376	0.016467	0.68876	0.843083	200000
C:\Users\isaac\phlag\caster\data\ape.fa	46400	0.22376	0.016467	0.689143	0.843094	200000
C:\Users\isaac\phlag\caster\data\ape.fa	46500	0.22376	0.0173361	0.689143	0.841239	200000
C:\Users\isaac\phlag\caster\data\ape.fa	46600	0.22376	0.0173361	0.689143	0.841239	200000
C:\Users\isaac\phlag\caster\data\ape.fa	46700	0.22376	0.0173361	0.689143	0.841239	200000
C:\Users\isaac\phlag\caster\data\ape.fa	46800	0.22376	0.0173361	0.695446	0.841439	200000
C:\Users\isaac\phlag\caster\data\ape.fa	46900	0.22376	0.0173361	0.698041	0.841521	200000
C:\Users\isaac\phlag\caster\data\ape.fa	47000	0.22376	0.0180032	0.700678	0.840204	200000
C:\Users\isaac\phlag\caster\data\ape.fa	47100	0.22376	0.0180032	0.700678	0.840204	200000
C:\Users\isaac\phlag\caster\data\ape.fa	47200	0.22376	0.0180032	0.706949	0.840409	200000
C:\Users\isaac\phlag\caster\data\ape.fa	47300	0.244311	0.0180032	0.706949	0.843954	200000
C:\Users\isaac\phlag\caster\data\ape.fa	47400	0.244311	0.0180032	0.713256	0.844128	200000
C:\Users\isaac\phlag\caster\data\ape.fa	47500	0.244311	0.0180032	0.728086	0.844525	200000
C:\Users\isaac\phlag\caster\data\ape.fa	47600	0.244311	0.0180032	0.740505	0.844846	200000
C:\Users\isaac\phlag\caster\data\ape.fa	47700	0.244311	0.0180032	0.743595	0.844925	200000
C:\Users\isaac\phlag\caster\data\ape.fa	47800	0.244311	0.0180032	0.7405	0.844846	200000
C:\Users\isaac\phlag\caster\data\ape.fa	47900	0.223147	0.0180032	0.737384	0.841254	200000
C:\Users\isaac\phlag\caster\data\ape.fa	48000	0.204109	0.0161465	0.737023	0.841792	200000
C:\Users\isaac\phlag\caster\data\ape.fa	48100	0.221606	0.0175253	0.730909	0.841764	200000
C:\Users\isaac\phlag\caster\data\ape.fa	48200	0.221606	0.0166313	0.730787	0.843571	200000
C:\Users\isaac\phlag\caster\data\ape.fa	48300	0.221606	0.0166313	0.730787	0.843571	200000
C:\Users\isaac\phlag\caster\data\ape.fa	48400	0.241329	0.0166313	0.730787	0.846876	200000
C:\Users\isaac\phlag\caster\data\ape.fa	48500	0.241329	0.0166313	0.733773	0.846945	200000
C:\Users\isaac\phlag\caster\data\ape.fa	48600	0.241329	0.0166313	0.733773	0.846945	200000
C:\Users\isaac\phlag\caster\data\ape.fa	48700	0.241329	0.0166313	0.733773	0.846945	200000
C:\Users\isaac\phlag\caster\data\ape.fa	48800	0.241329	0.0150716	0.736587	0.850167	200000
C:\Users\isaac\phlag\caster\data\ape.fa	48900	0.241329	0.0150716	0.739545	0.850224	200000
C:\Users\isaac\phlag\caster\data\ape.fa	49000	0.241329	0.0150716	0.731344	0.850065	200000
C:\Users\isaac\phlag\caster\data\ape.fa	49100	0.219459	0.0133481	0.73673	0.850045	200000
C:\Users\isaac\phlag\caster\data\ape.fa	49200	0.197469	0.0133481	0.727009	0.846118	200000
C:\Users\isaac\phlag\caster\data\ape.fa	49300	0.197469	0.0133481	0.720897	0.845965	200000
C:\Users\isaac\phlag\caster\data\ape.fa	49400	0.176953	0.0133481	0.717876	0.842335	200000
C:\Users\isaac\phlag\caster\data\ape.fa	49500	0.176953	0.0133481	0.717876	0.842335	200000
C:\Users\isaac\phlag\caster\data\ape.fa	49600	0.153549	0.0141733	0.717893	0.836524	200000
C:\Users\isaac\phlag\caster\data\ape.fa	49700	0.153549	0.0141733	0.720449	0.83662	200000
C:\Users\isaac\phlag\caster\data\ape.fa	49800	0.153549	0.0141733	0.726084	0.836829	200000
C:\Users\isaac\phlag\caster\data\ape.fa	49900	0.153549	0.0132869	0.726084	0.838662	200000
C:\Users\isaac\phlag\caster\data\ape.fa	50000	0.153549	0.0132869	0.720007	0.838451	200000
C:\Users\isaac\phlag\caster\data\ape.fa	50100	0.153549	0.0132869	0.714018	0.838239	200000
C:\Users\isaac\phlag\caster\data\ape.fa	50200	0.134289	0.0132869	0.714018	0.834831	200000
C:\Users\isaac\phlag\caster\data\ape.fa	50300	0.134289	0.0141092	0.714018	0.833104	200000
C:\Users\isaac\phlag\caster\data\ape.fa	50400	0.134289	0.0174935	0.714018	0.826071	200000
C:\Users\isaac\phlag\caster\data\ape.fa	50500	0.134289	0.0174935	0.714018	0.826071	200000
C:\Users\isaac\phlag\caster\data\ape.fa	50600	0.134289	0.0174935	0.714072	0.826073	200000
C:\Users\isaac\phlag\caster\data\ape.fa	50700	0.134289	0.0206561	0.717319	0.819794	200000
C:\Users\isaac\phlag\caster\data\ape.fa	50800	0.125461	0.0206561	0.716019	0.818153	200000
C:\Users\isaac\phlag\caster\data\ape.fa	50900	0.125461	0.0206561	0.716019	0.818153	200000
C:\Users\isaac\phlag\caster\data\ape.fa	51000	0.125461	0.023953	0.716019	0.811528	200000
C:\Users\isaac\phlag\caster\data\ape.fa	51100	0.125461	0.0238017	0.716019	0.81183	200000
C:\Users\isaac\phlag\caster\data\ape.fa	51200	0.125461	0.0238017	0.710064	0.811421	200000
C:\Users\isaac\phlag\caster\data\ape.fa	51300	0.125461	0.0238017	0.703737	0.810979	200000
C:\Users\isaac\phlag\caster\data\ape.fa	51400	0.146086	0.0303032	0.703737	0.801714	200000
C:\Users\isaac\phlag\caster\data\ape.fa	51500	0.164835	0.0303032	0.697786	0.804593	200000
C:\Users\isaac\phlag\caster\data\ape.fa	51600	0.164835	0.0303032	0.697786	0.804593	200000
C:\Users\isaac\phlag\caster\data\ape.fa	51700	0.164835	0.0303032	0.700871	0.804831	200000
C:\Users\isaac\phlag\caster\data\ape.fa	51800	0.164835	0.0310778	0.703766	0.803533	200000
C:\Users\isaac\phlag\caster\data\ape.fa	51900	0.164833	0.0310778	0.706844	0.803772	200000
C:\Users\isaac\phlag\caster\data\ape.fa	52000	0.164833	0.03031	0.703969	0.805054	200000
C:\Users\isaac\phlag\caster\data\ape.fa	52100	0.164833	0.03031	0.704284	0.805078	200000
C:\Users\isaac\phlag\caster\data\ape.fa	52200	0.164833	0.03031	0.704284	0.805078	200000
C:\Users\isaac\phlag\caster\data\ape.fa	52300	0.164833	0.0289551	0.69922	0.807375	200000
C:\Users\isaac\phlag\caster\data\ape.fa	52400	0.164833	0.0319111	0.692949	0.801028	200000
C:\Users\isaac\phlag\caster\data\ape.fa	52500	0.164833	0.0311571	0.692949	0.80252	200000
C:\Users\isaac\phlag\caster\data\ape.fa	52600	0.143874	0.0336739	0.692949	0.79378	200000
C:\Users\isaac\phlag\caster\data\ape.fa	52700	0.143874	0.0329386	0.696088	0.795501	200000
C:\Users\isaac\phlag\caster\data\ape.fa	52800	0.143874	0.0345804	0.696088	0.792301	200000
C:\Users\isaac\phlag\caster\data\ape.fa	52900	0.143874	0.0397336	0.696088	0.782413	200000
C:\Users\isaac\phlag\caster\data\ape.fa	53000	0.143874	0.0414913	0.696088	0.779094	200000
C:\Users\isaac\phlag\caster\data\ape.fa	53100	0.143874	0.0482272	0.696088	0.766622	200000
C:\Users\isaac\phlag\caster\data\ape.fa	53200	0.143874	0.0496806	0.689734	0.763188	200000
C:\Users\isaac\phlag\caster\data\ape.fa	53300	0.100797	0.0496806	0.689734	0.755342	200000
C:\Users\isaac\phlag\caster\data\ape.fa	53400	0.100797	0.0529079	0.689854	0.74953	200000
C:\Users\isaac\phlag\caster\data\ape.fa	53500	0.100797	0.0519067	0.689854	0.751329	200000
C:\Users\isaac\phlag\caster\data\ape.fa	53600	0.123315	0.0519067	0.689854	0.755441	200000
C:\Users\isaac\phlag\caster\data\ape.fa	53700	0.123315	0.0527321	0.689854	0.753955	200000
C:\Users\isaac\phlag\caster\data\ape.fa	53800	0.123315	0.0574753	0.689854	0.745527	200000
C:\Users\isaac\phlag\caster\data\ape.fa	53900	0.123315	0.060685	0.689854	0.739926	200000
C:\Users\isaac\phlag\caster\data\ape.fa	54000	0.123315	0.0621904	0.686315	0.73678	200000
C:\Users\isaac\phlag\caster\data\ape.fa	54100	0.123315	0.0613915	0.686383	0.738173	200000
C:\Users\isaac\phlag\caster\data\ape.fa	54200	0.145673	0.0682215	0.683186	0.730034	200000
C:\Users\isaac\phlag\caster\data\ape.fa	54300	0.145673	0.0679919	0.683186	0.730422	200000
C:\Users\isaac\phlag\caster\data\ape.fa	54400	0.145673	0.0679919	0.676726	0.729378	200000
C:\Users\isaac\phlag\caster\data\ape.fa	54500	0.145673	0.0729765	0.676726	0.720991	200000
C:\Users\isaac\phlag\caster\data\ape.fa	54600	0.145673	0.0729765	0.676837	0.72101	200000
C:\Users\isaac\phlag\caster\data\ape.fa	54700	0.145673	0.0788926	0.673678	0.710722	200000
C:\Users\isaac\phlag\caster\data\ape.fa	54800	0.145673	0.0788926	0.665472	0.70922	200000
C:\Users\isaac\phlag\caster\data\ape.fa	54900	0.145673	0.0936304	0.665472	0.685833	200000
C:\Users\isaac\phlag\caster\data\ape.fa	55000	0.145673	0.0936304	0.665472	0.685833	200000
C:\Users\isaac\phlag\caster\data\ape.fa	55100	0.145673	0.0987131	0.665472	0.678105	200000
C:\Users\isaac\phlag\caster\data\ape.fa	55200	0.145673	0.0987131	0.665472	0.678105	200000
C:\Users\isaac\phlag\caster\data\ape.fa	55300	0.145673	0.0987131	0.665472	0.678105	200000
C:\Users\isaac\phlag\caster\data\ape.fa	55400	0.145673	0.0987131	0.662578	0.677488	200000
C:\Users\isaac\phlag\caster\data\ape.fa	55500	0.145673	0.0986575	0.662578	0.677572	200000
C:\Users\isaac\phlag\caster\data\ape.fa	55600	0.145673	0.104697	0.659551	0.667908	200000
C:\Users\isaac\phlag\caster\data\ape.fa	55700	0.145673	0.104697	0.657054	0.667351	200000
C:\Users\isaac\phlag\caster\data\ape.fa	55800	0.145673	0.104697	0.65171	0.666148	200000
C:\Users\isaac\phlag\caster\data\ape.fa	55900	0.145673	0.108419	0.65171	0.660671	200000
C:\Users\isaac\phlag\caster\data\ape.fa	56000	0.145673	0.111384	0.645954	0.655011	200000
C:\Users\isaac\phlag\caster\data\ape.fa	56100	0.145673	0.111384	0.645954	0.655011	200000
C:\Users\isaac\phlag\caster\data\ape.fa	56200	0.145673	0.111384	0.645954	0.655011	200000
C:\Users\isaac\phlag\caster\data\ape.fa	56300	0.145673	0.111384	0.645954	0.655011	200000
C:\Users\isaac\phlag\caster\data\ape.fa	56400	0.145673	0.109692	0.645954	0.657471	200000
C:\Users\isaac\phlag\caster\data\ape.fa	56500	0.145673	0.109692	0.645955	0.657472	200000
C:\Users\isaac\phlag\caster\data\ape.fa	56600	0.145673	0.118449	0.645955	0.644929	200000
C:\Users\isaac\phlag\caster\data\ape.fa	56700	0.145673	0.118449	0.645955	0.644929	200000
C:\Users\isaac\phlag\caster\data\ape.fa	56800	0.145673	0.118396	0.639648	0.643447	200000
C:\Users\isaac\phlag\caster\data\ape.fa	56900	0.145673	0.123419	0.639648	0.636421	200000
C:\Users\isaac\phlag\caster\data\ape.fa	57000	0.145673	0.130175	0.639648	0.627199	200000
C:\Users\isaac\phlag\caster\data\ape.fa	57100	0.145673	0.130175	0.639648	0.627199	200000
C:\Users\isaac\phlag\caster\data\ape.fa	57200	0.145673	0.130175	0.639648	0.627199	200000
C:\Users\isaac\phlag\caster\data\ape.fa	57300	0.145673	0.130175	0.637156	0.626549	200000
C:\Users\isaac\phlag\caster\data\ape.fa	57400	0.145673	0.130175	0.637156	0.626549	200000
C:\Users\isaac\phlag\caster\data\ape.fa	57500	0.145673	0.130175	0.637156	0.626549	200000
C:\Users\isaac\phlag\caster\data\ape.fa	57600	0.145673	0.130175	0.630806	0.624876	200000
C:\Users\isaac\phlag\caster\data\ape.fa	57700	0.145673	0.133047	0.630849	0.62102	200000
C:\Users\isaac\phlag\caster\data\ape.fa	57800	0.145673	0.133047	0.630849	0.62102	200000
C:\Users\isaac\phlag\caster\data\ape.fa	57900	0.145673	0.133047	0.630849	0.62102	200000
C:\Users\isaac\phlag\caster\data\ape.fa	58000	0.174675	0.133047	0.630849	0.626344	200000
C:\Users\isaac\phlag\caster\data\ape.fa	58100	0.174675	0.133047	0.630849	0.626344	200000
C:\Users\isaac\phlag\caster\data\ape.fa	58200	0.153523	0.131268	0.630849	0.624858	200000
C:\Users\isaac\phlag\caster\data\ape.fa	58300	0.153523	0.131268	0.630849	0.624858	200000
C:\Users\isaac\phlag\caster\data\ape.fa	58400	0.153523	0.131268	0.627739	0.624033	200000
C:\Users\isaac\phlag\caster\data\ape.fa	58500	0.153523	0.131268	0.627739	0.624033	200000
C:\Users\isaac\phlag\caster\data\ape.fa	58600	0.197288	0.131268	0.624635	0.631277	200000
C:\Users\isaac\phlag\caster\data\ape.fa	58700	0.197288	0.131268	0.618297	0.629635	200000
C:\Users\isaac\phlag\caster\data\ape.fa	58800	0.197288	0.131268	0.618297	0.629635	200000
C:\Users\isaac\phlag\caster\data\ape.fa	58900	0.197288	0.132127	0.612129	0.626836	200000
C:\Users\isaac\phlag\caster\data\ape.fa	59000	0.197288	0.132127	0.612129	0.626836	200000
C:\Users\isaac\phlag\caster\data\ape.fa	59100	0.197288	0.132127	0.612129	0.626836	200000
C:\Users\isaac\phlag\caster\data\ape.fa	59200	0.17459	0.137265	0.612129	0.615652	200000
C:\Users\isaac\phlag\caster\data\ape.fa	59300	0.17459	0.137265	0.605908	0.613924	200000
C:\Users\isaac\phlag\caster\data\ape.fa	59400	0.17459	0.134001	0.587715	0.613199	200000
C:\Users\isaac\phlag\caster\data\ape.fa	59500	0.17459	0.133831	0.587715	0.613433	200000
C:\Users\isaac\phlag\caster\data\ape.fa	59600	0.17459	0.134695	0.587715	0.612244	200000
C:\Users\isaac\phlag\caster\data\ape.fa	59700	0.17459	0.134695	0.587715	0.612244	200000
C:\Users\isaac\phlag\caster\data\ape.fa	59800	0.17459	0.134695	0.587715	0.612244	200000
C:\Users\isaac\phlag\caster\data\ape.fa	59900	0.17459	0.137598	0.591008	0.609235	200000
C:\Users\isaac\phlag\caster\data\ape.fa	60000	0.17459	0.137598	0.591008	0.609235	200000
C:\Users\isaac\phlag\caster\data\ape.fa	60100	0.17459	0.139343	0.5916	0.607052	200000
C:\Users\isaac\phlag\caster\data\ape.fa	60200	0.17459	0.142711	0.5916	0.602556	200000
C:\Users\isaac\phlag\caster\data\ape.fa	60300	0.134969	0.142711	0.5916	0.594942	200000
C:\Users\isaac\phlag\caster\data\ape.fa	60400	0.134969	0.142711	0.5916	0.594942	200000
C:\Users\isaac\phlag\caster\data\ape.fa	60500	0.134969	0.142711	0.594688	0.595878	200000
C:\Users\isaac\phlag\caster\data\ape.fa	60600	0.134969	0.142711	0.589027	0.594157	200000
C:\Users\isaac\phlag\caster\data\ape.fa	60700	0.134969	0.148495	0.585824	0.585613	200000
C:\Users\isaac\phlag\caster\data\ape.fa	60800	0.134969	0.150226	0.579652	0.581434	200000
C:\Users\isaac\phlag\caster\data\ape.fa	60900	0.134969	0.150151	0.579652	0.58153	200000
C:\Users\isaac\phlag\caster\data\ape.fa	61000	0.134969	0.149954	0.576602	0.58081	200000
C:\Users\isaac\phlag\caster\data\ape.fa	61100	0.134969	0.149954	0.576602	0.58081	200000
C:\Users\isaac\phlag\caster\data\ape.fa	61200	0.155764	0.149954	0.573397	0.583861	200000
C:\Users\isaac\phlag\caster\data\ape.fa	61300	0.155764	0.153436	0.560773	0.575282	200000
C:\Users\isaac\phlag\caster\data\ape.fa	61400	0.155764	0.153436	0.551255	0.572116	200000
C:\Users\isaac\phlag\caster\data\ape.fa	61500	0.155764	0.153436	0.5449	0.569964	200000
C:\Users\isaac\phlag\caster\data\ape.fa	61600	0.134607	0.153436	0.547892	0.56669	200000
C:\Users\isaac\phlag\caster\data\ape.fa	61700	0.134607	0.153436	0.548402	0.566866	200000
C:\Users\isaac\phlag\caster\data\ape.fa	61800	0.134607	0.153436	0.548402	0.566866	200000
C:\Users\isaac\phlag\caster\data\ape.fa	61900	0.134607	0.153242	0.548402	0.567117	200000
C:\Users\isaac\phlag\caster\data\ape.fa	62000	0.134607	0.149767	0.548402	0.571648	200000
C:\Users\isaac\phlag\caster\data\ape.fa	62100	0.112348	0.149767	0.548402	0.567085	200000
C:\Users\isaac\phlag\caster\data\ape.fa	62200	0.112348	0.148893	0.548402	0.568232	200000
C:\Users\isaac\phlag\caster\data\ape.fa	62300	0.112348	0.157379	0.548402	0.557286	200000
C:\Users\isaac\phlag\caster\data\ape.fa	62400	0.0916539	0.160546	0.551453	0.550182	200000
C:\Users\isaac\phlag\caster\data\ape.fa	62500	0.0703397	0.168655	0.551453	0.535955	200000
C:\Users\isaac\phlag\caster\data\ape.fa	62600	0.0703397	0.174936	0.545254	0.526204	200000
C:\Users\isaac\phlag\caster\data\ape.fa	62700	0.0703397	0.178438	0.545254	0.522143	200000
C:\Users\isaac\phlag\caster\data\ape.fa	62800	0.0703397	0.178438	0.539626	0.519984	200000
C:\Users\isaac\phlag\caster\data\ape.fa	62900	0.0703397	0.178438	0.539626	0.519984	200000
C:\Users\isaac\phlag\caster\data\ape.fa	63000	0.0703397	0.182334	0.536599	0.514346	200000
C:\Users\isaac\phlag\caster\data\ape.fa	63100	0.0703397	0.182334	0.536599	0.514346	200000
C:\Users\isaac\phlag\caster\data\ape.fa	63200	0.0703397	0.188676	0.536599	0.507229	200000
C:\Users\isaac\phlag\caster\data\ape.fa	63300	0.0547708	0.189613	0.536599	0.503028	200000
C:\Users\isaac\phlag\caster\data\ape.fa	63400	0.0547708	0.196412	0.539782	0.496924	200000
C:\Users\isaac\phlag\caster\data\ape.fa	63500	0.0547708	0.196412	0.539782	0.496924	200000
C:\Users\isaac\phlag\caster\data\ape.fa	63600	0.0547708	0.199899	0.533609	0.490745	200000
C:\Users\isaac\phlag\caster\data\ape.fa	63700	0.0547708	0.194624	0.527103	0.493737	200000
C:\Users\isaac\phlag\caster\data\ape.fa	63800	0.0547708	0.194592	0.526976	0.49372	200000
C:\Users\isaac\phlag\caster\data\ape.fa	63900	0.0547708	0.19542	0.526976	0.492826	200000
C:\Users\isaac\phlag\caster\data\ape.fa	64000	0.0547708	0.19542	0.530074	0.494088	200000
C:\Users\isaac\phlag\caster\data\ape.fa	64100	0.0547708	0.198856	0.523662	0.487788	200000
C:\Users\isaac\phlag\caster\data\ape.fa	64200	0.0547708	0.214274	0.523662	0.471893	200000
C:\Users\isaac\phlag\caster\data\ape.fa	64300	0.0547708	0.217766	0.523662	0.468427	200000
C:\Users\isaac\phlag\caster\data\ape.fa	64400	0.0547708	0.217766	0.523662	0.468427	200000
C:\Users\isaac\phlag\caster\data\ape.fa	64500	0.0547708	0.219388	0.523662	0.466833	200000
C:\Users\isaac\phlag\caster\data\ape.fa	64600	0.0547708	0.220247	0.520936	0.464849	200000
C:\Users\isaac\phlag\caster\data\ape.fa	64700	0.0547708	0.220247	0.521301	0.465003	200000
C:\Users\isaac\phlag\caster\data\ape.fa	64800	0.0547708	0.223501	0.521301	0.461845	200000
C:\Users\isaac\phlag\caster\data\ape.fa	64900	0.0547708	0.223501	0.519031	0.460887	200000
C:\Users\isaac\phlag\caster\data\ape.fa	65000	0.0767604	0.22437	0.509323	0.460351	200000
C:\Users\isaac\phlag\caster\data\ape.fa	65100	0.0767604	0.226057	0.503016	0.456018	200000
C:\Users\isaac\phlag\caster\data\ape.fa	65200	0.0767604	0.229599	0.503016	0.452629	200000
C:\Users\isaac\phlag\caster\data\ape.fa	65300	0.0767604	0.229599	0.503016	0.452629	200000
C:\Users\isaac\phlag\caster\data\ape.fa	65400	0.0767604	0.234264	0.500362	0.447085	200000
C:\Users\isaac\phlag\caster\data\ape.fa	65500	0.0767604	0.234264	0.500362	0.447085	200000
C:\Users\isaac\phlag\caster\data\ape.fa	65600	0.0767604	0.236826	0.494039	0.441934	200000
C:\Users\isaac\phlag\caster\data\ape.fa	65700	0.0767604	0.240085	0.494039	0.438939	200000
C:\Users\isaac\phlag\caster\data\ape.fa	65800	0.0492632	0.240085	0.490665	0.431839	200000
C:\Users\isaac\phlag\caster\data\ape.fa	65900	0.0492632	0.240963	0.493874	0.432492	200000
C:\Users\isaac\phlag\caster\data\ape.fa	66000	0.0492632	0.240963	0.497335	0.434042	200000
C:\Users\isaac\phlag\caster\data\ape.fa	66100	0.0492632	0.244181	0.497335	0.431155	200000
C:\Users\isaac\phlag\caster\data\ape.fa	66200	0.0282373	0.247492	0.497335	0.423982	200000
C:\Users\isaac\phlag\caster\data\ape.fa	66300	0.0282373	0.245763	0.497335	0.425501	200000
C:\Users\isaac\phlag\caster\data\ape.fa	66400	0.0282373	0.253656	0.497335	0.418651	200000
C:\Users\isaac\phlag\caster\data\ape.fa	66500	0.0282373	0.257063	0.49735	0.415763	200000
C:\Users\isaac\phlag\caster\data\ape.fa	66600	0.0282373	0.263484	0.49735	0.410409	200000
C:\Users\isaac\phlag\caster\data\ape.fa	66700	0.0493928	0.270153	0.49735	0.409127	200000
C:\Users\isaac\phlag\caster\data\ape.fa	66800	0.0493928	0.273647	0.49735	0.406317	200000
C:\Users\isaac\phlag\caster\data\ape.fa	66900	0.0493928	0.273647	0.49735	0.406317	200000
C:\Users\isaac\phlag\caster\data\ape.fa	67000	0.0493928	0.276622	0.491224	0.401201	200000
C:\Users\isaac\phlag\caster\data\ape.fa	67100	0.0493928	0.277479	0.488139	0.399127	200000
C:\Users\isaac\phlag\caster\data\ape.fa	67200	0.0493928	0.277479	0.478342	0.39463	200000
C:\Users\isaac\phlag\caster\data\ape.fa	67300	0.0493928	0.284422	0.478342	0.389237	200000
C:\Users\isaac\phlag\caster\data\ape.fa	67400	0.0493928	0.287901	0.481831	0.388194	200000
C:\Users\isaac\phlag\caster\data\ape.fa	67500	0.0493928	0.295704	0.481831	0.382362	200000
C:\Users\isaac\phlag\caster\data\ape.fa	67600	0.0493928	0.295704	0.481831	0.382362	200000
C:\Users\isaac\phlag\caster\data\ape.fa	67700	0.0269045	0.297415	0.481831	0.376758	200000
C:\Users\isaac\phlag\caster\data\ape.fa	67800	0.0269045	0.30389	0.481831	0.372104	200000
C:\Users\isaac\phlag\caster\data\ape.fa	67900	0.0269045	0.30389	0.481831	0.372104	200000
C:\Users\isaac\phlag\caster\data\ape.fa	68000	0.0157681	0.30389	0.479451	0.368847	200000
C:\Users\isaac\phlag\caster\data\ape.fa	68100	0.0165428	0.317909	0.47943	0.359304	200000
C:\Users\isaac\phlag\caster\data\ape.fa	68200	0.0165428	0.318763	0.47943	0.358728	200000
C:\Users\isaac\phlag\caster\data\ape.fa	68300	0.0165428	0.318763	0.48568	0.361619	200000
C:\Users\isaac\phlag\caster\data\ape.fa	68400	0.0165428	0.318763	0.48184	0.359847	200000
C:\Users\isaac\phlag\caster\data\ape.fa	68500	0.0165428	0.321796	0.48184	0.357818	200000
C:\Users\isaac\phlag\caster\data\ape.fa	68600	0.0336804	0.321796	0.475565	0.35815	200000
C:\Users\isaac\phlag\caster\data\ape.fa	68700	0.0551994	0.328172	0.475565	0.357964	200000
C:\Users\isaac\phlag\caster\data\ape.fa	68800	0.0551994	0.32813	0.475565	0.357991	200000
C:\Users\isaac\phlag\caster\data\ape.fa	68900	0.0551994	0.32813	0.475565	0.357991	200000
C:\Users\isaac\phlag\caster\data\ape.fa	69000	0.0551994	0.335973	0.475565	0.352889	200000
C:\Users\isaac\phlag\caster\data\ape.fa	69100	0.0551994	0.33909	0.482303	0.35395	200000
C:\Users\isaac\phlag\caster\data\ape.fa	69200	0.0551994	0.334704	0.482303	0.356763	200000
C:\Users\isaac\phlag\caster\data\ape.fa	69300	0.0551994	0.338013	0.476507	0.352012	200000
C:\Users\isaac\phlag\caster\data\ape.fa	69400	0.0551994	0.34319	0.470111	0.345816	200000
C:\Users\isaac\phlag\caster\data\ape.fa	69500	0.0551994	0.346495	0.470111	0.343758	200000
C:\Users\isaac\phlag\caster\data\ape.fa	69600	0.0805564	0.345592	0.470111	0.34897	200000
C:\Users\isaac\phlag\caster\data\ape.fa	69700	0.0805564	0.345592	0.470111	0.34897	200000
C:\Users\isaac\phlag\caster\data\ape.fa	69800	0.0805564	0.345592	0.470111	0.34897	200000
C:\Users\isaac\phlag\caster\data\ape.fa	69900	0.0805564	0.344766	0.470111	0.349489	200000
C:\Users\isaac\phlag\caster\data\ape.fa	70000	0.0805564	0.344766	0.467059	0.348101	200000
C:\Users\isaac\phlag\caster\data\ape.fa	70100	0.0805564	0.347993	0.467059	0.346086	200000
C:\Users\isaac\phlag\caster\data\ape.fa	70200	0.0805564	0.352097	0.467059	0.343555	200000
C:\Users\isaac\phlag\caster\data\ape.fa	70300	0.0805564	0.355328	0.464008	0.340197	200000
C:\Users\isaac\phlag\caster\data\ape.fa	70400	0.0805564	0.355328	0.461017	0.33883	200000
C:\Users\isaac\phlag\caster\data\ape.fa	70500	0.0805564	0.355328	0.455602	0.336335	200000
C:\Users\isaac\phlag\caster\data\ape.fa	70600	0.0805564	0.355328	0.455602	0.336335	200000
C:\Users\isaac\phlag\caster\data\ape.fa	70700	0.0805564	0.353621	0.455602	0.337369	200000
C:\Users\isaac\phlag\caster\data\ape.fa	70800	0.0368005	0.353621	0.449158	0.326195	200000
C:\Users\isaac\phlag\caster\data\ape.fa	70900	0.0368005	0.358363	0.449158	0.323392	200000
C:\Users\isaac\phlag\caster\data\ape.fa	71000	0.000696658	0.358363	0.449158	0.316618	200000
C:\Users\isaac\phlag\caster\data\ape.fa	71100	0.000696658	0.364479	0.449158	0.313118	200000
C:\Users\isaac\phlag\caster\data\ape.fa	71200	0.000696658	0.360998	0.446228	0.313678	200000
C:\Users\isaac\phlag\caster\data\ape.fa	71300	0.000696658	0.360998	0.436867	0.30908	200000
C:\Users\isaac\phlag\caster\data\ape.fa	71400	0.000696658	0.360998	0.43709	0.309191	200000
C:\Users\isaac\phlag\caster\data\ape.fa	71500	0.000696658	0.364264	0.43709	0.307341	200000
C:\Users\isaac\phlag\caster\data\ape.fa	71600	0.000696658	0.362716	0.43709	0.308215	200000
C:\Users\isaac\phlag\caster\data\ape.fa	71700	0.000696658	0.366145	0.437165	0.306322	200000
C:\Users\isaac\phlag\caster\data\ape.fa	71800	0.000696658	0.369355	0.431274	0.301619	200000
C:\Users\isaac\phlag\caster\data\ape.fa	71900	0.000696658	0.3725	0.424916	0.296718	200000
C:\Users\isaac\phlag\caster\data\ape.fa	72000	0.000696658	0.3725	0.425027	0.296774	200000
C:\Users\isaac\phlag\caster\data\ape.fa	72100	0.000696658	0.3725	0.425027	0.296774	200000
C:\Users\isaac\phlag\caster\data\ape.fa	72200	0.000696658	0.375692	0.422148	0.293601	200000
C:\Users\isaac\phlag\caster\data\ape.fa	72300	0.000696658	0.377303	0.425158	0.294247	200000
C:\Users\isaac\phlag\caster\data\ape.fa	72400	0.000696658	0.385791	0.425255	0.28981	200000
C:\Users\isaac\phlag\caster\data\ape.fa	72500	0.0409762	0.38579	0.425255	0.297323	200000
C:\Users\isaac\phlag\caster\data\ape.fa	72600	0.0409762	0.3876	0.425255	0.296365	200000
C:\Users\isaac\phlag\caster\data\ape.fa	72700	0	0.393839	0.428456	0.287118	200000
C:\Users\isaac\phlag\caster\data\ape.fa	72800	0	0.393839	0.428456	0.287118	200000
C:\Users\isaac\phlag\caster\data\ape.fa	72900	0	0.403421	0.428456	0.282315	200000
C:\Users\isaac\phlag\caster\data\ape.fa	73000	0	0.40174	0.428456	0.283148	200000
C:\Users\isaac\phlag\caster\data\ape.fa	73100	0	0.403404	0.428456	0.282324	200000
C:\Users\isaac\phlag\caster\data\ape.fa	73200	0	0.401487	0.428456	0.283273	200000
C:\Users\isaac\phlag\caster\data\ape.fa	73300	0	0.402389	0.428456	0.282825	200000
C:\Users\isaac\phlag\caster\data\ape.fa	73400	0.0785174	0.402389	0.425278	0.295549	200000
C:\Users\isaac\phlag\caster\data\ape.fa	73500	0.0993623	0.404032	0.425278	0.298448	200000
C:\Users\isaac\phlag\caster\data\ape.fa	73600	0.0993623	0.407368	0.425278	0.296744	200000
C:\Users\isaac\phlag\caster\data\ape.fa	73700	0.0993623	0.407368	0.425278	0.296744	200000
C:\Users\isaac\phlag\caster\data\ape.fa	73800	0.0993623	0.407368	0.425278	0.296744	200000
C:\Users\isaac\phlag\caster\data\ape.fa	73900	0.077504	0.403923	0.425278	0.294584	200000
C:\Users\isaac\phlag\caster\data\ape.fa	74000	0.077504	0.403923	0.425278	0.294584	200000
C:\Users\isaac\phlag\caster\data\ape.fa	74100	0.077504	0.403923	0.425379	0.294631	200000
C:\Users\isaac\phlag\caster\data\ape.fa	74200	0.077504	0.403923	0.419461	0.291811	200000
C:\Users\isaac\phlag\caster\data\ape.fa	74300	0.077504	0.406963	0.419461	0.290276	200000
C:\Users\isaac\phlag\caster\data\ape.fa	74400	0.077504	0.417153	0.422907	0.286868	200000
C:\Users\isaac\phlag\caster\data\ape.fa	74500	0.077504	0.417153	0.422907	0.286868	200000
C:\Users\isaac\phlag\caster\data\ape.fa	74600	0.077504	0.420263	0.429037	0.288231	200000
C:\Users\isaac\phlag\caster\data\ape.fa	74700	0.077504	0.417192	0.429037	0.289728	200000
C:\Users\isaac\phlag\caster\data\ape.fa	74800	0.077504	0.417192	0.429037	0.289728	200000
C:\Users\isaac\phlag\caster\data\ape.fa	74900	0.077504	0.418912	0.429037	0.288888	200000
C:\Users\isaac\phlag\caster\data\ape.fa	75000	0.0975647	0.418924	0.429037	0.292402	200000
C:\Users\isaac\phlag\caster\data\ape.fa	75100	0.0975647	0.42203	0.423039	0.288098	200000
C:\Users\isaac\phlag\caster\data\ape.fa	75200	0.0787961	0.423619	0.423039	0.284033	200000
C:\Users\isaac\phlag\caster\data\ape.fa	75300	0.0787961	0.425123	0.413781	0.278939	200000
C:\Users\isaac\phlag\caster\data\ape.fa	75400	0.0787961	0.425123	0.413781	0.278939	200000
C:\Users\isaac\phlag\caster\data\ape.fa	75500	0.100046	0.427647	0.413781	0.2815	200000
C:\Users\isaac\phlag\caster\data\ape.fa	75600	0.100046	0.427647	0.407742	0.278641	200000
C:\Users\isaac\phlag\caster\data\ape.fa	75700	0.100046	0.426785	0.407742	0.279049	200000
C:\Users\isaac\phlag\caster\data\ape.fa	75800	0.100046	0.427664	0.404461	0.277068	200000
C:\Users\isaac\phlag\caster\data\ape.fa	75900	0.100046	0.427337	0.398722	0.274464	200000
C:\Users\isaac\phlag\caster\data\ape.fa	76000	0.100046	0.427337	0.392509	0.271448	200000
C:\Users\isaac\phlag\caster\data\ape.fa	76100	0.100046	0.430407	0.392509	0.27002	200000
C:\Users\isaac\phlag\caster\data\ape.fa	76200	0.100046	0.427054	0.392509	0.271581	200000
C:\Users\isaac\phlag\caster\data\ape.fa	76300	0.100046	0.427054	0.392509	0.271581	200000
C:\Users\isaac\phlag\caster\data\ape.fa	76400	0.100046	0.430356	0.383407	0.26558	200000
C:\Users\isaac\phlag\caster\data\ape.fa	76500	0.139249	0.439624	0.377751	0.265647	200000
C:\Users\isaac\phlag\caster\data\ape.fa	76600	0.139249	0.439624	0.377751	0.265647	200000
C:\Users\isaac\phlag\caster\data\ape.fa	76700	0.139249	0.439624	0.380848	0.267152	200000
C:\Users\isaac\phlag\caster\data\ape.fa	76800	0.139249	0.442318	0.380858	0.265937	200000
C:\Users\isaac\phlag\caster\data\ape.fa	76900	0.139249	0.442318	0.380858	0.265937	200000
C:\Users\isaac\phlag\caster\data\ape.fa	77000	0.139249	0.445493	0.380858	0.264512	200000
C:\Users\isaac\phlag\caster\data\ape.fa	77100	0.139249	0.445493	0.380858	0.264512	200000
C:\Users\isaac\phlag\caster\data\ape.fa	77200	0.139249	0.45019	0.374483	0.259349	200000
C:\Users\isaac\phlag\caster\data\ape.fa	77300	0.139249	0.452559	0.368627	0.255463	200000
C:\Users\isaac\phlag\caster\data\ape.fa	77400	0.139249	0.456788	0.359272	0.249048	200000
C:\Users\isaac\phlag\caster\data\ape.fa	77500	0.139249	0.456788	0.359503	0.249163	200000
C:\Users\isaac\phlag\caster\data\ape.fa	77600	0.139249	0.459661	0.362785	0.249567	200000
C:\Users\isaac\phlag\caster\data\ape.fa	77700	0.160362	0.459661	0.356755	0.250363	200000
C:\Users\isaac\phlag\caster\data\ape.fa	77800	0.181097	0.461257	0.353737	0.251893	200000
C:\Users\isaac\phlag\caster\data\ape.fa	77900	0.20236	0.461257	0.353737	0.255659	200000
C:\Users\isaac\phlag\caster\data\ape.fa	78000	0.20236	0.461257	0.353737	0.255659	200000
C:\Users\isaac\phlag\caster\data\ape.fa	78100	0.20236	0.461257	0.359109	0.258253	200000
C:\Users\isaac\phlag\caster\data\ape.fa	78200	0.24509	0.461257	0.349984	0.261377	200000
C:\Users\isaac\phlag\caster\data\ape.fa	78300	0.264257	0.461257	0.353329	0.266323	200000
C:\Users\isaac\phlag\caster\data\ape.fa	78400	0.264257	0.464648	0.35052	0.263502	200000
C:\Users\isaac\phlag\caster\data\ape.fa	78500	0.275019	0.469757	0.348876	0.262373	200000
C:\Users\isaac\phlag\caster\data\ape.fa	78600	0.317075	0.474161	0.348876	0.267683	200000
C:\Users\isaac\phlag\caster\data\ape.fa	78700	0.317075	0.473928	0.348876	0.267784	200000
C:\Users\isaac\phlag\caster\data\ape.fa	78800	0.317075	0.480492	0.348876	0.264956	200000
C:\Users\isaac\phlag\caster\data\ape.fa	78900	0.317075	0.483836	0.342768	0.260719	200000
C:\Users\isaac\phlag\caster\data\ape.fa	79000	0.317075	0.483834	0.345758	0.262101	200000
C:\Users\isaac\phlag\caster\data\ape.fa	79100	0.317075	0.483834	0.345758	0.262101	200000
C:\Users\isaac\phlag\caster\data\ape.fa	79200	0.317075	0.483834	0.345758	0.262101	200000
C:\Users\isaac\phlag\caster\data\ape.fa	79300	0.317075	0.482382	0.348892	0.264158	200000
C:\Users\isaac\phlag\caster\data\ape.fa	79400	0.339055	0.487252	0.345686	0.264326	200000
C:\Users\isaac\phlag\caster\data\ape.fa	79500	0.339055	0.497448	0.340061	0.257528	200000
C:\Users\isaac\phlag\caster\data\ape.fa	79600	0.339055	0.499195	0.340619	0.257072	200000
C:\Users\isaac\phlag\caster\data\ape.fa	79700	0.339055	0.502557	0.340619	0.255712	200000
C:\Users\isaac\phlag\caster\data\ape.fa	79800	0.381711	0.502557	0.337709	0.261438	200000
C:\Users\isaac\phlag\caster\data\ape.fa	79900	0.381711	0.502557	0.331843	0.258792	200000
C:\Users\isaac\phlag\caster\data\ape.fa	80000	0.381711	0.502557	0.331843	0.258792	200000
C:\Users\isaac\phlag\caster\data\ape.fa	80100	0.381711	0.505872	0.331843	0.257447	200000
C:\Users\isaac\phlag\caster\data\ape.fa	80200	0.381711	0.507523	0.328863	0.255434	200000
C:\Users\isaac\phlag\caster\data\ape.fa	80300	0.381711	0.510824	0.328863	0.254116	200000
C:\Users\isaac\phlag\caster\data\ape.fa	80400	0.381711	0.516969	0.317215	0.246405	200000
C:\Users\isaac\phlag\caster\data\ape.fa	80500	0.381711	0.516909	0.317215	0.246428	200000
C:\Users\isaac\phlag\caster\data\ape.fa	80600	0.381711	0.516909	0.311791	0.243933	200000
C:\Users\isaac\phlag\caster\data\ape.fa	80700	0.381711	0.519739	0.311791	0.242848	200000
C:\Users\isaac\phlag\caster\data\ape.fa	80800	0.404092	0.517137	0.311791	0.247558	200000
C:\Users\isaac\phlag\caster\data\ape.fa	80900	0.404092	0.519682	0.318284	0.249525	200000
C:\Users\isaac\phlag\caster\data\ape.fa	81000	0.404092	0.526534	0.318284	0.246889	200000
C:\Users\isaac\phlag\caster\data\ape.fa	81100	0.404092	0.533131	0.318284	0.244398	200000
C:\Users\isaac\phlag\caster\data\ape.fa	81200	0.404092	0.533131	0.318284	0.244398	200000
C:\Users\isaac\phlag\caster\data\ape.fa	81300	0.404092	0.536077	0.315098	0.241871	200000
C:\Users\isaac\phlag\caster\data\ape.fa	81400	0.426875	0.53956	0.302598	0.238639	200000
C:\Users\isaac\phlag\caster\data\ape.fa	81500	0.426875	0.542939	0.302598	0.237406	200000
C:\Users\isaac\phlag\caster\data\ape.fa	81600	0.406967	0.542939	0.296376	0.231343	200000
C:\Users\isaac\phlag\caster\data\ape.fa	81700	0.406967	0.544647	0.296376	0.230733	200000
C:\Users\isaac\phlag\caster\data\ape.fa	81800	0.406967	0.548063	0.296376	0.229523	200000
C:\Users\isaac\phlag\caster\data\ape.fa	81900	0.406967	0.554725	0.296376	0.227194	200000
C:\Users\isaac\phlag\caster\data\ape.fa	82000	0.346284	0.55822	0.302913	0.2192	200000
C:\Users\isaac\phlag\caster\data\ape.fa	82100	0.346284	0.561491	0.302913	0.218109	200000
C:\Users\isaac\phlag\caster\data\ape.fa	82200	0.346284	0.561491	0.302913	0.218109	200000
C:\Users\isaac\phlag\caster\data\ape.fa	82300	0.346284	0.561491	0.302913	0.218109	200000
C:\Users\isaac\phlag\caster\data\ape.fa	82400	0.346284	0.561491	0.302913	0.218109	200000
C:\Users\isaac\phlag\caster\data\ape.fa	82500	0.346284	0.561491	0.302913	0.218109	200000
C:\Users\isaac\phlag\caster\data\ape.fa	82600	0.346284	0.561491	0.302913	0.218109	200000
C:\Users\isaac\phlag\caster\data\ape.fa	82700	0.346284	0.559735	0.302913	0.218693	200000
C:\Users\isaac\phlag\caster\data\ape.fa	82800	0.346284	0.563065	0.296459	0.214625	200000
C:\Users\isaac\phlag\caster\data\ape.fa	82900	0.346284	0.563065	0.285217	0.2094	200000
C:\Users\isaac\phlag\caster\data\ape.fa	83000	0.346284	0.559613	0.285224	0.210526	200000
C:\Users\isaac\phlag\caster\data\ape.fa	83100	0.346284	0.559613	0.285224	0.210526	200000
C:\Users\isaac\phlag\caster\data\ape.fa	83200	0.346284	0.559613	0.285224	0.210526	200000
C:\Users\isaac\phlag\caster\data\ape.fa	83300	0.346284	0.557973	0.288465	0.212584	200000
C:\Users\isaac\phlag\caster\data\ape.fa	83400	0.346284	0.557935	0.288465	0.212597	200000
C:\Users\isaac\phlag\caster\data\ape.fa	83500	0.346284	0.564813	0.288465	0.21035	200000
C:\Users\isaac\phlag\caster\data\ape.fa	83600	0.346284	0.564813	0.288465	0.21035	200000
C:\Users\isaac\phlag\caster\data\ape.fa	83700	0.346284	0.564813	0.277471	0.20519	200000
C:\Users\isaac\phlag\caster\data\ape.fa	83800	0.346284	0.558101	0.280792	0.208929	200000
C:\Users\isaac\phlag\caster\data\ape.fa	83900	0.346284	0.558101	0.280792	0.208929	200000
C:\Users\isaac\phlag\caster\data\ape.fa	84000	0.346284	0.561499	0.280792	0.207825	200000
C:\Users\isaac\phlag\caster\data\ape.fa	84100	0.346284	0.561499	0.280792	0.207825	200000
C:\Users\isaac\phlag\caster\data\ape.fa	84200	0.346284	0.564485	0.272008	0.2027	200000
C:\Users\isaac\phlag\caster\data\ape.fa	84300	0.346284	0.564485	0.272008	0.2027	200000
C:\Users\isaac\phlag\caster\data\ape.fa	84400	0.346284	0.567602	0.272008	0.201715	200000
C:\Users\isaac\phlag\caster\data\ape.fa	84500	0.346284	0.571042	0.272008	0.200638	200000
C:\Users\isaac\phlag\caster\data\ape.fa	84600	0.346284	0.571042	0.26571	0.197638	200000
C:\Users\isaac\phlag\caster\data\ape.fa	84700	0.346284	0.571042	0.259989	0.194889	200000
C:\Users\isaac\phlag\caster\data\ape.fa	84800	0.346284	0.570964	0.254713	0.192357	200000
C:\Users\isaac\phlag\caster\data\ape.fa	84900	0.346284	0.570964	0.248255	0.189203	200000
C:\Users\isaac\phlag\caster\data\ape.fa	85000	0.346284	0.570964	0.248255	0.189203	200000
C:\Users\isaac\phlag\caster\data\ape.fa	85100	0.346284	0.573995	0.235844	0.182164	200000
C:\Users\isaac\phlag\caster\data\ape.fa	85200	0.346284	0.573995	0.235844	0.182164	200000
C:\Users\isaac\phlag\caster\data\ape.fa	85300	0.346284	0.573995	0.235844	0.182164	200000
C:\Users\isaac\phlag\caster\data\ape.fa	85400	0.407134	0.58428	0.235844	0.189335	200000
C:\Users\isaac\phlag\caster\data\ape.fa	85500	0.407134	0.58428	0.223057	0.1831	200000
C:\Users\isaac\phlag\caster\data\ape.fa	85600	0.407134	0.58428	0.223057	0.1831	200000
C:\Users\isaac\phlag\caster\data\ape.fa	85700	0.407134	0.585997	0.229537	0.18577	200000
C:\Users\isaac\phlag\caster\data\ape.fa	85800	0.428415	0.587674	0.229537	0.188807	200000
C:\Users\isaac\phlag\caster\data\ape.fa	85900	0.418231	0.593785	0.225038	0.183165	200000
C:\Users\isaac\phlag\caster\data\ape.fa	86000	0.418231	0.594316	0.225038	0.183013	200000
C:\Users\isaac\phlag\caster\data\ape.fa	86100	0.41821	0.594316	0.225038	0.18301	200000
C:\Users\isaac\phlag\caster\data\ape.fa	86200	0.41821	0.594316	0.225038	0.18301	200000
C:\Users\isaac\phlag\caster\data\ape.fa	86300	0.41821	0.595201	0.211563	0.176172	200000
C:\Users\isaac\phlag\caster\data\ape.fa	86400	0.398949	0.595996	0.211563	0.172722	200000
C:\Users\isaac\phlag\caster\data\ape.fa	86500	0.441505	0.59935	0.205918	0.176124	200000
C:\Users\isaac\phlag\caster\data\ape.fa	86600	0.479807	0.59935	0.202788	0.180963	200000
C:\Users\isaac\phlag\caster\data\ape.fa	86700	0.479807	0.59935	0.202788	0.180963	200000
C:\Users\isaac\phlag\caster\data\ape.fa	86800	0.458253	0.604394	0.199844	0.174531	200000
C:\Users\isaac\phlag\caster\data\ape.fa	86900	0.458253	0.608621	0.199844	0.173372	200000
C:\Users\isaac\phlag\caster\data\ape.fa	87000	0.458253	0.614638	0.186896	0.165396	200000
C:\Users\isaac\phlag\caster\data\ape.fa	87100	0.501931	0.614572	0.186896	0.172649	200000
C:\Users\isaac\phlag\caster\data\ape.fa	87200	0.501931	0.6174	0.186896	0.171886	200000
C:\Users\isaac\phlag\caster\data\ape.fa	87300	0.501931	0.623969	0.18066	0.167109	200000
C:\Users\isaac\phlag\caster\data\ape.fa	87400	0.501931	0.623969	0.18066	0.167109	200000
C:\Users\isaac\phlag\caster\data\ape.fa	87500	0.501931	0.627416	0.1871	0.169328	200000
C:\Users\isaac\phlag\caster\data\ape.fa	87600	0.524021	0.627416	0.1871	0.172909	200000
C:\Users\isaac\phlag\caster\data\ape.fa	87700	0.524021	0.627111	0.183928	0.171469	200000
C:\Users\isaac\phlag\caster\data\ape.fa	87800	0.545716	0.627111	0.183928	0.174983	200000
C:\Users\isaac\phlag\caster\data\ape.fa	87900	0.545716	0.629934	0.182762	0.173673	200000
C:\Users\isaac\phlag\caster\data\ape.fa	88000	0.545716	0.629934	0.185907	0.175168	200000
C:\Users\isaac\phlag\caster\data\ape.fa	88100	0.545716	0.629934	0.179624	0.172175	200000
C:\Users\isaac\phlag\caster\data\ape.fa	88200	0.545716	0.631605	0.179624	0.171733	200000
C:\Users\isaac\phlag\caster\data\ape.fa	88300	0.545716	0.640227	0.176525	0.168011	200000
C:\Users\isaac\phlag\caster\data\ape.fa	88400	0.525351	0.643145	0.176525	0.164001	200000
C:\Users\isaac\phlag\caster\data\ape.fa	88500	0.504932	0.645785	0.176525	0.160064	200000
C:\Users\isaac\phlag\caster\data\ape.fa	88600	0.482617	0.647479	0.176525	0.15606	200000
C:\Users\isaac\phlag\caster\data\ape.fa	88700	0.461041	0.65431	0.176525	0.150971	200000
C:\Users\isaac\phlag\caster\data\ape.fa	88800	0.461041	0.662724	0.176525	0.149033	200000
C:\Users\isaac\phlag\caster\data\ape.fa	88900	0.461041	0.664367	0.176525	0.148659	200000
C:\Users\isaac\phlag\caster\data\ape.fa	89000	0.461041	0.66517	0.166517	0.143659	200000
C:\Users\isaac\phlag\caster\data\ape.fa	89100	0.461041	0.669469	0.166517	0.142709	200000
C:\Users\isaac\phlag\caster\data\ape.fa	89200	0.461041	0.669469	0.1698	0.14429	200000
C:\Users\isaac\phlag\caster\data\ape.fa	89300	0.461041	0.665966	0.173066	0.14664	200000
C:\Users\isaac\phlag\caster\data\ape.fa	89400	0.461041	0.665093	0.166541	0.143687	200000
C:\Users\isaac\phlag\caster\data\ape.fa	89500	0.461041	0.672813	0.163306	0.140429	200000
C:\Users\isaac\phlag\caster\data\ape.fa	89600	0.461041	0.670106	0.163306	0.141017	200000
C:\Users\isaac\phlag\caster\data\ape.fa	89700	0.461041	0.675863	0.163306	0.139771	200000
C:\Users\isaac\phlag\caster\data\ape.fa	89800	0.461041	0.682019	0.163306	0.138459	200000
C:\Users\isaac\phlag\caster\data\ape.fa	89900	0.461041	0.683376	0.163306	0.138173	200000
C:\Users\isaac\phlag\caster\data\ape.fa	90000	0.461041	0.685024	0.163306	0.137826	200000
C:\Users\isaac\phlag\caster\data\ape.fa	90100	0.461041	0.687933	0.163306	0.137218	200000
C:\Users\isaac\phlag\caster\data\ape.fa	90200	0.461041	0.687933	0.163306	0.137218	200000
C:\Users\isaac\phlag\caster\data\ape.fa	90300	0.461041	0.694277	0.160187	0.134425	200000
C:\Users\isaac\phlag\caster\data\ape.fa	90400	0.461041	0.70272	0.160187	0.132721	200000
C:\Users\isaac\phlag\caster\data\ape.fa	90500	0.461041	0.70272	0.154649	0.130099	200000
C:\Users\isaac\phlag\caster\data\ape.fa	90600	0.461041	0.70272	0.154649	0.130099	200000
C:\Users\isaac\phlag\caster\data\ape.fa	90700	0.461041	0.70272	0.154649	0.130099	200000
C:\Users\isaac\phlag\caster\data\ape.fa	90800	0.461041	0.701158	0.154649	0.130408	200000
C:\Users\isaac\phlag\caster\data\ape.fa	90900	0.426177	0.702877	0.154649	0.12463	200000
C:\Users\isaac\phlag\caster\data\ape.fa	91000	0.426177	0.702877	0.154649	0.12463	200000
C:\Users\isaac\phlag\caster\data\ape.fa	91100	0.426177	0.702877	0.154649	0.12463	200000
C:\Users\isaac\phlag\caster\data\ape.fa	91200	0.426177	0.706148	0.154649	0.124006	200000
C:\Users\isaac\phlag\caster\data\ape.fa	91300	0.426177	0.709317	0.154649	0.123407	200000
C:\Users\isaac\phlag\caster\data\ape.fa	91400	0.426177	0.711782	0.154649	0.122944	200000
C:\Users\isaac\phlag\caster\data\ape.fa	91500	0.426177	0.714212	0.151385	0.120936	200000
C:\Users\isaac\phlag\caster\data\ape.fa	91600	0.426177	0.714212	0.151698	0.121086	200000
C:\Users\isaac\phlag\caster\data\ape.fa	91700	0.426177	0.715954	0.145447	0.117776	200000
C:\Users\isaac\phlag\caster\data\ape.fa	91800	0.426177	0.717587	0.145447	0.117481	200000
C:\Users\isaac\phlag\caster\data\ape.fa	91900	0.426177	0.714354	0.145447	0.118067	200000
C:\Users\isaac\phlag\caster\data\ape.fa	92000	0.426177	0.714354	0.145447	0.118067	200000
C:\Users\isaac\phlag\caster\data\ape.fa	92100	0.426177	0.716821	0.145447	0.117619	200000
C:\Users\isaac\phlag\caster\data\ape.fa	92200	0.426177	0.716821	0.145447	0.117619	200000
C:\Users\isaac\phlag\caster\data\ape.fa	92300	0.426177	0.72176	0.139894	0.114072	200000
C:\Users\isaac\phlag\caster\data\ape.fa	92400	0.426177	0.725642	0.1337	0.110413	200000
C:\Users\isaac\phlag\caster\data\ape.fa	92500	0.416141	0.722208	0.126311	0.105829	200000
C:\Users\isaac\phlag\caster\data\ape.fa	92600	0.416141	0.722321	0.126311	0.10581	200000
C:\Users\isaac\phlag\caster\data\ape.fa	92700	0.416141	0.720538	0.126311	0.10611	200000
C:\Users\isaac\phlag\caster\data\ape.fa	92800	0.416141	0.720538	0.126311	0.10611	200000
C:\Users\isaac\phlag\caster\data\ape.fa	92900	0.437029	0.73012	0.132771	0.110882	200000
C:\Users\isaac\phlag\caster\data\ape.fa	93000	0.437029	0.73012	0.132771	0.110882	200000
C:\Users\isaac\phlag\caster\data\ape.fa	93100	0.437029	0.732105	0.129867	0.109151	200000
C:\Users\isaac\phlag\caster\data\ape.fa	93200	0.395481	0.732105	0.129867	0.102692	200000
C:\Users\isaac\phlag\caster\data\ape.fa	93300	0.395481	0.733642	0.129867	0.102444	200000
C:\Users\isaac\phlag\caster\data\ape.fa	93400	0.395481	0.736873	0.124372	0.0992539	200000
C:\Users\isaac\phlag\caster\data\ape.fa	93500	0.395481	0.733789	0.119037	0.0971241	200000
C:\Users\isaac\phlag\caster\data\ape.fa	93600	0.395481	0.733787	0.119037	0.0971244	200000
C:\Users\isaac\phlag\caster\data\ape.fa	93700	0.395481	0.742446	0.119037	0.0957853	200000
C:\Users\isaac\phlag\caster\data\ape.fa	93800	0.395481	0.749677	0.119037	0.0946881	200000
C:\Users\isaac\phlag\caster\data\ape.fa	93900	0.4167	0.753022	0.113206	0.0946394	200000
C:\Users\isaac\phlag\caster\data\ape.fa	94000	0.4167	0.7579	0.113206	0.0939115	200000
C:\Users\isaac\phlag\caster\data\ape.fa	94100	0.4167	0.764606	0.113206	0.0929242	200000
C:\Users\isaac\phlag\caster\data\ape.fa	94200	0.4167	0.764606	0.116349	0.0944246	200000
C:\Users\isaac\phlag\caster\data\ape.fa	94300	0.4167	0.76622	0.122476	0.0970908	200000
C:\Users\isaac\phlag\caster\data\ape.fa	94400	0.4167	0.769654	0.12609	0.0982753	200000
C:\Users\isaac\phlag\caster\data\ape.fa	94500	0.4167	0.773024	0.111162	0.0907358	200000
C:\Users\isaac\phlag\caster\data\ape.fa	94600	0.4167	0.78099	0.111162	0.0896123	200000
C:\Users\isaac\phlag\caster\data\ape.fa	94700	0.394458	0.780116	0.111162	0.0863879	200000
C:\Users\isaac\phlag\caster\data\ape.fa	94800	0.394458	0.77924	0.111162	0.0865077	200000
C:\Users\isaac\phlag\caster\data\ape.fa	94900	0.394458	0.784459	0.111162	0.085798	200000
C:\Users\isaac\phlag\caster\data\ape.fa	95000	0.394458	0.784459	0.111162	0.085798	200000
C:\Users\isaac\phlag\caster\data\ape.fa	95100	0.436609	0.78603	0.111162	0.0918776	200000
C:\Users\isaac\phlag\caster\data\ape.fa	95200	0.436609	0.785814	0.111162	0.0919082	200000
C:\Users\isaac\phlag\caster\data\ape.fa	95300	0.436609	0.78752	0.111162	0.0916675	200000
C:\Users\isaac\phlag\caster\data\ape.fa	95400	0.414599	0.790748	0.101309	0.0833136	200000
C:\Users\isaac\phlag\caster\data\ape.fa	95500	0.414599	0.797694	0.101309	0.082404	200000
C:\Users\isaac\phlag\caster\data\ape.fa	95600	0.414599	0.797694	0.101309	0.082404	200000
C:\Users\isaac\phlag\caster\data\ape.fa	95700	0.414599	0.796801	0.0982047	0.0810559	200000
C:\Users\isaac\phlag\caster\data\ape.fa	95800	0.414599	0.803518	0.0893709	0.0760282	200000
C:\Users\isaac\phlag\caster\data\ape.fa	95900	0.414599	0.803518	0.0893709	0.0760282	200000
C:\Users\isaac\phlag\caster\data\ape.fa	96000	0.414599	0.804455	0.089401	0.0759275	200000
C:\Users\isaac\phlag\caster\data\ape.fa	96100	0.414599	0.807796	0.0806093	0.0713432	200000
C:\Users\isaac\phlag\caster\data\ape.fa	96200	0.414599	0.814304	0.0774156	0.0690649	200000
C:\Users\isaac\phlag\caster\data\ape.fa	96300	0.414599	0.817809	0.0774156	0.0686653	200000
C:\Users\isaac\phlag\caster\data\ape.fa	96400	0.414599	0.817809	0.0774156	0.0686653	200000
C:\Users\isaac\phlag\caster\data\ape.fa	96500	0.414599	0.819546	0.0774156	0.0684684	200000
C:\Users\isaac\phlag\caster\data\ape.fa	96600	0.414599	0.819546	0.0774156	0.0684684	200000
C:\Users\isaac\phlag\caster\data\ape.fa	96700	0.414599	0.822435	0.0774156	0.0681426	200000
C:\Users\isaac\phlag\caster\data\ape.fa	96800	0.414599	0.825733	0.0711123	0.0647928	200000
C:\Users\isaac\phlag\caster\data\ape.fa	96900	0.414599	0.825588	0.0685172	0.0635748	200000
C:\Users\isaac\phlag\caster\data\ape.fa	97000	0.414599	0.824921	0.0658799	0.0623882	200000
C:\Users\isaac\phlag\caster\data\ape.fa	97100	0.414599	0.828303	0.0658799	0.0620295	200000
C:\Users\isaac\phlag\caster\data\ape.fa	97200	0.414599	0.828303	0.0631252	0.0607151	200000
C:\Users\isaac\phlag\caster\data\ape.fa	97300	0.414599	0.828303	0.0631252	0.0607151	200000
C:\Users\isaac\phlag\caster\data\ape.fa	97400	0.414599	0.837071	0.0568175	0.0568085	200000
C:\Users\isaac\phlag\caster\data\ape.fa	97500	0.414599	0.837071	0.0419883	0.0496668	200000
C:\Users\isaac\phlag\caster\data\ape.fa	97600	0.414599	0.840217	0.0295691	0.0433176	200000
C:\Users\isaac\phlag\caster\data\ape.fa	97700	0.414599	0.8529	0.0264784	0.0407436	200000
C:\Users\isaac\phlag\caster\data\ape.fa	97800	0.414599	0.863251	0.0295736	0.0413961	200000
C:\Users\isaac\phlag\caster\data\ape.fa	97900	0.414599	0.865937	0.0295736	0.0411779	200000
C:\Users\isaac\phlag\caster\data\ape.fa	98000	0.414599	0.871095	0.0295736	0.0407627	200000
C:\Users\isaac\phlag\caster\data\ape.fa	98100	0.397102	0.871006	0.0295736	0.0381992	200000
C:\Users\isaac\phlag\caster\data\ape.fa	98200	0.397102	0.870041	0.0296961	0.0383327	200000
C:\Users\isaac\phlag\caster\data\ape.fa	98300	0.397102	0.871732	0.0360167	0.0412148	200000
C:\Users\isaac\phlag\caster\data\ape.fa	98400	0.377379	0.87096	0.0360167	0.0383859	200000
C:\Users\isaac\phlag\caster\data\ape.fa	98500	0.377379	0.877087	0.0330308	0.0364938	200000
C:\Users\isaac\phlag\caster\data\ape.fa	98600	0.377379	0.879523	0.0330308	0.0363115	200000
C:\Users\isaac\phlag\caster\data\ape.fa	98700	0.377379	0.879523	0.0391108	0.0391921	200000
C:\Users\isaac\phlag\caster\data\ape.fa	98800	0.377379	0.888134	0.0362965	0.0372112	200000
C:\Users\isaac\phlag\caster\data\ape.fa	98900	0.377379	0.893077	0.033338	0.0354582	200000
C:\Users\isaac\phlag\caster\data\ape.fa	99000	0.377379	0.898824	0.033338	0.0350431	200000
C:\Users\isaac\phlag\caster\data\ape.fa	99100	0.377379	0.898824	0.031133	0.0340133	200000
C:\Users\isaac\phlag\caster\data\ape.fa	99200	0.399369	0.902119	0.0344302	0.0384412	200000
C:\Users\isaac\phlag\caster\data\ape.fa	99300	0.399369	0.903799	0.0344302	0.0383155	200000
C:\Users\isaac\phlag\caster\data\ape.fa	99400	0.399369	0.903799	0.0344302	0.0383155	200000
C:\Users\isaac\phlag\caster\data\ape.fa	99500	0.399369	0.903799	0.0344302	0.0383155	200000
C:\Users\isaac\phlag\caster\data\ape.fa	99600	0.442652	0.90463	0.0344302	0.044359	200000
C:\Users\isaac\phlag\caster\data\ape.fa	99700	0.442652	0.90463	0.035109	0.0446682	200000
C:\Users\isaac\phlag\caster\data\ape.fa	99800	0.442652	0.908053	0.0326719	0.0432846	200000
C:\Users\isaac\phlag\caster\data\ape.fa	99900	0.442652	0.908939	0.0326719	0.0432144	200000
C:\Users\isaac\phlag\caster\data\ape.fa	100000	0.442652	0.909734	0.0326719	0.0431516	200000
C:\Users\isaac\phlag\caster\data\ape.fa	100100	0.442652	0.914792	0.0326719	0.0427541	200000
C:\Users\isaac\phlag\caster\data\ape.fa	100200	0.442652	0.914792	0.0326719	0.0427541	200000
C:\Users\isaac\phlag\caster\data\ape.fa	100300	0.442652	0.915545	0.0326719	0.0426953	200000
C:\Users\isaac\phlag\caster\data\ape.fa	100400	0.442652	0.91216	0.0326719	0.0429604	200000
C:\Users\isaac\phlag\caster\data\ape.fa	100500	0.442652	0.91216	0.0326719	0.0429604	200000
C:\Users\isaac\phlag\caster\data\ape.fa	100600	0.442652	0.915268	0.0326719	0.0427168	200000
C:\Users\isaac\phlag\caster\data\ape.fa	100700	0.442652	0.912106	0.0260244	0.0399396	200000
C:\Users\isaac\phlag\caster\data\ape.fa	100800	0.442652	0.915499	0.0260244	0.0396834	200000
C:\Users\isaac\phlag\caster\data\ape.fa	100900	0.442652	0.918672	0.0260244	0.0394454	200000
C:\Users\isaac\phlag\caster\data\ape.fa	101000	0.442652	0.915375	0.0260244	0.0396927	200000
C:\Users\isaac\phlag\caster\data\ape.fa	101100	0.442652	0.918903	0.0260244	0.0394281	200000
C:\Users\isaac\phlag\caster\data\ape.fa	101200	0.442652	0.918903	0.0260244	0.0394281	200000
C:\Users\isaac\phlag\caster\data\ape.fa	101300	0.442652	0.918903	0.0260244	0.0394281	200000
C:\Users\isaac\phlag\caster\data\ape.fa	101400	0.422026	0.914109	0.0260244	0.0368914	200000
C:\Users\isaac\phlag\caster\data\ape.fa	101500	0.403278	0.912327	0.0292895	0.0358778	200000
C:\Users\isaac\phlag\caster\data\ape.fa	101600	0.403278	0.912327	0.0292895	0.0358778	200000
C:\Users\isaac\phlag\caster\data\ape.fa	101700	0.403278	0.912327	0.0292895	0.0358778	200000
C:\Users\isaac\phlag\caster\data\ape.fa	101800	0.403278	0.911553	0.0263942	0.0345998	200000
C:\Users\isaac\phlag\caster\data\ape.fa	101900	0.403278	0.911553	0.0263942	0.0345998	200000
C:\Users\isaac\phlag\caster\data\ape.fa	102000	0.403278	0.91232	0.0263942	0.0345457	200000
C:\Users\isaac\phlag\caster\data\ape.fa	102100	0.403278	0.91232	0.0263942	0.0345457	200000
C:\Users\isaac\phlag\caster\data\ape.fa	102200	0.403278	0.913636	0.0321945	0.0371153	200000
C:\Users\isaac\phlag\caster\data\ape.fa	102300	0.403278	0.913636	0.0321945	0.0371153	200000
C:\Users\isaac\phlag\caster\data\ape.fa	102400	0.403278	0.914067	0.0321945	0.0370839	200000
C:\Users\isaac\phlag\caster\data\ape.fa	102500	0.403278	0.914067	0.0321945	0.0370839	200000
C:\Users\isaac\phlag\caster\data\ape.fa	102600	0.403278	0.914783	0.0321945	0.0370319	200000
C:\Users\isaac\phlag\caster\data\ape.fa	102700	0.403278	0.915518	0.0321945	0.0369786	200000
C:\Users\isaac\phlag\caster\data\ape.fa	102800	0.403278	0.916975	0.0321945	0.0368732	200000
C:\Users\isaac\phlag\caster\data\ape.fa	102900	0.403278	0.915278	0.0321945	0.036996	200000
C:\Users\isaac\phlag\caster\data\ape.fa	103000	0.403278	0.918411	0.0321945	0.0367697	200000
C:\Users\isaac\phlag\caster\data\ape.fa	103100	0.403278	0.911678	0.0321945	0.0372579	200000
C:\Users\isaac\phlag\caster\data\ape.fa	103200	0.403278	0.913632	0.0321945	0.0371156	200000
C:\Users\isaac\phlag\caster\data\ape.fa	103300	0.403278	0.913632	0.0321945	0.0371156	200000
C:\Users\isaac\phlag\caster\data\ape.fa	103400	0.403278	0.910404	0.0321945	0.0373511	200000
C:\Users\isaac\phlag\caster\data\ape.fa	103500	0.403278	0.917709	0.0321945	0.0368203	200000
C:\Users\isaac\phlag\caster\data\ape.fa	103600	0.403278	0.921087	0.0321945	0.0365774	200000
C:\Users\isaac\phlag\caster\data\ape.fa	103700	0.403278	0.926988	0.0321945	0.0361573	200000
C:\Users\isaac\phlag\caster\data\ape.fa	103800	0.403278	0.925134	0.0321945	0.0362888	200000
C:\Users\isaac\phlag\caster\data\ape.fa	103900	0.403278	0.921856	0.0321945	0.0365224	200000
C:\Users\isaac\phlag\caster\data\ape.fa	104000	0.403278	0.920351	0.0357333	0.0382358	200000
C:\Users\isaac\phlag\caster\data\ape.fa	104100	0.403278	0.925421	0.0357333	0.0378664	200000
C:\Users\isaac\phlag\caster\data\ape.fa	104200	0.403278	0.926447	0.0357333	0.0377921	200000
C:\Users\isaac\phlag\caster\data\ape.fa	104300	0.403278	0.930027	0.0357333	0.0375341	200000
C:\Users\isaac\phlag\caster\data\ape.fa	104400	0.403278	0.933413	0.0357333	0.0372918	200000
C:\Users\isaac\phlag\caster\data\ape.fa	104500	0.403278	0.931667	0.0357333	0.0374165	200000
C:\Users\isaac\phlag\caster\data\ape.fa	104600	0.403278	0.936157	0.0357333	0.0370965	200000
C:\Users\isaac\phlag\caster\data\ape.fa	104700	0.403278	0.930241	0.0357333	0.0375187	200000
C:\Users\isaac\phlag\caster\data\ape.fa	104800	0.403278	0.933419	0.0357333	0.0372913	200000
C:\Users\isaac\phlag\caster\data\ape.fa	104900	0.403278	0.91789	0.0357333	0.0384165	200000
C:\Users\isaac\phlag\caster\data\ape.fa	105000	0.403278	0.91789	0.0357333	0.0384165	200000
C:\Users\isaac\phlag\caster\data\ape.fa	105100	0.403278	0.912807	0.0357333	0.0387926	200000
C:\Users\isaac\phlag\caster\data\ape.fa	105200	0.403278	0.912807	0.0357333	0.0387926	200000
C:\Users\isaac\phlag\caster\data\ape.fa	105300	0.403278	0.912807	0.0357333	0.0387926	200000
C:\Users\isaac\phlag\caster\data\ape.fa	105400	0.403278	0.916214	0.0357333	0.0385401	200000
C:\Users\isaac\phlag\caster\data\ape.fa	105500	0.403278	0.91627	0.0357333	0.038536	200000
C:\Users\isaac\phlag\caster\data\ape.fa	105600	0.403278	0.914727	0.0357333	0.0386501	200000
C:\Users\isaac\phlag\caster\data\ape.fa	105700	0.445741	0.914727	0.0357333	0.0445709	200000
C:\Users\isaac\phlag\caster\data\ape.fa	105800	0.445741	0.914727	0.0357333	0.0445709	200000
C:\Users\isaac\phlag\caster\data\ape.fa	105900	0.445741	0.914727	0.0357333	0.0445709	200000
C:\Users\isaac\phlag\caster\data\ape.fa	106000	0.445741	0.915165	0.0357333	0.0445359	200000
C:\Users\isaac\phlag\caster\data\ape.fa	106100	0.445741	0.917771	0.0357333	0.0443284	200000
C:\Users\isaac\phlag\caster\data\ape.fa	106200	0.445741	0.921226	0.0357333	0.044055	200000
C:\Users\isaac\phlag\caster\data\ape.fa	106300	0.445741	0.921226	0.0357333	0.044055	200000
C:\Users\isaac\phlag\caster\data\ape.fa	106400	0.445741	0.922919	0.0357333	0.0439217	200000
C:\Users\isaac\phlag\caster\data\ape.fa	106500	0.445741	0.922919	0.0357333	0.0439217	200000
C:\Users\isaac\phlag\caster\data\ape.fa	106600	0.445741	0.922021	0.0357333	0.0439923	200000
C:\Users\isaac\phlag\caster\data\ape.fa	106700	0.445741	0.922021	0.0357333	0.0439923	200000
C:\Users\isaac\phlag\caster\data\ape.fa	106800	0.445741	0.928789	0.0357333	0.0434632	200000
C:\Users\isaac\phlag\caster\data\ape.fa	106900	0.445741	0.927142	0.0357333	0.0435913	200000
C:\Users\isaac\phlag\caster\data\ape.fa	107000	0.445741	0.920386	0.0357333	0.0441212	200000
C:\Users\isaac\phlag\caster\data\ape.fa	107100	0.445741	0.920386	0.0357333	0.0441212	200000
C:\Users\isaac\phlag\caster\data\ape.fa	107200	0.445741	0.920386	0.0357333	0.0441212	200000
C:\Users\isaac\phlag\caster\data\ape.fa	107300	0.445741	0.920386	0.0357333	0.0441212	200000
C:\Users\isaac\phlag\caster\data\ape.fa	107400	0.445741	0.920386	0.0357333	0.0441212	200000
C:\Users\isaac\phlag\caster\data\ape.fa	107500	0.445741	0.920386	0.0357333	0.0441212	200000
C:\Users\isaac\phlag\caster\data\ape.fa	107600	0.445741	0.920386	0.0357333	0.0441212	200000
C:\Users\isaac\phlag\caster\data\ape.fa	107700	0.445741	0.920828	0.0357333	0.0440864	200000
C:\Users\isaac\phlag\caster\data\ape.fa	107800	0.445741	0.920828	0.0357333	0.0440864	200000
C:\Users\isaac\phlag\caster\data\ape.fa	107900	0.445741	0.920828	0.0357333	0.0440864	200000
C:\Users\isaac\phlag\caster\data\ape.fa	108000	0.445741	0.920828	0.0357333	0.0440864	200000
C:\Users\isaac\phlag\caster\data\ape.fa	108100	0.445741	0.920828	0.0357333	0.0440864	200000
C:\Users\isaac\phlag\caster\data\ape.fa	108200	0.445741	0.922607	0.0357333	0.0439463	200000
C:\Users\isaac\phlag\caster\data\ape.fa	108300	0.445741	0.927599	0.0357333	0.0435557	200000
C:\Users\isaac\phlag\caster\data\ape.fa	108400	0.445741	0.930613	0.0357333	0.0433218	200000
C:\Users\isaac\phlag\caster\data\ape.fa	108500	0.445741	0.937227	0.0357333	0.0428135	200000
C:\Users\isaac\phlag\caster\data\ape.fa	108600	0.401976	0.937227	0.0357333	0.0368425	200000
C:\Users\isaac\phlag\caster\data\ape.fa	108700	0.401976	0.937227	0.0357333	0.0368425	200000
C:\Users\isaac\phlag\caster\data\ape.fa	108800	0.401976	0.937227	0.0357333	0.0368425	200000
C:\Users\isaac\phlag\caster\data\ape.fa	108900	0.401976	0.944015	0.0357333	0.0363665	200000
C:\Users\isaac\phlag\caster\data\ape.fa	109000	0.401976	0.945671	0.0357333	0.0362513	200000
C:\Users\isaac\phlag\caster\data\ape.fa	109100	0.401976	0.945671	0.0357333	0.0362513	200000
C:\Users\isaac\phlag\caster\data\ape.fa	109200	0.424674	0.943793	0.0357333	0.0394644	200000
C:\Users\isaac\phlag\caster\data\ape.fa	109300	0.445314	0.950299	0.0357333	0.041771	200000
C:\Users\isaac\phlag\caster\data\ape.fa	109400	0.445314	0.959796	0.0357333	0.0410717	200000
C:\Users\isaac\phlag\caster\data\ape.fa	109500	0.445314	0.959966	0.0357333	0.0410593	200000
C:\Users\isaac\phlag\caster\data\ape.fa	109600	0.445314	0.959966	0.0357333	0.0410593	200000
C:\Users\isaac\phlag\caster\data\ape.fa	109700	0.445314	0.963188	0.0357333	0.040825	200000
C:\Users\isaac\phlag\caster\data\ape.fa	109800	0.445314	0.963188	0.0357333	0.040825	200000
C:\Users\isaac\phlag\caster\data\ape.fa	109900	0.445314	0.960285	0.0357333	0.041036	200000
C:\Users\isaac\phlag\caster\data\ape.fa	110000	0.445314	0.972159	0.0357333	0.0401806	200000
C:\Users\isaac\phlag\caster\data\ape.fa	110100	0.445314	0.970414	0.0357333	0.0403051	200000
C:\Users\isaac\phlag\caster\data\ape.fa	110200	0.445314	0.967046	0.0358063	0.0405779	200000
C:\Users\isaac\phlag\caster\data\ape.fa	110300	0.445314	0.968442	0.0358063	0.0404776	200000
C:\Users\isaac\phlag\caster\data\ape.fa	110400	0.445314	0.971788	0.0358063	0.0402382	200000
C:\Users\isaac\phlag\caster\data\ape.fa	110500	0.445314	0.971788	0.0358063	0.0402382	200000
C:\Users\isaac\phlag\caster\data\ape.fa	110600	0.445314	0.974727	0.0358063	0.0400293	200000
C:\Users\isaac\phlag\caster\data\ape.fa	110700	0.445314	0.968942	0.0358063	0.0404417	200000
C:\Users\isaac\phlag\caster\data\ape.fa	110800	0.445314	0.968658	0.0358063	0.0404621	200000
C:\Users\isaac\phlag\caster\data\ape.fa	110900	0.445314	0.968733	0.0358063	0.0404567	200000
C:\Users\isaac\phlag\caster\data\ape.fa	111000	0.445314	0.972054	0.0358063	0.0402192	200000
C:\Users\isaac\phlag\caster\data\ape.fa	111100	0.445314	0.972054	0.0358063	0.0402192	200000
C:\Users\isaac\phlag\caster\data\ape.fa	111200	0.424518	0.972054	0.0358063	0.0374788	200000
C:\Users\isaac\phlag\caster\data\ape.fa	111300	0.444957	0.971794	0.0358063	0.0401908	200000
C:\Users\isaac\phlag\caster\data\ape.fa	111400	0.424271	0.971794	0.0358063	0.037464	200000
C:\Users\isaac\phlag\caster\data\ape.fa	111500	0.424271	0.975181	0.0358063	0.037232	200000
C:\Users\isaac\phlag\caster\data\ape.fa	111600	0.445428	0.984439	0.0359937	0.0394413	200000
C:\Users\isaac\phlag\caster\data\ape.fa	111700	0.445428	0.987834	0.0359937	0.0392055	200000
C:\Users\isaac\phlag\caster\data\ape.fa	111800	0.445428	0.989562	0.0359937	0.0390861	200000
C:\Users\isaac\phlag\caster\data\ape.fa	111900	0.445428	0.989756	0.0359937	0.0390728	200000
C:\Users\isaac\phlag\caster\data\ape.fa	112000	0.445428	0.993231	0.0359937	0.0388339	200000
C:\Users\isaac\phlag\caster\data\ape.fa	112100	0.467687	0.992484	0.0359937	0.0417542	200000
C:\Users\isaac\phlag\caster\data\ape.fa	112200	0.467687	1	0.0359937	0.0412228	200000
C:\Users\isaac\phlag\caster\data\ape.fa	112300	0.467687	0.991514	0.0359937	0.0418234	200000
C:\Users\isaac\phlag\caster\data\ape.fa	112400	0.487622	0.988347	0.0359937	0.044621	200000
C:\Users\isaac\phlag\caster\data\ape.fa	112500	0.487622	0.980238	0.0359937	0.0452266	200000
C:\Users\isaac\phlag\caster\data\ape.fa	112600	0.487622	0.973956	0.0359937	0.0457022	200000
C:\Users\isaac\phlag\caster\data\ape.fa	112700	0.487622	0.970455	0.0359937	0.0459699	200000
C:\Users\isaac\phlag\caster\data\ape.fa	112800	0.487622	0.970455	0.0359937	0.0459699	200000
C:\Users\isaac\phlag\caster\data\ape.fa	112900	0.487622	0.970455	0.0359937	0.0459699	200000
C:\Users\isaac\phlag\caster\data\ape.fa	113000	0.487622	0.968946	0.0359937	0.0460858	200000
C:\Users\isaac\phlag\caster\data\ape.fa	113100	0.487622	0.968946	0.0359937	0.0460858	200000
C:\Users\isaac\phlag\caster\data\ape.fa	113200	0.487622	0.962604	0.0359937	0.0465765	200000
C:\Users\isaac\phlag\caster\data\ape.fa	113300	0.487622	0.961052	0.0359937	0.0466975	200000
C:\Users\isaac\phlag\caster\data\ape.fa	113400	0.487622	0.954253	0.0390999	0.0485657	200000
C:\Users\isaac\phlag\caster\data\ape.fa	113500	0.487622	0.954253	0.0390999	0.0485657	200000
C:\Users\isaac\phlag\caster\data\ape.fa	113600	0.487622	0.950766	0.0390999	0.0488467	200000
C:\Users\isaac\phlag\caster\data\ape.fa	113700	0.465308	0.960659	0.0390999	0.0451087	200000
C:\Users\isaac\phlag\caster\data\ape.fa	113800	0.465308	0.959876	0.0390999	0.0451687	200000
C:\Users\isaac\phlag\caster\data\ape.fa	113900	0.503754	0.959048	0.0390999	0.0503088	200000
C:\Users\isaac\phlag\caster\data\ape.fa	114000	0.503754	0.959048	0.0390999	0.0503088	200000
C:\Users\isaac\phlag\caster\data\ape.fa	114100	0.503754	0.958492	0.0390999	0.0503541	200000
C:\Users\isaac\phlag\caster\data\ape.fa	114200	0.503754	0.943074	0.0390999	0.051632	200000
C:\Users\isaac\phlag\caster\data\ape.fa	114300	0.503754	0.939582	0.0390999	0.0519268	200000
C:\Users\isaac\phlag\caster\data\ape.fa	114400	0.503754	0.939582	0.0390999	0.0519268	200000
C:\Users\isaac\phlag\caster\data\ape.fa	114500	0.503754	0.93796	0.0454545	0.0548078	200000
C:\Users\isaac\phlag\caster\data\ape.fa	114600	0.503754	0.94055	0.0454545	0.0545819	200000
C:\Users\isaac\phlag\caster\data\ape.fa	114700	0.503754	0.94055	0.0454545	0.0545819	200000
C:\Users\isaac\phlag\caster\data\ape.fa	114800	0.503754	0.939034	0.0454545	0.054714	200000
C:\Users\isaac\phlag\caster\data\ape.fa	114900	0.503754	0.938191	0.0477241	0.0557627	200000
C:\Users\isaac\phlag\caster\data\ape.fa	115000	0.481765	0.934797	0.0510339	0.0545464	200000
C:\Users\isaac\phlag\caster\data\ape.fa	115100	0.481765	0.933111	0.0510339	0.054694	200000
C:\Users\isaac\phlag\caster\data\ape.fa	115200	0.481765	0.933925	0.0510339	0.0546227	200000
C:\Users\isaac\phlag\caster\data\ape.fa	115300	0.481765	0.933925	0.0510339	0.0546227	200000
C:\Users\isaac\phlag\caster\data\ape.fa	115400	0.481765	0.928549	0.0510339	0.0550956	200000
C:\Users\isaac\phlag\caster\data\ape.fa	115500	0.481765	0.928387	0.0510339	0.05511	200000
C:\Users\isaac\phlag\caster\data\ape.fa	115600	0.481765	0.925825	0.0510339	0.0553372	200000
C:\Users\isaac\phlag\caster\data\ape.fa	115700	0.481765	0.922442	0.0510339	0.055639	200000
C:\Users\isaac\phlag\caster\data\ape.fa	115800	0.493203	0.922442	0.0496781	0.0565971	200000
C:\Users\isaac\phlag\caster\data\ape.fa	115900	0.493203	0.92513	0.0490162	0.056067	200000
C:\Users\isaac\phlag\caster\data\ape.fa	116000	0.493203	0.92863	0.0490162	0.055754	200000
C:\Users\isaac\phlag\caster\data\ape.fa	116100	0.493203	0.928504	0.0490162	0.0557652	200000
C:\Users\isaac\phlag\caster\data\ape.fa	116200	0.514228	0.925193	0.0490162	0.0588967	200000
C:\Users\isaac\phlag\caster\data\ape.fa	116300	0.514228	0.928569	0.0490162	0.0585858	200000
C:\Users\isaac\phlag\caster\data\ape.fa	116400	0.514228	0.920511	0.0457346	0.0579041	200000
C:\Users\isaac\phlag\caster\data\ape.fa	116500	0.514228	0.922987	0.0457346	0.0576768	200000
C:\Users\isaac\phlag\caster\data\ape.fa	116600	0.514228	0.919914	0.0457346	0.057959	200000
C:\Users\isaac\phlag\caster\data\ape.fa	116700	0.493073	0.913246	0.0457346	0.0556843	200000
C:\Users\isaac\phlag\caster\data\ape.fa	116800	0.493073	0.908866	0.0457346	0.0560829	200000
C:\Users\isaac\phlag\caster\data\ape.fa	116900	0.493073	0.910435	0.0457346	0.0559396	200000
C:\Users\isaac\phlag\caster\data\ape.fa	117000	0.493073	0.914379	0.0457346	0.0555817	200000
C:\Users\isaac\phlag\caster\data\ape.fa	117100	0.493073	0.912702	0.0457346	0.0557336	200000
C:\Users\isaac\phlag\caster\data\ape.fa	117200	0.493073	0.913479	0.0424518	0.0542135	200000
C:\Users\isaac\phlag\caster\data\ape.fa	117300	0.493073	0.906536	0.0424518	0.0548375	200000
C:\Users\isaac\phlag\caster\data\ape.fa	117400	0.493073	0.903057	0.0424518	0.0551535	200000
C:\Users\isaac\phlag\caster\data\ape.fa	117500	0.493073	0.897701	0.0424518	0.0556444	200000
C:\Users\isaac\phlag\caster\data\ape.fa	117600	0.493073	0.897701	0.0424518	0.0556444	200000
C:\Users\isaac\phlag\caster\data\ape.fa	117700	0.515561	0.896846	0.0424518	0.058856	200000
C:\Users\isaac\phlag\caster\data\ape.fa	117800	0.515561	0.890372	0.0424518	0.0594779	200000
C:\Users\isaac\phlag\caster\data\ape.fa	117900	0.515561	0.891144	0.0424518	0.0594033	200000
C:\Users\isaac\phlag\caster\data\ape.fa	118000	0.515561	0.897811	0.0399119	0.0576292	200000
C:\Users\isaac\phlag\caster\data\ape.fa	118100	0.515561	0.890316	0.0399119	0.0583405	200000
C:\Users\isaac\phlag\caster\data\ape.fa	118200	0.515561	0.889462	0.0399119	0.0584223	200000
C:\Users\isaac\phlag\caster\data\ape.fa	118300	0.515561	0.888692	0.0336617	0.0556659	200000
C:\Users\isaac\phlag\caster\data\ape.fa	118400	0.515561	0.888692	0.037502	0.0574072	200000
C:\Users\isaac\phlag\caster\data\ape.fa	118500	0.515561	0.891501	0.037502	0.0571412	200000
C:\Users\isaac\phlag\caster\data\ape.fa	118600	0.498424	0.893232	0.037502	0.0545735	200000
C:\Users\isaac\phlag\caster\data\ape.fa	118700	0.498424	0.888388	0.037502	0.05502	200000
C:\Users\isaac\phlag\caster\data\ape.fa	118800	0.498424	0.894921	0.037502	0.0544189	200000
C:\Users\isaac\phlag\caster\data\ape.fa	118900	0.498424	0.894921	0.037502	0.0544189	200000
C:\Users\isaac\phlag\caster\data\ape.fa	119000	0.498424	0.889652	0.037502	0.054903	200000
C:\Users\isaac\phlag\caster\data\ape.fa	119100	0.498424	0.891666	0.037502	0.0547174	200000
C:\Users\isaac\phlag\caster\data\ape.fa	119200	0.498424	0.90197	0.037502	0.0537795	200000
C:\Users\isaac\phlag\caster\data\ape.fa	119300	0.498424	0.89866	0.037502	0.0540786	200000
C:\Users\isaac\phlag\caster\data\ape.fa	119400	0.498424	0.900073	0.037502	0.0539507	200000
C:\Users\isaac\phlag\caster\data\ape.fa	119500	0.486886	0.906318	0.035803	0.0510253	200000
C:\Users\isaac\phlag\caster\data\ape.fa	119600	0.508531	0.907221	0.035803	0.0539511	200000
C:\Users\isaac\phlag\caster\data\ape.fa	119700	0.508531	0.907221	0.035803	0.0539511	200000
C:\Users\isaac\phlag\caster\data\ape.fa	119800	0.508531	0.907221	0.035803	0.0539511	200000
C:\Users\isaac\phlag\caster\data\ape.fa	119900	0.508531	0.91488	0.035803	0.0532691	200000
C:\Users\isaac\phlag\caster\data\ape.fa	120000	0.508531	0.91488	0.035803	0.0532691	200000
C:\Users\isaac\phlag\caster\data\ape.fa	120100	0.508531	0.916638	0.035803	0.053114	200000
C:\Users\isaac\phlag\caster\data\ape.fa	120200	0.508531	0.917708	0.035803	0.0530199	200000
C:\Users\isaac\phlag\caster\data\ape.fa	120300	0.508531	0.914476	0.035803	0.0533047	200000
C:\Users\isaac\phlag\caster\data\ape.fa	120400	0.508531	0.914476	0.035803	0.0533047	200000
C:\Users\isaac\phlag\caster\data\ape.fa	120500	0.553061	0.914476	0.035803	0.0594093	200000
C:\Users\isaac\phlag\caster\data\ape.fa	120600	0.530458	0.921109	0.035803	0.0557144	200000
C:\Users\isaac\phlag\caster\data\ape.fa	120700	0.530458	0.921109	0.035803	0.0557144	200000
C:\Users\isaac\phlag\caster\data\ape.fa	120800	0.530458	0.923498	0.035803	0.0554996	200000
C:\Users\isaac\phlag\caster\data\ape.fa	120900	0.530458	0.918756	0.035803	0.0559269	200000
C:\Users\isaac\phlag\caster\data\ape.fa	121000	0.530458	0.921908	0.035803	0.0556424	200000
C:\Users\isaac\phlag\caster\data\ape.fa	121100	0.530458	0.915793	0.035803	0.056196	200000
C:\Users\isaac\phlag\caster\data\ape.fa	121200	0.530458	0.919274	0.035803	0.0558801	200000
C:\Users\isaac\phlag\caster\data\ape.fa	121300	0.530458	0.919274	0.035803	0.0558801	200000
C:\Users\isaac\phlag\caster\data\ape.fa	121400	0.530458	0.924523	0.035803	0.0554078	200000
C:\Users\isaac\phlag\caster\data\ape.fa	121500	0.530458	0.92618	0.035803	0.0552597	200000
C:\Users\isaac\phlag\caster\data\ape.fa	121600	0.530458	0.931193	0.035803	0.0548148	200000
C:\Users\isaac\phlag\caster\data\ape.fa	121700	0.530458	0.931027	0.035803	0.0548295	200000
C:\Users\isaac\phlag\caster\data\ape.fa	121800	0.530458	0.927817	0.035803	0.055114	200000
C:\Users\isaac\phlag\caster\data\ape.fa	121900	0.530458	0.926397	0.035803	0.0552403	200000
C:\Users\isaac\phlag\caster\data\ape.fa	122000	0.530458	0.926397	0.0258381	0.0508688	200000
C:\Users\isaac\phlag\caster\data\ape.fa	122100	0.530458	0.930334	0.0256554	0.0504543	200000
C:\Users\isaac\phlag\caster\data\ape.fa	122200	0.530458	0.931474	0.0256554	0.0503581	200000
C:\Users\isaac\phlag\caster\data\ape.fa	122300	0.530458	0.933133	0.0226449	0.0488963	200000
C:\Users\isaac\phlag\caster\data\ape.fa	122400	0.530458	0.926235	0.0226449	0.0494715	200000
C:\Users\isaac\phlag\caster\data\ape.fa	122500	0.511401	0.926215	0.0226449	0.0468586	200000
C:\Users\isaac\phlag\caster\data\ape.fa	122600	0.511401	0.929689	0.0226449	0.0465766	200000
C:\Users\isaac\phlag\caster\data\ape.fa	122700	0.511401	0.92345	0.0226449	0.0470844	200000
C:\Users\isaac\phlag\caster\data\ape.fa	122800	0.511401	0.930364	0.0226449	0.0465221	200000
C:\Users\isaac\phlag\caster\data\ape.fa	122900	0.511401	0.9213	0.0226449	0.0472608	200000
C:\Users\isaac\phlag\caster\data\ape.fa	123000	0.511401	0.926332	0.0226449	0.046849	200000
C:\Users\isaac\phlag\caster\data\ape.fa	123100	0.511401	0.924668	0.0226449	0.0469847	200000
C:\Users\isaac\phlag\caster\data\ape.fa	123200	0.554626	0.926585	0.0226449	0.0527455	200000
C:\Users\isaac\phlag\caster\data\ape.fa	123300	0.554626	0.926585	0.0257707	0.0541181	200000
C:\Users\isaac\phlag\caster\data\ape.fa	123400	0.476109	0.926545	0.0257707	0.0433698	200000
C:\Users\isaac\phlag\caster\data\ape.fa	123500	0.476109	0.928984	0.0257707	0.0431801	200000
C:\Users\isaac\phlag\caster\data\ape.fa	123600	0.476109	0.929736	0.0257707	0.0431218	200000
C:\Users\isaac\phlag\caster\data\ape.fa	123700	0.476109	0.933044	0.0257707	0.0428664	200000
C:\Users\isaac\phlag\caster\data\ape.fa	123800	0.476109	0.933044	0.0257707	0.0428664	200000
C:\Users\isaac\phlag\caster\data\ape.fa	123900	0.476109	0.933044	0.0257707	0.0428664	200000
C:\Users\isaac\phlag\caster\data\ape.fa	124000	0.476109	0.933044	0.0257707	0.0428664	200000
C:\Users\isaac\phlag\caster\data\ape.fa	124100	0.476109	0.933044	0.0257707	0.0428664	200000
C:\Users\isaac\phlag\caster\data\ape.fa	124200	0.476109	0.936428	0.0257707	0.0426069	200000
C:\Users\isaac\phlag\caster\data\ape.fa	124300	0.476109	0.939448	0.0257707	0.0423769	200000
C:\Users\isaac\phlag\caster\data\ape.fa	124400	0.476109	0.932159	0.0257707	0.0429346	200000
C:\Users\isaac\phlag\caster\data\ape.fa	124500	0.476109	0.932159	0.0257707	0.0429346	200000
C:\Users\isaac\phlag\caster\data\ape.fa	124600	0.454033	0.932526	0.0257707	0.0398765	200000
C:\Users\isaac\phlag\caster\data\ape.fa	124700	0.454033	0.937659	0.0257707	0.0394981	200000
C:\Users\isaac\phlag\caster\data\ape.fa	124800	0.454033	0.939342	0.0257707	0.0393749	200000
C:\Users\isaac\phlag\caster\data\ape.fa	124900	0.454033	0.936736	0.0257707	0.0395659	200000
C:\Users\isaac\phlag\caster\data\ape.fa	125000	0.454033	0.936739	0.0257707	0.0395656	200000
C:\Users\isaac\phlag\caster\data\ape.fa	125100	0.454033	0.936957	0.0257707	0.0395497	200000
C:\Users\isaac\phlag\caster\data\ape.fa	125200	0.454033	0.935368	0.0257707	0.0396665	200000
C:\Users\isaac\phlag\caster\data\ape.fa	125300	0.454033	0.933864	0.0257707	0.0397775	200000
C:\Users\isaac\phlag\caster\data\ape.fa	125400	0.454033	0.937042	0.0257707	0.0395434	200000
C:\Users\isaac\phlag\caster\data\ape.fa	125500	0.454033	0.93717	0.0257707	0.039534	200000
C:\Users\isaac\phlag\caster\data\ape.fa	125600	0.454033	0.93717	0.0257707	0.039534	200000
C:\Users\isaac\phlag\caster\data\ape.fa	125700	0.454033	0.940577	0.0257707	0.0392848	200000
C:\Users\isaac\phlag\caster\data\ape.fa	125800	0.454033	0.940577	0.0257707	0.0392848	200000
C:\Users\isaac\phlag\caster\data\ape.fa	125900	0.454033	0.940903	0.0257707	0.039261	200000
C:\Users\isaac\phlag\caster\data\ape.fa	126000	0.454033	0.94771	0.0257707	0.0387684	200000
C:\Users\isaac\phlag\caster\data\ape.fa	126100	0.454033	0.944641	0.0257707	0.0389897	200000
C:\Users\isaac\phlag\caster\data\ape.fa	126200	0.475018	0.950541	0.0257707	0.0413966	200000
C:\Users\isaac\phlag\caster\data\ape.fa	126300	0.475018	0.953924	0.0257707	0.0411465	200000
C:\Users\isaac\phlag\caster\data\ape.fa	126400	0.475018	0.955009	0.0257707	0.0410667	200000
C:\Users\isaac\phlag\caster\data\ape.fa	126500	0.435815	0.945741	0.0257707	0.0364337	200000
C:\Users\isaac\phlag\caster\data\ape.fa	126600	0.435815	0.945741	0.0257707	0.0364337	200000
C:\Users\isaac\phlag\caster\data\ape.fa	126700	0.435815	0.945741	0.0226734	0.0350576	200000
C:\Users\isaac\phlag\caster\data\ape.fa	126800	0.435815	0.945568	0.0258136	0.0364648	200000
C:\Users\isaac\phlag\caster\data\ape.fa	126900	0.435815	0.945568	0.0258136	0.0364648	200000
C:\Users\isaac\phlag\caster\data\ape.fa	127000	0.435815	0.944859	0.0258136	0.0365144	200000
C:\Users\isaac\phlag\caster\data\ape.fa	127100	0.435815	0.946231	0.0223694	0.0348888	200000
C:\Users\isaac\phlag\caster\data\ape.fa	127200	0.435815	0.949361	0.0223694	0.0346755	200000
C:\Users\isaac\phlag\caster\data\ape.fa	127300	0.435815	0.946991	0.0223694	0.0348369	200000
C:\Users\isaac\phlag\caster\data\ape.fa	127400	0.435815	0.943612	0.0193761	0.0337309	200000
C:\Users\isaac\phlag\caster\data\ape.fa	127500	0.435815	0.946795	0.0229635	0.0351144	200000
C:\Users\isaac\phlag\caster\data\ape.fa	127600	0.435815	0.943923	0.0229635	0.0353117	200000
C:\Users\isaac\phlag\caster\data\ape.fa	127700	0.435815	0.943092	0.0229635	0.035369	200000
C:\Users\isaac\phlag\caster\data\ape.fa	127800	0.435815	0.942825	0.0229635	0.0353875	200000
C:\Users\isaac\phlag\caster\data\ape.fa	127900	0.414553	0.942825	0.0229635	0.0324733	200000
C:\Users\isaac\phlag\caster\data\ape.fa	128000	0.414553	0.942825	0.0229635	0.0324733	200000
C:\Users\isaac\phlag\caster\data\ape.fa	128100	0.414553	0.942825	0.0229635	0.0324733	200000
C:\Users\isaac\phlag\caster\data\ape.fa	128200	0.414553	0.944409	0.0261948	0.0338129	200000
C:\Users\isaac\phlag\caster\data\ape.fa	128300	0.414553	0.948323	0.0261948	0.0335503	200000
C:\Users\isaac\phlag\caster\data\ape.fa	128400	0.414553	0.945692	0.0261948	0.0337266	200000
C:\Users\isaac\phlag\caster\data\ape.fa	128500	0.40379	0.946736	0.027839	0.0329204	200000
C:\Users\isaac\phlag\caster\data\ape.fa	128600	0.40379	0.945462	0.027839	0.033005	200000
C:\Users\isaac\phlag\caster\data\ape.fa	128700	0.40379	0.945451	0.027839	0.0330058	200000
C:\Users\isaac\phlag\caster\data\ape.fa	128800	0.40379	0.938886	0.027839	0.033445	200000
C:\Users\isaac\phlag\caster\data\ape.fa	128900	0.40379	0.935542	0.027839	0.033671	200000
C:\Users\isaac\phlag\caster\data\ape.fa	129000	0.40379	0.936298	0.027839	0.0336197	200000
C:\Users\isaac\phlag\caster\data\ape.fa	129100	0.40379	0.935488	0.027839	0.0336747	200000
C:\Users\isaac\phlag\caster\data\ape.fa	129200	0.40379	0.938764	0.027839	0.0334532	200000
C:\Users\isaac\phlag\caster\data\ape.fa	129300	0.403719	0.940465	0.027839	0.0333291	200000
C:\Users\isaac\phlag\caster\data\ape.fa	129400	0.403719	0.935595	0.027839	0.0336576	200000
C:\Users\isaac\phlag\caster\data\ape.fa	129500	0.403719	0.925398	0.027839	0.0343561	200000
C:\Users\isaac\phlag\caster\data\ape.fa	129600	0.403719	0.923652	0.027839	0.0344772	200000
C:\Users\isaac\phlag\caster\data\ape.fa	129700	0.403719	0.92029	0.027839	0.0347115	200000
C:\Users\isaac\phlag\caster\data\ape.fa	129800	0.361063	0.925269	0.027839	0.0284005	200000
C:\Users\isaac\phlag\caster\data\ape.fa	129900	0.361063	0.925978	0.0309053	0.0297612	200000
C:\Users\isaac\phlag\caster\data\ape.fa	130000	0.361063	0.932459	0.0309053	0.0293453	200000
C:\Users\isaac\phlag\caster\data\ape.fa	130100	0.361063	0.929144	0.0309053	0.0295573	200000
C:\Users\isaac\phlag\caster\data\ape.fa	130200	0.361063	0.930741	0.0309053	0.029455	200000
C:\Users\isaac\phlag\caster\data\ape.fa	130300	0.361063	0.927441	0.0309053	0.0296668	200000
C:\Users\isaac\phlag\caster\data\ape.fa	130400	0.361063	0.922248	0.0309053	0.030003	200000
C:\Users\isaac\phlag\caster\data\ape.fa	130500	0.361063	0.925616	0.0309053	0.0297846	200000
C:\Users\isaac\phlag\caster\data\ape.fa	130600	0.361063	0.925616	0.0309053	0.0297846	200000
C:\Users\isaac\phlag\caster\data\ape.fa	130700	0.361063	0.922785	0.0309053	0.0299681	200000
C:\Users\isaac\phlag\caster\data\ape.fa	130800	0.361063	0.91924	0.0309053	0.0301994	200000
C:\Users\isaac\phlag\caster\data\ape.fa	130900	0.361063	0.923803	0.0309053	0.029902	200000
C:\Users\isaac\phlag\caster\data\ape.fa	131000	0.361063	0.91686	0.0309053	0.0303557	200000
C:\Users\isaac\phlag\caster\data\ape.fa	131100	0.361063	0.917252	0.0309053	0.0303299	200000
C:\Users\isaac\phlag\caster\data\ape.fa	131200	0.361063	0.917252	0.0309053	0.0303299	200000
C:\Users\isaac\phlag\caster\data\ape.fa	131300	0.361063	0.920093	0.0309053	0.0301436	200000
C:\Users\isaac\phlag\caster\data\ape.fa	131400	0.361063	0.91661	0.0309053	0.0303721	200000
C:\Users\isaac\phlag\caster\data\ape.fa	131500	0.361063	0.913232	0.0309053	0.0305954	200000
C:\Users\isaac\phlag\caster\data\ape.fa	131600	0.380972	0.913232	0.0309053	0.0334108	200000
C:\Users\isaac\phlag\caster\data\ape.fa	131700	0.380972	0.91403	0.0309053	0.0333556	200000
C:\Users\isaac\phlag\caster\data\ape.fa	131800	0.380972	0.913	0.0309053	0.0334268	200000
C:\Users\isaac\phlag\caster\data\ape.fa	131900	0.360955	0.906726	0.0247143	0.0281188	200000
C:\Users\isaac\phlag\caster\data\ape.fa	132000	0.383227	0.903231	0.021449	0.0300099	200000
C:\Users\isaac\phlag\caster\data\ape.fa	132100	0.383227	0.899106	0.021449	0.0302859	200000
C:\Users\isaac\phlag\caster\data\ape.fa	132200	0.383227	0.899106	0.021449	0.0302859	200000
C:\Users\isaac\phlag\caster\data\ape.fa	132300	0.383227	0.903723	0.021449	0.0299771	200000
C:\Users\isaac\phlag\caster\data\ape.fa	132400	0.383227	0.899891	0.021449	0.0302332	200000
C:\Users\isaac\phlag\caster\data\ape.fa	132500	0.383227	0.903332	0.021449	0.0300031	200000
C:\Users\isaac\phlag\caster\data\ape.fa	132600	0.383227	0.903332	0.021449	0.0300031	200000
C:\Users\isaac\phlag\caster\data\ape.fa	132700	0.383227	0.904194	0.021449	0.0299458	200000
C:\Users\isaac\phlag\caster\data\ape.fa	132800	0.383227	0.900864	0.021449	0.0301679	200000
C:\Users\isaac\phlag\caster\data\ape.fa	132900	0.383227	0.900864	0.017788	0.0284398	200000
C:\Users\isaac\phlag\caster\data\ape.fa	133000	0.383227	0.904822	0.017788	0.0281825	200000
C:\Users\isaac\phlag\caster\data\ape.fa	133100	0.383227	0.906384	0.017788	0.0280815	200000
C:\Users\isaac\phlag\caster\data\ape.fa	133200	0.365305	0.91152	0.0225863	0.0274375	200000
C:\Users\isaac\phlag\caster\data\ape.fa	133300	0.365305	0.91316	0.0225863	0.0273336	200000
C:\Users\isaac\phlag\caster\data\ape.fa	133400	0.365305	0.916619	0.0225863	0.0271158	200000
C:\Users\isaac\phlag\caster\data\ape.fa	133500	0.365305	0.90974	0.0225863	0.0275505	200000
C:\Users\isaac\phlag\caster\data\ape.fa	133600	0.365305	0.912578	0.0225863	0.0273704	200000
C:\Users\isaac\phlag\caster\data\ape.fa	133700	0.365305	0.918984	0.0225863	0.0269677	200000
C:\Users\isaac\phlag\caster\data\ape.fa	133800	0.387319	0.92223	0.0225863	0.0298693	200000
C:\Users\isaac\phlag\caster\data\ape.fa	133900	0.387319	0.925456	0.0225863	0.02966	200000
C:\Users\isaac\phlag\caster\data\ape.fa	134000	0.387319	0.921207	0.0225863	0.029936	200000
C:\Users\isaac\phlag\caster\data\ape.fa	134100	0.387319	0.921207	0.0191657	0.0283565	200000
C:\Users\isaac\phlag\caster\data\ape.fa	134200	0.387319	0.918221	0.0191472	0.0285388	200000
C:\Users\isaac\phlag\caster\data\ape.fa	134300	0.387319	0.918221	0.0191472	0.0285388	200000
C:\Users\isaac\phlag\caster\data\ape.fa	134400	0.387319	0.918461	0.0191472	0.0285235	200000
C:\Users\isaac\phlag\caster\data\ape.fa	134500	0.387319	0.91502	0.0191472	0.0287448	200000
C:\Users\isaac\phlag\caster\data\ape.fa	134600	0.387319	0.91502	0.0191472	0.0287448	200000
C:\Users\isaac\phlag\caster\data\ape.fa	134700	0.387319	0.91502	0.0191472	0.0287448	200000
C:\Users\isaac\phlag\caster\data\ape.fa	134800	0.387319	0.915098	0.0191472	0.0287398	200000
C:\Users\isaac\phlag\caster\data\ape.fa	134900	0.387319	0.915098	0.0191472	0.0287398	200000
C:\Users\isaac\phlag\caster\data\ape.fa	135000	0.387319	0.915098	0.0191472	0.0287398	200000
C:\Users\isaac\phlag\caster\data\ape.fa	135100	0.387319	0.914915	0.0191472	0.0287516	200000
C:\Users\isaac\phlag\caster\data\ape.fa	135200	0.387319	0.9116	0.0191472	0.0289664	200000
C:\Users\isaac\phlag\caster\data\ape.fa	135300	0.387319	0.913099	0.0191472	0.0288691	200000
C:\Users\isaac\phlag\caster\data\ape.fa	135400	0.347163	0.902814	0.0191472	0.0237448	200000
C:\Users\isaac\phlag\caster\data\ape.fa	135500	0.347163	0.902814	0.02245	0.0253132	200000
C:\Users\isaac\phlag\caster\data\ape.fa	135600	0.347163	0.902814	0.02245	0.0253132	200000
C:\Users\isaac\phlag\caster\data\ape.fa	135700	0.347163	0.904557	0.02245	0.0252056	200000
C:\Users\isaac\phlag\caster\data\ape.fa	135800	0.325882	0.906889	0.02245	0.0219949	200000
C:\Users\isaac\phlag\caster\data\ape.fa	135900	0.325882	0.899886	0.02245	0.0224057	200000
C:\Users\isaac\phlag\caster\data\ape.fa	136000	0.325882	0.90644	0.02245	0.022021	200000
C:\Users\isaac\phlag\caster\data\ape.fa	136100	0.325903	0.90644	0.0252924	0.0233716	200000
C:\Users\isaac\phlag\caster\data\ape.fa	136200	0.325903	0.911679	0.0252924	0.0230611	200000
C:\Users\isaac\phlag\caster\data\ape.fa	136300	0.325903	0.914495	0.0252924	0.0228956	200000
C:\Users\isaac\phlag\caster\data\ape.fa	136400	0.325903	0.9137	0.0276295	0.0240393	200000
C:\Users\isaac\phlag\caster\data\ape.fa	136500	0.30268	0.910346	0.0276295	0.0209071	200000
C:\Users\isaac\phlag\caster\data\ape.fa	136600	0.264378	0.910346	0.0276295	0.0153815	200000
C:\Users\isaac\phlag\caster\data\ape.fa	136700	0.243726	0.913576	0.0276295	0.0122326	200000
C:\Users\isaac\phlag\caster\data\ape.fa	136800	0.26528	0.908533	0.0276295	0.0156052	200000
C:\Users\isaac\phlag\caster\data\ape.fa	136900	0.26528	0.904305	0.0305772	0.0172378	200000
C:\Users\isaac\phlag\caster\data\ape.fa	137000	0.26528	0.898288	0.0273731	0.0160148	200000
C:\Users\isaac\phlag\caster\data\ape.fa	137100	0.221602	0.898354	0.0273731	0.0095879	200000
C:\Users\isaac\phlag\caster\data\ape.fa	137200	0.221602	0.895526	0.0273731	0.00971802	200000
C:\Users\isaac\phlag\caster\data\ape.fa	137300	0.221602	0.892163	0.0273731	0.00987373	200000
C:\Users\isaac\phlag\caster\data\ape.fa	137400	0.221602	0.895406	0.0273731	0.00972353	200000
C:\Users\isaac\phlag\caster\data\ape.fa	137500	0.221602	0.895195	0.0209328	0.00656283	200000
C:\Users\isaac\phlag\caster\data\ape.fa	137600	0.221602	0.895195	0.0209328	0.00656283	200000
C:\Users\isaac\phlag\caster\data\ape.fa	137700	0.200198	0.895499	0.0209328	0.0033578	200000
C:\Users\isaac\phlag\caster\data\ape.fa	137800	0.200198	0.898861	0.0209328	0.0032253	200000
C:\Users\isaac\phlag\caster\data\ape.fa	137900	0.200198	0.899363	0.015658	0.000588119	200000
C:\Users\isaac\phlag\caster\data\ape.fa	138000	0.200198	0.900464	0.015658	0.000547978	200000
C:\Users\isaac\phlag\caster\data\ape.fa	138100	0.200189	0.910839	0.015658	0.000172632	200000
C:\Users\isaac\phlag\caster\data\ape.fa	138200	0.200189	0.915707	0.015658	0	200000
C:\Users\isaac\phlag\caster\data\ape.fa	138300	0.200189	0.905426	0.015658	0.000366659	200000
C:\Users\isaac\phlag\caster\data\ape.fa	138400	0.200189	0.899299	0.015658	0.00058905	200000
C:\Users\isaac\phlag\caster\data\ape.fa	138500	0.220994	0.896659	0.015658	0.0037989	200000
C:\Users\isaac\phlag\caster\data\ape.fa	138600	0.243309	0.894965	0.015658	0.00719956	200000
C:\Users\isaac\phlag\caster\data\ape.fa	138700	0.243309	0.891513	0.015658	0.00735092	200000
C:\Users\isaac\phlag\caster\data\ape.fa	138800	0.243309	0.8831	0.015658	0.00772459	200000
C:\Users\isaac\phlag\caster\data\ape.fa	138900	0.243309	0.888391	0.015658	0.00748879	200000
C:\Users\isaac\phlag\caster\data\ape.fa	139000	0.22065	0.888391	0.015658	0.00408106	200000
C:\Users\isaac\phlag\caster\data\ape.fa	139100	0.22065	0.884092	0.015658	0.0042568	200000
C:\Users\isaac\phlag\caster\data\ape.fa	139200	0.22065	0.890637	0.015658	0.00398988	200000
C:\Users\isaac\phlag\caster\data\ape.fa	139300	0.22065	0.893917	0.0123918	0.00222819	200000
C:\Users\isaac\phlag\caster\data\ape.fa	139400	0.22065	0.893917	0.0123918	0.00222819	200000
C:\Users\isaac\phlag\caster\data\ape.fa	139500	0.22065	0.887855	0.0156272	0.00408743	200000
C:\Users\isaac\phlag\caster\data\ape.fa	139600	0.285168	0.890563	0.0156272	0.0136243	200000
C:\Users\isaac\phlag\caster\data\ape.fa	139700	0.285168	0.886427	0.0156272	0.0138347	200000
C:\Users\isaac\phlag\caster\data\ape.fa	139800	0.285168	0.880271	0.0156272	0.0141515	200000
C:\Users\isaac\phlag\caster\data\ape.fa	139900	0.285168	0.8835	0.0156272	0.0139848	200000
C:\Users\isaac\phlag\caster\data\ape.fa	140000	0.285168	0.883451	0.0156272	0.0139874	200000
C:\Users\isaac\phlag\caster\data\ape.fa	140100	0.285168	0.881383	0.0124541	0.0125172	200000
C:\Users\isaac\phlag\caster\data\ape.fa	140200	0.285168	0.881383	0.0124541	0.0125172	200000
C:\Users\isaac\phlag\caster\data\ape.fa	140300	0.285168	0.875039	0.0124541	0.012837	200000
C:\Users\isaac\phlag\caster\data\ape.fa	140400	0.285168	0.880928	0.0124541	0.01254	200000
C:\Users\isaac\phlag\caster\data\ape.fa	140500	0.285168	0.88764	0.0124541	0.0122062	200000
C:\Users\isaac\phlag\caster\data\ape.fa	140600	0.285168	0.88764	0.0124541	0.0122062	200000
C:\Users\isaac\phlag\caster\data\ape.fa	140700	0.285168	0.888392	0.0124541	0.0121691	200000
C:\Users\isaac\phlag\caster\data\ape.fa	140800	0.285168	0.891733	0.0124541	0.0120049	200000
C:\Users\isaac\phlag\caster\data\ape.fa	140900	0.285168	0.889164	0.0124541	0.012131	200000
C:\Users\isaac\phlag\caster\data\ape.fa	141000	0.285168	0.889164	0.0124541	0.012131	200000
C:\Users\isaac\phlag\caster\data\ape.fa	141100	0.285168	0.888352	0.0124541	0.012171	200000
C:\Users\isaac\phlag\caster\data\ape.fa	141200	0.285168	0.884137	0.0124541	0.0123798	200000
C:\Users\isaac\phlag\caster\data\ape.fa	141300	0.285168	0.880107	0.0124541	0.0125812	200000
C:\Users\isaac\phlag\caster\data\ape.fa	141400	0.285168	0.876855	0.0124541	0.012745	200000
C:\Users\isaac\phlag\caster\data\ape.fa	141500	0.285168	0.880198	0.0124541	0.0125766	200000
C:\Users\isaac\phlag\caster\data\ape.fa	141600	0.285168	0.880198	0.0124541	0.0125766	200000
C:\Users\isaac\phlag\caster\data\ape.fa	141700	0.285168	0.883478	0.0124541	0.0124126	200000
C:\Users\isaac\phlag\caster\data\ape.fa	141800	0.285168	0.881844	0.0124541	0.0124941	200000
C:\Users\isaac\phlag\caster\data\ape.fa	141900	0.285168	0.885078	0.0220352	0.0170583	200000
C:\Users\isaac\phlag\caster\data\ape.fa	142000	0.285168	0.885078	0.0220352	0.0170583	200000
C:\Users\isaac\phlag\caster\data\ape.fa	142100	0.285168	0.881757	0.0220352	0.0172399	200000
C:\Users\isaac\phlag\caster\data\ape.fa	142200	0.285168	0.888621	0.0220352	0.016866	200000
C:\Users\isaac\phlag\caster\data\ape.fa	142300	0.285168	0.887094	0.0220352	0.0169487	200000
C:\Users\isaac\phlag\caster\data\ape.fa	142400	0.285168	0.885809	0.0220352	0.0170185	200000
C:\Users\isaac\phlag\caster\data\ape.fa	142500	0.285168	0.889243	0.0220352	0.0168324	200000
C:\Users\isaac\phlag\caster\data\ape.fa	142600	0.285168	0.886207	0.0220352	0.0169969	200000
C:\Users\isaac\phlag\caster\data\ape.fa	142700	0.285168	0.88799	0.0220352	0.0169002	200000
C:\Users\isaac\phlag\caster\data\ape.fa	142800	0.285168	0.889647	0.0220352	0.0168106	200000
C:\Users\isaac\phlag\caster\data\ape.fa	142900	0.285168	0.879277	0.0122165	0.0125044	200000
C:\Users\isaac\phlag\caster\data\ape.fa	143000	0.285168	0.879268	0.0122165	0.0125048	200000
C:\Users\isaac\phlag\caster\data\ape.fa	143100	0.285168	0.883612	0.0122165	0.0122879	200000
C:\Users\isaac\phlag\caster\data\ape.fa	143200	0.285168	0.895838	0.0122165	0.0116884	200000
C:\Users\isaac\phlag\caster\data\ape.fa	143300	0.303941	0.894302	0.0122165	0.0145473	200000
C:\Users\isaac\phlag\caster\data\ape.fa	143400	0.303941	0.89339	0.0122165	0.0145942	200000
C:\Users\isaac\phlag\caster\data\ape.fa	143500	0.303941	0.896475	0.0122165	0.0144357	200000
C:\Users\isaac\phlag\caster\data\ape.fa	143600	0.303941	0.896477	0.0122165	0.0144356	200000
C:\Users\isaac\phlag\caster\data\ape.fa	143700	0.303941	0.890567	0.0122165	0.0147403	200000
C:\Users\isaac\phlag\caster\data\ape.fa	143800	0.303941	0.89365	0.0122165	0.0145809	200000
C:\Users\isaac\phlag\caster\data\ape.fa	143900	0.282721	0.890305	0.0122165	0.0115927	200000
C:\Users\isaac\phlag\caster\data\ape.fa	144000	0.282721	0.885327	0.015278	0.0133525	200000
C:\Users\isaac\phlag\caster\data\ape.fa	144100	0.282721	0.885121	0.015278	0.013363	200000
C:\Users\isaac\phlag\caster\data\ape.fa	144200	0.303205	0.885121	0.015278	0.0164232	200000
C:\Users\isaac\phlag\caster\data\ape.fa	144300	0.303205	0.886971	0.00918394	0.0133207	200000
C:\Users\isaac\phlag\caster\data\ape.fa	144400	0.303205	0.885944	0.00918394	0.0133727	200000
C:\Users\isaac\phlag\caster\data\ape.fa	144500	0.303205	0.88257	0.00918394	0.0135446	200000
C:\Users\isaac\phlag\caster\data\ape.fa	144600	0.303205	0.878763	0.00918394	0.01374	200000
C:\Users\isaac\phlag\caster\data\ape.fa	144700	0.303205	0.878763	0.00918394	0.01374	200000
C:\Users\isaac\phlag\caster\data\ape.fa	144800	0.303205	0.882619	0.00918394	0.0135421	200000
C:\Users\isaac\phlag\caster\data\ape.fa	144900	0.303205	0.876646	0.00918394	0.0138494	200000
C:\Users\isaac\phlag\caster\data\ape.fa	145000	0.303205	0.876646	0.00918394	0.0138494	200000
C:\Users\isaac\phlag\caster\data\ape.fa	145100	0.30369	0.876439	0.00918394	0.0139335	200000
C:\Users\isaac\phlag\caster\data\ape.fa	145200	0.30369	0.876655	0.00918394	0.0139223	200000
C:\Users\isaac\phlag\caster\data\ape.fa	145300	0.30369	0.877748	0.00918394	0.0138657	200000
C:\Users\isaac\phlag\caster\data\ape.fa	145400	0.263791	0.877629	0.0125758	0.00952966	200000
C:\Users\isaac\phlag\caster\data\ape.fa	145500	0.263791	0.874632	0.0125758	0.00967116	200000
C:\Users\isaac\phlag\caster\data\ape.fa	145600	0.263791	0.874632	0.0125758	0.00967116	200000
C:\Users\isaac\phlag\caster\data\ape.fa	145700	0.263791	0.878184	0.0125758	0.00950352	200000
C:\Users\isaac\phlag\caster\data\ape.fa	145800	0.263791	0.871468	0.0125758	0.00982161	200000
C:\Users\isaac\phlag\caster\data\ape.fa	145900	0.263791	0.874826	0.0125758	0.00966198	200000
C:\Users\isaac\phlag\caster\data\ape.fa	146000	0.263791	0.873096	0.0125758	0.00974406	200000
C:\Users\isaac\phlag\caster\data\ape.fa	146100	0.263791	0.869755	0.0125758	0.00990352	200000
C:\Users\isaac\phlag\caster\data\ape.fa	146200	0.263791	0.870126	0.0125758	0.00988577	200000
C:\Users\isaac\phlag\caster\data\ape.fa	146300	0.263791	0.868589	0.0125758	0.0099594	200000
C:\Users\isaac\phlag\caster\data\ape.fa	146400	0.263791	0.866847	0.0125758	0.0100433	200000
C:\Users\isaac\phlag\caster\data\ape.fa	146500	0.263791	0.868474	0.0125758	0.00996496	200000
C:\Users\isaac\phlag\caster\data\ape.fa	146600	0.263791	0.868474	0.0125758	0.00996496	200000
C:\Users\isaac\phlag\caster\data\ape.fa	146700	0.263791	0.865585	0.0125758	0.0101042	200000
C:\Users\isaac\phlag\caster\data\ape.fa	146800	0.263791	0.862287	0.0125758	0.0102642	200000
C:\Users\isaac\phlag\caster\data\ape.fa	146900	0.263791	0.862431	0.0158275	0.0119142	200000
C:\Users\isaac\phlag\caster\data\ape.fa	147000	0.284673	0.862431	0.0158275	0.0151195	200000
C:\Users\isaac\phlag\caster\data\ape.fa	147100	0.284673	0.862451	0.0158275	0.0151184	200000
C:\Users\isaac\phlag\caster\data\ape.fa	147200	0.284673	0.8658	0.0158275	0.0149386	200000
C:\Users\isaac\phlag\caster\data\ape.fa	147300	0.284673	0.867493	0.0158275	0.0148482	200000
C:\Users\isaac\phlag\caster\data\ape.fa	147400	0.284673	0.866167	0.0158275	0.014919	200000
C:\Users\isaac\phlag\caster\data\ape.fa	147500	0.284673	0.86863	0.0158275	0.0147876	200000
C:\Users\isaac\phlag\caster\data\ape.fa	147600	0.284673	0.868729	0.0158275	0.0147824	200000
C:\Users\isaac\phlag\caster\data\ape.fa	147700	0.284673	0.865363	0.0158275	0.014962	200000
C:\Users\isaac\phlag\caster\data\ape.fa	147800	0.284673	0.861905	0.0158275	0.0151479	200000
C:\Users\isaac\phlag\caster\data\ape.fa	147900	0.284673	0.859218	0.0158275	0.0152933	200000
C:\Users\isaac\phlag\caster\data\ape.fa	148000	0.284673	0.855917	0.0158275	0.0154732	200000
C:\Users\isaac\phlag\caster\data\ape.fa	148100	0.284673	0.854628	0.0188149	0.0170645	200000
C:\Users\isaac\phlag\caster\data\ape.fa	148200	0.284673	0.86303	0.0188149	0.0165946	200000
C:\Users\isaac\phlag\caster\data\ape.fa	148300	0.284673	0.864376	0.0124943	0.0133291	200000
C:\Users\isaac\phlag\caster\data\ape.fa	148400	0.284673	0.865149	0.0124943	0.013289	200000
C:\Users\isaac\phlag\caster\data\ape.fa	148500	0.284673	0.859021	0.0124943	0.0136087	200000
C:\Users\isaac\phlag\caster\data\ape.fa	148600	0.284673	0.860033	0.0124943	0.0135556	200000
C:\Users\isaac\phlag\caster\data\ape.fa	148700	0.284673	0.860033	0.0064143	0.0104492	200000
C:\Users\isaac\phlag\caster\data\ape.fa	148800	0.284673	0.852211	0.0064143	0.0108367	200000
C:\Users\isaac\phlag\caster\data\ape.fa	148900	0.284673	0.852011	0.0064143	0.0108467	200000
C:\Users\isaac\phlag\caster\data\ape.fa	149000	0.284673	0.846265	0.0064143	0.011136	200000
C:\Users\isaac\phlag\caster\data\ape.fa	149100	0.284673	0.847858	0.00323397	0.00939999	200000
C:\Users\isaac\phlag\caster\data\ape.fa	149200	0.284673	0.847304	0.00323397	0.00942698	200000
C:\Users\isaac\phlag\caster\data\ape.fa	149300	0.284673	0.851605	0.00323397	0.00921826	200000
C:\Users\isaac\phlag\caster\data\ape.fa	149400	0.284673	0.854882	0.00323397	0.00906062	200000
C:\Users\isaac\phlag\caster\data\ape.fa	149500	0.284673	0.854882	0.00323397	0.00906062	200000
C:\Users\isaac\phlag\caster\data\ape.fa	149600	0.264795	0.854882	0.00323397	0.00594968	200000
C:\Users\isaac\phlag\caster\data\ape.fa	149700	0.264795	0.854882	0	0.00426343	200000
C:\Users\isaac\phlag\caster\data\ape.fa	149800	0.264795	0.84972	0.00251949	0.00580664	200000
C:\Users\isaac\phlag\caster\data\ape.fa	149900	0.264795	0.84972	0.00251949	0.00580664	200000
C:\Users\isaac\phlag\caster\data\ape.fa	150000	0.264795	0.848926	0.00251949	0.00584211	200000
C:\Users\isaac\phlag\caster\data\ape.fa	150100	0.264795	0.843868	0.0164646	0.0133579	200000
C:\Users\isaac\phlag\caster\data\ape.fa	150200	0.264795	0.843868	0.0164646	0.0133579	200000
C:\Users\isaac\phlag\caster\data\ape.fa	150300	0.264795	0.843402	0.0164646	0.0133827	200000
C:\Users\isaac\phlag\caster\data\ape.fa	150400	0.264795	0.843402	0.0164646	0.0133827	200000
C:\Users\isaac\phlag\caster\data\ape.fa	150500	0.264795	0.843402	0.0133071	0.0117424	200000
C:\Users\isaac\phlag\caster\data\ape.fa	150600	0.264795	0.840294	0.0133071	0.0119028	200000
C:\Users\isaac\phlag\caster\data\ape.fa	150700	0.264795	0.842046	0.0199547	0.0152632	200000
C:\Users\isaac\phlag\caster\data\ape.fa	150800	0.264795	0.838653	0.0199547	0.0154515	200000
C:\Users\isaac\phlag\caster\data\ape.fa	150900	0.264795	0.83548	0.0199547	0.0156289	200000
C:\Users\isaac\phlag\caster\data\ape.fa	151000	0.264795	0.83889	0.0231409	0.017088	200000
C:\Users\isaac\phlag\caster\data\ape.fa	151100	0.264795	0.836365	0.0231409	0.0172335	200000
C:\Users\isaac\phlag\caster\data\ape.fa	151200	0.264795	0.836365	0.0231409	0.0172335	200000
C:\Users\isaac\phlag\caster\data\ape.fa	151300	0.285528	0.837182	0.0292471	0.0235676	200000
C:\Users\isaac\phlag\caster\data\ape.fa	151400	0.285528	0.837009	0.0292471	0.0235788	200000
C:\Users\isaac\phlag\caster\data\ape.fa	151500	0.285528	0.83879	0.0288306	0.0232514	200000
C:\Users\isaac\phlag\caster\data\ape.fa	151600	0.285528	0.83879	0.0288306	0.0232514	200000
C:\Users\isaac\phlag\caster\data\ape.fa	151700	0.303821	0.837852	0.0296517	0.0265693	200000
C:\Users\isaac\phlag\caster\data\ape.fa	151800	0.303821	0.837852	0.0353477	0.0294518	200000
C:\Users\isaac\phlag\caster\data\ape.fa	151900	0.303821	0.837852	0.0353119	0.0294338	200000
C:\Users\isaac\phlag\caster\data\ape.fa	152000	0.28184	0.837852	0.0353119	0.0260394	200000
C:\Users\isaac\phlag\caster\data\ape.fa	152100	0.28184	0.837852	0.0353119	0.0260394	200000
C:\Users\isaac\phlag\caster\data\ape.fa	152200	0.28184	0.836734	0.0295116	0.0231577	200000
C:\Users\isaac\phlag\caster\data\ape.fa	152300	0.28184	0.836734	0.0263814	0.0215533	200000
C:\Users\isaac\phlag\caster\data\ape.fa	152400	0.259642	0.836824	0.0263956	0.0180819	200000
C:\Users\isaac\phlag\caster\data\ape.fa	152500	0.259642	0.836824	0.0263956	0.0180819	200000
C:\Users\isaac\phlag\caster\data\ape.fa	152600	0.259642	0.835221	0.0325478	0.0213479	200000
C:\Users\isaac\phlag\caster\data\ape.fa	152700	0.259642	0.835221	0.0325478	0.0213479	200000
C:\Users\isaac\phlag\caster\data\ape.fa	152800	0.259642	0.833764	0.0325478	0.0214386	200000
C:\Users\isaac\phlag\caster\data\ape.fa	152900	0.259642	0.831937	0.0325478	0.021553	200000
C:\Users\isaac\phlag\caster\data\ape.fa	153000	0.259642	0.828804	0.0325478	0.02175	200000
C:\Users\isaac\phlag\caster\data\ape.fa	153100	0.259642	0.827948	0.0357331	0.0234497	200000
C:\Users\isaac\phlag\caster\data\ape.fa	153200	0.259642	0.824542	0.0357331	0.0236721	200000
C:\Users\isaac\phlag\caster\data\ape.fa	153300	0.259642	0.824542	0.0357331	0.0236721	200000
C:\Users\isaac\phlag\caster\data\ape.fa	153400	0.259642	0.825344	0.0417351	0.0267114	200000
C:\Users\isaac\phlag\caster\data\ape.fa	153500	0.259642	0.819041	0.0417351	0.0271476	200000
C:\Users\isaac\phlag\caster\data\ape.fa	153600	0.259642	0.815663	0.0355695	0.0241744	200000
C:\Users\isaac\phlag\caster\data\ape.fa	153700	0.259642	0.810412	0.0383275	0.0259742	200000
C:\Users\isaac\phlag\caster\data\ape.fa	153800	0.259642	0.807523	0.0383275	0.0261747	200000
C:\Users\isaac\phlag\caster\data\ape.fa	153900	0.259642	0.807591	0.0383275	0.02617	200000
C:\Users\isaac\phlag\caster\data\ape.fa	154000	0.259642	0.807591	0.0383275	0.02617	200000
C:\Users\isaac\phlag\caster\data\ape.fa	154100	0.259642	0.802521	0.0383275	0.0265252	200000
C:\Users\isaac\phlag\caster\data\ape.fa	154200	0.259642	0.793833	0.0439745	0.0301447	200000
C:\Users\isaac\phlag\caster\data\ape.fa	154300	0.259642	0.790483	0.0588967	0.0382535	200000
C:\Users\isaac\phlag\caster\data\ape.fa	154400	0.238474	0.787097	0.0588967	0.0351286	200000
C:\Users\isaac\phlag\caster\data\ape.fa	154500	0.238474	0.783858	0.0588967	0.0353925	200000
C:\Users\isaac\phlag\caster\data\ape.fa	154600	0.238474	0.779368	0.055634	0.0340255	200000
C:\Users\isaac\phlag\caster\data\ape.fa	154700	0.238474	0.779368	0.055634	0.0340255	200000
C:\Users\isaac\phlag\caster\data\ape.fa	154800	0.238474	0.77619	0.055634	0.0342831	200000
C:\Users\isaac\phlag\caster\data\ape.fa	154900	0.238474	0.776981	0.0618734	0.0375417	200000
C:\Users\isaac\phlag\caster\data\ape.fa	155000	0.258154	0.776981	0.0618734	0.0407419	200000
C:\Users\isaac\phlag\caster\data\ape.fa	155100	0.23666	0.776981	0.0618734	0.0372461	200000
C:\Users\isaac\phlag\caster\data\ape.fa	155200	0.23666	0.776981	0.0711181	0.0421235	200000
C:\Users\isaac\phlag\caster\data\ape.fa	155300	0.23666	0.776981	0.0679738	0.0404711	200000
C:\Users\isaac\phlag\caster\data\ape.fa	155400	0.23666	0.773574	0.0725405	0.043179	200000
C:\Users\isaac\phlag\caster\data\ape.fa	155500	0.23666	0.773574	0.0725405	0.043179	200000
C:\Users\isaac\phlag\caster\data\ape.fa	155600	0.23666	0.769078	0.078741	0.0468532	200000
C:\Users\isaac\phlag\caster\data\ape.fa	155700	0.194196	0.769078	0.0755078	0.0382348	200000
C:\Users\isaac\phlag\caster\data\ape.fa	155800	0.194196	0.769078	0.0755078	0.0382348	200000
C:\Users\isaac\phlag\caster\data\ape.fa	155900	0.194196	0.769078	0.0755078	0.0382348	200000
C:\Users\isaac\phlag\caster\data\ape.fa	156000	0.194196	0.765674	0.0870092	0.0446324	200000
C:\Users\isaac\phlag\caster\data\ape.fa	156100	0.194196	0.763068	0.0870092	0.0448769	200000
C:\Users\isaac\phlag\caster\data\ape.fa	156200	0.194196	0.759613	0.0870092	0.0452034	200000
C:\Users\isaac\phlag\caster\data\ape.fa	156300	0.194196	0.759613	0.0870092	0.0452034	200000
C:\Users\isaac\phlag\caster\data\ape.fa	156400	0.194196	0.759613	0.0930401	0.0483888	200000
C:\Users\isaac\phlag\caster\data\ape.fa	156500	0.194196	0.759613	0.0898072	0.0466844	200000
C:\Users\isaac\phlag\caster\data\ape.fa	156600	0.194196	0.755475	0.0898072	0.0470858	200000
C:\Users\isaac\phlag\caster\data\ape.fa	156700	0.172777	0.755475	0.0898072	0.0435662	200000
C:\Users\isaac\phlag\caster\data\ape.fa	156800	0.172777	0.748759	0.0898072	0.0441986	200000
C:\Users\isaac\phlag\caster\data\ape.fa	156900	0.172777	0.745383	0.0955305	0.0475999	200000
C:\Users\isaac\phlag\caster\data\ape.fa	157000	0.150694	0.745383	0.0955305	0.0439334	200000
C:\Users\isaac\phlag\caster\data\ape.fa	157100	0.150694	0.745383	0.0955305	0.0439334	200000
C:\Users\isaac\phlag\caster\data\ape.fa	157200	0.150694	0.745383	0.0955305	0.0439334	200000
C:\Users\isaac\phlag\caster\data\ape.fa	157300	0.150694	0.745383	0.0984219	0.0454905	200000
C:\Users\isaac\phlag\caster\data\ape.fa	157400	0.140004	0.745383	0.0968477	0.0428651	200000
C:\Users\isaac\phlag\caster\data\ape.fa	157500	0.140004	0.745383	0.0968477	0.0428651	200000
C:\Users\isaac\phlag\caster\data\ape.fa	157600	0.140004	0.745383	0.0968477	0.0428651	200000
C:\Users\isaac\phlag\caster\data\ape.fa	157700	0.140004	0.74207	0.0897212	0.039293	200000
C:\Users\isaac\phlag\caster\data\ape.fa	157800	0.140004	0.74207	0.0897212	0.039293	200000
C:\Users\isaac\phlag\caster\data\ape.fa	157900	0.118481	0.74207	0.0959475	0.0390791	200000
C:\Users\isaac\phlag\caster\data\ape.fa	158000	0.118481	0.74207	0.104731	0.0438521	200000
C:\Users\isaac\phlag\caster\data\ape.fa	158100	0.118481	0.74207	0.110461	0.046936	200000
C:\Users\isaac\phlag\caster\data\ape.fa	158200	0.118481	0.74372	0.110461	0.0467742	200000
C:\Users\isaac\phlag\caster\data\ape.fa	158300	0.118481	0.738727	0.110461	0.0472659	200000
C:\Users\isaac\phlag\caster\data\ape.fa	158400	0.118481	0.733987	0.110461	0.0477384	200000
C:\Users\isaac\phlag\caster\data\ape.fa	158500	0.118481	0.727373	0.110461	0.0484071	200000
C:\Users\isaac\phlag\caster\data\ape.fa	158600	0.118481	0.726489	0.110461	0.0484973	200000
C:\Users\isaac\phlag\caster\data\ape.fa	158700	0.138224	0.725695	0.110461	0.0519063	200000
C:\Users\isaac\phlag\caster\data\ape.fa	158800	0.138224	0.725695	0.110461	0.0519063	200000
C:\Users\isaac\phlag\caster\data\ape.fa	158900	0.138224	0.718908	0.110461	0.052634	200000
C:\Users\isaac\phlag\caster\data\ape.fa	159000	0.138224	0.716436	0.113308	0.0544607	200000
C:\Users\isaac\phlag\caster\data\ape.fa	159100	0.138224	0.716436	0.122373	0.0593833	200000
C:\Users\isaac\phlag\caster\data\ape.fa	159200	0.138224	0.711232	0.127696	0.0628703	200000
C:\Users\isaac\phlag\caster\data\ape.fa	159300	0.117584	0.704726	0.127696	0.0601554	200000
C:\Users\isaac\phlag\caster\data\ape.fa	159400	0.117584	0.69482	0.127696	0.0613447	200000
C:\Users\isaac\phlag\caster\data\ape.fa	159500	0.117584	0.69482	0.12757	0.0612753	200000
C:\Users\isaac\phlag\caster\data\ape.fa	159600	0.117584	0.69482	0.12757	0.0612753	200000
C:\Users\isaac\phlag\caster\data\ape.fa	159700	0.117584	0.691597	0.12757	0.0616686	200000
C:\Users\isaac\phlag\caster\data\ape.fa	159800	0.117584	0.691597	0.130656	0.0633762	200000
C:\Users\isaac\phlag\caster\data\ape.fa	159900	0.117584	0.691597	0.130656	0.0633762	200000
C:\Users\isaac\phlag\caster\data\ape.fa	160000	0.117584	0.679724	0.130656	0.0648769	200000
C:\Users\isaac\phlag\caster\data\ape.fa	160100	0.117584	0.679724	0.130656	0.0648769	200000
C:\Users\isaac\phlag\caster\data\ape.fa	160200	0.0952339	0.679724	0.130583	0.0609158	200000
C:\Users\isaac\phlag\caster\data\ape.fa	160300	0.0952339	0.678328	0.133497	0.0627308	200000
C:\Users\isaac\phlag\caster\data\ape.fa	160400	0.0952339	0.674981	0.133497	0.0631537	200000
C:\Users\isaac\phlag\caster\data\ape.fa	160500	0.108302	0.674981	0.133497	0.0654547	200000
C:\Users\isaac\phlag\caster\data\ape.fa	160600	0.108302	0.672043	0.136477	0.0675156	200000
C:\Users\isaac\phlag\caster\data\ape.fa	160700	0.108302	0.672043	0.136258	0.0673926	200000
C:\Users\isaac\phlag\caster\data\ape.fa	160800	0.108302	0.670596	0.136258	0.0675848	200000
C:\Users\isaac\phlag\caster\data\ape.fa	160900	0.108302	0.670596	0.136258	0.0675848	200000
C:\Users\isaac\phlag\caster\data\ape.fa	161000	0.108302	0.667472	0.136258	0.0680023	200000
C:\Users\isaac\phlag\caster\data\ape.fa	161100	0.108302	0.667472	0.139299	0.0697164	200000
C:\Users\isaac\phlag\caster\data\ape.fa	161200	0.108302	0.667472	0.139299	0.0697164	200000
C:\Users\isaac\phlag\caster\data\ape.fa	161300	0.0878637	0.664251	0.14498	0.0697455	200000
C:\Users\isaac\phlag\caster\data\ape.fa	161400	0.10855	0.664251	0.151189	0.0768576	200000
C:\Users\isaac\phlag\caster\data\ape.fa	161500	0.10855	0.660068	0.151189	0.0774674	200000
C:\Users\isaac\phlag\caster\data\ape.fa	161600	0.10855	0.654225	0.151189	0.0783306	200000
C:\Users\isaac\phlag\caster\data\ape.fa	161700	0.10855	0.65428	0.151189	0.0783223	200000
C:\Users\isaac\phlag\caster\data\ape.fa	161800	0.0857218	0.652553	0.151184	0.0745157	200000
C:\Users\isaac\phlag\caster\data\ape.fa	161900	0.0857218	0.652553	0.164177	0.0818139	200000
C:\Users\isaac\phlag\caster\data\ape.fa	162000	0.0857218	0.652553	0.170077	0.0850834	200000
C:\Users\isaac\phlag\caster\data\ape.fa	162100	0.0857218	0.6533	0.170077	0.0849665	200000
C:\Users\isaac\phlag\caster\data\ape.fa	162200	0.0857218	0.646658	0.176225	0.0894139	200000
C:\Users\isaac\phlag\caster\data\ape.fa	162300	0.0857218	0.646658	0.173028	0.0876492	200000
C:\Users\isaac\phlag\caster\data\ape.fa	162400	0.0657864	0.646658	0.184652	0.090561	200000
C:\Users\isaac\phlag\caster\data\ape.fa	162500	0.0657864	0.646658	0.184652	0.090561	200000
C:\Users\isaac\phlag\caster\data\ape.fa	162600	0.0657864	0.646658	0.187545	0.0921425	200000
C:\Users\isaac\phlag\caster\data\ape.fa	162700	0.0657864	0.646658	0.187545	0.0921425	200000
C:\Users\isaac\phlag\caster\data\ape.fa	162800	0.0657864	0.646658	0.187524	0.0921311	200000
C:\Users\isaac\phlag\caster\data\ape.fa	162900	0.0657864	0.646658	0.187524	0.0921311	200000
C:\Users\isaac\phlag\caster\data\ape.fa	163000	0.0873821	0.643461	0.187524	0.0964196	200000
C:\Users\isaac\phlag\caster\data\ape.fa	163100	0.108187	0.64674	0.187524	0.0994497	200000
C:\Users\isaac\phlag\caster\data\ape.fa	163200	0.108187	0.64674	0.187524	0.0994497	200000
C:\Users\isaac\phlag\caster\data\ape.fa	163300	0.129783	0.64674	0.187524	0.10316	200000
C:\Users\isaac\phlag\caster\data\ape.fa	163400	0.129783	0.64674	0.193671	0.106429	200000
C:\Users\isaac\phlag\caster\data\ape.fa	163500	0.129783	0.64674	0.199936	0.109732	200000
C:\Users\isaac\phlag\caster\data\ape.fa	163600	0.129783	0.645877	0.205522	0.112817	200000
C:\Users\isaac\phlag\caster\data\ape.fa	163700	0.152097	0.641259	0.205522	0.117467	200000
C:\Users\isaac\phlag\caster\data\ape.fa	163800	0.152097	0.642074	0.211988	0.120653	200000
C:\Users\isaac\phlag\caster\data\ape.fa	163900	0.113651	0.642074	0.211988	0.114193	200000
C:\Users\isaac\phlag\caster\data\ape.fa	164000	0.113651	0.642074	0.211988	0.114193	200000
C:\Users\isaac\phlag\caster\data\ape.fa	164100	0.113651	0.639194	0.220744	0.119298	200000
C:\Users\isaac\phlag\caster\data\ape.fa	164200	0.134175	0.639194	0.220744	0.122735	200000
C:\Users\isaac\phlag\caster\data\ape.fa	164300	0.134175	0.639194	0.21752	0.121076	200000
C:\Users\isaac\phlag\caster\data\ape.fa	164400	0.123488	0.639194	0.218888	0.11999	200000
C:\Users\isaac\phlag\caster\data\ape.fa	164500	0.144979	0.639194	0.212534	0.120314	200000
C:\Users\isaac\phlag\caster\data\ape.fa	164600	0.144979	0.635744	0.212532	0.121004	200000
C:\Users\isaac\phlag\caster\data\ape.fa	164700	0.144979	0.635744	0.212532	0.121004	200000
C:\Users\isaac\phlag\caster\data\ape.fa	164800	0.144979	0.634007	0.212532	0.121354	200000
C:\Users\isaac\phlag\caster\data\ape.fa	164900	0.144979	0.634849	0.218754	0.124404	200000
C:\Users\isaac\phlag\caster\data\ape.fa	165000	0.144979	0.636488	0.218754	0.124069	200000
C:\Users\isaac\phlag\caster\data\ape.fa	165100	0.144979	0.634785	0.218614	0.124345	200000
C:\Users\isaac\phlag\caster\data\ape.fa	165200	0.144979	0.630501	0.227514	0.129806	200000
C:\Users\isaac\phlag\caster\data\ape.fa	165300	0.144979	0.630501	0.227514	0.129806	200000
C:\Users\isaac\phlag\caster\data\ape.fa	165400	0.144979	0.630501	0.227514	0.129806	200000
C:\Users\isaac\phlag\caster\data\ape.fa	165500	0.167139	0.630664	0.234041	0.136766	200000
C:\Users\isaac\phlag\caster\data\ape.fa	165600	0.167139	0.630664	0.239484	0.139493	200000
C:\Users\isaac\phlag\caster\data\ape.fa	165700	0.167139	0.628161	0.239484	0.14005	200000
C:\Users\isaac\phlag\caster\data\ape.fa	165800	0.167139	0.628161	0.239484	0.14005	200000
C:\Users\isaac\phlag\caster\data\ape.fa	165900	0.167139	0.625473	0.243248	0.142536	200000
C:\Users\isaac\phlag\caster\data\ape.fa	166000	0.167139	0.621973	0.243248	0.143334	200000
C:\Users\isaac\phlag\caster\data\ape.fa	166100	0.177705	0.618881	0.241626	0.144985	200000
C:\Users\isaac\phlag\caster\data\ape.fa	166200	0.177705	0.618881	0.241626	0.144985	200000
C:\Users\isaac\phlag\caster\data\ape.fa	166300	0.177705	0.616409	0.241626	0.14556	200000
C:\Users\isaac\phlag\caster\data\ape.fa	166400	0.177705	0.616574	0.244908	0.147168	200000
C:\Users\isaac\phlag\caster\data\ape.fa	166500	0.177705	0.610691	0.244908	0.148561	200000
C:\Users\isaac\phlag\caster\data\ape.fa	166600	0.177705	0.607342	0.244908	0.149364	200000
C:\Users\isaac\phlag\caster\data\ape.fa	166700	0.198555	0.607342	0.244908	0.152853	200000
C:\Users\isaac\phlag\caster\data\ape.fa	166800	0.198555	0.608228	0.244908	0.152637	200000
C:\Users\isaac\phlag\caster\data\ape.fa	166900	0.198555	0.606658	0.244908	0.153021	200000
C:\Users\isaac\phlag\caster\data\ape.fa	167000	0.198555	0.599739	0.24818	0.156382	200000
C:\Users\isaac\phlag\caster\data\ape.fa	167100	0.198555	0.601416	0.24818	0.155962	200000
C:\Users\isaac\phlag\caster\data\ape.fa	167200	0.198555	0.601444	0.251462	0.157599	200000
C:\Users\isaac\phlag\caster\data\ape.fa	167300	0.198555	0.601444	0.257942	0.160822	200000
C:\Users\isaac\phlag\caster\data\ape.fa	167400	0.198555	0.601444	0.2697	0.166597	200000
C:\Users\isaac\phlag\caster\data\ape.fa	167500	0.198555	0.598996	0.2697	0.167236	200000
C:\Users\isaac\phlag\caster\data\ape.fa	167600	0.198555	0.598996	0.275965	0.170282	200000
C:\Users\isaac\phlag\caster\data\ape.fa	167700	0.198555	0.599851	0.275965	0.170056	200000
C:\Users\isaac\phlag\caster\data\ape.fa	167800	0.198555	0.599851	0.275965	0.170056	200000
C:\Users\isaac\phlag\caster\data\ape.fa	167900	0.198555	0.599079	0.275965	0.17026	200000
C:\Users\isaac\phlag\caster\data\ape.fa	168000	0.22068	0.592412	0.275965	0.175675	200000
C:\Users\isaac\phlag\caster\data\ape.fa	168100	0.22068	0.585888	0.275965	0.177475	200000
C:\Users\isaac\phlag\caster\data\ape.fa	168200	0.22068	0.586717	0.275965	0.177245	200000
C:\Users\isaac\phlag\caster\data\ape.fa	168300	0.22068	0.587487	0.275965	0.177031	200000
C:\Users\isaac\phlag\caster\data\ape.fa	168400	0.22068	0.587487	0.275965	0.177031	200000
C:\Users\isaac\phlag\caster\data\ape.fa	168500	0.22068	0.581645	0.294798	0.187733	200000
C:\Users\isaac\phlag\caster\data\ape.fa	168600	0.22068	0.579914	0.294798	0.188235	200000
C:\Users\isaac\phlag\caster\data\ape.fa	168700	0.261913	0.578382	0.291755	0.193957	200000
C:\Users\isaac\phlag\caster\data\ape.fa	168800	0.261913	0.57189	0.291755	0.195911	200000
C:\Users\isaac\phlag\caster\data\ape.fa	168900	0.261913	0.57189	0.291755	0.195911	200000
C:\Users\isaac\phlag\caster\data\ape.fa	169000	0.261913	0.570225	0.29728	0.199033	200000
C:\Users\isaac\phlag\caster\data\ape.fa	169100	0.261913	0.565094	0.306008	0.204728	200000
C:\Users\isaac\phlag\caster\data\ape.fa	169200	0.261913	0.559255	0.306008	0.206581	200000
C:\Users\isaac\phlag\caster\data\ape.fa	169300	0.261913	0.559255	0.306008	0.206581	200000
C:\Users\isaac\phlag\caster\data\ape.fa	169400	0.24027	0.552665	0.306008	0.20513	200000
C:\Users\isaac\phlag\caster\data\ape.fa	169500	0.251807	0.543115	0.313153	0.21357	200000
C:\Users\isaac\phlag\caster\data\ape.fa	169600	0.251807	0.543115	0.313153	0.21357	200000
C:\Users\isaac\phlag\caster\data\ape.fa	169700	0.251807	0.543115	0.313153	0.21357	200000
C:\Users\isaac\phlag\caster\data\ape.fa	169800	0.251807	0.543115	0.313153	0.21357	200000
C:\Users\isaac\phlag\caster\data\ape.fa	169900	0.251807	0.536283	0.313153	0.21588	200000
C:\Users\isaac\phlag\caster\data\ape.fa	170000	0.251807	0.536283	0.313153	0.21588	200000
C:\Users\isaac\phlag\caster\data\ape.fa	170100	0.251807	0.531297	0.313153	0.217593	200000
C:\Users\isaac\phlag\caster\data\ape.fa	170200	0.251807	0.526124	0.319194	0.222284	200000
C:\Users\isaac\phlag\caster\data\ape.fa	170300	0.251807	0.526124	0.336565	0.230448	200000
C:\Users\isaac\phlag\caster\data\ape.fa	170400	0.251807	0.526124	0.339377	0.23175	200000
C:\Users\isaac\phlag\caster\data\ape.fa	170500	0.207278	0.526124	0.357341	0.232716	200000
C:\Users\isaac\phlag\caster\data\ape.fa	170600	0.229881	0.517708	0.363131	0.24212	200000
C:\Users\isaac\phlag\caster\data\ape.fa	170700	0.229881	0.517708	0.363131	0.24212	200000
C:\Users\isaac\phlag\caster\data\ape.fa	170800	0.229881	0.515319	0.366261	0.244433	200000
C:\Users\isaac\phlag\caster\data\ape.fa	170900	0.229881	0.515319	0.371545	0.246811	200000
C:\Users\isaac\phlag\caster\data\ape.fa	171000	0.229881	0.511297	0.371545	0.248345	200000
C:\Users\isaac\phlag\caster\data\ape.fa	171100	0.229881	0.511297	0.371545	0.248345	200000
C:\Users\isaac\phlag\caster\data\ape.fa	171200	0.229881	0.511297	0.37435	0.249603	200000
C:\Users\isaac\phlag\caster\data\ape.fa	171300	0.229881	0.511297	0.377464	0.250994	200000
C:\Users\isaac\phlag\caster\data\ape.fa	171400	0.229881	0.506048	0.377464	0.253031	200000
C:\Users\isaac\phlag\caster\data\ape.fa	171500	0.229881	0.501124	0.377464	0.254968	200000
C:\Users\isaac\phlag\caster\data\ape.fa	171600	0.229881	0.497659	0.383332	0.258978	200000
C:\Users\isaac\phlag\caster\data\ape.fa	171700	0.229881	0.494397	0.38931	0.262957	200000
C:\Users\isaac\phlag\caster\data\ape.fa	171800	0.229881	0.494397	0.38931	0.262957	200000
C:\Users\isaac\phlag\caster\data\ape.fa	171900	0.229881	0.492671	0.38931	0.263661	200000
C:\Users\isaac\phlag\caster\data\ape.fa	172000	0.229881	0.492671	0.399275	0.268053	200000
C:\Users\isaac\phlag\caster\data\ape.fa	172100	0.229881	0.488735	0.402298	0.271007	200000
C:\Users\isaac\phlag\caster\data\ape.fa	172200	0.229881	0.484402	0.402298	0.272828	200000
C:\Users\isaac\phlag\caster\data\ape.fa	172300	0.229881	0.481132	0.418118	0.281079	200000
C:\Users\isaac\phlag\caster\data\ape.fa	172400	0.229881	0.477829	0.418118	0.282509	200000
C:\Users\isaac\phlag\caster\data\ape.fa	172500	0.2508	0.47785	0.418118	0.285857	200000
C:\Users\isaac\phlag\caster\data\ape.fa	172600	0.2508	0.471039	0.418118	0.288872	200000
C:\Users\isaac\phlag\caster\data\ape.fa	172700	0.2508	0.471039	0.418118	0.288872	200000
C:\Users\isaac\phlag\caster\data\ape.fa	172800	0.266791	0.464125	0.418118	0.294584	200000
C:\Users\isaac\phlag\caster\data\ape.fa	172900	0.266791	0.463607	0.418118	0.294822	200000
C:\Users\isaac\phlag\caster\data\ape.fa	173000	0.266791	0.460256	0.418118	0.296367	200000
C:\Users\isaac\phlag\caster\data\ape.fa	173100	0.266791	0.461872	0.418118	0.29562	200000
C:\Users\isaac\phlag\caster\data\ape.fa	173200	0.223566	0.460184	0.418118	0.289338	200000
C:\Users\isaac\phlag\caster\data\ape.fa	173300	0.223566	0.460184	0.414992	0.287973	200000
C:\Users\isaac\phlag\caster\data\ape.fa	173400	0.223566	0.460224	0.414992	0.287955	200000
C:\Users\isaac\phlag\caster\data\ape.fa	173500	0.223566	0.457785	0.414992	0.289068	200000
C:\Users\isaac\phlag\caster\data\ape.fa	173600	0.223566	0.453697	0.414992	0.29095	200000
C:\Users\isaac\phlag\caster\data\ape.fa	173700	0.199894	0.450389	0.414992	0.288538	200000
C:\Users\isaac\phlag\caster\data\ape.fa	173800	0.199894	0.450389	0.420787	0.291102	200000
C:\Users\isaac\phlag\caster\data\ape.fa	173900	0.199894	0.450389	0.420787	0.291102	200000
C:\Users\isaac\phlag\caster\data\ape.fa	174000	0.199894	0.450389	0.420787	0.291102	200000
C:\Users\isaac\phlag\caster\data\ape.fa	174100	0.199894	0.453765	0.420787	0.28954	200000
C:\Users\isaac\phlag\caster\data\ape.fa	174200	0.220158	0.450381	0.423771	0.295771	200000
C:\Users\isaac\phlag\caster\data\ape.fa	174300	0.220158	0.444321	0.423771	0.29864	200000
C:\Users\isaac\phlag\caster\data\ape.fa	174400	0.220158	0.441421	0.423771	0.300031	200000
C:\Users\isaac\phlag\caster\data\ape.fa	174500	0.220158	0.440567	0.436164	0.305814	200000
C:\Users\isaac\phlag\caster\data\ape.fa	174600	0.242235	0.437089	0.445586	0.315142	200000
C:\Users\isaac\phlag\caster\data\ape.fa	174700	0.242235	0.431956	0.445586	0.317711	200000
C:\Users\isaac\phlag\caster\data\ape.fa	174800	0.242235	0.430273	0.44229	0.317169	200000
C:\Users\isaac\phlag\caster\data\ape.fa	174900	0.242235	0.431166	0.44229	0.316718	200000
C:\Users\isaac\phlag\caster\data\ape.fa	175000	0.242235	0.431166	0.44229	0.316718	200000
C:\Users\isaac\phlag\caster\data\ape.fa	175100	0.242235	0.427842	0.44229	0.318403	200000
C:\Users\isaac\phlag\caster\data\ape.fa	175200	0.242235	0.427842	0.44229	0.318403	200000
C:\Users\isaac\phlag\caster\data\ape.fa	175300	0.242235	0.427842	0.44229	0.318403	200000
C:\Users\isaac\phlag\caster\data\ape.fa	175400	0.242235	0.424664	0.44229	0.32003	200000
C:\Users\isaac\phlag\caster\data\ape.fa	175500	0.242235	0.42118	0.44229	0.321831	200000
C:\Users\isaac\phlag\caster\data\ape.fa	175600	0.242235	0.42118	0.44229	0.321831	200000
C:\Users\isaac\phlag\caster\data\ape.fa	175700	0.242235	0.417774	0.448762	0.326356	200000
C:\Users\isaac\phlag\caster\data\ape.fa	175800	0.242235	0.418533	0.448762	0.325957	200000
C:\Users\isaac\phlag\caster\data\ape.fa	175900	0.242235	0.418533	0.448762	0.325957	200000
C:\Users\isaac\phlag\caster\data\ape.fa	176000	0.242235	0.411726	0.448762	0.329566	200000
C:\Users\isaac\phlag\caster\data\ape.fa	176100	0.242235	0.411726	0.448762	0.329566	200000
C:\Users\isaac\phlag\caster\data\ape.fa	176200	0.221249	0.405938	0.448762	0.329159	200000
C:\Users\isaac\phlag\caster\data\ape.fa	176300	0.221249	0.404205	0.448762	0.330099	200000
C:\Users\isaac\phlag\caster\data\ape.fa	176400	0.221249	0.399818	0.448762	0.3325	200000
C:\Users\isaac\phlag\caster\data\ape.fa	176500	0.221249	0.399818	0.448762	0.3325	200000
C:\Users\isaac\phlag\caster\data\ape.fa	176600	0.221249	0.399818	0.448762	0.3325	200000
C:\Users\isaac\phlag\caster\data\ape.fa	176700	0.221249	0.399818	0.448762	0.3325	200000
C:\Users\isaac\phlag\caster\data\ape.fa	176800	0.221249	0.399005	0.445621	0.331595	200000
C:\Users\isaac\phlag\caster\data\ape.fa	176900	0.181477	0.399005	0.442624	0.323452	200000
C:\Users\isaac\phlag\caster\data\ape.fa	177000	0.181477	0.396538	0.442624	0.324797	200000
C:\Users\isaac\phlag\caster\data\ape.fa	177100	0.181477	0.395166	0.446069	0.327069	200000
C:\Users\isaac\phlag\caster\data\ape.fa	177200	0.181477	0.38734	0.446069	0.331429	200000
C:\Users\isaac\phlag\caster\data\ape.fa	177300	0.181477	0.38734	0.446069	0.331429	200000
C:\Users\isaac\phlag\caster\data\ape.fa	177400	0.181477	0.386531	0.449062	0.333206	200000
C:\Users\isaac\phlag\caster\data\ape.fa	177500	0.181477	0.383348	0.445474	0.333431	200000
C:\Users\isaac\phlag\caster\data\ape.fa	177600	0.181477	0.383348	0.4423	0.33202	200000
C:\Users\isaac\phlag\caster\data\ape.fa	177700	0.181477	0.384178	0.435193	0.328363	200000
C:\Users\isaac\phlag\caster\data\ape.fa	177800	0.181477	0.38285	0.438291	0.330511	200000
C:\Users\isaac\phlag\caster\data\ape.fa	177900	0.181477	0.38285	0.444679	0.333362	200000
C:\Users\isaac\phlag\caster\data\ape.fa	178000	0.181477	0.38285	0.444641	0.333345	200000
C:\Users\isaac\phlag\caster\data\ape.fa	178100	0.181477	0.38285	0.444641	0.333345	200000
C:\Users\isaac\phlag\caster\data\ape.fa	178200	0.181477	0.381265	0.444641	0.334253	200000
C:\Users\isaac\phlag\caster\data\ape.fa	178300	0.181477	0.377351	0.444641	0.336514	200000
C:\Users\isaac\phlag\caster\data\ape.fa	178400	0.181477	0.376591	0.447696	0.338313	200000
C:\Users\isaac\phlag\caster\data\ape.fa	178500	0.181477	0.36961	0.447696	0.342431	200000
C:\Users\isaac\phlag\caster\data\ape.fa	178600	0.181477	0.366481	0.447696	0.344306	200000
C:\Users\isaac\phlag\caster\data\ape.fa	178700	0.181477	0.366725	0.454148	0.347015	200000
C:\Users\isaac\phlag\caster\data\ape.fa	178800	0.181477	0.366725	0.4601	0.349621	200000
C:\Users\isaac\phlag\caster\data\ape.fa	178900	0.181477	0.366725	0.466346	0.352328	200000
C:\Users\isaac\phlag\caster\data\ape.fa	179000	0.181477	0.365971	0.466346	0.352785	200000
C:\Users\isaac\phlag\caster\data\ape.fa	179100	0.181477	0.366592	0.466346	0.352409	200000
C:\Users\isaac\phlag\caster\data\ape.fa	179200	0.181477	0.363315	0.466346	0.354403	200000
C:\Users\isaac\phlag\caster\data\ape.fa	179300	0.181548	0.361615	0.469294	0.356729	200000
C:\Users\isaac\phlag\caster\data\ape.fa	179400	0.181548	0.361615	0.475374	0.359329	200000
C:\Users\isaac\phlag\caster\data\ape.fa	179500	0.181548	0.361615	0.481129	0.361766	200000
C:\Users\isaac\phlag\caster\data\ape.fa	179600	0.181548	0.364908	0.481129	0.359743	200000
C:\Users\isaac\phlag\caster\data\ape.fa	179700	0.181548	0.364908	0.487688	0.362489	200000
C:\Users\isaac\phlag\caster\data\ape.fa	179800	0.181548	0.359929	0.487688	0.36556	200000
C:\Users\isaac\phlag\caster\data\ape.fa	179900	0.181548	0.35922	0.487688	0.366001	200000
C:\Users\isaac\phlag\caster\data\ape.fa	180000	0.181548	0.352739	0.487688	0.370078	200000
C:\Users\isaac\phlag\caster\data\ape.fa	180100	0.181548	0.353569	0.493842	0.37211	200000
C:\Users\isaac\phlag\caster\data\ape.fa	180200	0.181548	0.351101	0.497081	0.375019	200000
C:\Users\isaac\phlag\caster\data\ape.fa	180300	0.181548	0.351101	0.500083	0.376251	200000
C:\Users\isaac\phlag\caster\data\ape.fa	180400	0.181548	0.351101	0.505593	0.378497	200000
C:\Users\isaac\phlag\caster\data\ape.fa	180500	0.181548	0.347793	0.511107	0.382857	200000
C:\Users\isaac\phlag\caster\data\ape.fa	180600	0.181548	0.347793	0.511107	0.382857	200000
C:\Users\isaac\phlag\caster\data\ape.fa	180700	0.181548	0.346899	0.511107	0.383437	200000
C:\Users\isaac\phlag\caster\data\ape.fa	180800	0.181548	0.350444	0.516851	0.383445	200000
C:\Users\isaac\phlag\caster\data\ape.fa	180900	0.159958	0.343336	0.520012	0.385674	200000
C:\Users\isaac\phlag\caster\data\ape.fa	181000	0.159958	0.343426	0.520012	0.385614	200000
C:\Users\isaac\phlag\caster\data\ape.fa	181100	0.159958	0.336437	0.520012	0.390233	200000
C:\Users\isaac\phlag\caster\data\ape.fa	181200	0.180528	0.336437	0.520012	0.393738	200000
C:\Users\isaac\phlag\caster\data\ape.fa	181300	0.180528	0.329798	0.520012	0.398247	200000
C:\Users\isaac\phlag\caster\data\ape.fa	181400	0.180528	0.329798	0.520012	0.398247	200000
C:\Users\isaac\phlag\caster\data\ape.fa	181500	0.180528	0.329798	0.526143	0.400673	200000
C:\Users\isaac\phlag\caster\data\ape.fa	181600	0.180528	0.329798	0.526143	0.400673	200000
C:\Users\isaac\phlag\caster\data\ape.fa	181700	0.180528	0.327292	0.526143	0.4024	200000
C:\Users\isaac\phlag\caster\data\ape.fa	181800	0.180528	0.324905	0.526143	0.404058	200000
C:\Users\isaac\phlag\caster\data\ape.fa	181900	0.200545	0.324518	0.53187	0.409965	200000
C:\Users\isaac\phlag\caster\data\ape.fa	182000	0.200545	0.324518	0.531869	0.409965	200000
C:\Users\isaac\phlag\caster\data\ape.fa	182100	0.200545	0.325371	0.547975	0.415503	200000
C:\Users\isaac\phlag\caster\data\ape.fa	182200	0.200545	0.325371	0.547975	0.415503	200000
C:\Users\isaac\phlag\caster\data\ape.fa	182300	0.200545	0.320754	0.547975	0.418759	200000
C:\Users\isaac\phlag\caster\data\ape.fa	182400	0.200545	0.324586	0.547975	0.416053	200000
C:\Users\isaac\phlag\caster\data\ape.fa	182500	0.200545	0.321144	0.551098	0.419652	200000
C:\Users\isaac\phlag\caster\data\ape.fa	182600	0.21078	0.322758	0.552605	0.420765	200000
C:\Users\isaac\phlag\caster\data\ape.fa	182700	0.188822	0.321896	0.552605	0.417738	200000
C:\Users\isaac\phlag\caster\data\ape.fa	182800	0.225772	0.321015	0.552605	0.424476	200000
C:\Users\isaac\phlag\caster\data\ape.fa	182900	0.225772	0.321015	0.556266	0.42582	200000
C:\Users\isaac\phlag\caster\data\ape.fa	183000	0.225772	0.32051	0.556266	0.426181	200000
C:\Users\isaac\phlag\caster\data\ape.fa	183100	0.225772	0.318947	0.556266	0.427301	200000
C:\Users\isaac\phlag\caster\data\ape.fa	183200	0.243694	0.313812	0.557821	0.434539	200000
C:\Users\isaac\phlag\caster\data\ape.fa	183300	0.243694	0.313812	0.557821	0.434539	200000
C:\Users\isaac\phlag\caster\data\ape.fa	183400	0.243694	0.31039	0.557821	0.437061	200000
C:\Users\isaac\phlag\caster\data\ape.fa	183500	0.243694	0.31039	0.557821	0.437061	200000
C:\Users\isaac\phlag\caster\data\ape.fa	183600	0.243694	0.307553	0.557821	0.439173	200000
C:\Users\isaac\phlag\caster\data\ape.fa	183700	0.243694	0.301971	0.56398	0.445595	200000
C:\Users\isaac\phlag\caster\data\ape.fa	183800	0.221681	0.301971	0.56398	0.44195	200000
C:\Users\isaac\phlag\caster\data\ape.fa	183900	0.221681	0.298745	0.573721	0.447891	200000
C:\Users\isaac\phlag\caster\data\ape.fa	184000	0.221681	0.299596	0.585419	0.451356	200000
C:\Users\isaac\phlag\caster\data\ape.fa	184100	0.221681	0.299596	0.58884	0.452543	200000
C:\Users\isaac\phlag\caster\data\ape.fa	184200	0.221681	0.299596	0.588858	0.45255	200000
C:\Users\isaac\phlag\caster\data\ape.fa	184300	0.221681	0.299596	0.59866	0.455915	200000
C:\Users\isaac\phlag\caster\data\ape.fa	184400	0.221681	0.296239	0.59866	0.458478	200000
C:\Users\isaac\phlag\caster\data\ape.fa	184500	0.221681	0.296239	0.59866	0.458478	200000
C:\Users\isaac\phlag\caster\data\ape.fa	184600	0.221681	0.296239	0.595547	0.457416	200000
C:\Users\isaac\phlag\caster\data\ape.fa	184700	0.242783	0.296239	0.598655	0.461858	200000
C:\Users\isaac\phlag\caster\data\ape.fa	184800	0.242783	0.292778	0.598655	0.46454	200000
C:\Users\isaac\phlag\caster\data\ape.fa	184900	0.242783	0.292778	0.598655	0.46454	200000
C:\Users\isaac\phlag\caster\data\ape.fa	185000	0.242783	0.292778	0.604697	0.466561	200000
C:\Users\isaac\phlag\caster\data\ape.fa	185100	0.242783	0.289929	0.604697	0.468788	200000
C:\Users\isaac\phlag\caster\data\ape.fa	185200	0.242783	0.293244	0.610567	0.468142	200000
C:\Users\isaac\phlag\caster\data\ape.fa	185300	0.242783	0.291746	0.610567	0.469308	200000
C:\Users\isaac\phlag\caster\data\ape.fa	185400	0.242783	0.291746	0.610567	0.469308	200000
C:\Users\isaac\phlag\caster\data\ape.fa	185500	0.242783	0.291746	0.616767	0.471339	200000
C:\Users\isaac\phlag\caster\data\ape.fa	185600	0.242783	0.291746	0.616767	0.471339	200000
C:\Users\isaac\phlag\caster\data\ape.fa	185700	0.242783	0.288286	0.616767	0.47405	200000
C:\Users\isaac\phlag\caster\data\ape.fa	185800	0.242783	0.284276	0.622865	0.479199	200000
C:\Users\isaac\phlag\caster\data\ape.fa	185900	0.242783	0.28517	0.625803	0.479431	200000
C:\Users\isaac\phlag\caster\data\ape.fa	186000	0.242783	0.278615	0.625803	0.484688	200000
C:\Users\isaac\phlag\caster\data\ape.fa	186100	0.242783	0.278615	0.622961	0.483779	200000
C:\Users\isaac\phlag\caster\data\ape.fa	186200	0.242783	0.273376	0.622961	0.488062	200000
C:\Users\isaac\phlag\caster\data\ape.fa	186300	0.264842	0.27056	0.622961	0.493902	200000
C:\Users\isaac\phlag\caster\data\ape.fa	186400	0.264842	0.27056	0.620624	0.493164	200000
C:\Users\isaac\phlag\caster\data\ape.fa	186500	0.245508	0.27056	0.613883	0.487914	200000
C:\Users\isaac\phlag\caster\data\ape.fa	186600	0.245508	0.269618	0.613883	0.488701	200000
C:\Users\isaac\phlag\caster\data\ape.fa	186700	0.26616	0.269604	0.619893	0.493943	200000
C:\Users\isaac\phlag\caster\data\ape.fa	186800	0.26616	0.269604	0.619893	0.493943	200000
C:\Users\isaac\phlag\caster\data\ape.fa	186900	0.26616	0.269604	0.616946	0.493008	200000
C:\Users\isaac\phlag\caster\data\ape.fa	187000	0.26616	0.269604	0.62015	0.494024	200000
C:\Users\isaac\phlag\caster\data\ape.fa	187100	0.26616	0.269604	0.623094	0.494953	200000
C:\Users\isaac\phlag\caster\data\ape.fa	187200	0.287062	0.269604	0.62925	0.500165	200000
C:\Users\isaac\phlag\caster\data\ape.fa	187300	0.287062	0.266398	0.62925	0.50287	200000
C:\Users\isaac\phlag\caster\data\ape.fa	187400	0.287062	0.263154	0.62925	0.505634	200000
C:\Users\isaac\phlag\caster\data\ape.fa	187500	0.308893	0.25992	0.62925	0.511863	200000
C:\Users\isaac\phlag\caster\data\ape.fa	187600	0.308893	0.25992	0.62925	0.511863	200000
C:\Users\isaac\phlag\caster\data\ape.fa	187700	0.330297	0.26336	0.632464	0.513198	200000
C:\Users\isaac\phlag\caster\data\ape.fa	187800	0.330297	0.259997	0.632464	0.516109	200000
C:\Users\isaac\phlag\caster\data\ape.fa	187900	0.330297	0.256672	0.632464	0.519019	200000
C:\Users\isaac\phlag\caster\data\ape.fa	188000	0.330297	0.255572	0.632464	0.519989	200000
C:\Users\isaac\phlag\caster\data\ape.fa	188100	0.30806	0.245197	0.632464	0.52578	200000
C:\Users\isaac\phlag\caster\data\ape.fa	188200	0.286262	0.238658	0.632464	0.528299	200000
C:\Users\isaac\phlag\caster\data\ape.fa	188300	0.286262	0.238658	0.632464	0.528299	200000
C:\Users\isaac\phlag\caster\data\ape.fa	188400	0.286262	0.238658	0.632002	0.528161	200000
C:\Users\isaac\phlag\caster\data\ape.fa	188500	0.265456	0.238658	0.638082	0.526633	200000
C:\Users\isaac\phlag\caster\data\ape.fa	188600	0.265456	0.238658	0.643298	0.528183	200000
C:\Users\isaac\phlag\caster\data\ape.fa	188700	0.265456	0.235279	0.643298	0.531308	200000
C:\Users\isaac\phlag\caster\data\ape.fa	188800	0.265456	0.235279	0.643298	0.531308	200000
C:\Users\isaac\phlag\caster\data\ape.fa	188900	0.243393	0.228344	0.646513	0.535218	200000
C:\Users\isaac\phlag\caster\data\ape.fa	189000	0.246461	0.228344	0.646513	0.535713	200000
C:\Users\isaac\phlag\caster\data\ape.fa	189100	0.246461	0.228344	0.646513	0.535713	200000
C:\Users\isaac\phlag\caster\data\ape.fa	189200	0.246461	0.2218	0.646513	0.541984	200000
C:\Users\isaac\phlag\caster\data\ape.fa	189300	0.246461	0.222022	0.659302	0.545459	200000
C:\Users\isaac\phlag\caster\data\ape.fa	189400	0.246461	0.222022	0.659302	0.545459	200000
C:\Users\isaac\phlag\caster\data\ape.fa	189500	0.246461	0.220364	0.659302	0.54706	200000
C:\Users\isaac\phlag\caster\data\ape.fa	189600	0.203531	0.220364	0.659302	0.540146	200000
C:\Users\isaac\phlag\caster\data\ape.fa	189700	0.203531	0.221853	0.659302	0.538717	200000
C:\Users\isaac\phlag\caster\data\ape.fa	189800	0.203531	0.221853	0.671506	0.542254	200000
C:\Users\isaac\phlag\caster\data\ape.fa	189900	0.203531	0.216449	0.671506	0.54745	200000
C:\Users\isaac\phlag\caster\data\ape.fa	190000	0.203531	0.21485	0.671506	0.549006	200000
C:\Users\isaac\phlag\caster\data\ape.fa	190100	0.203531	0.214009	0.677687	0.551571	200000
C:\Users\isaac\phlag\caster\data\ape.fa	190200	0.203531	0.214009	0.677687	0.551571	200000
C:\Users\isaac\phlag\caster\data\ape.fa	190300	0.136932	0.214009	0.677687	0.540853	200000
C:\Users\isaac\phlag\caster\data\ape.fa	190400	0.136932	0.199677	0.677687	0.555047	200000
C:\Users\isaac\phlag\caster\data\ape.fa	190500	0.136932	0.192966	0.677687	0.561937	200000
C:\Users\isaac\phlag\caster\data\ape.fa	190600	0.136932	0.192966	0.677687	0.561937	200000
C:\Users\isaac\phlag\caster\data\ape.fa	190700	0.136932	0.192213	0.677687	0.562719	200000
C:\Users\isaac\phlag\caster\data\ape.fa	190800	0.155657	0.188696	0.677687	0.569506	200000
C:\Users\isaac\phlag\caster\data\ape.fa	190900	0.155657	0.189547	0.677687	0.568608	200000
C:\Users\isaac\phlag\caster\data\ape.fa	191000	0.155657	0.189547	0.677687	0.568608	200000
C:\Users\isaac\phlag\caster\data\ape.fa	191100	0.155657	0.190359	0.683951	0.56949	200000
C:\Users\isaac\phlag\caster\data\ape.fa	191200	0.155657	0.191303	0.686824	0.569294	200000
C:\Users\isaac\phlag\caster\data\ape.fa	191300	0.175905	0.192164	0.686824	0.571687	200000
C:\Users\isaac\phlag\caster\data\ape.fa	191400	0.175905	0.192164	0.686822	0.571687	200000
C:\Users\isaac\phlag\caster\data\ape.fa	191500	0.175905	0.185517	0.692356	0.580172	200000
C:\Users\isaac\phlag\caster\data\ape.fa	191600	0.175905	0.185517	0.692356	0.580172	200000
C:\Users\isaac\phlag\caster\data\ape.fa	191700	0.154425	0.180496	0.692356	0.582059	200000
C:\Users\isaac\phlag\caster\data\ape.fa	191800	0.19544	0.180496	0.692356	0.58873	200000
C:\Users\isaac\phlag\caster\data\ape.fa	191900	0.19544	0.180496	0.682774	0.586229	200000
C:\Users\isaac\phlag\caster\data\ape.fa	192000	0.19544	0.180496	0.688187	0.587648	200000
C:\Users\isaac\phlag\caster\data\ape.fa	192100	0.19544	0.180496	0.688187	0.587648	200000
C:\Users\isaac\phlag\caster\data\ape.fa	192200	0.19544	0.17443	0.688187	0.594316	200000
C:\Users\isaac\phlag\caster\data\ape.fa	192300	0.19544	0.171019	0.688187	0.59813	200000
C:\Users\isaac\phlag\caster\data\ape.fa	192400	0.19544	0.167593	0.688187	0.602007	200000
C:\Users\isaac\phlag\caster\data\ape.fa	192500	0.19544	0.167557	0.688187	0.602049	200000
C:\Users\isaac\phlag\caster\data\ape.fa	192600	0.19544	0.167557	0.688187	0.602049	200000
C:\Users\isaac\phlag\caster\data\ape.fa	192700	0.19544	0.167557	0.688187	0.602049	200000
C:\Users\isaac\phlag\caster\data\ape.fa	192800	0.19544	0.165899	0.688187	0.603942	200000
C:\Users\isaac\phlag\caster\data\ape.fa	192900	0.19544	0.165899	0.696757	0.606083	200000
C:\Users\isaac\phlag\caster\data\ape.fa	193000	0.19544	0.165908	0.706533	0.608473	200000
C:\Users\isaac\phlag\caster\data\ape.fa	193100	0.171007	0.159579	0.706533	0.611763	200000
C:\Users\isaac\phlag\caster\data\ape.fa	193200	0.148549	0.147353	0.712819	0.624009	200000
C:\Users\isaac\phlag\caster\data\ape.fa	193300	0.129776	0.147353	0.712819	0.620916	200000
C:\Users\isaac\phlag\caster\data\ape.fa	193400	0.129776	0.145769	0.723687	0.62539	200000
C:\Users\isaac\phlag\caster\data\ape.fa	193500	0.129776	0.145769	0.726681	0.626088	200000
C:\Users\isaac\phlag\caster\data\ape.fa	193600	0.129776	0.145769	0.729939	0.626844	200000
C:\Users\isaac\phlag\caster\data\ape.fa	193700	0.129776	0.146687	0.729939	0.62575	200000
C:\Users\isaac\phlag\caster\data\ape.fa	193800	0.129776	0.137972	0.729939	0.63628	200000
C:\Users\isaac\phlag\caster\data\ape.fa	193900	0.152392	0.137972	0.729939	0.639956	200000
C:\Users\isaac\phlag\caster\data\ape.fa	194000	0.152392	0.138072	0.726878	0.639153	200000
C:\Users\isaac\phlag\caster\data\ape.fa	194100	0.152392	0.131572	0.726878	0.64726	200000
C:\Users\isaac\phlag\caster\data\ape.fa	194200	0.131909	0.131572	0.73009	0.644611	200000
C:\Users\isaac\phlag\caster\data\ape.fa	194300	0.131909	0.128108	0.727057	0.648335	200000
C:\Users\isaac\phlag\caster\data\ape.fa	194400	0.131909	0.1257	0.733423	0.652785	200000
C:\Users\isaac\phlag\caster\data\ape.fa	194500	0.131909	0.125704	0.733423	0.65278	200000
C:\Users\isaac\phlag\caster\data\ape.fa	194600	0.131909	0.12252	0.7298	0.656122	200000
C:\Users\isaac\phlag\caster\data\ape.fa	194700	0.131909	0.12252	0.7298	0.656122	200000
C:\Users\isaac\phlag\caster\data\ape.fa	194800	0.131909	0.11954	0.735926	0.661292	200000
C:\Users\isaac\phlag\caster\data\ape.fa	194900	0.131909	0.121273	0.735926	0.659029	200000
C:\Users\isaac\phlag\caster\data\ape.fa	195000	0.140305	0.121273	0.737162	0.660657	200000
C:\Users\isaac\phlag\caster\data\ape.fa	195100	0.140305	0.11823	0.740231	0.66526	200000
C:\Users\isaac\phlag\caster\data\ape.fa	195200	0.140305	0.11823	0.740231	0.66526	200000
C:\Users\isaac\phlag\caster\data\ape.fa	195300	0.140305	0.115492	0.740231	0.668872	200000
C:\Users\isaac\phlag\caster\data\ape.fa	195400	0.190595	0.112383	0.744821	0.682033	200000
C:\Users\isaac\phlag\caster\data\ape.fa	195500	0.190595	0.108433	0.744716	0.687359	200000
C:\Users\isaac\phlag\caster\data\ape.fa	195600	0.190595	0.108433	0.744716	0.687359	200000
C:\Users\isaac\phlag\caster\data\ape.fa	195700	0.190595	0.104943	0.744716	0.692148	200000
C:\Users\isaac\phlag\caster\data\ape.fa	195800	0.168422	0.104074	0.744716	0.689768	200000
C:\Users\isaac\phlag\caster\data\ape.fa	195900	0.168422	0.100716	0.750932	0.695535	200000
C:\Users\isaac\phlag\caster\data\ape.fa	196000	0.157197	0.101558	0.752507	0.692828	200000
C:\Users\isaac\phlag\caster\data\ape.fa	196100	0.157197	0.101558	0.752507	0.692828	200000
C:\Users\isaac\phlag\caster\data\ape.fa	196200	0.157197	0.0946795	0.752507	0.7025	200000
C:\Users\isaac\phlag\caster\data\ape.fa	196300	0.157197	0.092711	0.752507	0.705315	200000
C:\Users\isaac\phlag\caster\data\ape.fa	196400	0.157197	0.0944538	0.752507	0.702822	200000
C:\Users\isaac\phlag\caster\data\ape.fa	196500	0.157197	0.0910894	0.752507	0.707651	200000
C:\Users\isaac\phlag\caster\data\ape.fa	196600	0.157197	0.0910894	0.752507	0.707651	200000
C:\Users\isaac\phlag\caster\data\ape.fa	196700	0.157197	0.0910894	0.752507	0.707651	200000
C:\Users\isaac\phlag\caster\data\ape.fa	196800	0.157197	0.0910894	0.752507	0.707651	200000
C:\Users\isaac\phlag\caster\data\ape.fa	196900	0.157197	0.0910894	0.749218	0.707106	200000
C:\Users\isaac\phlag\caster\data\ape.fa	197000	0.157278	0.0910894	0.749218	0.707119	200000
C:\Users\isaac\phlag\caster\data\ape.fa	197100	0.157278	0.0876879	0.749218	0.71208	200000
C:\Users\isaac\phlag\caster\data\ape.fa	197200	0.157278	0.084339	0.749218	0.71703	200000
C:\Users\isaac\phlag\caster\data\ape.fa	197300	0.157278	0.0826461	0.751902	0.719973	200000
C:\Users\isaac\phlag\caster\data\ape.fa	197400	0.157278	0.0752036	0.751902	0.731261	200000
C:\Users\isaac\phlag\caster\data\ape.fa	197500	0.157278	0.0727405	0.757969	0.735925	200000
C:\Users\isaac\phlag\caster\data\ape.fa	197600	0.157278	0.0694955	0.757969	0.740976	200000
C:\Users\isaac\phlag\caster\data\ape.fa	197700	0.157278	0.0601785	0.757969	0.755854	200000
C:\Users\isaac\phlag\caster\data\ape.fa	197800	0.157278	0.0532868	0.757969	0.767233	200000
C:\Users\isaac\phlag\caster\data\ape.fa	197900	0.157278	0.0532868	0.757969	0.767233	200000
C:\Users\isaac\phlag\caster\data\ape.fa	198000	0.157278	0.0532868	0.757969	0.767233	200000
C:\Users\isaac\phlag\caster\data\ape.fa	198100	0.157278	0.0532241	0.754982	0.767007	200000
C:\Users\isaac\phlag\caster\data\ape.fa	198200	0.157278	0.0466801	0.760087	0.778662	200000
C:\Users\isaac\phlag\caster\data\ape.fa	198300	0.157278	0.0436429	0.760087	0.783915	200000
C:\Users\isaac\phlag\caster\data\ape.fa	198400	0.157278	0.041882	0.760087	0.786992	200000
C:\Users\isaac\phlag\caster\data\ape.fa	198500	0.157278	0.041882	0.764982	0.787431	200000
C:\Users\isaac\phlag\caster\data\ape.fa	198600	0.157278	0.0384351	0.764982	0.79349	200000
C:\Users\isaac\phlag\caster\data\ape.fa	198700	0.157278	0.0384351	0.764982	0.79349	200000
C:\Users\isaac\phlag\caster\data\ape.fa	198800	0.157278	0.0384351	0.777638	0.794524	200000
C:\Users\isaac\phlag\caster\data\ape.fa	198900	0.157278	0.0336925	0.780736	0.803118	200000
C:\Users\isaac\phlag\caster\data\ape.fa	199000	0.146853	0.036888	0.788115	0.796376	200000
C:\Users\isaac\phlag\caster\data\ape.fa	199100	0.168749	0.035295	0.788115	0.80265	200000
C:\Users\isaac\phlag\caster\data\ape.fa	199200	0.168749	0.032554	0.788115	0.807481	200000
C:\Users\isaac\phlag\caster\data\ape.fa	199300	0.168749	0.026572	0.788115	0.818221	200000
C:\Users\isaac\phlag\caster\data\ape.fa	199400	0.168749	0.0232952	0.788115	0.824221	200000
C:\Users\isaac\phlag\caster\data\ape.fa	199500	0.168749	0.0232952	0.788115	0.824221	200000
C:\Users\isaac\phlag\caster\data\ape.fa	199600	0.168749	0.0232952	0.788115	0.824221	200000
C:\Users\isaac\phlag\caster\data\ape.fa	199700	0.168749	0.0232952	0.788115	0.824221	200000
C:\Users\isaac\phlag\caster\data\ape.fa	199800	0.168749	0.025034	0.795459	0.821401	200000
C:\Users\isaac\phlag\caster\data\ape.fa	199900	0.158215	0.025034	0.799874	0.819964	200000
C:\Users\isaac\phlag\caster\data\ape.fa	200000	0.158215	0.025034	0.799874	0.819964	200000
C:\Users\isaac\phlag\caster\data\ape.fa	200100	0.158215	0.025034	0.792201	0.819562	200000
C:\Users\isaac\phlag\caster\data\ape.fa	200200	0.158215	0.025034	0.792201	0.819562	200000
C:\Users\isaac\phlag\caster\data\ape.fa	200300	0.158215	0.0247471	0.792201	0.820085	200000
C:\Users\isaac\phlag\caster\data\ape.fa	200400	0.158215	0.0247471	0.792201	0.820085	200000
C:\Users\isaac\phlag\caster\data\ape.fa	200500	0.158215	0.0247471	0.795358	0.82025	200000
C:\Users\isaac\phlag\caster\data\ape.fa	200600	0.158215	0.0247471	0.795358	0.82025	200000
C:\Users\isaac\phlag\caster\data\ape.fa	200700	0.158215	0.0237886	0.795299	0.821993	200000
C:\Users\isaac\phlag\caster\data\ape.fa	200800	0.158215	0.0253249	0.806783	0.819799	200000
C:\Users\isaac\phlag\caster\data\ape.fa	200900	0.178045	0.0253249	0.806783	0.82289	200000
C:\Users\isaac\phlag\caster\data\ape.fa	201000	0.178045	0.0219148	0.809034	0.829138	200000
C:\Users\isaac\phlag\caster\data\ape.fa	201100	0.178045	0.0210628	0.809034	0.830686	200000
C:\Users\isaac\phlag\caster\data\ape.fa	201200	0.178045	0.0210628	0.809034	0.830686	200000
C:\Users\isaac\phlag\caster\data\ape.fa	201300	0.157312	0.0202459	0.802928	0.828692	200000
C:\Users\isaac\phlag\caster\data\ape.fa	201400	0.157312	0.018712	0.802928	0.83152	200000
C:\Users\isaac\phlag\caster\data\ape.fa	201500	0.157312	0.018712	0.80651	0.83166	200000
C:\Users\isaac\phlag\caster\data\ape.fa	201600	0.157312	0.018712	0.80651	0.83166	200000
C:\Users\isaac\phlag\caster\data\ape.fa	201700	0.139019	0.021378	0.805689	0.823862	200000
C:\Users\isaac\phlag\caster\data\ape.fa	201800	0.139019	0.021378	0.796809	0.823434	200000
C:\Users\isaac\phlag\caster\data\ape.fa	201900	0.139019	0.0222189	0.79369	0.821731	200000
C:\Users\isaac\phlag\caster\data\ape.fa	202000	0.161	0.0222189	0.79369	0.825235	200000
C:\Users\isaac\phlag\caster\data\ape.fa	202100	0.161	0.0222189	0.79369	0.825235	200000
C:\Users\isaac\phlag\caster\data\ape.fa	202200	0.161	0.0220218	0.79369	0.825598	200000
C:\Users\isaac\phlag\caster\data\ape.fa	202300	0.161	0.0220218	0.796821	0.825742	200000
C:\Users\isaac\phlag\caster\data\ape.fa	202400	0.183198	0.02028	0.796806	0.832451	200000
C:\Users\isaac\phlag\caster\data\ape.fa	202500	0.183198	0.02028	0.796806	0.832451	200000
C:\Users\isaac\phlag\caster\data\ape.fa	202600	0.183198	0.0186511	0.790654	0.835261	200000
C:\Users\isaac\phlag\caster\data\ape.fa	202700	0.183198	0.0186511	0.790654	0.835261	200000
C:\Users\isaac\phlag\caster\data\ape.fa	202800	0.204964	0.0186511	0.796935	0.838888	200000
C:\Users\isaac\phlag\caster\data\ape.fa	202900	0.204964	0.0170223	0.803122	0.842102	200000
C:\Users\isaac\phlag\caster\data\ape.fa	203000	0.204964	0.0170223	0.809528	0.842274	200000
C:\Users\isaac\phlag\caster\data\ape.fa	203100	0.22633	0.0204037	0.806343	0.839237	200000
C:\Users\isaac\phlag\caster\data\ape.fa	203200	0.22633	0.0204037	0.806343	0.839237	200000
C:\Users\isaac\phlag\caster\data\ape.fa	203300	0.22633	0.0204037	0.80506	0.839198	200000
C:\Users\isaac\phlag\caster\data\ape.fa	203400	0.22633	0.0205811	0.799058	0.83869	200000
C:\Users\isaac\phlag\caster\data\ape.fa	203500	0.269602	0.0205811	0.808617	0.845542	200000
C:\Users\isaac\phlag\caster\data\ape.fa	203600	0.269602	0.0205811	0.821242	0.845822	200000
C:\Users\isaac\phlag\caster\data\ape.fa	203700	0.269602	0.0191052	0.824897	0.848559	200000
C:\Users\isaac\phlag\caster\data\ape.fa	203800	0.269602	0.0191052	0.824897	0.848559	200000
C:\Users\isaac\phlag\caster\data\ape.fa	203900	0.269602	0.0191052	0.824897	0.848559	200000
C:\Users\isaac\phlag\caster\data\ape.fa	204000	0.269602	0.0191052	0.824897	0.848559	200000
C:\Users\isaac\phlag\caster\data\ape.fa	204100	0.269602	0.0191052	0.824897	0.848559	200000
C:\Users\isaac\phlag\caster\data\ape.fa	204200	0.269602	0.0199375	0.81925	0.846942	200000
C:\Users\isaac\phlag\caster\data\ape.fa	204300	0.279227	0.0199375	0.805746	0.848109	200000
C:\Users\isaac\phlag\caster\data\ape.fa	204400	0.300395	0.0199375	0.805475	0.851281	200000
C:\Users\isaac\phlag\caster\data\ape.fa	204500	0.300395	0.0199375	0.805475	0.851281	200000
C:\Users\isaac\phlag\caster\data\ape.fa	204600	0.310674	0.0199375	0.813279	0.852928	200000
C:\Users\isaac\phlag\caster\data\ape.fa	204700	0.310674	0.0199375	0.813279	0.852928	200000
C:\Users\isaac\phlag\caster\data\ape.fa	204800	0.310674	0.0199375	0.813279	0.852928	200000
C:\Users\isaac\phlag\caster\data\ape.fa	204900	0.310674	0.0199375	0.810313	0.852885	200000
C:\Users\isaac\phlag\caster\data\ape.fa	205000	0.290993	0.0215791	0.807221	0.846903	200000
C:\Users\isaac\phlag\caster\data\ape.fa	205100	0.312488	0.0215791	0.807221	0.85011	200000
C:\Users\isaac\phlag\caster\data\ape.fa	205200	0.312488	0.0215791	0.804128	0.850056	200000
C:\Users\isaac\phlag\caster\data\ape.fa	205300	0.289084	0.0215791	0.810325	0.846683	200000
C:\Users\isaac\phlag\caster\data\ape.fa	205400	0.289084	0.0215791	0.805759	0.846586	200000
C:\Users\isaac\phlag\caster\data\ape.fa	205500	0.289084	0.0215791	0.808695	0.846648	200000
C:\Users\isaac\phlag\caster\data\ape.fa	205600	0.289084	0.0215791	0.802495	0.846516	200000
C:\Users\isaac\phlag\caster\data\ape.fa	205700	0.289084	0.0215791	0.811843	0.846715	200000
C:\Users\isaac\phlag\caster\data\ape.fa	205800	0.289084	0.0215791	0.818367	0.846851	200000
C:\Users\isaac\phlag\caster\data\ape.fa	205900	0.289084	0.0215791	0.824252	0.846972	200000
C:\Users\isaac\phlag\caster\data\ape.fa	206000	0.289084	0.0231174	0.812751	0.843957	200000
C:\Users\isaac\phlag\caster\data\ape.fa	206100	0.289084	0.0231174	0.812414	0.843949	200000
C:\Users\isaac\phlag\caster\data\ape.fa	206200	0.310074	0.0231174	0.812414	0.847064	200000
C:\Users\isaac\phlag\caster\data\ape.fa	206300	0.310074	0.0248197	0.812414	0.84401	200000
C:\Users\isaac\phlag\caster\data\ape.fa	206400	0.310074	0.0248197	0.806383	0.843866	200000
C:\Users\isaac\phlag\caster\data\ape.fa	206500	0.310074	0.0248197	0.809616	0.843943	200000
C:\Users\isaac\phlag\caster\data\ape.fa	206600	0.310074	0.0248197	0.809616	0.843943	200000
C:\Users\isaac\phlag\caster\data\ape.fa	206700	0.331493	0.0248197	0.809616	0.84711	200000
C:\Users\isaac\phlag\caster\data\ape.fa	206800	0.331493	0.0248197	0.809616	0.84711	200000
C:\Users\isaac\phlag\caster\data\ape.fa	206900	0.331493	0.0239629	0.803892	0.848541	200000
C:\Users\isaac\phlag\caster\data\ape.fa	207000	0.353576	0.0239629	0.803892	0.851805	200000
C:\Users\isaac\phlag\caster\data\ape.fa	207100	0.353576	0.0239629	0.8099	0.851896	200000
C:\Users\isaac\phlag\caster\data\ape.fa	207200	0.353576	0.0239629	0.8099	0.851896	200000
C:\Users\isaac\phlag\caster\data\ape.fa	207300	0.331632	0.0239629	0.813421	0.848741	200000
C:\Users\isaac\phlag\caster\data\ape.fa	207400	0.342322	0.0239629	0.814948	0.850332	200000
C:\Users\isaac\phlag\caster\data\ape.fa	207500	0.342322	0.0239629	0.814948	0.850332	200000
C:\Users\isaac\phlag\caster\data\ape.fa	207600	0.342322	0.0239629	0.814948	0.850332	200000
C:\Users\isaac\phlag\caster\data\ape.fa	207700	0.342322	0.0239629	0.821731	0.850445	200000
C:\Users\isaac\phlag\caster\data\ape.fa	207800	0.342322	0.0239629	0.821731	0.850445	200000
C:\Users\isaac\phlag\caster\data\ape.fa	207900	0.363845	0.0246736	0.815505	0.852201	200000
C:\Users\isaac\phlag\caster\data\ape.fa	208000	0.363845	0.0246736	0.806721	0.852071	200000
C:\Users\isaac\phlag\caster\data\ape.fa	208100	0.363845	0.0237995	0.8074	0.853657	200000
C:\Users\isaac\phlag\caster\data\ape.fa	208200	0.363845	0.0221496	0.804171	0.856613	200000
C:\Users\isaac\phlag\caster\data\ape.fa	208300	0.363845	0.0221496	0.804171	0.856613	200000
C:\Users\isaac\phlag\caster\data\ape.fa	208400	0.363845	0.0238761	0.817084	0.853647	200000
C:\Users\isaac\phlag\caster\data\ape.fa	208500	0.342906	0.0238761	0.817084	0.850608	200000
C:\Users\isaac\phlag\caster\data\ape.fa	208600	0.342906	0.0247598	0.817084	0.849032	200000
C:\Users\isaac\phlag\caster\data\ape.fa	208700	0.323164	0.0247375	0.817084	0.846189	200000
C:\Users\isaac\phlag\caster\data\ape.fa	208800	0.323164	0.0247375	0.817084	0.846189	200000
C:\Users\isaac\phlag\caster\data\ape.fa	208900	0.323164	0.0247375	0.817006	0.846187	200000
C:\Users\isaac\phlag\caster\data\ape.fa	209000	0.323164	0.0255534	0.814159	0.844672	200000
C:\Users\isaac\phlag\caster\data\ape.fa	209100	0.323164	0.0255534	0.811105	0.844602	200000
C:\Users\isaac\phlag\caster\data\ape.fa	209200	0.323164	0.0274974	0.805782	0.841002	200000
C:\Users\isaac\phlag\caster\data\ape.fa	209300	0.323127	0.0274974	0.81217	0.841168	200000
C:\Users\isaac\phlag\caster\data\ape.fa	209400	0.323127	0.0311706	0.815387	0.834824	200000
C:\Users\isaac\phlag\caster\data\ape.fa	209500	0.323127	0.0311706	0.815513	0.834829	200000
C:\Users\isaac\phlag\caster\data\ape.fa	209600	0.323127	0.0311706	0.815513	0.834829	200000
C:\Users\isaac\phlag\caster\data\ape.fa	209700	0.323127	0.0311706	0.818569	0.83493	200000
C:\Users\isaac\phlag\caster\data\ape.fa	209800	0.323127	0.0311706	0.815484	0.834828	200000
C:\Users\isaac\phlag\caster\data\ape.fa	209900	0.344585	0.0311706	0.815484	0.837964	200000
C:\Users\isaac\phlag\caster\data\ape.fa	210000	0.383713	0.0311706	0.815484	0.84363	200000
C:\Users\isaac\phlag\caster\data\ape.fa	210100	0.383713	0.0311706	0.815484	0.84363	200000
C:\Users\isaac\phlag\caster\data\ape.fa	210200	0.406063	0.0311706	0.815484	0.846835	200000
C:\Users\isaac\phlag\caster\data\ape.fa	210300	0.406063	0.0311706	0.81257	0.846777	200000
C:\Users\isaac\phlag\caster\data\ape.fa	210400	0.406063	0.0311706	0.81257	0.846777	200000
C:\Users\isaac\phlag\caster\data\ape.fa	210500	0.392995	0.0311706	0.815592	0.844966	200000
C:\Users\isaac\phlag\caster\data\ape.fa	210600	0.392995	0.0318302	0.817541	0.843867	200000
C:\Users\isaac\phlag\caster\data\ape.fa	210700	0.392995	0.0318302	0.81776	0.843872	200000
C:\Users\isaac\phlag\caster\data\ape.fa	210800	0.369661	0.0301744	0.81776	0.843393	200000
C:\Users\isaac\phlag\caster\data\ape.fa	210900	0.369661	0.0301744	0.81776	0.843393	200000
C:\Users\isaac\phlag\caster\data\ape.fa	211000	0.369661	0.0301744	0.81776	0.843393	200000
C:\Users\isaac\phlag\caster\data\ape.fa	211100	0.369661	0.0301744	0.81472	0.84332	200000
C:\Users\isaac\phlag\caster\data\ape.fa	211200	0.369661	0.0301744	0.81472	0.84332	200000
C:\Users\isaac\phlag\caster\data\ape.fa	211300	0.369661	0.0301744	0.812067	0.843256	200000
C:\Users\isaac\phlag\caster\data\ape.fa	211400	0.369661	0.0301744	0.805858	0.843105	200000
C:\Users\isaac\phlag\caster\data\ape.fa	211500	0.369661	0.0309706	0.811833	0.841858	200000
C:\Users\isaac\phlag\caster\data\ape.fa	211600	0.369661	0.0275546	0.824681	0.848108	200000
C:\Users\isaac\phlag\caster\data\ape.fa	211700	0.369661	0.0241041	0.831	0.854254	200000
C:\Users\isaac\phlag\caster\data\ape.fa	211800	0.392489	0.0241041	0.833967	0.857515	200000
C:\Users\isaac\phlag\caster\data\ape.fa	211900	0.392489	0.0241041	0.820972	0.857399	200000
C:\Users\isaac\phlag\caster\data\ape.fa	212000	0.392489	0.0248231	0.817759	0.85609	200000
C:\Users\isaac\phlag\caster\data\ape.fa	212100	0.392489	0.0248231	0.817708	0.856089	200000
C:\Users\isaac\phlag\caster\data\ape.fa	212200	0.392489	0.0248231	0.81156	0.856025	200000
C:\Users\isaac\phlag\caster\data\ape.fa	212300	0.392489	0.0278848	0.814757	0.850629	200000
C:\Users\isaac\phlag\caster\data\ape.fa	212400	0.392489	0.0278848	0.803133	0.850438	200000
C:\Users\isaac\phlag\caster\data\ape.fa	212500	0.392489	0.0278848	0.803133	0.850438	200000
C:\Users\isaac\phlag\caster\data\ape.fa	212600	0.392489	0.0278848	0.79991	0.850384	200000
C:\Users\isaac\phlag\caster\data\ape.fa	212700	0.392489	0.0278848	0.799743	0.850381	200000
C:\Users\isaac\phlag\caster\data\ape.fa	212800	0.392489	0.0278848	0.802984	0.850436	200000
C:\Users\isaac\phlag\caster\data\ape.fa	212900	0.392489	0.0278848	0.809507	0.850543	200000
C:\Users\isaac\phlag\caster\data\ape.fa	213000	0.370894	0.0287365	0.809507	0.845905	200000
C:\Users\isaac\phlag\caster\data\ape.fa	213100	0.350089	0.0254576	0.809507	0.848697	200000
C:\Users\isaac\phlag\caster\data\ape.fa	213200	0.350089	0.0254576	0.816042	0.848818	200000
C:\Users\isaac\phlag\caster\data\ape.fa	213300	0.328493	0.0254576	0.812758	0.845594	200000
C:\Users\isaac\phlag\caster\data\ape.fa	213400	0.328493	0.0254576	0.809821	0.84553	200000
C:\Users\isaac\phlag\caster\data\ape.fa	213500	0.328493	0.0254576	0.803557	0.84539	200000
C:\Users\isaac\phlag\caster\data\ape.fa	213600	0.328493	0.0263203	0.803961	0.84385	200000
C:\Users\isaac\phlag\caster\data\ape.fa	213700	0.328493	0.0271524	0.8164	0.842674	200000
C:\Users\isaac\phlag\caster\data\ape.fa	213800	0.328493	0.0271524	0.815756	0.842658	200000
C:\Users\isaac\phlag\caster\data\ape.fa	213900	0.328493	0.0271524	0.815756	0.842658	200000
C:\Users\isaac\phlag\caster\data\ape.fa	214000	0.328493	0.0271524	0.815756	0.842658	200000
C:\Users\isaac\phlag\caster\data\ape.fa	214100	0.328493	0.0271524	0.806555	0.842426	200000
C:\Users\isaac\phlag\caster\data\ape.fa	214200	0.307968	0.0271524	0.806555	0.839379	200000
C:\Users\isaac\phlag\caster\data\ape.fa	214300	0.307968	0.028	0.812948	0.838065	200000
C:\Users\isaac\phlag\caster\data\ape.fa	214400	0.318655	0.028	0.811579	0.839604	200000
C:\Users\isaac\phlag\caster\data\ape.fa	214500	0.297164	0.028	0.814715	0.836521	200000
C:\Users\isaac\phlag\caster\data\ape.fa	214600	0.297164	0.0271591	0.819671	0.838153	200000
C:\Users\isaac\phlag\caster\data\ape.fa	214700	0.297164	0.0271591	0.819299	0.838142	200000
C:\Users\isaac\phlag\caster\data\ape.fa	214800	0.297164	0.0271591	0.825244	0.838318	200000
C:\Users\isaac\phlag\caster\data\ape.fa	214900	0.297164	0.0271591	0.822269	0.83823	200000
C:\Users\isaac\phlag\caster\data\ape.fa	215000	0.316165	0.0289141	0.822269	0.837947	200000
C:\Users\isaac\phlag\caster\data\ape.fa	215100	0.316165	0.0306177	0.825563	0.835099	200000
C:\Users\isaac\phlag\caster\data\ape.fa	215200	0.316165	0.0306177	0.819592	0.834903	200000
C:\Users\isaac\phlag\caster\data\ape.fa	215300	0.316165	0.0306177	0.819592	0.834903	200000
C:\Users\isaac\phlag\caster\data\ape.fa	215400	0.316165	0.0306177	0.816591	0.834804	200000
C:\Users\isaac\phlag\caster\data\ape.fa	215500	0.294005	0.0306177	0.810065	0.831296	200000
C:\Users\isaac\phlag\caster\data\ape.fa	215600	0.294005	0.0306177	0.804621	0.831091	200000
C:\Users\isaac\phlag\caster\data\ape.fa	215700	0.294005	0.029886	0.804621	0.832381	200000
C:\Users\isaac\phlag\caster\data\ape.fa	215800	0.294005	0.029886	0.804621	0.832381	200000
C:\Users\isaac\phlag\caster\data\ape.fa	215900	0.314366	0.029886	0.798346	0.835214	200000
C:\Users\isaac\phlag\caster\data\ape.fa	216000	0.314366	0.029886	0.798345	0.835214	200000
C:\Users\isaac\phlag\caster\data\ape.fa	216100	0.303799	0.029886	0.799966	0.833684	200000
C:\Users\isaac\phlag\caster\data\ape.fa	216200	0.303799	0.029886	0.806402	0.833909	200000
C:\Users\isaac\phlag\caster\data\ape.fa	216300	0.303799	0.030711	0.809284	0.832561	200000
C:\Users\isaac\phlag\caster\data\ape.fa	216400	0.303799	0.030711	0.807849	0.83251	200000
C:\Users\isaac\phlag\caster\data\ape.fa	216500	0.303799	0.030711	0.807849	0.83251	200000
C:\Users\isaac\phlag\caster\data\ape.fa	216600	0.303799	0.030711	0.807849	0.83251	200000
C:\Users\isaac\phlag\caster\data\ape.fa	216700	0.28295	0.030711	0.807849	0.829396	200000
C:\Users\isaac\phlag\caster\data\ape.fa	216800	0.28295	0.030711	0.807849	0.829396	200000
C:\Users\isaac\phlag\caster\data\ape.fa	216900	0.28295	0.030711	0.810994	0.82952	200000
C:\Users\isaac\phlag\caster\data\ape.fa	217000	0.28295	0.030711	0.807722	0.829391	200000
C:\Users\isaac\phlag\caster\data\ape.fa	217100	0.28295	0.030711	0.807722	0.829391	200000
C:\Users\isaac\phlag\caster\data\ape.fa	217200	0.28295	0.029906	0.807722	0.830805	200000
C:\Users\isaac\phlag\caster\data\ape.fa	217300	0.303069	0.029906	0.804205	0.833688	200000
C:\Users\isaac\phlag\caster\data\ape.fa	217400	0.303069	0.0283592	0.792448	0.836046	200000
C:\Users\isaac\phlag\caster\data\ape.fa	217500	0.303069	0.0283592	0.792448	0.836046	200000
C:\Users\isaac\phlag\caster\data\ape.fa	217600	0.303069	0.0283592	0.786182	0.835838	200000
C:\Users\isaac\phlag\caster\data\ape.fa	217700	0.303069	0.0298915	0.789045	0.833174	200000
C:\Users\isaac\phlag\caster\data\ape.fa	217800	0.303069	0.0298915	0.789045	0.833174	200000
C:\Users\isaac\phlag\caster\data\ape.fa	217900	0.303069	0.0298915	0.789045	0.833174	200000
C:\Users\isaac\phlag\caster\data\ape.fa	218000	0.280944	0.0298915	0.789045	0.829796	200000
C:\Users\isaac\phlag\caster\data\ape.fa	218100	0.280944	0.0298915	0.789045	0.829796	200000
C:\Users\isaac\phlag\caster\data\ape.fa	218200	0.280944	0.0284322	0.791401	0.83251	200000
C:\Users\isaac\phlag\caster\data\ape.fa	218300	0.280944	0.0284322	0.797903	0.83275	200000
C:\Users\isaac\phlag\caster\data\ape.fa	218400	0.280944	0.0284322	0.803961	0.83297	200000
C:\Users\isaac\phlag\caster\data\ape.fa	218500	0.277445	0.0284322	0.785128	0.831737	200000
C:\Users\isaac\phlag\caster\data\ape.fa	218600	0.315367	0.0284322	0.785128	0.837546	200000
C:\Users\isaac\phlag\caster\data\ape.fa	218700	0.274134	0.0284322	0.788171	0.831344	200000
C:\Users\isaac\phlag\caster\data\ape.fa	218800	0.318499	0.0284322	0.797971	0.838414	200000
C:\Users\isaac\phlag\caster\data\ape.fa	218900	0.318499	0.0291562	0.803383	0.83729	200000
C:\Users\isaac\phlag\caster\data\ape.fa	219000	0.318499	0.0291562	0.797858	0.837117	200000
C:\Users\isaac\phlag\caster\data\ape.fa	219100	0.318499	0.0291562	0.78913	0.83684	200000
C:\Users\isaac\phlag\caster\data\ape.fa	219200	0.318499	0.0283094	0.800878	0.838721	200000
C:\Users\isaac\phlag\caster\data\ape.fa	219300	0.318499	0.0283094	0.800878	0.838721	200000
C:\Users\isaac\phlag\caster\data\ape.fa	219400	0.340142	0.0283094	0.805956	0.842074	200000
C:\Users\isaac\phlag\caster\data\ape.fa	219500	0.340142	0.0274717	0.809784	0.843656	200000
C:\Users\isaac\phlag\caster\data\ape.fa	219600	0.340142	0.0274717	0.815424	0.84379	200000
C:\Users\isaac\phlag\caster\data\ape.fa	219700	0.340142	0.0274717	0.821337	0.843929	200000
C:\Users\isaac\phlag\caster\data\ape.fa	219800	0.340142	0.0274717	0.821337	0.843929	200000
C:\Users\isaac\phlag\caster\data\ape.fa	219900	0.340142	0.0258079	0.821337	0.846855	200000
C:\Users\isaac\phlag\caster\data\ape.fa	220000	0.340142	0.0258079	0.821337	0.846855	200000
C:\Users\isaac\phlag\caster\data\ape.fa	220100	0.340142	0.0258079	0.830525	0.84704	200000
C:\Users\isaac\phlag\caster\data\ape.fa	220200	0.340142	0.0258079	0.827061	0.846971	200000
C:\Users\isaac\phlag\caster\data\ape.fa	220300	0.340142	0.0258079	0.803282	0.846481	200000
C:\Users\isaac\phlag\caster\data\ape.fa	220400	0.340142	0.0275181	0.803666	0.843425	200000
C:\Users\isaac\phlag\caster\data\ape.fa	220500	0.340142	0.0275181	0.785702	0.842978	200000
C:\Users\isaac\phlag\caster\data\ape.fa	220600	0.340142	0.0293007	0.779912	0.839577	200000
C:\Users\isaac\phlag\caster\data\ape.fa	220700	0.340142	0.0293007	0.779912	0.839577	200000
C:\Users\isaac\phlag\caster\data\ape.fa	220800	0.340142	0.0293007	0.776782	0.839485	200000
C:\Users\isaac\phlag\caster\data\ape.fa	220900	0.340142	0.0293007	0.768348	0.839234	200000
C:\Users\isaac\phlag\caster\data\ape.fa	221000	0.340142	0.0301711	0.774041	0.837815	200000
C:\Users\isaac\phlag\caster\data\ape.fa	221100	0.340142	0.0301711	0.780329	0.838011	200000
C:\Users\isaac\phlag\caster\data\ape.fa	221200	0.362069	0.0301711	0.777525	0.841251	200000
C:\Users\isaac\phlag\caster\data\ape.fa	221300	0.340132	0.0301711	0.774411	0.837825	200000
C:\Users\isaac\phlag\caster\data\ape.fa	221400	0.340132	0.0301711	0.774411	0.837825	200000
C:\Users\isaac\phlag\caster\data\ape.fa	221500	0.340132	0.0293238	0.774411	0.839371	200000
C:\Users\isaac\phlag\caster\data\ape.fa	221600	0.340132	0.0293238	0.774824	0.839384	200000
C:\Users\isaac\phlag\caster\data\ape.fa	221700	0.340132	0.0293238	0.771458	0.839283	200000
C:\Users\isaac\phlag\caster\data\ape.fa	221800	0.340132	0.0293238	0.773799	0.839353	200000
C:\Users\isaac\phlag\caster\data\ape.fa	221900	0.340132	0.0293238	0.773799	0.839353	200000
C:\Users\isaac\phlag\caster\data\ape.fa	222000	0.340132	0.0293238	0.77983	0.839531	200000
C:\Users\isaac\phlag\caster\data\ape.fa	222100	0.340132	0.0293238	0.783003	0.839624	200000
C:\Users\isaac\phlag\caster\data\ape.fa	222200	0.340132	0.0293238	0.783003	0.839624	200000
C:\Users\isaac\phlag\caster\data\ape.fa	222300	0.340132	0.0293238	0.767182	0.839155	200000
C:\Users\isaac\phlag\caster\data\ape.fa	222400	0.381133	0.0293238	0.767182	0.845431	200000
C:\Users\isaac\phlag\caster\data\ape.fa	222500	0.360213	0.0293238	0.767182	0.84224	200000
C:\Users\isaac\phlag\caster\data\ape.fa	222600	0.360213	0.0293238	0.767182	0.84224	200000
C:\Users\isaac\phlag\caster\data\ape.fa	222700	0.360213	0.0293238	0.767182	0.84224	200000
C:\Users\isaac\phlag\caster\data\ape.fa	222800	0.344222	0.0293238	0.764048	0.839693	200000
C:\Users\isaac\phlag\caster\data\ape.fa	222900	0.344222	0.0293238	0.764048	0.839693	200000
C:\Users\isaac\phlag\caster\data\ape.fa	223000	0.344222	0.0293238	0.770065	0.83987	200000
C:\Users\isaac\phlag\caster\data\ape.fa	223100	0.344222	0.0277082	0.780707	0.843121	200000
C:\Users\isaac\phlag\caster\data\ape.fa	223200	0.344222	0.0293961	0.788917	0.840279	200000
C:\Users\isaac\phlag\caster\data\ape.fa	223300	0.344222	0.0276491	0.788813	0.843432	200000
C:\Users\isaac\phlag\caster\data\ape.fa	223400	0.387409	0.0276491	0.788813	0.849872	200000
C:\Users\isaac\phlag\caster\data\ape.fa	223500	0.387409	0.0276491	0.788813	0.849872	200000
C:\Users\isaac\phlag\caster\data\ape.fa	223600	0.387409	0.0276491	0.788813	0.849872	200000
C:\Users\isaac\phlag\caster\data\ape.fa	223700	0.411081	0.0276491	0.795092	0.853449	200000
C:\Users\isaac\phlag\caster\data\ape.fa	223800	0.411081	0.0276491	0.789297	0.85337	200000
C:\Users\isaac\phlag\caster\data\ape.fa	223900	0.431545	0.0276491	0.789297	0.856366	200000
C:\Users\isaac\phlag\caster\data\ape.fa	224000	0.431545	0.0276491	0.785695	0.856328	200000
C:\Users\isaac\phlag\caster\data\ape.fa	224100	0.431545	0.0284945	0.792006	0.854868	200000
C:\Users\isaac\phlag\caster\data\ape.fa	224200	0.41128	0.0284945	0.791817	0.851908	200000
C:\Users\isaac\phlag\caster\data\ape.fa	224300	0.41128	0.0284945	0.791817	0.851908	200000
C:\Users\isaac\phlag\caster\data\ape.fa	224400	0.41128	0.0284945	0.791817	0.851908	200000
C:\Users\isaac\phlag\caster\data\ape.fa	224500	0.41128	0.0293481	0.785648	0.850268	200000
C:\Users\isaac\phlag\caster\data\ape.fa	224600	0.41128	0.0293481	0.782641	0.850217	200000
C:\Users\isaac\phlag\caster\data\ape.fa	224700	0.41128	0.0284639	0.782641	0.851823	200000
C:\Users\isaac\phlag\caster\data\ape.fa	224800	0.41128	0.0292855	0.792078	0.850489	200000
C:\Users\isaac\phlag\caster\data\ape.fa	224900	0.41128	0.0284162	0.798316	0.852146	200000
C:\Users\isaac\phlag\caster\data\ape.fa	225000	0.41128	0.0266669	0.808105	0.855399	200000
C:\Users\isaac\phlag\caster\data\ape.fa	225100	0.41128	0.0274754	0.811127	0.853997	200000
C:\Users\isaac\phlag\caster\data\ape.fa	225200	0.41128	0.0274754	0.811127	0.853997	200000
C:\Users\isaac\phlag\caster\data\ape.fa	225300	0.41128	0.0274754	0.807836	0.853955	200000
C:\Users\isaac\phlag\caster\data\ape.fa	225400	0.41128	0.0274754	0.810978	0.853995	200000
C:\Users\isaac\phlag\caster\data\ape.fa	225500	0.41128	0.0274754	0.810978	0.853995	200000
C:\Users\isaac\phlag\caster\data\ape.fa	225600	0.41128	0.0274754	0.813699	0.85403	200000
C:\Users\isaac\phlag\caster\data\ape.fa	225700	0.41128	0.0274754	0.807228	0.853948	200000
C:\Users\isaac\phlag\caster\data\ape.fa	225800	0.388493	0.0267161	0.813576	0.852102	200000
C:\Users\isaac\phlag\caster\data\ape.fa	225900	0.388493	0.0267161	0.813576	0.852102	200000
C:\Users\isaac\phlag\caster\data\ape.fa	226000	0.388493	0.0267161	0.813576	0.852102	200000
C:\Users\isaac\phlag\caster\data\ape.fa	226100	0.388493	0.0267161	0.813576	0.852102	200000
C:\Users\isaac\phlag\caster\data\ape.fa	226200	0.388493	0.0267161	0.813576	0.852102	200000
C:\Users\isaac\phlag\caster\data\ape.fa	226300	0.366885	0.0250656	0.813576	0.851914	200000
C:\Users\isaac\phlag\caster\data\ape.fa	226400	0.366885	0.0250656	0.813576	0.851914	200000
C:\Users\isaac\phlag\caster\data\ape.fa	226500	0.366885	0.0250656	0.813576	0.851914	200000
C:\Users\isaac\phlag\caster\data\ape.fa	226600	0.366885	0.0250656	0.813576	0.851914	200000
C:\Users\isaac\phlag\caster\data\ape.fa	226700	0.366885	0.0250656	0.813576	0.851914	200000
C:\Users\isaac\phlag\caster\data\ape.fa	226800	0.348175	0.023358	0.813576	0.85225	200000
C:\Users\isaac\phlag\caster\data\ape.fa	226900	0.387946	0.023358	0.816573	0.858042	200000
C:\Users\isaac\phlag\caster\data\ape.fa	227000	0.387946	0.023358	0.825561	0.858117	200000
C:\Users\isaac\phlag\caster\data\ape.fa	227100	0.387946	0.023358	0.825561	0.858117	200000
C:\Users\isaac\phlag\caster\data\ape.fa	227200	0.387946	0.0241702	0.828596	0.856707	200000
C:\Users\isaac\phlag\caster\data\ape.fa	227300	0.387946	0.0241702	0.828596	0.856707	200000
C:\Users\isaac\phlag\caster\data\ape.fa	227400	0.387946	0.0249792	0.828596	0.855283	200000
C:\Users\isaac\phlag\caster\data\ape.fa	227500	0.369386	0.0249792	0.833781	0.852716	200000
C:\Users\isaac\phlag\caster\data\ape.fa	227600	0.369386	0.0249792	0.849106	0.852925	200000
C:\Users\isaac\phlag\caster\data\ape.fa	227700	0.387229	0.0249792	0.861468	0.855539	200000
C:\Users\isaac\phlag\caster\data\ape.fa	227800	0.387229	0.0249792	0.867537	0.855603	200000
C:\Users\isaac\phlag\caster\data\ape.fa	227900	0.387229	0.0249792	0.861149	0.855536	200000
C:\Users\isaac\phlag\caster\data\ape.fa	228000	0.387229	0.0249792	0.861187	0.855536	200000
C:\Users\isaac\phlag\caster\data\ape.fa	228100	0.387229	0.0284472	0.861187	0.849682	200000
C:\Users\isaac\phlag\caster\data\ape.fa	228200	0.406768	0.0276767	0.866942	0.853716	200000
C:\Users\isaac\phlag\caster\data\ape.fa	228300	0.433044	0.0276767	0.869639	0.857283	200000
C:\Users\isaac\phlag\caster\data\ape.fa	228400	0.433044	0.0308555	0.872524	0.852051	200000
C:\Users\isaac\phlag\caster\data\ape.fa	228500	0.433044	0.0308555	0.878786	0.852136	200000
C:\Users\isaac\phlag\caster\data\ape.fa	228600	0.433044	0.0308555	0.878786	0.852136	200000
C:\Users\isaac\phlag\caster\data\ape.fa	228700	0.433044	0.0308555	0.878389	0.852131	200000
C:\Users\isaac\phlag\caster\data\ape.fa	228800	0.433044	0.0308555	0.872436	0.85205	200000
C:\Users\isaac\phlag\caster\data\ape.fa	228900	0.433044	0.0308555	0.866191	0.851964	200000
C:\Users\isaac\phlag\caster\data\ape.fa	229000	0.433044	0.0308555	0.878729	0.852135	200000
C:\Users\isaac\phlag\caster\data\ape.fa	229100	0.433044	0.0310452	0.878729	0.851825	200000
C:\Users\isaac\phlag\caster\data\ape.fa	229200	0.433044	0.0310452	0.878729	0.851825	200000
C:\Users\isaac\phlag\caster\data\ape.fa	229300	0.476818	0.03277	0.875781	0.854759	200000
C:\Users\isaac\phlag\caster\data\ape.fa	229400	0.476818	0.03277	0.878831	0.854792	200000
C:\Users\isaac\phlag\caster\data\ape.fa	229500	0.476818	0.03277	0.873076	0.85473	200000
C:\Users\isaac\phlag\caster\data\ape.fa	229600	0.476818	0.0294764	0.879451	0.860172	200000
C:\Users\isaac\phlag\caster\data\ape.fa	229700	0.476818	0.0294764	0.872892	0.860136	200000
C:\Users\isaac\phlag\caster\data\ape.fa	229800	0.476818	0.0311777	0.872892	0.857334	200000
C:\Users\isaac\phlag\caster\data\ape.fa	229900	0.476818	0.0311777	0.872892	0.857334	200000
C:\Users\isaac\phlag\caster\data\ape.fa	230000	0.476818	0.0311777	0.875991	0.85736	200000
C:\Users\isaac\phlag\caster\data\ape.fa	230100	0.476818	0.0311189	0.869837	0.857405	200000
C:\Users\isaac\phlag\caster\data\ape.fa	230200	0.476818	0.0328572	0.866598	0.854516	200000
C:\Users\isaac\phlag\caster\data\ape.fa	230300	0.476818	0.0328572	0.863596	0.854482	200000
C:\Users\isaac\phlag\caster\data\ape.fa	230400	0.476818	0.0328572	0.858086	0.85442	200000
C:\Users\isaac\phlag\caster\data\ape.fa	230500	0.476818	0.0328572	0.852572	0.854357	200000
C:\Users\isaac\phlag\caster\data\ape.fa	230600	0.476818	0.0328572	0.858588	0.854425	200000
C:\Users\isaac\phlag\caster\data\ape.fa	230700	0.476818	0.0337511	0.858588	0.852949	200000
C:\Users\isaac\phlag\caster\data\ape.fa	230800	0.476818	0.0337511	0.852845	0.852875	200000
C:\Users\isaac\phlag\caster\data\ape.fa	230900	0.498408	0.0337511	0.849684	0.855738	200000
C:\Users\isaac\phlag\caster\data\ape.fa	231000	0.498408	0.0337511	0.849684	0.855738	200000
C:\Users\isaac\phlag\caster\data\ape.fa	231100	0.498408	0.0337511	0.849684	0.855738	200000
C:\Users\isaac\phlag\caster\data\ape.fa	231200	0.477838	0.0337511	0.855731	0.853049	200000
C:\Users\isaac\phlag\caster\data\ape.fa	231300	0.477838	0.0345504	0.855731	0.851729	200000
C:\Users\isaac\phlag\caster\data\ape.fa	231400	0.477838	0.0345504	0.855731	0.851729	200000
C:\Users\isaac\phlag\caster\data\ape.fa	231500	0.477838	0.0345504	0.8496	0.851643	200000
C:\Users\isaac\phlag\caster\data\ape.fa	231600	0.497129	0.0345504	0.8496	0.854237	200000
C:\Users\isaac\phlag\caster\data\ape.fa	231700	0.515077	0.0345504	0.8496	0.856639	200000
C:\Users\isaac\phlag\caster\data\ape.fa	231800	0.515077	0.0345504	0.8496	0.856639	200000
C:\Users\isaac\phlag\caster\data\ape.fa	231900	0.515077	0.0345504	0.860862	0.856741	200000
C:\Users\isaac\phlag\caster\data\ape.fa	232000	0.515077	0.0345504	0.864054	0.856769	200000
C:\Users\isaac\phlag\caster\data\ape.fa	232100	0.515077	0.0354186	0.851192	0.855217	200000
C:\Users\isaac\phlag\caster\data\ape.fa	232200	0.515077	0.0354186	0.851192	0.855217	200000
C:\Users\isaac\phlag\caster\data\ape.fa	232300	0.515077	0.0369658	0.851192	0.85267	200000
C:\Users\isaac\phlag\caster\data\ape.fa	232400	0.515077	0.0369658	0.851192	0.85267	200000
C:\Users\isaac\phlag\caster\data\ape.fa	232500	0.515077	0.0369658	0.854399	0.852712	200000
C:\Users\isaac\phlag\caster\data\ape.fa	232600	0.504842	0.0353526	0.859448	0.854058	200000
C:\Users\isaac\phlag\caster\data\ape.fa	232700	0.5268	0.0353526	0.859448	0.856958	200000
C:\Users\isaac\phlag\caster\data\ape.fa	232800	0.465851	0.0362335	0.864947	0.847521	200000
C:\Users\isaac\phlag\caster\data\ape.fa	232900	0.465851	0.0362335	0.873832	0.84768	200000
C:\Users\isaac\phlag\caster\data\ape.fa	233000	0.465851	0.0362335	0.873832	0.84768	200000
C:\Users\isaac\phlag\caster\data\ape.fa	233100	0.465851	0.0362335	0.88011	0.847791	200000
C:\Users\isaac\phlag\caster\data\ape.fa	233200	0.465851	0.0362335	0.879823	0.847786	200000
C:\Users\isaac\phlag\caster\data\ape.fa	233300	0.465851	0.0362335	0.879823	0.847786	200000
C:\Users\isaac\phlag\caster\data\ape.fa	233400	0.465851	0.0362335	0.886051	0.847895	200000
C:\Users\isaac\phlag\caster\data\ape.fa	233500	0.465851	0.0362335	0.889273	0.84795	200000
C:\Users\isaac\phlag\caster\data\ape.fa	233600	0.465851	0.0362335	0.892176	0.848	200000
C:\Users\isaac\phlag\caster\data\ape.fa	233700	0.465851	0.0354095	0.88886	0.849253	200000
C:\Users\isaac\phlag\caster\data\ape.fa	233800	0.465851	0.0354095	0.892132	0.849305	200000
C:\Users\isaac\phlag\caster\data\ape.fa	233900	0.465851	0.0354095	0.879043	0.849094	200000
C:\Users\isaac\phlag\caster\data\ape.fa	234000	0.465851	0.0354095	0.876205	0.849048	200000
C:\Users\isaac\phlag\caster\data\ape.fa	234100	0.465851	0.0354095	0.876205	0.849048	200000
C:\Users\isaac\phlag\caster\data\ape.fa	234200	0.465851	0.0354095	0.876205	0.849048	200000
C:\Users\isaac\phlag\caster\data\ape.fa	234300	0.445193	0.0354095	0.866402	0.846128	200000
C:\Users\isaac\phlag\caster\data\ape.fa	234400	0.445193	0.0354095	0.872396	0.846244	200000
C:\Users\isaac\phlag\caster\data\ape.fa	234500	0.445193	0.0354095	0.878012	0.846352	200000
C:\Users\isaac\phlag\caster\data\ape.fa	234600	0.445193	0.0354095	0.881126	0.846411	200000
C:\Users\isaac\phlag\caster\data\ape.fa	234700	0.424092	0.0354095	0.878018	0.843551	200000
C:\Users\isaac\phlag\caster\data\ape.fa	234800	0.424092	0.0388711	0.878018	0.838021	200000
C:\Users\isaac\phlag\caster\data\ape.fa	234900	0.424092	0.0388711	0.878018	0.838021	200000
C:\Users\isaac\phlag\caster\data\ape.fa	235000	0.424092	0.0388711	0.871975	0.837856	200000
C:\Users\isaac\phlag\caster\data\ape.fa	235100	0.424092	0.0388711	0.871975	0.837856	200000
C:\Users\isaac\phlag\caster\data\ape.fa	235200	0.424092	0.0388711	0.87887	0.838044	200000
C:\Users\isaac\phlag\caster\data\ape.fa	235300	0.424092	0.0388711	0.87887	0.838044	200000
C:\Users\isaac\phlag\caster\data\ape.fa	235400	0.424092	0.0403921	0.87887	0.835638	200000
C:\Users\isaac\phlag\caster\data\ape.fa	235500	0.424092	0.0403921	0.87267	0.835455	200000
C:\Users\isaac\phlag\caster\data\ape.fa	235600	0.424092	0.0403921	0.87267	0.835455	200000
C:\Users\isaac\phlag\caster\data\ape.fa	235700	0.424092	0.0403921	0.87267	0.835455	200000
C:\Users\isaac\phlag\caster\data\ape.fa	235800	0.424092	0.0403921	0.868898	0.835342	200000
C:\Users\isaac\phlag\caster\data\ape.fa	235900	0.424092	0.0403921	0.86596	0.835254	200000
C:\Users\isaac\phlag\caster\data\ape.fa	236000	0.424092	0.0403921	0.86596	0.835254	200000
C:\Users\isaac\phlag\caster\data\ape.fa	236100	0.424092	0.0403921	0.87881	0.835636	200000
C:\Users\isaac\phlag\caster\data\ape.fa	236200	0.424092	0.0403921	0.872829	0.83546	200000
C:\Users\isaac\phlag\caster\data\ape.fa	236300	0.402032	0.0403921	0.875641	0.832591	200000
C:\Users\isaac\phlag\caster\data\ape.fa	236400	0.402032	0.0403912	0.875641	0.832592	200000
C:\Users\isaac\phlag\caster\data\ape.fa	236500	0.402032	0.0403912	0.882382	0.83281	200000
C:\Users\isaac\phlag\caster\data\ape.fa	236600	0.402032	0.0413338	0.882382	0.831331	200000
C:\Users\isaac\phlag\caster\data\ape.fa	236700	0.402032	0.0381175	0.879264	0.836309	200000
C:\Users\isaac\phlag\caster\data\ape.fa	236800	0.402032	0.0397225	0.879264	0.833765	200000
C:\Users\isaac\phlag\caster\data\ape.fa	236900	0.402032	0.0397225	0.872803	0.833562	200000
C:\Users\isaac\phlag\caster\data\ape.fa	237000	0.402032	0.0397225	0.869766	0.833466	200000
C:\Users\isaac\phlag\caster\data\ape.fa	237100	0.402032	0.0413867	0.866784	0.830717	200000
C:\Users\isaac\phlag\caster\data\ape.fa	237200	0.391415	0.0413867	0.865171	0.829219	200000
C:\Users\isaac\phlag\caster\data\ape.fa	237300	0.391415	0.0413867	0.876524	0.829624	200000
C:\Users\isaac\phlag\caster\data\ape.fa	237400	0.391415	0.0413867	0.876524	0.829624	200000
C:\Users\isaac\phlag\caster\data\ape.fa	237500	0.369583	0.0413867	0.882546	0.826908	200000
C:\Users\isaac\phlag\caster\data\ape.fa	237600	0.369583	0.0421578	0.88831	0.825926	200000
C:\Users\isaac\phlag\caster\data\ape.fa	237700	0.369583	0.0387178	0.8817	0.831078	200000
C:\Users\isaac\phlag\caster\data\ape.fa	237800	0.369583	0.0387178	0.8817	0.831078	200000
C:\Users\isaac\phlag\caster\data\ape.fa	237900	0.369583	0.0387178	0.8817	0.831078	200000
C:\Users\isaac\phlag\caster\data\ape.fa	238000	0.369583	0.0387178	0.8817	0.831078	200000
C:\Users\isaac\phlag\caster\data\ape.fa	238100	0.39183	0.0387178	0.8817	0.834065	200000
C:\Users\isaac\phlag\caster\data\ape.fa	238200	0.413629	0.0387178	0.888234	0.837156	200000
C:\Users\isaac\phlag\caster\data\ape.fa	238300	0.413629	0.0387178	0.893775	0.837308	200000
C:\Users\isaac\phlag\caster\data\ape.fa	238400	0.390272	0.0387178	0.894237	0.834243	200000
C:\Users\isaac\phlag\caster\data\ape.fa	238500	0.390272	0.0387178	0.897825	0.834352	200000
C:\Users\isaac\phlag\caster\data\ape.fa	238600	0.390272	0.0387178	0.901573	0.834465	200000
C:\Users\isaac\phlag\caster\data\ape.fa	238700	0.390272	0.0387178	0.904734	0.83456	200000
C:\Users\isaac\phlag\caster\data\ape.fa	238800	0.390272	0.0387178	0.91088	0.834742	200000
C:\Users\isaac\phlag\caster\data\ape.fa	238900	0.412336	0.0387178	0.924948	0.837974	200000
C:\Users\isaac\phlag\caster\data\ape.fa	239000	0.431925	0.0387178	0.924948	0.840465	200000
C:\Users\isaac\phlag\caster\data\ape.fa	239100	0.431925	0.0387178	0.927862	0.840534	200000
C:\Users\isaac\phlag\caster\data\ape.fa	239200	0.431925	0.0394901	0.927862	0.839364	200000
C:\Users\isaac\phlag\caster\data\ape.fa	239300	0.431925	0.0394901	0.912065	0.83897	200000
C:\Users\isaac\phlag\caster\data\ape.fa	239400	0.431925	0.0378577	0.905968	0.841342	200000
C:\Users\isaac\phlag\caster\data\ape.fa	239500	0.431925	0.0378577	0.911946	0.84148	200000
C:\Users\isaac\phlag\caster\data\ape.fa	239600	0.410339	0.0378577	0.911946	0.838699	200000
C:\Users\isaac\phlag\caster\data\ape.fa	239700	0.410339	0.0347472	0.911946	0.843527	200000
C:\Users\isaac\phlag\caster\data\ape.fa	239800	0.410339	0.0347472	0.901881	0.843311	200000
C:\Users\isaac\phlag\caster\data\ape.fa	239900	0.410339	0.0355649	0.895797	0.841885	200000
C:\Users\isaac\phlag\caster\data\ape.fa	240000	0.410339	0.0355649	0.905546	0.842108	200000
C:\Users\isaac\phlag\caster\data\ape.fa	240100	0.410339	0.0355649	0.905796	0.842114	200000
C:\Users\isaac\phlag\caster\data\ape.fa	240200	0.410339	0.0372496	0.912093	0.839642	200000
C:\Users\isaac\phlag\caster\data\ape.fa	240300	0.476937	0.0372496	0.909028	0.848117	200000
C:\Users\isaac\phlag\caster\data\ape.fa	240400	0.476937	0.0372496	0.909028	0.848117	200000
C:\Users\isaac\phlag\caster\data\ape.fa	240500	0.476937	0.0372496	0.912209	0.84817	200000
C:\Users\isaac\phlag\caster\data\ape.fa	240600	0.497738	0.0372496	0.918335	0.850886	200000
C:\Users\isaac\phlag\caster\data\ape.fa	240700	0.476093	0.0372496	0.915147	0.848112	200000
C:\Users\isaac\phlag\caster\data\ape.fa	240800	0.457368	0.0374251	0.920536	0.845569	200000
C:\Users\isaac\phlag\caster\data\ape.fa	240900	0.457368	0.0374251	0.917714	0.845515	200000
C:\Users\isaac\phlag\caster\data\ape.fa	241000	0.457368	0.0374251	0.925897	0.84567	200000
C:\Users\isaac\phlag\caster\data\ape.fa	241100	0.457368	0.0374251	0.919633	0.845552	200000
C:\Users\isaac\phlag\caster\data\ape.fa	241200	0.457368	0.0391129	0.916761	0.842906	200000
C:\Users\isaac\phlag\caster\data\ape.fa	241300	0.43712	0.0391129	0.916761	0.840329	200000
C:\Users\isaac\phlag\caster\data\ape.fa	241400	0.43712	0.0391129	0.916762	0.840329	200000
C:\Users\isaac\phlag\caster\data\ape.fa	241500	0.43712	0.0391129	0.91114	0.840194	200000
C:\Users\isaac\phlag\caster\data\ape.fa	241600	0.43712	0.0391129	0.913837	0.840258	200000
C:\Users\isaac\phlag\caster\data\ape.fa	241700	0.4586	0.0391129	0.919909	0.843129	200000
C:\Users\isaac\phlag\caster\data\ape.fa	241800	0.417585	0.0360943	0.917089	0.842479	200000
C:\Users\isaac\phlag\caster\data\ape.fa	241900	0.417585	0.0360943	0.917089	0.842479	200000
C:\Users\isaac\phlag\caster\data\ape.fa	242000	0.417585	0.0323929	0.920019	0.848288	200000
C:\Users\isaac\phlag\caster\data\ape.fa	242100	0.417585	0.0326815	0.931783	0.848036	200000
C:\Users\isaac\phlag\caster\data\ape.fa	242200	0.417585	0.0318823	0.934935	0.84932	200000
C:\Users\isaac\phlag\caster\data\ape.fa	242300	0.417585	0.0318823	0.934935	0.84932	200000
C:\Users\isaac\phlag\caster\data\ape.fa	242400	0.417585	0.0350911	0.934935	0.844395	200000
C:\Users\isaac\phlag\caster\data\ape.fa	242500	0.417585	0.0376063	0.934935	0.840572	200000
C:\Users\isaac\phlag\caster\data\ape.fa	242600	0.417585	0.0376063	0.941319	0.840721	200000
C:\Users\isaac\phlag\caster\data\ape.fa	242700	0.417585	0.0376063	0.941319	0.840721	200000
C:\Users\isaac\phlag\caster\data\ape.fa	242800	0.417585	0.0376063	0.941319	0.840721	200000
C:\Users\isaac\phlag\caster\data\ape.fa	242900	0.417585	0.0376063	0.942635	0.840751	200000
C:\Users\isaac\phlag\caster\data\ape.fa	243000	0.438933	0.0376063	0.932859	0.843214	200000
C:\Users\isaac\phlag\caster\data\ape.fa	243100	0.463366	0.0376063	0.932859	0.846274	200000
C:\Users\isaac\phlag\caster\data\ape.fa	243200	0.485825	0.0376063	0.926573	0.848971	200000
C:\Users\isaac\phlag\caster\data\ape.fa	243300	0.507286	0.0376063	0.926573	0.851641	200000
C:\Users\isaac\phlag\caster\data\ape.fa	243400	0.507286	0.0376063	0.915705	0.851498	200000
C:\Users\isaac\phlag\caster\data\ape.fa	243500	0.507286	0.0367494	0.912711	0.852783	200000
C:\Users\isaac\phlag\caster\data\ape.fa	243600	0.507286	0.0367494	0.9089	0.852737	200000
C:\Users\isaac\phlag\caster\data\ape.fa	243700	0.507286	0.0367494	0.9089	0.852737	200000
C:\Users\isaac\phlag\caster\data\ape.fa	243800	0.507286	0.0351519	0.9089	0.855228	200000
C:\Users\isaac\phlag\caster\data\ape.fa	243900	0.48467	0.0351519	0.9089	0.852365	200000
C:\Users\isaac\phlag\caster\data\ape.fa	244000	0.504556	0.0351519	0.9089	0.854883	200000
C:\Users\isaac\phlag\caster\data\ape.fa	244100	0.504556	0.0351519	0.914922	0.854945	200000
C:\Users\isaac\phlag\caster\data\ape.fa	244200	0.524028	0.0351519	0.91171	0.857358	200000
C:\Users\isaac\phlag\caster\data\ape.fa	244300	0.524028	0.0351519	0.914743	0.857382	200000
C:\Users\isaac\phlag\caster\data\ape.fa	244400	0.524028	0.0351519	0.908377	0.857331	200000
C:\Users\isaac\phlag\caster\data\ape.fa	244500	0.524028	0.0351519	0.908377	0.857331	200000
C:\Users\isaac\phlag\caster\data\ape.fa	244600	0.535051	0.0316671	0.913623	0.864208	200000
C:\Users\isaac\phlag\caster\data\ape.fa	244700	0.523919	0.0316671	0.918243	0.862831	200000
C:\Users\isaac\phlag\caster\data\ape.fa	244800	0.499915	0.0316671	0.912117	0.859798	200000
C:\Users\isaac\phlag\caster\data\ape.fa	244900	0.499915	0.0299337	0.912117	0.862542	200000
C:\Users\isaac\phlag\caster\data\ape.fa	245000	0.491519	0.0299337	0.91088	0.861478	200000
C:\Users\isaac\phlag\caster\data\ape.fa	245100	0.491519	0.0299337	0.907718	0.861465	200000
C:\Users\isaac\phlag\caster\data\ape.fa	245200	0.491519	0.0299337	0.907718	0.861465	200000
C:\Users\isaac\phlag\caster\data\ape.fa	245300	0.491519	0.0299337	0.907718	0.861465	200000
C:\Users\isaac\phlag\caster\data\ape.fa	245400	0.481128	0.0299337	0.909602	0.860154	200000
C:\Users\isaac\phlag\caster\data\ape.fa	245500	0.481128	0.0299337	0.909707	0.860155	200000
C:\Users\isaac\phlag\caster\data\ape.fa	245600	0.481128	0.0299337	0.909707	0.860155	200000
C:\Users\isaac\phlag\caster\data\ape.fa	245700	0.481128	0.0299337	0.9157	0.860187	200000
C:\Users\isaac\phlag\caster\data\ape.fa	245800	0.503301	0.030803	0.921658	0.861629	200000
C:\Users\isaac\phlag\caster\data\ape.fa	245900	0.52293	0.030803	0.908423	0.86405	200000
C:\Users\isaac\phlag\caster\data\ape.fa	246000	0.534155	0.0299604	0.906848	0.866801	200000
C:\Users\isaac\phlag\caster\data\ape.fa	246100	0.517928	0.0299604	0.906848	0.86476	200000
C:\Users\isaac\phlag\caster\data\ape.fa	246200	0.517928	0.0299604	0.919275	0.864772	200000
C:\Users\isaac\phlag\caster\data\ape.fa	246300	0.517928	0.0299604	0.919275	0.864772	200000
C:\Users\isaac\phlag\caster\data\ape.fa	246400	0.517928	0.0299604	0.912851	0.864766	200000
C:\Users\isaac\phlag\caster\data\ape.fa	246500	0.517928	0.0299604	0.912851	0.864766	200000
C:\Users\isaac\phlag\caster\data\ape.fa	246600	0.517928	0.0299604	0.926841	0.86478	200000
C:\Users\isaac\phlag\caster\data\ape.fa	246700	0.517928	0.0299604	0.926841	0.86478	200000
C:\Users\isaac\phlag\caster\data\ape.fa	246800	0.517928	0.0299604	0.926841	0.86478	200000
C:\Users\isaac\phlag\caster\data\ape.fa	246900	0.517928	0.0299604	0.926878	0.86478	200000
C:\Users\isaac\phlag\caster\data\ape.fa	247000	0.54087	0.0299604	0.926878	0.867609	200000
C:\Users\isaac\phlag\caster\data\ape.fa	247100	0.54087	0.0299604	0.932493	0.867599	200000
C:\Users\isaac\phlag\caster\data\ape.fa	247200	0.49717	0.0299604	0.932493	0.862224	200000
C:\Users\isaac\phlag\caster\data\ape.fa	247300	0.49717	0.0299604	0.92981	0.862215	200000
C:\Users\isaac\phlag\caster\data\ape.fa	247400	0.49717	0.0299604	0.941691	0.862254	200000
C:\Users\isaac\phlag\caster\data\ape.fa	247500	0.49717	0.0299604	0.935624	0.862234	200000
C:\Users\isaac\phlag\caster\data\ape.fa	247600	0.49717	0.0299604	0.935567	0.862234	200000
C:\Users\isaac\phlag\caster\data\ape.fa	247700	0.49717	0.0299604	0.935567	0.862234	200000
C:\Users\isaac\phlag\caster\data\ape.fa	247800	0.49717	0.0299604	0.941629	0.862254	200000
C:\Users\isaac\phlag\caster\data\ape.fa	247900	0.49717	0.0299604	0.941629	0.862254	200000
C:\Users\isaac\phlag\caster\data\ape.fa	248000	0.49717	0.0299553	0.941629	0.862262	200000
C:\Users\isaac\phlag\caster\data\ape.fa	248100	0.49717	0.030018	0.935894	0.862145	200000
C:\Users\isaac\phlag\caster\data\ape.fa	248200	0.49717	0.030018	0.934009	0.862139	200000
C:\Users\isaac\phlag\caster\data\ape.fa	248300	0.49717	0.030018	0.934009	0.862139	200000
C:\Users\isaac\phlag\caster\data\ape.fa	248400	0.49717	0.031779	0.934009	0.859408	200000
C:\Users\isaac\phlag\caster\data\ape.fa	248500	0.49717	0.0309702	0.932107	0.860651	200000
C:\Users\isaac\phlag\caster\data\ape.fa	248600	0.49717	0.0309702	0.932107	0.860651	200000
C:\Users\isaac\phlag\caster\data\ape.fa	248700	0.49717	0.031837	0.932107	0.859307	200000
C:\Users\isaac\phlag\caster\data\ape.fa	248800	0.49717	0.031837	0.925181	0.859265	200000
C:\Users\isaac\phlag\caster\data\ape.fa	248900	0.506586	0.0309785	0.929017	0.861791	200000
C:\Users\isaac\phlag\caster\data\ape.fa	249000	0.493754	0.027783	0.918507	0.865198	200000
C:\Users\isaac\phlag\caster\data\ape.fa	249100	0.471858	0.027783	0.918507	0.862441	200000
C:\Users\isaac\phlag\caster\data\ape.fa	249200	0.471858	0.026291	0.918507	0.86482	200000
C:\Users\isaac\phlag\caster\data\ape.fa	249300	0.471858	0.026291	0.925027	0.864826	200000
C:\Users\isaac\phlag\caster\data\ape.fa	249400	0.471858	0.026291	0.925027	0.864826	200000
C:\Users\isaac\phlag\caster\data\ape.fa	249500	0.471858	0.026291	0.93431	0.864835	200000
C:\Users\isaac\phlag\caster\data\ape.fa	249600	0.471858	0.026291	0.93431	0.864835	200000
C:\Users\isaac\phlag\caster\data\ape.fa	249700	0.471858	0.026291	0.940127	0.86484	200000
C:\Users\isaac\phlag\caster\data\ape.fa	249800	0.471858	0.026291	0.927062	0.864828	200000
C:\Users\isaac\phlag\caster\data\ape.fa	249900	0.482391	0.0271205	0.928847	0.864834	200000
C:\Users\isaac\phlag\caster\data\ape.fa	250000	0.482391	0.0271205	0.928847	0.864834	200000
C:\Users\isaac\phlag\caster\data\ape.fa	250100	0.482391	0.0271205	0.922576	0.864828	200000
C:\Users\isaac\phlag\caster\data\ape.fa	250200	0.482391	0.0271205	0.922576	0.864828	200000
C:\Users\isaac\phlag\caster\data\ape.fa	250300	0.482391	0.0271205	0.928799	0.864834	200000
C:\Users\isaac\phlag\caster\data\ape.fa	250400	0.482391	0.0271205	0.928799	0.864834	200000
C:\Users\isaac\phlag\caster\data\ape.fa	250500	0.482391	0.0271205	0.928799	0.864834	200000
C:\Users\isaac\phlag\caster\data\ape.fa	250600	0.482391	0.0271205	0.928799	0.864834	200000
C:\Users\isaac\phlag\caster\data\ape.fa	250700	0.482391	0.0263269	0.928858	0.866088	200000
C:\Users\isaac\phlag\caster\data\ape.fa	250800	0.482391	0.0247906	0.917374	0.868557	200000
C:\Users\isaac\phlag\caster\data\ape.fa	250900	0.462562	0.0247906	0.917374	0.86605	200000
C:\Users\isaac\phlag\caster\data\ape.fa	251000	0.462562	0.0247906	0.921629	0.866049	200000
C:\Users\isaac\phlag\caster\data\ape.fa	251100	0.462562	0.0239727	0.924545	0.867358	200000
C:\Users\isaac\phlag\caster\data\ape.fa	251200	0.462562	0.0239727	0.924545	0.867358	200000
C:\Users\isaac\phlag\caster\data\ape.fa	251300	0.462562	0.0239727	0.927665	0.867353	200000
C:\Users\isaac\phlag\caster\data\ape.fa	251400	0.462562	0.0239727	0.93347	0.867345	200000
C:\Users\isaac\phlag\caster\data\ape.fa	251500	0.462562	0.0239727	0.927039	0.867354	200000
C:\Users\isaac\phlag\caster\data\ape.fa	251600	0.462562	0.0239727	0.930024	0.86735	200000
C:\Users\isaac\phlag\caster\data\ape.fa	251700	0.462562	0.022245	0.930024	0.870114	200000
C:\Users\isaac\phlag\caster\data\ape.fa	251800	0.462562	0.022245	0.933208	0.870101	200000
C:\Users\isaac\phlag\caster\data\ape.fa	251900	0.462562	0.0214041	0.939627	0.871414	200000
C:\Users\isaac\phlag\caster\data\ape.fa	252000	0.462562	0.0214041	0.946019	0.87138	200000
C:\Users\isaac\phlag\caster\data\ape.fa	252100	0.462562	0.0214041	0.94601	0.87138	200000
C:\Users\isaac\phlag\caster\data\ape.fa	252200	0.462562	0.0214041	0.94601	0.87138	200000
C:\Users\isaac\phlag\caster\data\ape.fa	252300	0.483461	0.0214041	0.94601	0.873951	200000
C:\Users\isaac\phlag\caster\data\ape.fa	252400	0.483461	0.0196682	0.949207	0.876678	200000
C:\Users\isaac\phlag\caster\data\ape.fa	252500	0.483461	0.0196682	0.949207	0.876678	200000
C:\Users\isaac\phlag\caster\data\ape.fa	252600	0.461217	0.0196682	0.949013	0.873951	200000
C:\Users\isaac\phlag\caster\data\ape.fa	252700	0.461217	0.0187421	0.949013	0.875426	200000
C:\Users\isaac\phlag\caster\data\ape.fa	252800	0.439451	0.0187421	0.942733	0.872781	200000
C:\Users\isaac\phlag\caster\data\ape.fa	252900	0.439451	0.0187421	0.936546	0.872822	200000
C:\Users\isaac\phlag\caster\data\ape.fa	253000	0.439451	0.0187421	0.930139	0.872865	200000
C:\Users\isaac\phlag\caster\data\ape.fa	253100	0.418085	0.0162166	0.930139	0.874285	200000
C:\Users\isaac\phlag\caster\data\ape.fa	253200	0.418085	0.0161682	0.930139	0.874365	200000
C:\Users\isaac\phlag\caster\data\ape.fa	253300	0.418085	0.0161682	0.931422	0.874354	200000
C:\Users\isaac\phlag\caster\data\ape.fa	253400	0.418085	0.0151878	0.931422	0.875963	200000
C:\Users\isaac\phlag\caster\data\ape.fa	253500	0.374813	0.0151878	0.926412	0.870472	200000
C:\Users\isaac\phlag\caster\data\ape.fa	253600	0.374813	0.0151878	0.919952	0.870502	200000
C:\Users\isaac\phlag\caster\data\ape.fa	253700	0.374813	0.0151878	0.913539	0.870531	200000
C:\Users\isaac\phlag\caster\data\ape.fa	253800	0.374813	0.0151878	0.913539	0.870531	200000
C:\Users\isaac\phlag\caster\data\ape.fa	253900	0.374813	0.0151878	0.913539	0.870531	200000
C:\Users\isaac\phlag\caster\data\ape.fa	254000	0.374813	0.0151878	0.913539	0.870531	200000
C:\Users\isaac\phlag\caster\data\ape.fa	254100	0.374813	0.0151878	0.913539	0.870531	200000
C:\Users\isaac\phlag\caster\data\ape.fa	254200	0.374813	0.0151878	0.913539	0.870531	200000
C:\Users\isaac\phlag\caster\data\ape.fa	254300	0.365187	0.0160941	0.912121	0.867763	200000
C:\Users\isaac\phlag\caster\data\ape.fa	254400	0.365187	0.0160941	0.918695	0.86775	200000
C:\Users\isaac\phlag\caster\data\ape.fa	254500	0.365187	0.0160941	0.918695	0.86775	200000
C:\Users\isaac\phlag\caster\data\ape.fa	254600	0.354909	0.0160941	0.914154	0.866413	200000
C:\Users\isaac\phlag\caster\data\ape.fa	254700	0.354909	0.0160941	0.923787	0.866407	200000
C:\Users\isaac\phlag\caster\data\ape.fa	254800	0.354909	0.0160941	0.923787	0.866407	200000
C:\Users\isaac\phlag\caster\data\ape.fa	254900	0.354909	0.0160941	0.92333	0.866408	200000
C:\Users\isaac\phlag\caster\data\ape.fa	255000	0.354909	0.0144525	0.932693	0.869096	200000
C:\Users\isaac\phlag\caster\data\ape.fa	255100	0.354909	0.0144525	0.932693	0.869096	200000
C:\Users\isaac\phlag\caster\data\ape.fa	255200	0.354909	0.0144525	0.93752	0.869081	200000
C:\Users\isaac\phlag\caster\data\ape.fa	255300	0.378312	0.0144525	0.934467	0.872089	200000
C:\Users\isaac\phlag\caster\data\ape.fa	255400	0.378312	0.0144525	0.940552	0.872053	200000
C:\Users\isaac\phlag\caster\data\ape.fa	255500	0.378312	0.0144525	0.948042	0.872008	200000
C:\Users\isaac\phlag\caster\data\ape.fa	255600	0.378312	0.0144525	0.948041	0.872008	200000
C:\Users\isaac\phlag\caster\data\ape.fa	255700	0.378312	0.0144525	0.938693	0.872064	200000
C:\Users\isaac\phlag\caster\data\ape.fa	255800	0.358675	0.0144525	0.932169	0.869583	200000
C:\Users\isaac\phlag\caster\data\ape.fa	255900	0.358675	0.0109643	0.932666	0.87536	200000
C:\Users\isaac\phlag\caster\data\ape.fa	256000	0.358675	0.00855428	0.932666	0.879396	200000
C:\Users\isaac\phlag\caster\data\ape.fa	256100	0.358675	0.00855428	0.933003	0.879391	200000
C:\Users\isaac\phlag\caster\data\ape.fa	256200	0.337685	0.00855428	0.944251	0.876565	200000
C:\Users\isaac\phlag\caster\data\ape.fa	256300	0.337685	0.00685196	0.95487	0.879264	200000
C:\Users\isaac\phlag\caster\data\ape.fa	256400	0.337685	0.00685196	0.95487	0.879264	200000
C:\Users\isaac\phlag\caster\data\ape.fa	256500	0.337685	0.00603066	0.957936	0.880582	200000
C:\Users\isaac\phlag\caster\data\ape.fa	256600	0.377169	0.00603066	0.957767	0.885543	200000
C:\Users\isaac\phlag\caster\data\ape.fa	256700	0.377169	0.00603066	0.972211	0.885272	200000
C:\Users\isaac\phlag\caster\data\ape.fa	256800	0.377169	0.00603066	0.972211	0.885272	200000
C:\Users\isaac\phlag\caster\data\ape.fa	256900	0.377169	0.00688748	0.972211	0.883876	200000
C:\Users\isaac\phlag\caster\data\ape.fa	257000	0.377169	0.00688748	0.972211	0.883876	200000
C:\Users\isaac\phlag\caster\data\ape.fa	257100	0.377169	0.00688748	0.971801	0.883883	200000
C:\Users\isaac\phlag\caster\data\ape.fa	257200	0.398505	0.00688748	0.971801	0.886505	200000
C:\Users\isaac\phlag\caster\data\ape.fa	257300	0.42045	0.00688748	0.978279	0.889043	200000
C:\Users\isaac\phlag\caster\data\ape.fa	257400	0.42045	0.00688748	0.981449	0.888974	200000
C:\Users\isaac\phlag\caster\data\ape.fa	257500	0.42045	0.00872238	0.981449	0.886025	200000
C:\Users\isaac\phlag\caster\data\ape.fa	257600	0.42045	0.00872238	0.981449	0.886025	200000
C:\Users\isaac\phlag\caster\data\ape.fa	257700	0.42045	0.00872238	0.981706	0.88602	200000
C:\Users\isaac\phlag\caster\data\ape.fa	257800	0.42045	0.00872238	0.984837	0.885961	200000
C:\Users\isaac\phlag\caster\data\ape.fa	257900	0.439377	0.00801166	0.984837	0.889369	200000
C:\Users\isaac\phlag\caster\data\ape.fa	258000	0.438273	0.00801166	0.984837	0.889237	200000
C:\Users\isaac\phlag\caster\data\ape.fa	258100	0.438273	0.00888572	0.978428	0.887972	200000
C:\Users\isaac\phlag\caster\data\ape.fa	258200	0.438273	0.00888572	0.981658	0.887905	200000
C:\Users\isaac\phlag\caster\data\ape.fa	258300	0.438273	0.00888572	0.994015	0.887654	200000
C:\Users\isaac\phlag\caster\data\ape.fa	258400	0.438273	0.00888572	0.980534	0.887928	200000
C:\Users\isaac\phlag\caster\data\ape.fa	258500	0.459212	0.00888572	0.980534	0.890438	200000
C:\Users\isaac\phlag\caster\data\ape.fa	258600	0.438204	0.0104296	0.980534	0.885452	200000
C:\Users\isaac\phlag\caster\data\ape.fa	258700	0.438204	0.0112453	0.980534	0.884154	200000
C:\Users\isaac\phlag\caster\data\ape.fa	258800	0.438204	0.0112453	0.980534	0.884154	200000
C:\Users\isaac\phlag\caster\data\ape.fa	258900	0.438204	0.0112453	0.986381	0.884055	200000
C:\Users\isaac\phlag\caster\data\ape.fa	259000	0.438204	0.0112453	0.989256	0.884007	200000
C:\Users\isaac\phlag\caster\data\ape.fa	259100	0.438204	0.0112453	0.983245	0.884108	200000
C:\Users\isaac\phlag\caster\data\ape.fa	259200	0.438204	0.0112453	0.983245	0.884108	200000
C:\Users\isaac\phlag\caster\data\ape.fa	259300	0.43824	0.0112453	0.993936	0.883933	200000
C:\Users\isaac\phlag\caster\data\ape.fa	259400	0.459245	0.0112453	0.999998	0.886308	200000
C:\Users\isaac\phlag\caster\data\ape.fa	259500	0.459245	0.0112453	0.999998	0.886308	200000
C:\Users\isaac\phlag\caster\data\ape.fa	259600	0.459245	0.0112453	1	0.886308	200000
C:\Users\isaac\phlag\caster\data\ape.fa	259700	0.480767	0.0112453	0.996944	0.888894	200000
C:\Users\isaac\phlag\caster\data\ape.fa	259800	0.501756	0.0112453	0.996944	0.891346	200000
C:\Users\isaac\phlag\caster\data\ape.fa	259900	0.480297	0.0112453	0.983842	0.889116	200000
C:\Users\isaac\phlag\caster\data\ape.fa	260000	0.44117	0.0112453	0.983842	0.884453	200000
C:\Users\isaac\phlag\caster\data\ape.fa	260100	0.44117	0.0112453	0.983842	0.884453	200000
C:\Users\isaac\phlag\caster\data\ape.fa	260200	0.44117	0.0112453	0.983842	0.884453	200000
C:\Users\isaac\phlag\caster\data\ape.fa	260300	0.44117	0.0112453	0.983842	0.884453	200000
C:\Users\isaac\phlag\caster\data\ape.fa	260400	0.44117	0.0112453	0.983842	0.884453	200000
C:\Users\isaac\phlag\caster\data\ape.fa	260500	0.44117	0.0112453	0.98082	0.884505	200000
C:\Users\isaac\phlag\caster\data\ape.fa	260600	0.44117	0.0105857	0.988067	0.885423	200000
C:\Users\isaac\phlag\caster\data\ape.fa	260700	0.44117	0.0105857	0.988067	0.885423	200000
C:\Users\isaac\phlag\caster\data\ape.fa	260800	0.464504	0.0122415	0.988067	0.885587	200000
C:\Users\isaac\phlag\caster\data\ape.fa	260900	0.464504	0.0122415	0.988067	0.885587	200000
C:\Users\isaac\phlag\caster\data\ape.fa	261000	0.464504	0.0155391	0.988067	0.88043	200000
C:\Users\isaac\phlag\caster\data\ape.fa	261100	0.464504	0.0155391	0.988067	0.88043	200000
C:\Users\isaac\phlag\caster\data\ape.fa	261200	0.464504	0.0155391	0.981783	0.880514	200000
C:\Users\isaac\phlag\caster\data\ape.fa	261300	0.464504	0.0136998	0.978755	0.88345	200000
C:\Users\isaac\phlag\caster\data\ape.fa	261400	0.464504	0.0136998	0.978755	0.88345	200000
C:\Users\isaac\phlag\caster\data\ape.fa	261500	0.464504	0.0136998	0.979028	0.883445	200000
C:\Users\isaac\phlag\caster\data\ape.fa	261600	0.464504	0.0136998	0.971797	0.883563	200000
C:\Users\isaac\phlag\caster\data\ape.fa	261700	0.464504	0.0145011	0.974463	0.882251	200000
C:\Users\isaac\phlag\caster\data\ape.fa	261800	0.464504	0.0145011	0.981246	0.882149	200000
C:\Users\isaac\phlag\caster\data\ape.fa	261900	0.464504	0.0145011	0.987521	0.882055	200000
C:\Users\isaac\phlag\caster\data\ape.fa	262000	0.464504	0.0137822	0.993107	0.883091	200000
C:\Users\isaac\phlag\caster\data\ape.fa	262100	0.464504	0.0137822	0.993158	0.88309	200000
C:\Users\isaac\phlag\caster\data\ape.fa	262200	0.464504	0.0137822	0.993158	0.88309	200000
C:\Users\isaac\phlag\caster\data\ape.fa	262300	0.464504	0.0107205	0.993158	0.887883	200000
C:\Users\isaac\phlag\caster\data\ape.fa	262400	0.464504	0.0107205	0.993158	0.887883	200000
C:\Users\isaac\phlag\caster\data\ape.fa	262500	0.464504	0.0107205	0.993158	0.887883	200000
C:\Users\isaac\phlag\caster\data\ape.fa	262600	0.464504	0.0107205	0.993301	0.88788	200000
C:\Users\isaac\phlag\caster\data\ape.fa	262700	0.464504	0.0107205	0.996324	0.887819	200000
C:\Users\isaac\phlag\caster\data\ape.fa	262800	0.464504	0.0107205	0.993103	0.887884	200000
C:\Users\isaac\phlag\caster\data\ape.fa	262900	0.464504	0.0107205	0.98658	0.888016	200000
C:\Users\isaac\phlag\caster\data\ape.fa	263000	0.464504	0.00986879	0.98658	0.889366	200000
C:\Users\isaac\phlag\caster\data\ape.fa	263100	0.464504	0.00986879	0.98658	0.889366	200000
C:\Users\isaac\phlag\caster\data\ape.fa	263200	0.464504	0.00986879	0.980046	0.889509	200000
C:\Users\isaac\phlag\caster\data\ape.fa	263300	0.464504	0.0133028	0.989746	0.883894	200000
C:\Users\isaac\phlag\caster\data\ape.fa	263400	0.464504	0.0197476	0.98343	0.873967	200000
C:\Users\isaac\phlag\caster\data\ape.fa	263500	0.464504	0.0197476	0.992973	0.873897	200000
C:\Users\isaac\phlag\caster\data\ape.fa	263600	0.464504	0.0197476	0.986983	0.87394	200000
C:\Users\isaac\phlag\caster\data\ape.fa	263700	0.464504	0.0222776	0.974544	0.870123	200000
C:\Users\isaac\phlag\caster\data\ape.fa	263800	0.44327	0.0222776	0.965504	0.867579	200000
C:\Users\isaac\phlag\caster\data\ape.fa	263900	0.44327	0.0222776	0.968744	0.867574	200000
C:\Users\isaac\phlag\caster\data\ape.fa	264000	0.44327	0.0222776	0.968744	0.867574	200000
C:\Users\isaac\phlag\caster\data\ape.fa	264100	0.44327	0.0230611	0.969189	0.866363	200000
C:\Users\isaac\phlag\caster\data\ape.fa	264200	0.44327	0.0230611	0.974345	0.866361	200000
C:\Users\isaac\phlag\caster\data\ape.fa	264300	0.44327	0.0222134	0.971176	0.867669	200000
C:\Users\isaac\phlag\caster\data\ape.fa	264400	0.44327	0.0221856	0.971176	0.867712	200000
C:\Users\isaac\phlag\caster\data\ape.fa	264500	0.44327	0.0221856	0.96804	0.867718	200000
C:\Users\isaac\phlag\caster\data\ape.fa	264600	0.44327	0.0230266	0.963086	0.86642	200000
C:\Users\isaac\phlag\caster\data\ape.fa	264700	0.44327	0.0230266	0.968432	0.866417	200000
C:\Users\isaac\phlag\caster\data\ape.fa	264800	0.44327	0.0230266	0.962487	0.86642	200000
C:\Users\isaac\phlag\caster\data\ape.fa	264900	0.44327	0.0230266	0.962417	0.86642	200000
C:\Users\isaac\phlag\caster\data\ape.fa	265000	0.424269	0.0230266	0.965514	0.864098	200000
C:\Users\isaac\phlag\caster\data\ape.fa	265100	0.424269	0.0230266	0.968759	0.864103	200000
C:\Users\isaac\phlag\caster\data\ape.fa	265200	0.424269	0.0230266	0.96583	0.864099	200000
C:\Users\isaac\phlag\caster\data\ape.fa	265300	0.424269	0.0230266	0.972253	0.864109	200000
C:\Users\isaac\phlag\caster\data\ape.fa	265400	0.424269	0.0230266	0.975254	0.864114	200000
C:\Users\isaac\phlag\caster\data\ape.fa	265500	0.424269	0.0230266	0.975254	0.864114	200000
C:\Users\isaac\phlag\caster\data\ape.fa	265600	0.424269	0.0230266	0.975254	0.864114	200000
C:\Users\isaac\phlag\caster\data\ape.fa	265700	0.424269	0.0230266	0.975254	0.864114	200000
C:\Users\isaac\phlag\caster\data\ape.fa	265800	0.442771	0.0230266	0.975254	0.866353	200000
C:\Users\isaac\phlag\caster\data\ape.fa	265900	0.42241	0.0230266	0.975254	0.863888	200000
C:\Users\isaac\phlag\caster\data\ape.fa	266000	0.42241	0.0230266	0.975256	0.863888	200000
C:\Users\isaac\phlag\caster\data\ape.fa	266100	0.42241	0.0230266	0.978351	0.863893	200000
C:\Users\isaac\phlag\caster\data\ape.fa	266200	0.42241	0.0230266	0.971915	0.863882	200000
C:\Users\isaac\phlag\caster\data\ape.fa	266300	0.42241	0.0213024	0.969033	0.866545	200000
C:\Users\isaac\phlag\caster\data\ape.fa	266400	0.42241	0.0197682	0.966929	0.868938	200000
C:\Users\isaac\phlag\caster\data\ape.fa	266500	0.42241	0.0197682	0.966929	0.868938	200000
C:\Users\isaac\phlag\caster\data\ape.fa	266600	0.42241	0.0197682	0.966929	0.868938	200000
C:\Users\isaac\phlag\caster\data\ape.fa	266700	0.42241	0.0197682	0.966929	0.868938	200000
C:\Users\isaac\phlag\caster\data\ape.fa	266800	0.42241	0.019762	0.966929	0.868948	200000
C:\Users\isaac\phlag\caster\data\ape.fa	266900	0.42241	0.019762	0.965547	0.868952	200000
C:\Users\isaac\phlag\caster\data\ape.fa	267000	0.42241	0.019762	0.968766	0.868942	200000
C:\Users\isaac\phlag\caster\data\ape.fa	267100	0.42241	0.019762	0.971937	0.868933	200000
C:\Users\isaac\phlag\caster\data\ape.fa	267200	0.42241	0.019762	0.971937	0.868933	200000
C:\Users\isaac\phlag\caster\data\ape.fa	267300	0.402291	0.019762	0.975307	0.866475	200000
C:\Users\isaac\phlag\caster\data\ape.fa	267400	0.402291	0.0213087	0.975307	0.864082	200000
C:\Users\isaac\phlag\caster\data\ape.fa	267500	0.402291	0.0213087	0.978471	0.864087	200000
C:\Users\isaac\phlag\caster\data\ape.fa	267600	0.402291	0.0213087	0.978471	0.864087	200000
C:\Users\isaac\phlag\caster\data\ape.fa	267700	0.402291	0.0197765	0.975545	0.866452	200000
C:\Users\isaac\phlag\caster\data\ape.fa	267800	0.402291	0.0197765	0.975545	0.866452	200000
C:\Users\isaac\phlag\caster\data\ape.fa	267900	0.442595	0.0197765	0.975545	0.871344	200000
C:\Users\isaac\phlag\caster\data\ape.fa	268000	0.442595	0.0197765	0.975545	0.871344	200000
C:\Users\isaac\phlag\caster\data\ape.fa	268100	0.442595	0.020623	0.975545	0.870033	200000
C:\Users\isaac\phlag\caster\data\ape.fa	268200	0.442595	0.0212534	0.973189	0.869066	200000
C:\Users\isaac\phlag\caster\data\ape.fa	268300	0.442595	0.0212534	0.966687	0.869086	200000
C:\Users\isaac\phlag\caster\data\ape.fa	268400	0.442595	0.0212534	0.96673	0.869085	200000
C:\Users\isaac\phlag\caster\data\ape.fa	268500	0.446094	0.0212534	0.96673	0.869511	200000
C:\Users\isaac\phlag\caster\data\ape.fa	268600	0.408172	0.0212534	0.96673	0.864877	200000
C:\Users\isaac\phlag\caster\data\ape.fa	268700	0.408172	0.0212534	0.978431	0.864887	200000
C:\Users\isaac\phlag\caster\data\ape.fa	268800	0.363807	0.0212534	0.968632	0.859406	200000
C:\Users\isaac\phlag\caster\data\ape.fa	268900	0.363807	0.0196767	0.96626	0.861851	200000
C:\Users\isaac\phlag\caster\data\ape.fa	269000	0.363807	0.0196767	0.968424	0.86186	200000
C:\Users\isaac\phlag\caster\data\ape.fa	269100	0.363807	0.0196767	0.974374	0.861881	200000
C:\Users\isaac\phlag\caster\data\ape.fa	269200	0.363807	0.0227798	0.956767	0.856944	200000
C:\Users\isaac\phlag\caster\data\ape.fa	269300	0.363807	0.0227798	0.956767	0.856944	200000
C:\Users\isaac\phlag\caster\data\ape.fa	269400	0.363807	0.0227798	0.957892	0.856953	200000
C:\Users\isaac\phlag\caster\data\ape.fa	269500	0.363807	0.0236174	0.948617	0.85556	200000
C:\Users\isaac\phlag\caster\data\ape.fa	269600	0.363807	0.0236174	0.94285	0.855503	200000
C:\Users\isaac\phlag\caster\data\ape.fa	269700	0.363807	0.0236174	0.936937	0.855445	200000
C:\Users\isaac\phlag\caster\data\ape.fa	269800	0.363807	0.0236174	0.936937	0.855445	200000
C:\Users\isaac\phlag\caster\data\ape.fa	269900	0.363807	0.0252812	0.936937	0.852814	200000
C:\Users\isaac\phlag\caster\data\ape.fa	270000	0.363807	0.0252812	0.936937	0.852814	200000
C:\Users\isaac\phlag\caster\data\ape.fa	270100	0.363621	0.0252812	0.927749	0.852675	200000
C:\Users\isaac\phlag\caster\data\ape.fa	270200	0.363621	0.0219092	0.925173	0.858051	200000
C:\Users\isaac\phlag\caster\data\ape.fa	270300	0.363621	0.0219092	0.93158	0.858099	200000
C:\Users\isaac\phlag\caster\data\ape.fa	270400	0.363621	0.0201989	0.928384	0.860836	200000
C:\Users\isaac\phlag\caster\data\ape.fa	270500	0.363621	0.0233674	0.928384	0.855736	200000
C:\Users\isaac\phlag\caster\data\ape.fa	270600	0.383969	0.0233674	0.928384	0.858353	200000
C:\Users\isaac\phlag\caster\data\ape.fa	270700	0.383969	0.0233674	0.928384	0.858353	200000
C:\Users\isaac\phlag\caster\data\ape.fa	270800	0.383969	0.0262208	0.93105	0.85384	200000
C:\Users\isaac\phlag\caster\data\ape.fa	270900	0.383969	0.0262208	0.9342	0.853875	200000
C:\Users\isaac\phlag\caster\data\ape.fa	271000	0.405495	0.0262208	0.928507	0.856562	200000
C:\Users\isaac\phlag\caster\data\ape.fa	271100	0.4048	0.0262208	0.925371	0.856445	200000
C:\Users\isaac\phlag\caster\data\ape.fa	271200	0.382873	0.0262208	0.91931	0.853562	200000
C:\Users\isaac\phlag\caster\data\ape.fa	271300	0.40481	0.0262208	0.92486	0.856442	200000
C:\Users\isaac\phlag\caster\data\ape.fa	271400	0.40481	0.0262208	0.92486	0.856442	200000
C:\Users\isaac\phlag\caster\data\ape.fa	271500	0.40481	0.027068	0.927968	0.855129	200000
C:\Users\isaac\phlag\caster\data\ape.fa	271600	0.40481	0.027068	0.921687	0.855065	200000
C:\Users\isaac\phlag\caster\data\ape.fa	271700	0.40481	0.027068	0.919075	0.855038	200000
C:\Users\isaac\phlag\caster\data\ape.fa	271800	0.40481	0.027068	0.916733	0.855013	200000
C:\Users\isaac\phlag\caster\data\ape.fa	271900	0.40481	0.0260647	0.916733	0.856619	200000
C:\Users\isaac\phlag\caster\data\ape.fa	272000	0.404722	0.0260647	0.910703	0.856553	200000
C:\Users\isaac\phlag\caster\data\ape.fa	272100	0.404722	0.0293379	0.90469	0.851223	200000
C:\Users\isaac\phlag\caster\data\ape.fa	272200	0.404722	0.0293379	0.90469	0.851223	200000
C:\Users\isaac\phlag\caster\data\ape.fa	272300	0.404722	0.0293379	0.90469	0.851223	200000
C:\Users\isaac\phlag\caster\data\ape.fa	272400	0.363721	0.0293379	0.90469	0.845844	200000
C:\Users\isaac\phlag\caster\data\ape.fa	272500	0.341392	0.0310815	0.90469	0.840104	200000
C:\Users\isaac\phlag\caster\data\ape.fa	272600	0.341392	0.0310815	0.907576	0.840176	200000
C:\Users\isaac\phlag\caster\data\ape.fa	272700	0.341392	0.0310815	0.907576	0.840176	200000
C:\Users\isaac\phlag\caster\data\ape.fa	272800	0.341392	0.0319161	0.91071	0.838935	200000
C:\Users\isaac\phlag\caster\data\ape.fa	272900	0.341392	0.0319161	0.91071	0.838935	200000
C:\Users\isaac\phlag\caster\data\ape.fa	273000	0.341392	0.0319161	0.904693	0.838778	200000
C:\Users\isaac\phlag\caster\data\ape.fa	273100	0.341392	0.0319161	0.893738	0.838486	200000
C:\Users\isaac\phlag\caster\data\ape.fa	273200	0.341392	0.0352435	0.885528	0.83292	200000
C:\Users\isaac\phlag\caster\data\ape.fa	273300	0.341392	0.0361058	0.885632	0.831549	200000
C:\Users\isaac\phlag\caster\data\ape.fa	273400	0.298205	0.0361058	0.898174	0.826162	200000
C:\Users\isaac\phlag\caster\data\ape.fa	273500	0.298205	0.0361058	0.898174	0.826162	200000
C:\Users\isaac\phlag\caster\data\ape.fa	273600	0.298205	0.0361058	0.898174	0.826162	200000
C:\Users\isaac\phlag\caster\data\ape.fa	273700	0.298205	0.0361058	0.894859	0.826033	200000
C:\Users\isaac\phlag\caster\data\ape.fa	273800	0.298205	0.0361058	0.911124	0.826658	200000
C:\Users\isaac\phlag\caster\data\ape.fa	273900	0.297706	0.0368924	0.917004	0.8256	200000
C:\Users\isaac\phlag\caster\data\ape.fa	274000	0.297706	0.0368924	0.920606	0.825739	200000
C:\Users\isaac\phlag\caster\data\ape.fa	274100	0.297706	0.0326709	0.914295	0.832062	200000
C:\Users\isaac\phlag\caster\data\ape.fa	274200	0.297706	0.0326709	0.9115	0.83197	200000
C:\Users\isaac\phlag\caster\data\ape.fa	274300	0.297706	0.0326709	0.9115	0.83197	200000
C:\Users\isaac\phlag\caster\data\ape.fa	274400	0.297706	0.0318398	0.9115	0.833278	200000
C:\Users\isaac\phlag\caster\data\ape.fa	274500	0.297706	0.0318398	0.905276	0.83308	200000
C:\Users\isaac\phlag\caster\data\ape.fa	274600	0.297706	0.0318398	0.901983	0.832974	200000
C:\Users\isaac\phlag\caster\data\ape.fa	274700	0.297706	0.032724	0.901759	0.831563	200000
C:\Users\isaac\phlag\caster\data\ape.fa	274800	0.297706	0.0319024	0.895618	0.832667	200000
C:\Users\isaac\phlag\caster\data\ape.fa	274900	0.297706	0.0327718	0.889379	0.831065	200000
C:\Users\isaac\phlag\caster\data\ape.fa	275000	0.297706	0.034521	0.87959	0.8279	200000
C:\Users\isaac\phlag\caster\data\ape.fa	275100	0.297706	0.0337126	0.876569	0.829092	200000
C:\Users\isaac\phlag\caster\data\ape.fa	275200	0.297706	0.0354191	0.879758	0.826465	200000
C:\Users\isaac\phlag\caster\data\ape.fa	275300	0.297706	0.0354191	0.892254	0.826949	200000
C:\Users\isaac\phlag\caster\data\ape.fa	275400	0.297706	0.0354191	0.889112	0.826829	200000
C:\Users\isaac\phlag\caster\data\ape.fa	275500	0.297706	0.034545	0.889112	0.82822	200000
C:\Users\isaac\phlag\caster\data\ape.fa	275600	0.297706	0.034545	0.889615	0.828239	200000
C:\Users\isaac\phlag\caster\data\ape.fa	275700	0.297706	0.034545	0.889615	0.828239	200000
C:\Users\isaac\phlag\caster\data\ape.fa	275800	0.320494	0.034545	0.889566	0.831337	200000
C:\Users\isaac\phlag\caster\data\ape.fa	275900	0.320494	0.034545	0.889566	0.831337	200000
C:\Users\isaac\phlag\caster\data\ape.fa	276000	0.320494	0.0354069	0.889566	0.829966	200000
C:\Users\isaac\phlag\caster\data\ape.fa	276100	0.320494	0.0354069	0.889566	0.829966	200000
C:\Users\isaac\phlag\caster\data\ape.fa	276200	0.320494	0.0319048	0.889566	0.835565	200000
C:\Users\isaac\phlag\caster\data\ape.fa	276300	0.342101	0.0319048	0.895474	0.838646	200000
C:\Users\isaac\phlag\caster\data\ape.fa	276400	0.342101	0.0319048	0.892385	0.838563	200000
C:\Users\isaac\phlag\caster\data\ape.fa	276500	0.342101	0.0319048	0.897949	0.838712	200000
C:\Users\isaac\phlag\caster\data\ape.fa	276600	0.342101	0.0319048	0.897949	0.838712	200000
C:\Users\isaac\phlag\caster\data\ape.fa	276700	0.342101	0.0319048	0.901201	0.838798	200000
C:\Users\isaac\phlag\caster\data\ape.fa	276800	0.360812	0.0319048	0.901201	0.841284	200000
C:\Users\isaac\phlag\caster\data\ape.fa	276900	0.360812	0.0319048	0.897932	0.841206	200000
C:\Users\isaac\phlag\caster\data\ape.fa	277000	0.38134	0.0319048	0.888945	0.843734	200000
C:\Users\isaac\phlag\caster\data\ape.fa	277100	0.38134	0.0319048	0.888945	0.843734	200000
C:\Users\isaac\phlag\caster\data\ape.fa	277200	0.38134	0.0310926	0.88591	0.844982	200000
C:\Users\isaac\phlag\caster\data\ape.fa	277300	0.38134	0.0310926	0.88591	0.844982	200000
C:\Users\isaac\phlag\caster\data\ape.fa	277400	0.378785	0.0310926	0.88591	0.84464	200000
C:\Users\isaac\phlag\caster\data\ape.fa	277500	0.397345	0.0310926	0.880724	0.847022	200000
C:\Users\isaac\phlag\caster\data\ape.fa	277600	0.397345	0.0302415	0.868574	0.848198	200000
C:\Users\isaac\phlag\caster\data\ape.fa	277700	0.379502	0.0302415	0.869227	0.845786	200000
C:\Users\isaac\phlag\caster\data\ape.fa	277800	0.379502	0.0293671	0.866595	0.847184	200000
C:\Users\isaac\phlag\caster\data\ape.fa	277900	0.379502	0.0293671	0.876367	0.847367	200000
C:\Users\isaac\phlag\caster\data\ape.fa	278000	0.379502	0.0293671	0.879477	0.847424	200000
C:\Users\isaac\phlag\caster\data\ape.fa	278100	0.379502	0.0258991	0.885265	0.853226	200000
C:\Users\isaac\phlag\caster\data\ape.fa	278200	0.359963	0.0266696	0.879511	0.849233	200000
C:\Users\isaac\phlag\caster\data\ape.fa	278300	0.333687	0.0266696	0.876814	0.845603	200000
C:\Users\isaac\phlag\caster\data\ape.fa	278400	0.333687	0.0234908	0.870873	0.850827	200000
C:\Users\isaac\phlag\caster\data\ape.fa	278500	0.333687	0.0234908	0.861333	0.850679	200000
C:\Users\isaac\phlag\caster\data\ape.fa	278600	0.333687	0.0234908	0.861333	0.850679	200000
C:\Users\isaac\phlag\caster\data\ape.fa	278700	0.333687	0.0255026	0.855278	0.847138	200000
C:\Users\isaac\phlag\caster\data\ape.fa	278800	0.333687	0.0255026	0.855278	0.847138	200000
C:\Users\isaac\phlag\caster\data\ape.fa	278900	0.333687	0.0255026	0.855278	0.847138	200000
C:\Users\isaac\phlag\caster\data\ape.fa	279000	0.333687	0.0255026	0.84274	0.846892	200000
C:\Users\isaac\phlag\caster\data\ape.fa	279100	0.333687	0.0303906	0.84274	0.838528	200000
C:\Users\isaac\phlag\caster\data\ape.fa	279200	0.333687	0.0303906	0.850028	0.838733	200000
C:\Users\isaac\phlag\caster\data\ape.fa	279300	0.289913	0.0286658	0.863835	0.835869	200000
C:\Users\isaac\phlag\caster\data\ape.fa	279400	0.289913	0.0286658	0.857493	0.835672	200000
C:\Users\isaac\phlag\caster\data\ape.fa	279500	0.289913	0.0294525	0.857493	0.834352	200000
C:\Users\isaac\phlag\caster\data\ape.fa	279600	0.289913	0.0294525	0.854327	0.834249	200000
C:\Users\isaac\phlag\caster\data\ape.fa	279700	0.289913	0.0294525	0.860714	0.834457	200000
C:\Users\isaac\phlag\caster\data\ape.fa	279800	0.289913	0.0277513	0.857489	0.837212	200000
C:\Users\isaac\phlag\caster\data\ape.fa	279900	0.289913	0.0277513	0.863929	0.837402	200000
C:\Users\isaac\phlag\caster\data\ape.fa	280000	0.289913	0.0277513	0.874476	0.837707	200000
C:\Users\isaac\phlag\caster\data\ape.fa	280100	0.289913	0.0269803	0.874476	0.838987	200000
C:\Users\isaac\phlag\caster\data\ape.fa	280200	0.289913	0.0261132	0.874476	0.840432	200000
C:\Users\isaac\phlag\caster\data\ape.fa	280300	0.289913	0.0261132	0.874476	0.840432	200000
C:\Users\isaac\phlag\caster\data\ape.fa	280400	0.289913	0.0261132	0.874476	0.840432	200000
C:\Users\isaac\phlag\caster\data\ape.fa	280500	0.289913	0.0261132	0.874476	0.840432	200000
C:\Users\isaac\phlag\caster\data\ape.fa	280600	0.289913	0.0278016	0.86846	0.83745	200000
C:\Users\isaac\phlag\caster\data\ape.fa	280700	0.289913	0.0278016	0.86846	0.83745	200000
C:\Users\isaac\phlag\caster\data\ape.fa	280800	0.289913	0.0285937	0.86846	0.836131	200000
C:\Users\isaac\phlag\caster\data\ape.fa	280900	0.310843	0.0294184	0.874624	0.837857	200000
C:\Users\isaac\phlag\caster\data\ape.fa	281000	0.310843	0.0294184	0.874595	0.837857	200000
C:\Users\isaac\phlag\caster\data\ape.fa	281100	0.310843	0.0294184	0.874595	0.837857	200000
C:\Users\isaac\phlag\caster\data\ape.fa	281200	0.310843	0.0302303	0.868548	0.836341	200000
C:\Users\isaac\phlag\caster\data\ape.fa	281300	0.310843	0.029431	0.874939	0.837846	200000
C:\Users\isaac\phlag\caster\data\ape.fa	281400	0.310843	0.029431	0.874939	0.837846	200000
C:\Users\isaac\phlag\caster\data\ape.fa	281500	0.310843	0.029431	0.874939	0.837846	200000
C:\Users\isaac\phlag\caster\data\ape.fa	281600	0.291552	0.029431	0.874939	0.835173	200000
C:\Users\isaac\phlag\caster\data\ape.fa	281700	0.273604	0.029431	0.874939	0.832672	200000
C:\Users\isaac\phlag\caster\data\ape.fa	281800	0.273604	0.029431	0.874939	0.832672	200000
C:\Users\isaac\phlag\caster\data\ape.fa	281900	0.273604	0.029431	0.869591	0.832491	200000
C:\Users\isaac\phlag\caster\data\ape.fa	282000	0.273604	0.029431	0.866401	0.832382	200000
C:\Users\isaac\phlag\caster\data\ape.fa	282100	0.273604	0.0285629	0.865809	0.833806	200000
C:\Users\isaac\phlag\caster\data\ape.fa	282200	0.273604	0.0285629	0.872266	0.834017	200000
C:\Users\isaac\phlag\caster\data\ape.fa	282300	0.273604	0.0270156	0.872266	0.836588	200000
C:\Users\isaac\phlag\caster\data\ape.fa	282400	0.273604	0.0270156	0.872266	0.836588	200000
C:\Users\isaac\phlag\caster\data\ape.fa	282500	0.273604	0.0270156	0.865936	0.836397	200000
C:\Users\isaac\phlag\caster\data\ape.fa	282600	0.273604	0.0270156	0.85938	0.836197	200000
C:\Users\isaac\phlag\caster\data\ape.fa	282700	0.273604	0.0270156	0.862327	0.836287	200000
C:\Users\isaac\phlag\caster\data\ape.fa	282800	0.297603	0.0278838	0.866552	0.838334	200000
C:\Users\isaac\phlag\caster\data\ape.fa	282900	0.297603	0.0278838	0.857668	0.838082	200000
C:\Users\isaac\phlag\caster\data\ape.fa	283000	0.319495	0.0278838	0.857629	0.841163	200000
C:\Users\isaac\phlag\caster\data\ape.fa	283100	0.301606	0.0278838	0.856101	0.838603	200000
C:\Users\isaac\phlag\caster\data\ape.fa	283200	0.301606	0.0278838	0.850034	0.83843	200000
C:\Users\isaac\phlag\caster\data\ape.fa	283300	0.301606	0.0278838	0.850034	0.83843	200000
C:\Users\isaac\phlag\caster\data\ape.fa	283400	0.301606	0.0278838	0.843807	0.838251	200000
C:\Users\isaac\phlag\caster\data\ape.fa	283500	0.301606	0.0278838	0.843705	0.838248	200000
C:\Users\isaac\phlag\caster\data\ape.fa	283600	0.301606	0.0278838	0.840801	0.838164	200000
C:\Users\isaac\phlag\caster\data\ape.fa	283700	0.301606	0.0278838	0.837958	0.838081	200000
C:\Users\isaac\phlag\caster\data\ape.fa	283800	0.282393	0.0278838	0.840161	0.835375	200000
C:\Users\isaac\phlag\caster\data\ape.fa	283900	0.282393	0.0278838	0.84351	0.835482	200000
C:\Users\isaac\phlag\caster\data\ape.fa	284000	0.282393	0.0278838	0.837691	0.835295	200000
C:\Users\isaac\phlag\caster\data\ape.fa	284100	0.282393	0.0278838	0.837691	0.835295	200000
C:\Users\isaac\phlag\caster\data\ape.fa	284200	0.282393	0.0278838	0.837691	0.835295	200000
C:\Users\isaac\phlag\caster\data\ape.fa	284300	0.30305	0.0278838	0.830676	0.838076	200000
C:\Users\isaac\phlag\caster\data\ape.fa	284400	0.30305	0.0278838	0.824682	0.837898	200000
C:\Users\isaac\phlag\caster\data\ape.fa	284500	0.30305	0.0278838	0.819066	0.837729	200000
C:\Users\isaac\phlag\caster\data\ape.fa	284600	0.30305	0.0346199	0.819066	0.826076	200000
C:\Users\isaac\phlag\caster\data\ape.fa	284700	0.30305	0.0346199	0.819066	0.826076	200000
C:\Users\isaac\phlag\caster\data\ape.fa	284800	0.30305	0.0346199	0.827215	0.826417	200000
C:\Users\isaac\phlag\caster\data\ape.fa	284900	0.30305	0.0346199	0.827215	0.826417	200000
C:\Users\isaac\phlag\caster\data\ape.fa	285000	0.30305	0.0346199	0.827215	0.826417	200000
C:\Users\isaac\phlag\caster\data\ape.fa	285100	0.30305	0.0346199	0.827215	0.826417	200000
C:\Users\isaac\phlag\caster\data\ape.fa	285200	0.30305	0.0346199	0.814451	0.82588	200000
C:\Users\isaac\phlag\caster\data\ape.fa	285300	0.30305	0.0346199	0.814451	0.82588	200000
C:\Users\isaac\phlag\caster\data\ape.fa	285400	0.342055	0.033099	0.814451	0.834223	200000
C:\Users\isaac\phlag\caster\data\ape.fa	285500	0.342055	0.033099	0.814451	0.834223	200000
C:\Users\isaac\phlag\caster\data\ape.fa	285600	0.32081	0.033099	0.814451	0.831112	200000
C:\Users\isaac\phlag\caster\data\ape.fa	285700	0.32081	0.033099	0.814451	0.831112	200000
C:\Users\isaac\phlag\caster\data\ape.fa	285800	0.32081	0.033099	0.812124	0.831026	200000
C:\Users\isaac\phlag\caster\data\ape.fa	285900	0.32081	0.033099	0.812124	0.831026	200000
C:\Users\isaac\phlag\caster\data\ape.fa	286000	0.32081	0.0339576	0.812124	0.829543	200000
C:\Users\isaac\phlag\caster\data\ape.fa	286100	0.32081	0.0339576	0.799275	0.829038	200000
C:\Users\isaac\phlag\caster\data\ape.fa	286200	0.32081	0.0339576	0.805255	0.829275	200000
C:\Users\isaac\phlag\caster\data\ape.fa	286300	0.32081	0.0339576	0.802443	0.829164	200000
C:\Users\isaac\phlag\caster\data\ape.fa	286400	0.32081	0.0339585	0.802443	0.829162	200000
C:\Users\isaac\phlag\caster\data\ape.fa	286500	0.32081	0.0339585	0.802443	0.829162	200000
C:\Users\isaac\phlag\caster\data\ape.fa	286600	0.32081	0.0339585	0.802443	0.829162	200000
C:\Users\isaac\phlag\caster\data\ape.fa	286700	0.32081	0.0339585	0.808763	0.829411	200000
C:\Users\isaac\phlag\caster\data\ape.fa	286800	0.32081	0.0323535	0.808763	0.832196	200000
C:\Users\isaac\phlag\caster\data\ape.fa	286900	0.32081	0.0323535	0.815224	0.832428	200000
C:\Users\isaac\phlag\caster\data\ape.fa	287000	0.32081	0.0323535	0.817933	0.832525	200000
C:\Users\isaac\phlag\caster\data\ape.fa	287100	0.32081	0.0306893	0.824206	0.835607	200000
C:\Users\isaac\phlag\caster\data\ape.fa	287200	0.310526	0.0306893	0.819663	0.833956	200000
C:\Users\isaac\phlag\caster\data\ape.fa	287300	0.310526	0.0306893	0.808311	0.833564	200000
C:\Users\isaac\phlag\caster\data\ape.fa	287400	0.310526	0.0306893	0.808311	0.833564	200000
C:\Users\isaac\phlag\caster\data\ape.fa	287500	0.310526	0.0306893	0.808324	0.833564	200000
C:\Users\isaac\phlag\caster\data\ape.fa	287600	0.310526	0.0307595	0.805788	0.833352	200000
C:\Users\isaac\phlag\caster\data\ape.fa	287700	0.310526	0.0307595	0.809183	0.833471	200000
C:\Users\isaac\phlag\caster\data\ape.fa	287800	0.309619	0.0307595	0.809183	0.833337	200000
C:\Users\isaac\phlag\caster\data\ape.fa	287900	0.309619	0.0307595	0.809183	0.833337	200000
C:\Users\isaac\phlag\caster\data\ape.fa	288000	0.309619	0.0307595	0.809183	0.833337	200000
C:\Users\isaac\phlag\caster\data\ape.fa	288100	0.309619	0.0307595	0.806033	0.833226	200000
C:\Users\isaac\phlag\caster\data\ape.fa	288200	0.309619	0.0307595	0.799499	0.832993	200000
C:\Users\isaac\phlag\caster\data\ape.fa	288300	0.318054	0.0307595	0.794969	0.8341	200000
C:\Users\isaac\phlag\caster\data\ape.fa	288400	0.341411	0.0307595	0.794969	0.837598	200000
C:\Users\isaac\phlag\caster\data\ape.fa	288500	0.341411	0.0322275	0.785301	0.834667	200000
C:\Users\isaac\phlag\caster\data\ape.fa	288600	0.341411	0.03138	0.776337	0.835887	200000
C:\Users\isaac\phlag\caster\data\ape.fa	288700	0.341411	0.03138	0.779487	0.835992	200000
C:\Users\isaac\phlag\caster\data\ape.fa	288800	0.341411	0.03138	0.773341	0.835787	200000
C:\Users\isaac\phlag\caster\data\ape.fa	288900	0.341411	0.03138	0.752982	0.835088	200000
C:\Users\isaac\phlag\caster\data\ape.fa	289000	0.341411	0.03138	0.752982	0.835088	200000
C:\Users\isaac\phlag\caster\data\ape.fa	289100	0.341411	0.03138	0.75546	0.835175	200000
C:\Users\isaac\phlag\caster\data\ape.fa	289200	0.341411	0.0306078	0.75546	0.836606	200000
C:\Users\isaac\phlag\caster\data\ape.fa	289300	0.341411	0.0306078	0.761446	0.836805	200000
C:\Users\isaac\phlag\caster\data\ape.fa	289400	0.341411	0.0322402	0.767543	0.834023	200000
C:\Users\isaac\phlag\caster\data\ape.fa	289500	0.341411	0.0322402	0.767971	0.834038	200000
C:\Users\isaac\phlag\caster\data\ape.fa	289600	0.341411	0.0322402	0.767971	0.834038	200000
C:\Users\isaac\phlag\caster\data\ape.fa	289700	0.341568	0.0314121	0.767971	0.835571	200000
C:\Users\isaac\phlag\caster\data\ape.fa	289800	0.319099	0.0322301	0.768889	0.830648	200000
C:\Users\isaac\phlag\caster\data\ape.fa	289900	0.319099	0.0322301	0.781455	0.831138	200000
C:\Users\isaac\phlag\caster\data\ape.fa	290000	0.319099	0.0322301	0.771706	0.830759	200000
C:\Users\isaac\phlag\caster\data\ape.fa	290100	0.319099	0.0322301	0.765202	0.830501	200000
C:\Users\isaac\phlag\caster\data\ape.fa	290200	0.319099	0.0305454	0.758906	0.833353	200000
C:\Users\isaac\phlag\caster\data\ape.fa	290300	0.319099	0.0305454	0.76197	0.833466	200000
C:\Users\isaac\phlag\caster\data\ape.fa	290400	0.319099	0.0305454	0.767922	0.833684	200000
C:\Users\isaac\phlag\caster\data\ape.fa	290500	0.319099	0.0305454	0.771174	0.833802	200000
C:\Users\isaac\phlag\caster\data\ape.fa	290600	0.298299	0.0305454	0.765048	0.830332	200000
C:\Users\isaac\phlag\caster\data\ape.fa	290700	0.319943	0.0305454	0.768235	0.833826	200000
C:\Users\isaac\phlag\caster\data\ape.fa	290800	0.319943	0.0305454	0.775559	0.834089	200000
C:\Users\isaac\phlag\caster\data\ape.fa	290900	0.319943	0.0305454	0.778382	0.834189	200000
C:\Users\isaac\phlag\caster\data\ape.fa	291000	0.319943	0.0305454	0.769156	0.833859	200000
C:\Users\isaac\phlag\caster\data\ape.fa	291100	0.319943	0.0305454	0.769156	0.833859	200000
C:\Users\isaac\phlag\caster\data\ape.fa	291200	0.319943	0.0288576	0.775171	0.837153	200000
C:\Users\isaac\phlag\caster\data\ape.fa	291300	0.319943	0.0288576	0.797616	0.837859	200000
C:\Users\isaac\phlag\caster\data\ape.fa	291400	0.319943	0.0288576	0.807362	0.838155	200000
C:\Users\isaac\phlag\caster\data\ape.fa	291500	0.319943	0.0288576	0.807451	0.838158	200000
C:\Users\isaac\phlag\caster\data\ape.fa	291600	0.319943	0.0288576	0.810634	0.838253	200000
C:\Users\isaac\phlag\caster\data\ape.fa	291700	0.341378	0.0288576	0.804562	0.841247	200000
C:\Users\isaac\phlag\caster\data\ape.fa	291800	0.341378	0.0310277	0.807336	0.837499	200000
C:\Users\isaac\phlag\caster\data\ape.fa	291900	0.341378	0.0310277	0.807336	0.837499	200000
C:\Users\isaac\phlag\caster\data\ape.fa	292000	0.341378	0.034729	0.798992	0.830744	200000
C:\Users\isaac\phlag\caster\data\ape.fa	292100	0.341378	0.0344405	0.787229	0.830802	200000
C:\Users\isaac\phlag\caster\data\ape.fa	292200	0.341378	0.0351898	0.786877	0.829467	200000
C:\Users\isaac\phlag\caster\data\ape.fa	292300	0.341378	0.0351898	0.786877	0.829467	200000
C:\Users\isaac\phlag\caster\data\ape.fa	292400	0.362207	0.0319809	0.786877	0.838282	200000
C:\Users\isaac\phlag\caster\data\ape.fa	292500	0.341359	0.0278596	0.792889	0.842725	200000
C:\Users\isaac\phlag\caster\data\ape.fa	292600	0.341359	0.0278596	0.791738	0.842695	200000
C:\Users\isaac\phlag\caster\data\ape.fa	292700	0.322819	0.0278596	0.791738	0.83991	200000
C:\Users\isaac\phlag\caster\data\ape.fa	292800	0.322819	0.0278596	0.797695	0.840079	200000
C:\Users\isaac\phlag\caster\data\ape.fa	292900	0.322819	0.0278596	0.791166	0.839893	200000
C:\Users\isaac\phlag\caster\data\ape.fa	293000	0.301471	0.0278596	0.791166	0.836662	200000
C:\Users\isaac\phlag\caster\data\ape.fa	293100	0.301471	0.0278596	0.791166	0.836662	200000
C:\Users\isaac\phlag\caster\data\ape.fa	293200	0.301471	0.0278596	0.791166	0.836662	200000
C:\Users\isaac\phlag\caster\data\ape.fa	293300	0.280009	0.0313104	0.791166	0.827205	200000
C:\Users\isaac\phlag\caster\data\ape.fa	293400	0.280009	0.0313104	0.791166	0.827205	200000
C:\Users\isaac\phlag\caster\data\ape.fa	293500	0.280009	0.0321673	0.791166	0.825683	200000
C:\Users\isaac\phlag\caster\data\ape.fa	293600	0.280009	0.0321673	0.791719	0.825707	200000
C:\Users\isaac\phlag\caster\data\ape.fa	293700	0.280009	0.0321673	0.791719	0.825707	200000
C:\Users\isaac\phlag\caster\data\ape.fa	293800	0.298657	0.0321673	0.791719	0.828547	200000
C:\Users\isaac\phlag\caster\data\ape.fa	293900	0.319182	0.0321673	0.797763	0.831877	200000
C:\Users\isaac\phlag\caster\data\ape.fa	294000	0.299295	0.0321673	0.80529	0.829191	200000
C:\Users\isaac\phlag\caster\data\ape.fa	294100	0.299295	0.0321673	0.804538	0.829161	200000
C:\Users\isaac\phlag\caster\data\ape.fa	294200	0.279823	0.0321673	0.804538	0.826239	200000
C:\Users\isaac\phlag\caster\data\ape.fa	294300	0.279823	0.0321673	0.807455	0.826364	200000
C:\Users\isaac\phlag\caster\data\ape.fa	294400	0.301867	0.0321673	0.807455	0.82966	200000
C:\Users\isaac\phlag\caster\data\ape.fa	294500	0.301867	0.0329934	0.829068	0.829079	200000
C:\Users\isaac\phlag\caster\data\ape.fa	294600	0.290845	0.0364782	0.827445	0.821513	200000
C:\Users\isaac\phlag\caster\data\ape.fa	294700	0.301977	0.0348228	0.822781	0.82573	200000
C:\Users\isaac\phlag\caster\data\ape.fa	294800	0.32598	0.0348228	0.828648	0.829456	200000
C:\Users\isaac\phlag\caster\data\ape.fa	294900	0.32598	0.0348228	0.825437	0.829333	200000
C:\Users\isaac\phlag\caster\data\ape.fa	295000	0.32598	0.0339622	0.83187	0.83103	200000
C:\Users\isaac\phlag\caster\data\ape.fa	295100	0.32598	0.0339622	0.831964	0.831033	200000
C:\Users\isaac\phlag\caster\data\ape.fa	295200	0.32598	0.0339622	0.831964	0.831033	200000
C:\Users\isaac\phlag\caster\data\ape.fa	295300	0.32598	0.0339622	0.843733	0.831456	200000
C:\Users\isaac\phlag\caster\data\ape.fa	295400	0.32598	0.0339622	0.837259	0.831225	200000
C:\Users\isaac\phlag\caster\data\ape.fa	295500	0.32598	0.0339622	0.837259	0.831225	200000
C:\Users\isaac\phlag\caster\data\ape.fa	295600	0.32598	0.0339622	0.837259	0.831225	200000
C:\Users\isaac\phlag\caster\data\ape.fa	295700	0.32598	0.0339622	0.824702	0.830767	200000
C:\Users\isaac\phlag\caster\data\ape.fa	295800	0.32598	0.0339622	0.818743	0.830545	200000
C:\Users\isaac\phlag\caster\data\ape.fa	295900	0.306351	0.0339622	0.832099	0.828206	200000
C:\Users\isaac\phlag\caster\data\ape.fa	296000	0.306351	0.0339622	0.831724	0.828191	200000
C:\Users\isaac\phlag\caster\data\ape.fa	296100	0.322578	0.0339622	0.837868	0.83076	200000
C:\Users\isaac\phlag\caster\data\ape.fa	296200	0.322578	0.0339622	0.825441	0.830301	200000
C:\Users\isaac\phlag\caster\data\ape.fa	296300	0.322578	0.0348135	0.825441	0.828856	200000
C:\Users\isaac\phlag\caster\data\ape.fa	296400	0.322578	0.0348135	0.831865	0.829104	200000
C:\Users\isaac\phlag\caster\data\ape.fa	296500	0.297823	0.0348135	0.834677	0.825644	200000
C:\Users\isaac\phlag\caster\data\ape.fa	296600	0.319713	0.0348135	0.827134	0.828507	200000
C:\Users\isaac\phlag\caster\data\ape.fa	296700	0.319713	0.0339735	0.827134	0.82993	200000
C:\Users\isaac\phlag\caster\data\ape.fa	296800	0.337028	0.0339735	0.827134	0.832433	200000
C:\Users\isaac\phlag\caster\data\ape.fa	296900	0.337028	0.0339735	0.827134	0.832433	200000
C:\Users\isaac\phlag\caster\data\ape.fa	297000	0.293122	0.0339735	0.832946	0.826304	200000
C:\Users\isaac\phlag\caster\data\ape.fa	297100	0.293122	0.0339735	0.833381	0.826322	200000
C:\Users\isaac\phlag\caster\data\ape.fa	297200	0.3146	0.0339735	0.833381	0.829428	200000
C:\Users\isaac\phlag\caster\data\ape.fa	297300	0.3146	0.0339735	0.833381	0.829428	200000
C:\Users\isaac\phlag\caster\data\ape.fa	297400	0.3146	0.0339735	0.821499	0.82897	200000
C:\Users\isaac\phlag\caster\data\ape.fa	297500	0.3146	0.0339735	0.82978	0.829291	200000
C:\Users\isaac\phlag\caster\data\ape.fa	297600	0.3146	0.0339735	0.835277	0.8295	200000
C:\Users\isaac\phlag\caster\data\ape.fa	297700	0.3146	0.0339735	0.841336	0.829729	200000
C:\Users\isaac\phlag\caster\data\ape.fa	297800	0.3146	0.0339735	0.835274	0.8295	200000
C:\Users\isaac\phlag\caster\data\ape.fa	297900	0.3146	0.0339735	0.841807	0.829746	200000
C:\Users\isaac\phlag\caster\data\ape.fa	298000	0.3146	0.0341726	0.841807	0.829413	200000
C:\Users\isaac\phlag\caster\data\ape.fa	298100	0.3146	0.0341726	0.847542	0.829628	200000
C:\Users\isaac\phlag\caster\data\ape.fa	298200	0.3146	0.0341726	0.844322	0.829508	200000
C:\Users\isaac\phlag\caster\data\ape.fa	298300	0.3146	0.0341726	0.850609	0.829742	200000
C:\Users\isaac\phlag\caster\data\ape.fa	298400	0.3146	0.0332959	0.850609	0.831198	200000
C:\Users\isaac\phlag\caster\data\ape.fa	298500	0.3146	0.0341046	0.844314	0.829621	200000
C:\Users\isaac\phlag\caster\data\ape.fa	298600	0.3146	0.0341046	0.844314	0.829621	200000
C:\Users\isaac\phlag\caster\data\ape.fa	298700	0.312324	0.0332379	0.844314	0.830745	200000
C:\Users\isaac\phlag\caster\data\ape.fa	298800	0.312324	0.0340096	0.838584	0.829238	200000
C:\Users\isaac\phlag\caster\data\ape.fa	298900	0.302908	0.0348681	0.831651	0.826162	200000
C:\Users\isaac\phlag\caster\data\ape.fa	299000	0.326166	0.0348681	0.834781	0.829638	200000
C:\Users\isaac\phlag\caster\data\ape.fa	299100	0.326166	0.0348681	0.828284	0.829392	200000
C:\Users\isaac\phlag\caster\data\ape.fa	299200	0.326166	0.0363601	0.828284	0.826878	200000
C:\Users\isaac\phlag\caster\data\ape.fa	299300	0.326166	0.0363601	0.821765	0.826611	200000
C:\Users\isaac\phlag\caster\data\ape.fa	299400	0.326166	0.0370559	0.821765	0.825436	200000
C:\Users\isaac\phlag\caster\data\ape.fa	299500	0.326166	0.0370559	0.812481	0.825038	200000
C:\Users\isaac\phlag\caster\data\ape.fa	299600	0.326166	0.0370559	0.812481	0.825038	200000
C:\Users\isaac\phlag\caster\data\ape.fa	299700	0.326166	0.0370559	0.806664	0.824785	200000
C:\Users\isaac\phlag\caster\data\ape.fa	299800	0.326166	0.0370559	0.812754	0.82505	200000
C:\Users\isaac\phlag\caster\data\ape.fa	299900	0.326166	0.0362263	0.806553	0.826203	200000
C:\Users\isaac\phlag\caster\data\ape.fa	300000	0.326166	0.0370498	0.809631	0.824925	200000
C:\Users\isaac\phlag\caster\data\ape.fa	300100	0.369506	0.0370498	0.812747	0.831382	200000
C:\Users\isaac\phlag\caster\data\ape.fa	300200	0.369506	0.0370498	0.819196	0.831614	200000
C:\Users\isaac\phlag\caster\data\ape.fa	300300	0.369506	0.0370498	0.818872	0.831602	200000
C:\Users\isaac\phlag\caster\data\ape.fa	300400	0.369506	0.0370498	0.815523	0.831482	200000
C:\Users\isaac\phlag\caster\data\ape.fa	300500	0.369506	0.0386735	0.815523	0.828734	200000
C:\Users\isaac\phlag\caster\data\ape.fa	300600	0.369506	0.0386735	0.815523	0.828734	200000
C:\Users\isaac\phlag\caster\data\ape.fa	300700	0.369506	0.0386735	0.815523	0.828734	200000
C:\Users\isaac\phlag\caster\data\ape.fa	300800	0.34431	0.0386735	0.815523	0.825081	200000
C:\Users\isaac\phlag\caster\data\ape.fa	300900	0.34431	0.0386735	0.815523	0.825081	200000
C:\Users\isaac\phlag\caster\data\ape.fa	301000	0.34431	0.0386735	0.805831	0.824661	200000
C:\Users\isaac\phlag\caster\data\ape.fa	301100	0.34431	0.0394915	0.809287	0.823426	200000
C:\Users\isaac\phlag\caster\data\ape.fa	301200	0.34431	0.0394915	0.809287	0.823426	200000
C:\Users\isaac\phlag\caster\data\ape.fa	301300	0.34431	0.0394915	0.806168	0.823286	200000
C:\Users\isaac\phlag\caster\data\ape.fa	301400	0.34431	0.0394915	0.800363	0.823022	200000
C:\Users\isaac\phlag\caster\data\ape.fa	301500	0.34431	0.042335	0.800363	0.818195	200000
C:\Users\isaac\phlag\caster\data\ape.fa	301600	0.34431	0.042335	0.803365	0.818347	200000
C:\Users\isaac\phlag\caster\data\ape.fa	301700	0.34431	0.042335	0.803365	0.818347	200000
C:\Users\isaac\phlag\caster\data\ape.fa	301800	0.34431	0.042335	0.803365	0.818347	200000
C:\Users\isaac\phlag\caster\data\ape.fa	301900	0.34431	0.042335	0.806604	0.818509	200000
C:\Users\isaac\phlag\caster\data\ape.fa	302000	0.32302	0.042335	0.800212	0.815028	200000
C:\Users\isaac\phlag\caster\data\ape.fa	302100	0.32302	0.042335	0.812462	0.815682	200000
C:\Users\isaac\phlag\caster\data\ape.fa	302200	0.32302	0.042335	0.8096	0.815531	200000
C:\Users\isaac\phlag\caster\data\ape.fa	302300	0.302121	0.042335	0.8096	0.812441	200000
C:\Users\isaac\phlag\caster\data\ape.fa	302400	0.302121	0.042335	0.812212	0.812588	200000
C:\Users\isaac\phlag\caster\data\ape.fa	302500	0.302121	0.042335	0.814791	0.812732	200000
C:\Users\isaac\phlag\caster\data\ape.fa	302600	0.324365	0.042335	0.814984	0.816011	200000
C:\Users\isaac\phlag\caster\data\ape.fa	302700	0.324365	0.043261	0.814984	0.814474	200000
C:\Users\isaac\phlag\caster\data\ape.fa	302800	0.324365	0.043261	0.814984	0.814474	200000
C:\Users\isaac\phlag\caster\data\ape.fa	302900	0.324365	0.043261	0.821102	0.814801	200000
C:\Users\isaac\phlag\caster\data\ape.fa	303000	0.324365	0.043383	0.816694	0.814364	200000
C:\Users\isaac\phlag\caster\data\ape.fa	303100	0.324365	0.043383	0.816694	0.814364	200000
C:\Users\isaac\phlag\caster\data\ape.fa	303200	0.324365	0.0434314	0.816694	0.814284	200000
C:\Users\isaac\phlag\caster\data\ape.fa	303300	0.324365	0.0434314	0.825065	0.81473	200000
C:\Users\isaac\phlag\caster\data\ape.fa	303400	0.324365	0.0434314	0.825065	0.81473	200000
C:\Users\isaac\phlag\caster\data\ape.fa	303500	0.324365	0.0434314	0.820516	0.814489	200000
C:\Users\isaac\phlag\caster\data\ape.fa	303600	0.324365	0.0434314	0.820516	0.814489	200000
C:\Users\isaac\phlag\caster\data\ape.fa	303700	0.324365	0.0434314	0.820516	0.814489	200000
C:\Users\isaac\phlag\caster\data\ape.fa	303800	0.324365	0.0434314	0.820516	0.814489	200000
C:\Users\isaac\phlag\caster\data\ape.fa	303900	0.324365	0.0424244	0.820516	0.816151	200000
C:\Users\isaac\phlag\caster\data\ape.fa	304000	0.324365	0.0424244	0.820516	0.816151	200000
C:\Users\isaac\phlag\caster\data\ape.fa	304100	0.324365	0.0456489	0.820516	0.810853	200000
C:\Users\isaac\phlag\caster\data\ape.fa	304200	0.324365	0.0456489	0.820516	0.810853	200000
C:\Users\isaac\phlag\caster\data\ape.fa	304300	0.324365	0.0447425	0.820516	0.812335	200000
C:\Users\isaac\phlag\caster\data\ape.fa	304400	0.324365	0.0447425	0.833013	0.813019	200000
C:\Users\isaac\phlag\caster\data\ape.fa	304500	0.324365	0.0447365	0.833013	0.813029	200000
C:\Users\isaac\phlag\caster\data\ape.fa	304600	0.324365	0.0447365	0.838834	0.813342	200000
C:\Users\isaac\phlag\caster\data\ape.fa	304700	0.32436	0.0447365	0.8292	0.812821	200000
C:\Users\isaac\phlag\caster\data\ape.fa	304800	0.32436	0.0447365	0.8292	0.812821	200000
C:\Users\isaac\phlag\caster\data\ape.fa	304900	0.303411	0.0447365	0.832386	0.809977	200000
C:\Users\isaac\phlag\caster\data\ape.fa	305000	0.303411	0.0447365	0.832001	0.809955	200000
C:\Users\isaac\phlag\caster\data\ape.fa	305100	0.303411	0.0438413	0.832001	0.811407	200000
C:\Users\isaac\phlag\caster\data\ape.fa	305200	0.303411	0.0438413	0.821021	0.810785	200000
C:\Users\isaac\phlag\caster\data\ape.fa	305300	0.303411	0.0445972	0.826671	0.809874	200000
C:\Users\isaac\phlag\caster\data\ape.fa	305400	0.303411	0.0445972	0.823812	0.809708	200000
C:\Users\isaac\phlag\caster\data\ape.fa	305500	0.303411	0.0454307	0.813386	0.807721	200000
C:\Users\isaac\phlag\caster\data\ape.fa	305600	0.303411	0.0454307	0.813387	0.807721	200000
C:\Users\isaac\phlag\caster\data\ape.fa	305700	0.303411	0.0454307	0.822974	0.808299	200000
C:\Users\isaac\phlag\caster\data\ape.fa	305800	0.323049	0.0454307	0.829142	0.811503	200000
C:\Users\isaac\phlag\caster\data\ape.fa	305900	0.323049	0.0489189	0.831542	0.806034	200000
C:\Users\isaac\phlag\caster\data\ape.fa	306000	0.323049	0.0497905	0.831542	0.804645	200000
C:\Users\isaac\phlag\caster\data\ape.fa	306100	0.323049	0.0497905	0.831542	0.804645	200000
C:\Users\isaac\phlag\caster\data\ape.fa	306200	0.323049	0.0497905	0.820293	0.803938	200000
C:\Users\isaac\phlag\caster\data\ape.fa	306300	0.323049	0.0497905	0.809674	0.803256	200000
C:\Users\isaac\phlag\caster\data\ape.fa	306400	0.323049	0.0548748	0.809674	0.795081	200000
C:\Users\isaac\phlag\caster\data\ape.fa	306500	0.323049	0.0556961	0.806608	0.793548	200000
C:\Users\isaac\phlag\caster\data\ape.fa	306600	0.305565	0.0556961	0.810017	0.791227	200000
C:\Users\isaac\phlag\caster\data\ape.fa	306700	0.305565	0.0564808	0.795573	0.788842	200000
C:\Users\isaac\phlag\caster\data\ape.fa	306800	0.305565	0.0564808	0.795573	0.788842	200000
C:\Users\isaac\phlag\caster\data\ape.fa	306900	0.305565	0.0564808	0.792325	0.788581	200000
C:\Users\isaac\phlag\caster\data\ape.fa	307000	0.305565	0.0547496	0.792325	0.791373	200000
C:\Users\isaac\phlag\caster\data\ape.fa	307100	0.305565	0.0547496	0.786728	0.790933	200000
C:\Users\isaac\phlag\caster\data\ape.fa	307200	0.284228	0.0547496	0.78361	0.78743	200000
C:\Users\isaac\phlag\caster\data\ape.fa	307300	0.284228	0.0547496	0.77072	0.78634	200000
C:\Users\isaac\phlag\caster\data\ape.fa	307400	0.284228	0.0547496	0.767598	0.786072	200000
C:\Users\isaac\phlag\caster\data\ape.fa	307500	0.284228	0.0529147	0.767598	0.789123	200000
C:\Users\isaac\phlag\caster\data\ape.fa	307600	0.284228	0.0529147	0.778947	0.790057	200000
C:\Users\isaac\phlag\caster\data\ape.fa	307700	0.284228	0.0529147	0.779033	0.790064	200000
C:\Users\isaac\phlag\caster\data\ape.fa	307800	0.284228	0.0529147	0.785641	0.790597	200000
C:\Users\isaac\phlag\caster\data\ape.fa	307900	0.265301	0.0536235	0.785641	0.786536	200000
C:\Users\isaac\phlag\caster\data\ape.fa	308000	0.266405	0.0536235	0.788778	0.786969	200000
C:\Users\isaac\phlag\caster\data\ape.fa	308100	0.266405	0.0536235	0.788778	0.786969	200000
C:\Users\isaac\phlag\caster\data\ape.fa	308200	0.266405	0.0536235	0.794772	0.787468	200000
C:\Users\isaac\phlag\caster\data\ape.fa	308300	0.266405	0.0536235	0.798361	0.787764	200000
C:\Users\isaac\phlag\caster\data\ape.fa	308400	0.266405	0.0536235	0.80536	0.788335	200000
C:\Users\isaac\phlag\caster\data\ape.fa	308500	0.266405	0.0536235	0.80536	0.788335	200000
C:\Users\isaac\phlag\caster\data\ape.fa	308600	0.287412	0.0528678	0.817553	0.793613	200000
C:\Users\isaac\phlag\caster\data\ape.fa	308700	0.287412	0.0528678	0.824053	0.794093	200000
C:\Users\isaac\phlag\caster\data\ape.fa	308800	0.287412	0.0528678	0.829801	0.794513	200000
C:\Users\isaac\phlag\caster\data\ape.fa	308900	0.285657	0.0528678	0.824032	0.793835	200000
C:\Users\isaac\phlag\caster\data\ape.fa	309000	0.285657	0.0528678	0.827551	0.794093	200000
C:\Users\isaac\phlag\caster\data\ape.fa	309100	0.285657	0.0528678	0.827551	0.794093	200000
C:\Users\isaac\phlag\caster\data\ape.fa	309200	0.285657	0.0528678	0.827551	0.794093	200000
C:\Users\isaac\phlag\caster\data\ape.fa	309300	0.285657	0.0528678	0.810472	0.792822	200000
C:\Users\isaac\phlag\caster\data\ape.fa	309400	0.264652	0.0528678	0.801192	0.78895	200000
C:\Users\isaac\phlag\caster\data\ape.fa	309500	0.264652	0.0536206	0.801192	0.787736	200000
C:\Users\isaac\phlag\caster\data\ape.fa	309600	0.264652	0.056037	0.801191	0.783864	200000
C:\Users\isaac\phlag\caster\data\ape.fa	309700	0.280716	0.0558148	0.801191	0.786636	200000
C:\Users\isaac\phlag\caster\data\ape.fa	309800	0.259728	0.0541227	0.801191	0.786184	200000
C:\Users\isaac\phlag\caster\data\ape.fa	309900	0.259728	0.0541227	0.826748	0.788264	200000
C:\Users\isaac\phlag\caster\data\ape.fa	310000	0.259728	0.0541227	0.82869	0.788417	200000
C:\Users\isaac\phlag\caster\data\ape.fa	310100	0.259728	0.0541227	0.82869	0.788417	200000
C:\Users\isaac\phlag\caster\data\ape.fa	310200	0.259728	0.0541227	0.837902	0.789138	200000
C:\Users\isaac\phlag\caster\data\ape.fa	310300	0.259728	0.0541227	0.837902	0.789138	200000
C:\Users\isaac\phlag\caster\data\ape.fa	310400	0.235292	0.055789	0.837902	0.783	200000
C:\Users\isaac\phlag\caster\data\ape.fa	310500	0.235292	0.055789	0.837902	0.783	200000
C:\Users\isaac\phlag\caster\data\ape.fa	310600	0.235292	0.055789	0.825725	0.781968	200000
C:\Users\isaac\phlag\caster\data\ape.fa	310700	0.235292	0.055789	0.831733	0.78248	200000
C:\Users\isaac\phlag\caster\data\ape.fa	310800	0.235292	0.055789	0.831733	0.78248	200000
C:\Users\isaac\phlag\caster\data\ape.fa	310900	0.211746	0.055789	0.834563	0.779253	200000
C:\Users\isaac\phlag\caster\data\ape.fa	311000	0.211746	0.0524914	0.8375	0.784626	200000
C:\Users\isaac\phlag\caster\data\ape.fa	311100	0.211746	0.0524914	0.843182	0.785094	200000
C:\Users\isaac\phlag\caster\data\ape.fa	311200	0.211746	0.0524914	0.855589	0.786098	200000
C:\Users\isaac\phlag\caster\data\ape.fa	311300	0.211746	0.0543307	0.848531	0.782698	200000
C:\Users\isaac\phlag\caster\data\ape.fa	311400	0.211746	0.0595674	0.848531	0.774741	200000
C:\Users\isaac\phlag\caster\data\ape.fa	311500	0.211746	0.0577847	0.848519	0.777431	200000
C:\Users\isaac\phlag\caster\data\ape.fa	311600	0.188644	0.0577847	0.842903	0.773541	200000
C:\Users\isaac\phlag\caster\data\ape.fa	311700	0.190965	0.0569833	0.833917	0.774273	200000
C:\Users\isaac\phlag\caster\data\ape.fa	311800	0.190965	0.0569833	0.824172	0.773354	200000
C:\Users\isaac\phlag\caster\data\ape.fa	311900	0.190965	0.0569833	0.817899	0.772753	200000
C:\Users\isaac\phlag\caster\data\ape.fa	312000	0.190965	0.0569833	0.809627	0.771949	200000
C:\Users\isaac\phlag\caster\data\ape.fa	312100	0.190965	0.0569833	0.809627	0.771949	200000
C:\Users\isaac\phlag\caster\data\ape.fa	312200	0.223642	0.0569833	0.811231	0.777066	200000
C:\Users\isaac\phlag\caster\data\ape.fa	312300	0.223642	0.0569833	0.811231	0.777066	200000
C:\Users\isaac\phlag\caster\data\ape.fa	312400	0.223642	0.0569833	0.811231	0.777066	200000
C:\Users\isaac\phlag\caster\data\ape.fa	312500	0.223642	0.0569833	0.811231	0.777066	200000
C:\Users\isaac\phlag\caster\data\ape.fa	312600	0.223642	0.0602218	0.811417	0.772024	200000
C:\Users\isaac\phlag\caster\data\ape.fa	312700	0.223642	0.0610096	0.808561	0.770522	200000
C:\Users\isaac\phlag\caster\data\ape.fa	312800	0.223642	0.0610096	0.808561	0.770522	200000
C:\Users\isaac\phlag\caster\data\ape.fa	312900	0.223642	0.0610096	0.808561	0.770522	200000
C:\Users\isaac\phlag\caster\data\ape.fa	313000	0.223642	0.0610096	0.808561	0.770522	200000
C:\Users\isaac\phlag\caster\data\ape.fa	313100	0.223642	0.0601334	0.808561	0.771884	200000
C:\Users\isaac\phlag\caster\data\ape.fa	313200	0.223642	0.0585368	0.808561	0.774378	200000
C:\Users\isaac\phlag\caster\data\ape.fa	313300	0.223642	0.0551028	0.802144	0.779213	200000
C:\Users\isaac\phlag\caster\data\ape.fa	313400	0.266616	0.048658	0.802144	0.796172	200000
C:\Users\isaac\phlag\caster\data\ape.fa	313500	0.266616	0.048658	0.792601	0.795462	200000
C:\Users\isaac\phlag\caster\data\ape.fa	313600	0.266616	0.048658	0.795711	0.795695	200000
C:\Users\isaac\phlag\caster\data\ape.fa	313700	0.266616	0.0452959	0.795711	0.801283	200000
C:\Users\isaac\phlag\caster\data\ape.fa	313800	0.287849	0.0452959	0.798928	0.804715	200000
C:\Users\isaac\phlag\caster\data\ape.fa	313900	0.287849	0.0452959	0.801919	0.804909	200000
C:\Users\isaac\phlag\caster\data\ape.fa	314000	0.331041	0.0452959	0.801919	0.811351	200000
C:\Users\isaac\phlag\caster\data\ape.fa	314100	0.331041	0.0445124	0.801919	0.812658	200000
C:\Users\isaac\phlag\caster\data\ape.fa	314200	0.331041	0.0445124	0.796764	0.812367	200000
C:\Users\isaac\phlag\caster\data\ape.fa	314300	0.331041	0.0445124	0.793381	0.812174	200000
C:\Users\isaac\phlag\caster\data\ape.fa	314400	0.331041	0.0445402	0.793381	0.812127	200000
C:\Users\isaac\phlag\caster\data\ape.fa	314500	0.331041	0.0445402	0.793381	0.812127	200000
C:\Users\isaac\phlag\caster\data\ape.fa	314600	0.352011	0.0445402	0.793381	0.815254	200000
C:\Users\isaac\phlag\caster\data\ape.fa	314700	0.352011	0.0445402	0.788407	0.814985	200000
C:\Users\isaac\phlag\caster\data\ape.fa	314800	0.352011	0.0445402	0.788407	0.814985	200000
C:\Users\isaac\phlag\caster\data\ape.fa	314900	0.352011	0.0445402	0.785231	0.814812	200000
C:\Users\isaac\phlag\caster\data\ape.fa	315000	0.352011	0.0445402	0.782134	0.814642	200000
C:\Users\isaac\phlag\caster\data\ape.fa	315100	0.352011	0.0445402	0.775734	0.814288	200000
C:\Users\isaac\phlag\caster\data\ape.fa	315200	0.327956	0.0445402	0.775734	0.810626	200000
C:\Users\isaac\phlag\caster\data\ape.fa	315300	0.327956	0.0445402	0.775336	0.810602	200000
C:\Users\isaac\phlag\caster\data\ape.fa	315400	0.327956	0.0445402	0.775336	0.810602	200000
C:\Users\isaac\phlag\caster\data\ape.fa	315500	0.327956	0.0436319	0.775336	0.812163	200000
C:\Users\isaac\phlag\caster\data\ape.fa	315600	0.327956	0.0436319	0.775336	0.812163	200000
C:\Users\isaac\phlag\caster\data\ape.fa	315700	0.327956	0.0436319	0.775336	0.812163	200000
C:\Users\isaac\phlag\caster\data\ape.fa	315800	0.309454	0.0444877	0.775336	0.807856	200000
C:\Users\isaac\phlag\caster\data\ape.fa	315900	0.309454	0.0444877	0.775336	0.807856	200000
C:\Users\isaac\phlag\caster\data\ape.fa	316000	0.350583	0.0444877	0.775336	0.814139	200000
C:\Users\isaac\phlag\caster\data\ape.fa	316100	0.350583	0.0444877	0.772241	0.813965	200000
C:\Users\isaac\phlag\caster\data\ape.fa	316200	0.350583	0.0444877	0.772241	0.813965	200000
C:\Users\isaac\phlag\caster\data\ape.fa	316300	0.328044	0.0462119	0.778325	0.807946	200000
C:\Users\isaac\phlag\caster\data\ape.fa	316400	0.328044	0.0443066	0.781864	0.811403	200000
C:\Users\isaac\phlag\caster\data\ape.fa	316500	0.328044	0.0443066	0.781864	0.811403	200000
C:\Users\isaac\phlag\caster\data\ape.fa	316600	0.328044	0.0425522	0.785137	0.814588	200000
C:\Users\isaac\phlag\caster\data\ape.fa	316700	0.328044	0.0417314	0.787832	0.816141	200000
C:\Users\isaac\phlag\caster\data\ape.fa	316800	0.328044	0.0417376	0.79986	0.816767	200000
C:\Users\isaac\phlag\caster\data\ape.fa	316900	0.328044	0.0465501	0.801095	0.808774	200000
C:\Users\isaac\phlag\caster\data\ape.fa	317000	0.349223	0.0465501	0.797876	0.811724	200000
C:\Users\isaac\phlag\caster\data\ape.fa	317100	0.349223	0.0474163	0.794704	0.810098	200000
C:\Users\isaac\phlag\caster\data\ape.fa	317200	0.349223	0.0474163	0.794704	0.810098	200000
C:\Users\isaac\phlag\caster\data\ape.fa	317300	0.349223	0.0474163	0.788372	0.809723	200000
C:\Users\isaac\phlag\caster\data\ape.fa	317400	0.349223	0.0474163	0.788372	0.809723	200000
C:\Users\isaac\phlag\caster\data\ape.fa	317500	0.349223	0.0474163	0.785208	0.809534	200000
C:\Users\isaac\phlag\caster\data\ape.fa	317600	0.349223	0.0474163	0.785208	0.809534	200000
C:\Users\isaac\phlag\caster\data\ape.fa	317700	0.349223	0.0474163	0.796397	0.810198	200000
C:\Users\isaac\phlag\caster\data\ape.fa	317800	0.349223	0.0474163	0.796397	0.810198	200000
C:\Users\isaac\phlag\caster\data\ape.fa	317900	0.308919	0.0505805	0.796397	0.79897	200000
C:\Users\isaac\phlag\caster\data\ape.fa	318000	0.308919	0.0505805	0.799034	0.799155	200000
C:\Users\isaac\phlag\caster\data\ape.fa	318100	0.308919	0.0504816	0.804622	0.799705	200000
C:\Users\isaac\phlag\caster\data\ape.fa	318200	0.308919	0.0504816	0.804622	0.799705	200000
C:\Users\isaac\phlag\caster\data\ape.fa	318300	0.308919	0.0504816	0.804622	0.799705	200000
C:\Users\isaac\phlag\caster\data\ape.fa	318400	0.308919	0.0528201	0.801434	0.795686	200000
C:\Users\isaac\phlag\caster\data\ape.fa	318500	0.308919	0.0509609	0.801434	0.798703	200000
C:\Users\isaac\phlag\caster\data\ape.fa	318600	0.308919	0.0509609	0.801434	0.798703	200000
C:\Users\isaac\phlag\caster\data\ape.fa	318700	0.308919	0.0509609	0.789733	0.79787	200000
C:\Users\isaac\phlag\caster\data\ape.fa	318800	0.308919	0.0492826	0.789733	0.800644	200000
C:\Users\isaac\phlag\caster\data\ape.fa	318900	0.327514	0.0501353	0.786693	0.801827	200000
C:\Users\isaac\phlag\caster\data\ape.fa	319000	0.327514	0.0501353	0.790519	0.802086	200000
C:\Users\isaac\phlag\caster\data\ape.fa	319100	0.327514	0.0501353	0.796734	0.802503	200000
C:\Users\isaac\phlag\caster\data\ape.fa	319200	0.327514	0.0470322	0.802593	0.807988	200000
C:\Users\isaac\phlag\caster\data\ape.fa	319300	0.348896	0.0470322	0.802593	0.811145	200000
C:\Users\isaac\phlag\caster\data\ape.fa	319400	0.369467	0.0470322	0.796391	0.813826	200000
C:\Users\isaac\phlag\caster\data\ape.fa	319500	0.405731	0.0484611	0.796391	0.816763	200000
C:\Users\isaac\phlag\caster\data\ape.fa	319600	0.405731	0.0484611	0.79935	0.816914	200000
C:\Users\isaac\phlag\caster\data\ape.fa	319700	0.427096	0.0484611	0.805642	0.820301	200000
C:\Users\isaac\phlag\caster\data\ape.fa	319800	0.427096	0.0484611	0.805642	0.820301	200000
C:\Users\isaac\phlag\caster\data\ape.fa	319900	0.427096	0.0484611	0.799528	0.820012	200000
C:\Users\isaac\phlag\caster\data\ape.fa	320000	0.427096	0.0484611	0.799528	0.820012	200000
C:\Users\isaac\phlag\caster\data\ape.fa	320100	0.427281	0.0484611	0.799528	0.820039	200000
C:\Users\isaac\phlag\caster\data\ape.fa	320200	0.427281	0.0518332	0.799528	0.814506	200000
C:\Users\isaac\phlag\caster\data\ape.fa	320300	0.427281	0.0518332	0.799528	0.814506	200000
C:\Users\isaac\phlag\caster\data\ape.fa	320400	0.427281	0.0518332	0.80597	0.814844	200000
C:\Users\isaac\phlag\caster\data\ape.fa	320500	0.427281	0.0486647	0.80597	0.820009	200000
C:\Users\isaac\phlag\caster\data\ape.fa	320600	0.406934	0.0486647	0.805735	0.817076	200000
C:\Users\isaac\phlag\caster\data\ape.fa	320700	0.406934	0.0519893	0.805735	0.811659	200000
C:\Users\isaac\phlag\caster\data\ape.fa	320800	0.406934	0.0491359	0.803069	0.816167	200000
C:\Users\isaac\phlag\caster\data\ape.fa	320900	0.406934	0.0491359	0.803069	0.816167	200000
C:\Users\isaac\phlag\caster\data\ape.fa	321000	0.385408	0.0491359	0.803069	0.813048	200000
C:\Users\isaac\phlag\caster\data\ape.fa	321100	0.386103	0.0491359	0.799916	0.812976	200000
C:\Users\isaac\phlag\caster\data\ape.fa	321200	0.386103	0.0491359	0.799791	0.812969	200000
C:\Users\isaac\phlag\caster\data\ape.fa	321300	0.386103	0.0491359	0.794241	0.812662	200000
C:\Users\isaac\phlag\caster\data\ape.fa	321400	0.386103	0.0491359	0.794241	0.812662	200000
C:\Users\isaac\phlag\caster\data\ape.fa	321500	0.386103	0.0491359	0.791133	0.812489	200000
C:\Users\isaac\phlag\caster\data\ape.fa	321600	0.386103	0.0491359	0.797508	0.812844	200000
C:\Users\isaac\phlag\caster\data\ape.fa	321700	0.386103	0.0491359	0.797508	0.812844	200000
C:\Users\isaac\phlag\caster\data\ape.fa	321800	0.386103	0.0499921	0.797508	0.811434	200000
C:\Users\isaac\phlag\caster\data\ape.fa	321900	0.386103	0.0509954	0.797508	0.809788	200000
C:\Users\isaac\phlag\caster\data\ape.fa	322000	0.386191	0.0509954	0.803416	0.810142	200000
C:\Users\isaac\phlag\caster\data\ape.fa	322100	0.386191	0.0477222	0.803416	0.815505	200000
C:\Users\isaac\phlag\caster\data\ape.fa	322200	0.386191	0.0477222	0.812824	0.815993	200000
C:\Users\isaac\phlag\caster\data\ape.fa	322300	0.386191	0.0477222	0.825453	0.816632	200000
C:\Users\isaac\phlag\caster\data\ape.fa	322400	0.386191	0.0477222	0.825453	0.816632	200000
C:\Users\isaac\phlag\caster\data\ape.fa	322500	0.40852	0.0459786	0.825453	0.822615	200000
C:\Users\isaac\phlag\caster\data\ape.fa	322600	0.430407	0.0459786	0.822567	0.825574	200000
C:\Users\isaac\phlag\caster\data\ape.fa	322700	0.430407	0.0459786	0.822567	0.825574	200000
C:\Users\isaac\phlag\caster\data\ape.fa	322800	0.430407	0.045144	0.822567	0.826937	200000
C:\Users\isaac\phlag\caster\data\ape.fa	322900	0.430407	0.045144	0.822567	0.826937	200000
C:\Users\isaac\phlag\caster\data\ape.fa	323000	0.390011	0.0477804	0.827494	0.817181	200000
C:\Users\isaac\phlag\caster\data\ape.fa	323100	0.390011	0.0477804	0.833807	0.81749	200000
C:\Users\isaac\phlag\caster\data\ape.fa	323200	0.390011	0.044453	0.833807	0.822851	200000
C:\Users\isaac\phlag\caster\data\ape.fa	323300	0.390011	0.0453377	0.846333	0.821975	200000
C:\Users\isaac\phlag\caster\data\ape.fa	323400	0.390011	0.0453377	0.833791	0.821418	200000
C:\Users\isaac\phlag\caster\data\ape.fa	323500	0.390011	0.0539664	0.833791	0.807699	200000
C:\Users\isaac\phlag\caster\data\ape.fa	323600	0.390011	0.0584431	0.83658	0.800932	200000
C:\Users\isaac\phlag\caster\data\ape.fa	323700	0.390011	0.0593122	0.840112	0.799829	200000
C:\Users\isaac\phlag\caster\data\ape.fa	323800	0.390011	0.0593122	0.826964	0.798969	200000
C:\Users\isaac\phlag\caster\data\ape.fa	323900	0.370046	0.0585255	0.821084	0.796954	200000
C:\Users\isaac\phlag\caster\data\ape.fa	324000	0.370046	0.0585255	0.82417	0.797166	200000
C:\Users\isaac\phlag\caster\data\ape.fa	324100	0.370046	0.0585255	0.830531	0.7976	200000
C:\Users\isaac\phlag\caster\data\ape.fa	324200	0.370046	0.0585255	0.830531	0.7976	200000
C:\Users\isaac\phlag\caster\data\ape.fa	324300	0.391323	0.0593639	0.830531	0.799309	200000
C:\Users\isaac\phlag\caster\data\ape.fa	324400	0.391323	0.060195	0.830531	0.798033	200000
C:\Users\isaac\phlag\caster\data\ape.fa	324500	0.391323	0.060195	0.833057	0.798201	200000
C:\Users\isaac\phlag\caster\data\ape.fa	324600	0.391323	0.060195	0.835499	0.798364	200000
C:\Users\isaac\phlag\caster\data\ape.fa	324700	0.412237	0.060195	0.835723	0.801293	200000
C:\Users\isaac\phlag\caster\data\ape.fa	324800	0.412237	0.060195	0.835723	0.801293	200000
C:\Users\isaac\phlag\caster\data\ape.fa	324900	0.412237	0.0635663	0.835723	0.796177	200000
C:\Users\isaac\phlag\caster\data\ape.fa	325000	0.412237	0.0669784	0.842099	0.79152	200000
C:\Users\isaac\phlag\caster\data\ape.fa	325100	0.412237	0.0669784	0.848349	0.791964	200000
C:\Users\isaac\phlag\caster\data\ape.fa	325200	0.412237	0.0652719	0.84516	0.794267	200000
C:\Users\isaac\phlag\caster\data\ape.fa	325300	0.412237	0.0661036	0.835954	0.792384	200000
C:\Users\isaac\phlag\caster\data\ape.fa	325400	0.391269	0.0661036	0.842129	0.789922	200000
C:\Users\isaac\phlag\caster\data\ape.fa	325500	0.391269	0.0669777	0.848106	0.789068	200000
C:\Users\isaac\phlag\caster\data\ape.fa	325600	0.391269	0.0669607	0.851375	0.789333	200000
C:\Users\isaac\phlag\caster\data\ape.fa	325700	0.391269	0.0669607	0.863672	0.790221	200000
C:\Users\isaac\phlag\caster\data\ape.fa	325800	0.391269	0.0669607	0.867106	0.790466	200000
C:\Users\isaac\phlag\caster\data\ape.fa	325900	0.391269	0.0669607	0.873298	0.790902	200000
C:\Users\isaac\phlag\caster\data\ape.fa	326000	0.391269	0.0660988	0.872964	0.792123	200000
C:\Users\isaac\phlag\caster\data\ape.fa	326100	0.391269	0.0660988	0.881116	0.792682	200000
C:\Users\isaac\phlag\caster\data\ape.fa	326200	0.391269	0.0696009	0.881116	0.787683	200000
C:\Users\isaac\phlag\caster\data\ape.fa	326300	0.391269	0.0696009	0.875207	0.787254	200000
C:\Users\isaac\phlag\caster\data\ape.fa	326400	0.391269	0.0696009	0.878296	0.787479	200000
C:\Users\isaac\phlag\caster\data\ape.fa	326500	0.391269	0.0696009	0.881819	0.787734	200000
C:\Users\isaac\phlag\caster\data\ape.fa	326600	0.368621	0.0696009	0.881819	0.784713	200000
C:\Users\isaac\phlag\caster\data\ape.fa	326700	0.368621	0.0696009	0.878566	0.784467	200000
C:\Users\isaac\phlag\caster\data\ape.fa	326800	0.368621	0.0696009	0.884276	0.784897	200000
C:\Users\isaac\phlag\caster\data\ape.fa	326900	0.343282	0.0696009	0.893197	0.782195	200000
C:\Users\isaac\phlag\caster\data\ape.fa	327000	0.322753	0.0696009	0.893197	0.779452	200000
C:\Users\isaac\phlag\caster\data\ape.fa	327100	0.322753	0.0696009	0.893197	0.779452	200000
C:\Users\isaac\phlag\caster\data\ape.fa	327200	0.322753	0.0695106	0.893197	0.779579	200000
C:\Users\isaac\phlag\caster\data\ape.fa	327300	0.333338	0.0695106	0.894756	0.781117	200000
C:\Users\isaac\phlag\caster\data\ape.fa	327400	0.335894	0.0695106	0.894756	0.781458	200000
C:\Users\isaac\phlag\caster\data\ape.fa	327500	0.324718	0.0695106	0.896361	0.780093	200000
C:\Users\isaac\phlag\caster\data\ape.fa	327600	0.324718	0.0685858	0.896361	0.781388	200000
C:\Users\isaac\phlag\caster\data\ape.fa	327700	0.324718	0.0685858	0.893687	0.78118	200000
C:\Users\isaac\phlag\caster\data\ape.fa	327800	0.324718	0.0694603	0.884121	0.779187	200000
C:\Users\isaac\phlag\caster\data\ape.fa	327900	0.324718	0.0694603	0.874327	0.77839	200000
C:\Users\isaac\phlag\caster\data\ape.fa	328000	0.324718	0.0694603	0.871217	0.778134	200000
C:\Users\isaac\phlag\caster\data\ape.fa	328100	0.324718	0.0694603	0.865429	0.777653	200000
C:\Users\isaac\phlag\caster\data\ape.fa	328200	0.324718	0.0728094	0.865429	0.772873	200000
C:\Users\isaac\phlag\caster\data\ape.fa	328300	0.324718	0.0728094	0.865429	0.772873	200000
C:\Users\isaac\phlag\caster\data\ape.fa	328400	0.324718	0.0728094	0.873363	0.773562	200000
C:\Users\isaac\phlag\caster\data\ape.fa	328500	0.324718	0.0711765	0.876642	0.776146	200000
C:\Users\isaac\phlag\caster\data\ape.fa	328600	0.324718	0.0702331	0.876642	0.777482	200000
C:\Users\isaac\phlag\caster\data\ape.fa	328700	0.324718	0.0682213	0.882467	0.780811	200000
C:\Users\isaac\phlag\caster\data\ape.fa	328800	0.324718	0.0682213	0.888378	0.781278	200000
C:\Users\isaac\phlag\caster\data\ape.fa	328900	0.324718	0.0682213	0.888307	0.781272	200000
C:\Users\isaac\phlag\caster\data\ape.fa	329000	0.324718	0.0682213	0.888307	0.781272	200000
C:\Users\isaac\phlag\caster\data\ape.fa	329100	0.303248	0.0633333	0.888307	0.785343	200000
C:\Users\isaac\phlag\caster\data\ape.fa	329200	0.280989	0.0633333	0.881019	0.781737	200000
C:\Users\isaac\phlag\caster\data\ape.fa	329300	0.280989	0.0633333	0.867212	0.78062	200000
C:\Users\isaac\phlag\caster\data\ape.fa	329400	0.280989	0.0633333	0.877151	0.781427	200000
C:\Users\isaac\phlag\caster\data\ape.fa	329500	0.280989	0.0625466	0.877151	0.78257	200000
C:\Users\isaac\phlag\caster\data\ape.fa	329600	0.280989	0.0625466	0.873942	0.782315	200000
C:\Users\isaac\phlag\caster\data\ape.fa	329700	0.280989	0.0625466	0.867555	0.781801	200000
C:\Users\isaac\phlag\caster\data\ape.fa	329800	0.280989	0.0641882	0.87078	0.779667	200000
C:\Users\isaac\phlag\caster\data\ape.fa	329900	0.280989	0.0641882	0.86434	0.779132	200000
C:\Users\isaac\phlag\caster\data\ape.fa	330000	0.303093	0.0641882	0.850659	0.781101	200000
C:\Users\isaac\phlag\caster\data\ape.fa	330100	0.303093	0.0641882	0.850659	0.781101	200000
C:\Users\isaac\phlag\caster\data\ape.fa	330200	0.303093	0.0641882	0.850659	0.781101	200000
C:\Users\isaac\phlag\caster\data\ape.fa	330300	0.303093	0.0641882	0.850659	0.781101	200000
C:\Users\isaac\phlag\caster\data\ape.fa	330400	0.303093	0.0641882	0.853917	0.781368	200000
C:\Users\isaac\phlag\caster\data\ape.fa	330500	0.303093	0.0650457	0.853917	0.780104	200000
C:\Users\isaac\phlag\caster\data\ape.fa	330600	0.32159	0.0633573	0.853917	0.785189	200000
C:\Users\isaac\phlag\caster\data\ape.fa	330700	0.32159	0.0633573	0.853917	0.785189	200000
C:\Users\isaac\phlag\caster\data\ape.fa	330800	0.32159	0.0633632	0.853917	0.785181	200000
C:\Users\isaac\phlag\caster\data\ape.fa	330900	0.300659	0.0625385	0.847752	0.782972	200000
C:\Users\isaac\phlag\caster\data\ape.fa	331000	0.300659	0.0625385	0.847781	0.782975	200000
C:\Users\isaac\phlag\caster\data\ape.fa	331100	0.300659	0.0623425	0.859022	0.784167	200000
C:\Users\isaac\phlag\caster\data\ape.fa	331200	0.277537	0.0615306	0.859022	0.782123	200000
C:\Users\isaac\phlag\caster\data\ape.fa	331300	0.277537	0.0615306	0.852631	0.781599	200000
C:\Users\isaac\phlag\caster\data\ape.fa	331400	0.277537	0.0606142	0.852631	0.782968	200000
C:\Users\isaac\phlag\caster\data\ape.fa	331500	0.277537	0.0606142	0.852631	0.782968	200000
C:\Users\isaac\phlag\caster\data\ape.fa	331600	0.277537	0.0606142	0.852631	0.782968	200000
C:\Users\isaac\phlag\caster\data\ape.fa	331700	0.277537	0.0606142	0.854828	0.783147	200000
C:\Users\isaac\phlag\caster\data\ape.fa	331800	0.277537	0.0606142	0.854828	0.783147	200000
C:\Users\isaac\phlag\caster\data\ape.fa	331900	0.277537	0.0606142	0.849376	0.782703	200000
C:\Users\isaac\phlag\caster\data\ape.fa	332000	0.277537	0.0606142	0.842706	0.782154	200000
C:\Users\isaac\phlag\caster\data\ape.fa	332100	0.277537	0.0623634	0.840054	0.779295	200000
C:\Users\isaac\phlag\caster\data\ape.fa	332200	0.277537	0.0623634	0.833597	0.778738	200000
C:\Users\isaac\phlag\caster\data\ape.fa	332300	0.277537	0.0623634	0.836715	0.779008	200000
C:\Users\isaac\phlag\caster\data\ape.fa	332400	0.321459	0.0623634	0.836715	0.785302	200000
C:\Users\isaac\phlag\caster\data\ape.fa	332500	0.321459	0.0623634	0.836715	0.785302	200000
C:\Users\isaac\phlag\caster\data\ape.fa	332600	0.321459	0.0623634	0.836715	0.785302	200000
C:\Users\isaac\phlag\caster\data\ape.fa	332700	0.321459	0.0623634	0.839209	0.7855	200000
C:\Users\isaac\phlag\caster\data\ape.fa	332800	0.321459	0.0632264	0.842424	0.784459	200000
C:\Users\isaac\phlag\caster\data\ape.fa	332900	0.300406	0.0632264	0.842424	0.781471	200000
C:\Users\isaac\phlag\caster\data\ape.fa	333000	0.278514	0.0632264	0.852118	0.779173	200000
C:\Users\isaac\phlag\caster\data\ape.fa	333100	0.296403	0.0632264	0.847369	0.781312	200000
C:\Users\isaac\phlag\caster\data\ape.fa	333200	0.296403	0.0632264	0.847369	0.781312	200000
C:\Users\isaac\phlag\caster\data\ape.fa	333300	0.296403	0.0632264	0.847369	0.781312	200000
C:\Users\isaac\phlag\caster\data\ape.fa	333400	0.296403	0.0648853	0.844207	0.778578	200000
C:\Users\isaac\phlag\caster\data\ape.fa	333500	0.296403	0.0648853	0.846169	0.778746	200000
C:\Users\isaac\phlag\caster\data\ape.fa	333600	0.296403	0.0648853	0.846169	0.778746	200000
C:\Users\isaac\phlag\caster\data\ape.fa	333700	0.296403	0.0648853	0.846169	0.778746	200000
C:\Users\isaac\phlag\caster\data\ape.fa	333800	0.315616	0.0648853	0.840693	0.781012	200000
C:\Users\isaac\phlag\caster\data\ape.fa	333900	0.293632	0.0648853	0.843898	0.778158	200000
C:\Users\isaac\phlag\caster\data\ape.fa	334000	0.293632	0.0648853	0.840857	0.777896	200000
C:\Users\isaac\phlag\caster\data\ape.fa	334100	0.293632	0.0648853	0.853061	0.778938	200000
C:\Users\isaac\phlag\caster\data\ape.fa	334200	0.293632	0.0648853	0.865666	0.779988	200000
C:\Users\isaac\phlag\caster\data\ape.fa	334300	0.293632	0.0648853	0.869393	0.780294	200000
C:\Users\isaac\phlag\caster\data\ape.fa	334400	0.293632	0.0648853	0.869393	0.780294	200000
C:\Users\isaac\phlag\caster\data\ape.fa	334500	0.30451	0.0648853	0.874199	0.782182	200000
C:\Users\isaac\phlag\caster\data\ape.fa	334600	0.30451	0.0581491	0.874199	0.792051	200000
C:\Users\isaac\phlag\caster\data\ape.fa	334700	0.30451	0.0581491	0.882914	0.792664	200000
C:\Users\isaac\phlag\caster\data\ape.fa	334800	0.30451	0.0572678	0.874764	0.793399	200000
C:\Users\isaac\phlag\caster\data\ape.fa	334900	0.30451	0.0572678	0.871532	0.793173	200000
C:\Users\isaac\phlag\caster\data\ape.fa	335000	0.30451	0.0572678	0.871532	0.793173	200000
C:\Users\isaac\phlag\caster\data\ape.fa	335100	0.30451	0.0572678	0.871532	0.793173	200000
C:\Users\isaac\phlag\caster\data\ape.fa	335200	0.30451	0.0572678	0.877576	0.793594	200000
C:\Users\isaac\phlag\caster\data\ape.fa	335300	0.30451	0.0572678	0.877576	0.793594	200000
C:\Users\isaac\phlag\caster\data\ape.fa	335400	0.265505	0.0572678	0.877576	0.78821	200000
C:\Users\isaac\phlag\caster\data\ape.fa	335500	0.265505	0.0572678	0.877576	0.78821	200000
C:\Users\isaac\phlag\caster\data\ape.fa	335600	0.28675	0.0572678	0.877576	0.79115	200000
C:\Users\isaac\phlag\caster\data\ape.fa	335700	0.308436	0.0572678	0.874273	0.793905	200000
C:\Users\isaac\phlag\caster\data\ape.fa	335800	0.308436	0.0572678	0.874273	0.793905	200000
C:\Users\isaac\phlag\caster\data\ape.fa	335900	0.285914	0.0572678	0.880214	0.791224	200000
C:\Users\isaac\phlag\caster\data\ape.fa	336000	0.285914	0.0564091	0.885519	0.792868	200000
C:\Users\isaac\phlag\caster\data\ape.fa	336100	0.285914	0.0564091	0.885519	0.792868	200000
C:\Users\isaac\phlag\caster\data\ape.fa	336200	0.285914	0.0564091	0.885519	0.792868	200000
C:\Users\isaac\phlag\caster\data\ape.fa	336300	0.285914	0.05802	0.885519	0.790496	200000
C:\Users\isaac\phlag\caster\data\ape.fa	336400	0.285914	0.05802	0.885519	0.790496	200000
C:\Users\isaac\phlag\caster\data\ape.fa	336500	0.285914	0.05802	0.888284	0.790694	200000
C:\Users\isaac\phlag\caster\data\ape.fa	336600	0.285929	0.05802	0.888284	0.790696	200000
C:\Users\isaac\phlag\caster\data\ape.fa	336700	0.285929	0.0594224	0.879072	0.787967	200000
C:\Users\isaac\phlag\caster\data\ape.fa	336800	0.285929	0.0594224	0.879072	0.787967	200000
C:\Users\isaac\phlag\caster\data\ape.fa	336900	0.285929	0.0594224	0.879072	0.787967	200000
C:\Users\isaac\phlag\caster\data\ape.fa	337000	0.285929	0.0594224	0.8794	0.787991	200000
C:\Users\isaac\phlag\caster\data\ape.fa	337100	0.285929	0.0594224	0.879017	0.787963	200000
C:\Users\isaac\phlag\caster\data\ape.fa	337200	0.285929	0.0594224	0.882197	0.788199	200000
C:\Users\isaac\phlag\caster\data\ape.fa	337300	0.264014	0.0594224	0.882197	0.785182	200000
C:\Users\isaac\phlag\caster\data\ape.fa	337400	0.264014	0.0594224	0.882197	0.785182	200000
C:\Users\isaac\phlag\caster\data\ape.fa	337500	0.264014	0.0594224	0.882693	0.78522	200000
C:\Users\isaac\phlag\caster\data\ape.fa	337600	0.264014	0.0618256	0.879466	0.781458	200000
C:\Users\isaac\phlag\caster\data\ape.fa	337700	0.264014	0.0618256	0.879466	0.781458	200000
C:\Users\isaac\phlag\caster\data\ape.fa	337800	0.26492	0.0618256	0.885341	0.782054	200000
C:\Users\isaac\phlag\caster\data\ape.fa	337900	0.26492	0.0618256	0.885341	0.782054	200000
C:\Users\isaac\phlag\caster\data\ape.fa	338000	0.26492	0.0618256	0.893527	0.782701	200000
C:\Users\isaac\phlag\caster\data\ape.fa	338100	0.26492	0.0618256	0.896677	0.782947	200000
C:\Users\isaac\phlag\caster\data\ape.fa	338200	0.26492	0.0618256	0.896677	0.782947	200000
C:\Users\isaac\phlag\caster\data\ape.fa	338300	0.25578	0.0618256	0.898758	0.781867	200000
C:\Users\isaac\phlag\caster\data\ape.fa	338400	0.25578	0.0685165	0.898758	0.772403	200000
C:\Users\isaac\phlag\caster\data\ape.fa	338500	0.25578	0.0670485	0.898758	0.77446	200000
C:\Users\isaac\phlag\caster\data\ape.fa	338600	0.25578	0.067896	0.904467	0.77376	200000
C:\Users\isaac\phlag\caster\data\ape.fa	338700	0.25578	0.067896	0.898155	0.77322	200000
C:\Users\isaac\phlag\caster\data\ape.fa	338800	0.25578	0.067896	0.898155	0.77322	200000
C:\Users\isaac\phlag\caster\data\ape.fa	338900	0.233873	0.067896	0.901232	0.770508	200000
C:\Users\isaac\phlag\caster\data\ape.fa	339000	0.233873	0.067896	0.901232	0.770508	200000
C:\Users\isaac\phlag\caster\data\ape.fa	339100	0.233873	0.067896	0.895839	0.770028	200000
C:\Users\isaac\phlag\caster\data\ape.fa	339200	0.233873	0.0711349	0.895839	0.765508	200000
C:\Users\isaac\phlag\caster\data\ape.fa	339300	0.233873	0.0711349	0.895486	0.765475	200000
C:\Users\isaac\phlag\caster\data\ape.fa	339400	0.233873	0.0711349	0.89873	0.765777	200000
C:\Users\isaac\phlag\caster\data\ape.fa	339500	0.233873	0.0711349	0.898316	0.765738	200000
C:\Users\isaac\phlag\caster\data\ape.fa	339600	0.233873	0.0711332	0.898316	0.765741	200000
C:\Users\isaac\phlag\caster\data\ape.fa	339700	0.233715	0.0719612	0.898316	0.764574	200000
C:\Users\isaac\phlag\caster\data\ape.fa	339800	0.256184	0.0711433	0.895258	0.768487	200000
C:\Users\isaac\phlag\caster\data\ape.fa	339900	0.256184	0.0711433	0.888777	0.767899	200000
C:\Users\isaac\phlag\caster\data\ape.fa	340000	0.288824	0.0711433	0.890379	0.772488	200000
C:\Users\isaac\phlag\caster\data\ape.fa	340100	0.288824	0.0711433	0.899306	0.773255	200000
C:\Users\isaac\phlag\caster\data\ape.fa	340200	0.288824	0.0711433	0.899306	0.773255	200000
C:\Users\isaac\phlag\caster\data\ape.fa	340300	0.309027	0.0711433	0.899306	0.775961	200000
C:\Users\isaac\phlag\caster\data\ape.fa	340400	0.309027	0.0711433	0.899432	0.775971	200000
C:\Users\isaac\phlag\caster\data\ape.fa	340500	0.309027	0.0711433	0.895921	0.775681	200000
C:\Users\isaac\phlag\caster\data\ape.fa	340600	0.309027	0.071872	0.895921	0.774668	200000
C:\Users\isaac\phlag\caster\data\ape.fa	340700	0.309027	0.071872	0.895921	0.774668	200000
C:\Users\isaac\phlag\caster\data\ape.fa	340800	0.309027	0.071872	0.883208	0.773591	200000
C:\Users\isaac\phlag\caster\data\ape.fa	340900	0.329791	0.071872	0.883208	0.776402	200000
C:\Users\isaac\phlag\caster\data\ape.fa	341000	0.329791	0.071872	0.884249	0.776488	200000
C:\Users\isaac\phlag\caster\data\ape.fa	341100	0.329791	0.071872	0.884249	0.776488	200000
C:\Users\isaac\phlag\caster\data\ape.fa	341200	0.329791	0.071872	0.878235	0.775987	200000
C:\Users\isaac\phlag\caster\data\ape.fa	341300	0.373389	0.0753076	0.85579	0.775176	200000
C:\Users\isaac\phlag\caster\data\ape.fa	341400	0.373389	0.0753076	0.851704	0.774827	200000
C:\Users\isaac\phlag\caster\data\ape.fa	341500	0.373389	0.0753076	0.851704	0.774827	200000
C:\Users\isaac\phlag\caster\data\ape.fa	341600	0.373376	0.076135	0.845824	0.773135	200000
C:\Users\isaac\phlag\caster\data\ape.fa	341700	0.351941	0.0723518	0.851676	0.776096	200000
C:\Users\isaac\phlag\caster\data\ape.fa	341800	0.351941	0.0732004	0.851723	0.774881	200000
C:\Users\isaac\phlag\caster\data\ape.fa	341900	0.351941	0.0732004	0.851723	0.774881	200000
C:\Users\isaac\phlag\caster\data\ape.fa	342000	0.351941	0.0732004	0.85801	0.775421	200000
C:\Users\isaac\phlag\caster\data\ape.fa	342100	0.351941	0.0732004	0.851469	0.774859	200000
C:\Users\isaac\phlag\caster\data\ape.fa	342200	0.351941	0.0724511	0.848669	0.775696	200000
C:\Users\isaac\phlag\caster\data\ape.fa	342300	0.351941	0.0724511	0.848669	0.775696	200000
C:\Users\isaac\phlag\caster\data\ape.fa	342400	0.331112	0.0724511	0.854759	0.773332	200000
C:\Users\isaac\phlag\caster\data\ape.fa	342500	0.35196	0.074094	0.848746	0.773343	200000
C:\Users\isaac\phlag\caster\data\ape.fa	342600	0.35196	0.074094	0.843513	0.77288	200000
C:\Users\isaac\phlag\caster\data\ape.fa	342700	0.3705	0.074094	0.843513	0.775462	200000
C:\Users\isaac\phlag\caster\data\ape.fa	342800	0.3705	0.074094	0.837557	0.774946	200000
C:\Users\isaac\phlag\caster\data\ape.fa	342900	0.3705	0.074094	0.837559	0.774947	200000
C:\Users\isaac\phlag\caster\data\ape.fa	343000	0.3705	0.0774144	0.837559	0.770167	200000
C:\Users\isaac\phlag\caster\data\ape.fa	343100	0.3705	0.0774144	0.834347	0.769873	200000
C:\Users\isaac\phlag\caster\data\ape.fa	343200	0.3705	0.0774144	0.834347	0.769873	200000
C:\Users\isaac\phlag\caster\data\ape.fa	343300	0.3705	0.0739636	0.839711	0.775322	200000
C:\Users\isaac\phlag\caster\data\ape.fa	343400	0.3705	0.0739636	0.839711	0.775322	200000
C:\Users\isaac\phlag\caster\data\ape.fa	343500	0.3705	0.0787128	0.839711	0.768512	200000
C:\Users\isaac\phlag\caster\data\ape.fa	343600	0.391941	0.0787128	0.833379	0.77092	200000
C:\Users\isaac\phlag\caster\data\ape.fa	343700	0.391941	0.0787128	0.836561	0.771207	200000
C:\Users\isaac\phlag\caster\data\ape.fa	343800	0.373294	0.0787128	0.84296	0.769199	200000
C:\Users\isaac\phlag\caster\data\ape.fa	343900	0.352769	0.0787128	0.836915	0.765771	200000
C:\Users\isaac\phlag\caster\data\ape.fa	344000	0.352769	0.0787128	0.829388	0.765048	200000
C:\Users\isaac\phlag\caster\data\ape.fa	344100	0.396791	0.0787128	0.824118	0.770758	200000
C:\Users\isaac\phlag\caster\data\ape.fa	344200	0.396791	0.0787128	0.824118	0.770758	200000
C:\Users\isaac\phlag\caster\data\ape.fa	344300	0.396791	0.0834321	0.821201	0.763728	200000
C:\Users\isaac\phlag\caster\data\ape.fa	344400	0.374747	0.0850703	0.821201	0.758298	200000
C:\Users\isaac\phlag\caster\data\ape.fa	344500	0.41638	0.0842442	0.799588	0.763216	200000
C:\Users\isaac\phlag\caster\data\ape.fa	344600	0.41638	0.0842442	0.799588	0.763216	200000
C:\Users\isaac\phlag\caster\data\ape.fa	344700	0.41638	0.0858995	0.799633	0.760837	200000
C:\Users\isaac\phlag\caster\data\ape.fa	344800	0.41638	0.0858995	0.793765	0.760238	200000
C:\Users\isaac\phlag\caster\data\ape.fa	344900	0.41638	0.0857785	0.799978	0.761046	200000
C:\Users\isaac\phlag\caster\data\ape.fa	345000	0.438277	0.0866392	0.799995	0.762934	200000
C:\Users\isaac\phlag\caster\data\ape.fa	345100	0.438277	0.0866392	0.802728	0.763204	200000
C:\Users\isaac\phlag\caster\data\ape.fa	345200	0.438277	0.0866392	0.802728	0.763204	200000
C:\Users\isaac\phlag\caster\data\ape.fa	345300	0.438277	0.0866392	0.793898	0.762326	200000
C:\Users\isaac\phlag\caster\data\ape.fa	345400	0.416085	0.0866392	0.799954	0.759768	200000
C:\Users\isaac\phlag\caster\data\ape.fa	345500	0.416085	0.0866392	0.799954	0.759768	200000
C:\Users\isaac\phlag\caster\data\ape.fa	345600	0.416085	0.0866392	0.803047	0.760083	200000
C:\Users\isaac\phlag\caster\data\ape.fa	345700	0.416085	0.0866392	0.822222	0.762	200000
C:\Users\isaac\phlag\caster\data\ape.fa	345800	0.416085	0.0866392	0.822222	0.762	200000
C:\Users\isaac\phlag\caster\data\ape.fa	345900	0.416085	0.0875082	0.815885	0.760149	200000
C:\Users\isaac\phlag\caster\data\ape.fa	346000	0.395689	0.0875082	0.818873	0.757583	200000
C:\Users\isaac\phlag\caster\data\ape.fa	346100	0.395689	0.0875082	0.812729	0.756948	200000
C:\Users\isaac\phlag\caster\data\ape.fa	346200	0.395689	0.0875082	0.812729	0.756948	200000
C:\Users\isaac\phlag\caster\data\ape.fa	346300	0.395689	0.086657	0.812729	0.758151	200000
C:\Users\isaac\phlag\caster\data\ape.fa	346400	0.395689	0.086657	0.812729	0.758151	200000
C:\Users\isaac\phlag\caster\data\ape.fa	346500	0.420444	0.086657	0.81612	0.761985	200000
C:\Users\isaac\phlag\caster\data\ape.fa	346600	0.398554	0.086657	0.809673	0.758242	200000
C:\Users\isaac\phlag\caster\data\ape.fa	346700	0.398554	0.0874969	0.819105	0.758026	200000
C:\Users\isaac\phlag\caster\data\ape.fa	346800	0.400318	0.0872964	0.815546	0.758192	200000
C:\Users\isaac\phlag\caster\data\ape.fa	346900	0.400318	0.0872964	0.836478	0.760296	200000
C:\Users\isaac\phlag\caster\data\ape.fa	347000	0.400318	0.0864565	0.830666	0.76089	200000
C:\Users\isaac\phlag\caster\data\ape.fa	347100	0.418001	0.0864565	0.829526	0.763232	200000
C:\Users\isaac\phlag\caster\data\ape.fa	347200	0.440223	0.0864565	0.835104	0.766817	200000
C:\Users\isaac\phlag\caster\data\ape.fa	347300	0.39564	0.0864565	0.832068	0.760378	200000
C:\Users\isaac\phlag\caster\data\ape.fa	347400	0.39564	0.0864565	0.832068	0.760378	200000
C:\Users\isaac\phlag\caster\data\ape.fa	347500	0.39564	0.0864565	0.823787	0.759552	200000
C:\Users\isaac\phlag\caster\data\ape.fa	347600	0.39564	0.0864565	0.821571	0.759328	200000
C:\Users\isaac\phlag\caster\data\ape.fa	347700	0.39564	0.0864565	0.815512	0.758712	200000
C:\Users\isaac\phlag\caster\data\ape.fa	347800	0.39564	0.0864565	0.818657	0.759033	200000
C:\Users\isaac\phlag\caster\data\ape.fa	347900	0.39564	0.0864565	0.812124	0.758365	200000
C:\Users\isaac\phlag\caster\data\ape.fa	348000	0.39564	0.0862624	0.818198	0.75926	200000
C:\Users\isaac\phlag\caster\data\ape.fa	348100	0.39564	0.0862624	0.827943	0.76024	200000
C:\Users\isaac\phlag\caster\data\ape.fa	348200	0.39564	0.0862624	0.834322	0.760871	200000
C:\Users\isaac\phlag\caster\data\ape.fa	348300	0.39564	0.0862624	0.83081	0.760524	200000
C:\Users\isaac\phlag\caster\data\ape.fa	348400	0.39564	0.0888337	0.83081	0.756952	200000
C:\Users\isaac\phlag\caster\data\ape.fa	348500	0.39564	0.0904473	0.833913	0.755047	200000
C:\Users\isaac\phlag\caster\data\ape.fa	348600	0.40582	0.0904473	0.841409	0.757212	200000
C:\Users\isaac\phlag\caster\data\ape.fa	348700	0.408096	0.0904473	0.841409	0.757524	200000
C:\Users\isaac\phlag\caster\data\ape.fa	348800	0.408096	0.0896756	0.841409	0.758578	200000
C:\Users\isaac\phlag\caster\data\ape.fa	348900	0.429916	0.0896756	0.841409	0.761559	200000
C:\Users\isaac\phlag\caster\data\ape.fa	349000	0.429916	0.0896756	0.841352	0.761554	200000
C:\Users\isaac\phlag\caster\data\ape.fa	349100	0.450685	0.0888445	0.847848	0.766112	200000
C:\Users\isaac\phlag\caster\data\ape.fa	349200	0.450685	0.0888445	0.847848	0.766112	200000
C:\Users\isaac\phlag\caster\data\ape.fa	349300	0.450685	0.0888445	0.847848	0.766112	200000
C:\Users\isaac\phlag\caster\data\ape.fa	349400	0.472533	0.0881487	0.847848	0.769997	200000
C:\Users\isaac\phlag\caster\data\ape.fa	349500	0.472533	0.0881487	0.854387	0.770566	200000
C:\Users\isaac\phlag\caster\data\ape.fa	349600	0.472533	0.0881487	0.860518	0.771093	200000
C:\Users\isaac\phlag\caster\data\ape.fa	349700	0.472533	0.0881487	0.863547	0.771352	200000
C:\Users\isaac\phlag\caster\data\ape.fa	349800	0.472533	0.0889139	0.857461	0.769791	200000
C:\Users\isaac\phlag\caster\data\ape.fa	349900	0.514717	0.089745	0.857461	0.774223	200000
C:\Users\isaac\phlag\caster\data\ape.fa	350000	0.514717	0.0889215	0.854383	0.775089	200000
C:\Users\isaac\phlag\caster\data\ape.fa	350100	0.471377	0.0889215	0.851267	0.769086	200000
C:\Users\isaac\phlag\caster\data\ape.fa	350200	0.471377	0.0889215	0.844818	0.768515	200000
C:\Users\isaac\phlag\caster\data\ape.fa	350300	0.471377	0.0889215	0.838918	0.767987	200000
C:\Users\isaac\phlag\caster\data\ape.fa	350400	0.471377	0.0889215	0.842268	0.768287	200000
C:\Users\isaac\phlag\caster\data\ape.fa	350500	0.471377	0.0863921	0.842268	0.771777	200000
C:\Users\isaac\phlag\caster\data\ape.fa	350600	0.471377	0.0863921	0.844923	0.772007	200000
C:\Users\isaac\phlag\caster\data\ape.fa	350700	0.471377	0.0863921	0.851314	0.772554	200000
C:\Users\isaac\phlag\caster\data\ape.fa	350800	0.496573	0.0863921	0.851314	0.775907	200000
C:\Users\isaac\phlag\caster\data\ape.fa	350900	0.496573	0.0855842	0.851314	0.777021	200000
C:\Users\isaac\phlag\caster\data\ape.fa	351000	0.496573	0.0855842	0.854403	0.77727	200000
C:\Users\isaac\phlag\caster\data\ape.fa	351100	0.496573	0.0855842	0.84803	0.776754	200000
C:\Users\isaac\phlag\caster\data\ape.fa	351200	0.496573	0.0855842	0.84803	0.776754	200000
C:\Users\isaac\phlag\caster\data\ape.fa	351300	0.496573	0.0855842	0.851218	0.777013	200000
C:\Users\isaac\phlag\caster\data\ape.fa	351400	0.496573	0.0855842	0.860744	0.777777	200000
C:\Users\isaac\phlag\caster\data\ape.fa	351500	0.496573	0.0827406	0.860744	0.781692	200000
C:\Users\isaac\phlag\caster\data\ape.fa	351600	0.496573	0.0827406	0.84819	0.780722	200000
C:\Users\isaac\phlag\caster\data\ape.fa	351700	0.474452	0.0827406	0.84819	0.777767	200000
C:\Users\isaac\phlag\caster\data\ape.fa	351800	0.474452	0.0827406	0.84819	0.777767	200000
C:\Users\isaac\phlag\caster\data\ape.fa	351900	0.474452	0.0827406	0.84178	0.777244	200000
C:\Users\isaac\phlag\caster\data\ape.fa	352000	0.473357	0.0827406	0.845047	0.777364	200000
C:\Users\isaac\phlag\caster\data\ape.fa	352100	0.473357	0.0827406	0.826867	0.775853	200000
C:\Users\isaac\phlag\caster\data\ape.fa	352200	0.473357	0.0827406	0.829729	0.776094	200000
C:\Users\isaac\phlag\caster\data\ape.fa	352300	0.452612	0.083549	0.829729	0.77211	200000
C:\Users\isaac\phlag\caster\data\ape.fa	352400	0.452612	0.0869063	0.827057	0.767147	200000
C:\Users\isaac\phlag\caster\data\ape.fa	352500	0.452612	0.0869063	0.824478	0.766908	200000
C:\Users\isaac\phlag\caster\data\ape.fa	352600	0.452612	0.0869063	0.824478	0.766908	200000
C:\Users\isaac\phlag\caster\data\ape.fa	352700	0.452612	0.0869063	0.824478	0.766908	200000
C:\Users\isaac\phlag\caster\data\ape.fa	352800	0.452612	0.0869063	0.824478	0.766908	200000
C:\Users\isaac\phlag\caster\data\ape.fa	352900	0.452612	0.0869063	0.818361	0.766337	200000
C:\Users\isaac\phlag\caster\data\ape.fa	353000	0.452612	0.0867844	0.822769	0.76692	200000
C:\Users\isaac\phlag\caster\data\ape.fa	353100	0.429827	0.0867844	0.822769	0.763763	200000
C:\Users\isaac\phlag\caster\data\ape.fa	353200	0.429827	0.0867844	0.822769	0.763763	200000
C:\Users\isaac\phlag\caster\data\ape.fa	353300	0.429827	0.0867844	0.814398	0.762952	200000
C:\Users\isaac\phlag\caster\data\ape.fa	353400	0.429827	0.0867472	0.814398	0.763004	200000
C:\Users\isaac\phlag\caster\data\ape.fa	353500	0.429827	0.0867472	0.817231	0.76328	200000
C:\Users\isaac\phlag\caster\data\ape.fa	353600	0.429827	0.0867472	0.817231	0.76328	200000
C:\Users\isaac\phlag\caster\data\ape.fa	353700	0.429827	0.0867472	0.817231	0.76328	200000
C:\Users\isaac\phlag\caster\data\ape.fa	353800	0.430459	0.0850857	0.817231	0.76572	200000
C:\Users\isaac\phlag\caster\data\ape.fa	353900	0.430459	0.0860927	0.817231	0.764293	200000
C:\Users\isaac\phlag\caster\data\ape.fa	354000	0.430459	0.0860927	0.817231	0.764293	200000
C:\Users\isaac\phlag\caster\data\ape.fa	354100	0.430459	0.0828683	0.819787	0.769115	200000
C:\Users\isaac\phlag\caster\data\ape.fa	354200	0.430459	0.0828683	0.822836	0.769395	200000
C:\Users\isaac\phlag\caster\data\ape.fa	354300	0.430459	0.0828683	0.829098	0.769964	200000
C:\Users\isaac\phlag\caster\data\ape.fa	354400	0.430459	0.0828683	0.812878	0.768475	200000
C:\Users\isaac\phlag\caster\data\ape.fa	354500	0.430459	0.0819334	0.812878	0.769819	200000
C:\Users\isaac\phlag\caster\data\ape.fa	354600	0.450968	0.0819334	0.813098	0.772715	200000
C:\Users\isaac\phlag\caster\data\ape.fa	354700	0.450973	0.0819334	0.813098	0.772716	200000
C:\Users\isaac\phlag\caster\data\ape.fa	354800	0.450973	0.0819334	0.816165	0.772988	200000
C:\Users\isaac\phlag\caster\data\ape.fa	354900	0.471922	0.0819334	0.810164	0.775383	200000
C:\Users\isaac\phlag\caster\data\ape.fa	355000	0.471922	0.0819334	0.804523	0.774892	200000
C:\Users\isaac\phlag\caster\data\ape.fa	355100	0.471922	0.0828286	0.804523	0.773594	200000
C:\Users\isaac\phlag\caster\data\ape.fa	355200	0.471922	0.0828286	0.804523	0.773594	200000
C:\Users\isaac\phlag\caster\data\ape.fa	355300	0.471922	0.0820727	0.798873	0.774192	200000
C:\Users\isaac\phlag\caster\data\ape.fa	355400	0.471922	0.0820727	0.795647	0.773905	200000
C:\Users\isaac\phlag\caster\data\ape.fa	355500	0.471922	0.0812392	0.795647	0.775127	200000
C:\Users\isaac\phlag\caster\data\ape.fa	355600	0.471922	0.0812392	0.801515	0.775641	200000
C:\Users\isaac\phlag\caster\data\ape.fa	355700	0.471922	0.0812392	0.795161	0.775084	200000
C:\Users\isaac\phlag\caster\data\ape.fa	355800	0.471922	0.0795652	0.788517	0.776973	200000
C:\Users\isaac\phlag\caster\data\ape.fa	355900	0.471922	0.0795652	0.786015	0.776755	200000
C:\Users\isaac\phlag\caster\data\ape.fa	356000	0.492407	0.0795652	0.79217	0.780195	200000
C:\Users\isaac\phlag\caster\data\ape.fa	356100	0.492407	0.0795652	0.798116	0.780688	200000
C:\Users\isaac\phlag\caster\data\ape.fa	356200	0.492407	0.0795652	0.801228	0.780944	200000
C:\Users\isaac\phlag\caster\data\ape.fa	356300	0.492407	0.0795652	0.807006	0.781416	200000
C:\Users\isaac\phlag\caster\data\ape.fa	356400	0.492407	0.0744809	0.800206	0.788412	200000
C:\Users\isaac\phlag\caster\data\ape.fa	356500	0.492407	0.0744809	0.800171	0.788409	200000
C:\Users\isaac\phlag\caster\data\ape.fa	356600	0.470407	0.0744809	0.796931	0.785055	200000
C:\Users\isaac\phlag\caster\data\ape.fa	356700	0.470407	0.0736963	0.802635	0.786679	200000
C:\Users\isaac\phlag\caster\data\ape.fa	356800	0.470407	0.0736963	0.810869	0.787312	200000
C:\Users\isaac\phlag\caster\data\ape.fa	356900	0.470407	0.0736963	0.820287	0.788023	200000
C:\Users\isaac\phlag\caster\data\ape.fa	357000	0.508474	0.0754274	0.817451	0.790508	200000
C:\Users\isaac\phlag\caster\data\ape.fa	357100	0.608897	0.0754274	0.817451	0.804095	200000
C:\Users\isaac\phlag\caster\data\ape.fa	357200	0.624343	0.0754274	0.820569	0.806326	200000
C:\Users\isaac\phlag\caster\data\ape.fa	357300	0.645013	0.0754274	0.820569	0.809055	200000
C:\Users\isaac\phlag\caster\data\ape.fa	357400	0.645013	0.0754274	0.8235	0.809211	200000
C:\Users\isaac\phlag\caster\data\ape.fa	357500	0.645013	0.0754274	0.8235	0.809211	200000
C:\Users\isaac\phlag\caster\data\ape.fa	357600	0.623111	0.0754274	0.818466	0.806045	200000
C:\Users\isaac\phlag\caster\data\ape.fa	357700	0.623111	0.0754274	0.818466	0.806045	200000
C:\Users\isaac\phlag\caster\data\ape.fa	357800	0.623111	0.0754274	0.814465	0.805819	200000
C:\Users\isaac\phlag\caster\data\ape.fa	357900	0.623111	0.0747187	0.820905	0.807226	200000
C:\Users\isaac\phlag\caster\data\ape.fa	358000	0.622994	0.0780059	0.814663	0.802017	200000
C:\Users\isaac\phlag\caster\data\ape.fa	358100	0.622994	0.0780059	0.81768	0.802197	200000
C:\Users\isaac\phlag\caster\data\ape.fa	358200	0.622994	0.0780059	0.811686	0.801838	200000
C:\Users\isaac\phlag\caster\data\ape.fa	358300	0.663047	0.0780059	0.79574	0.80627	200000
C:\Users\isaac\phlag\caster\data\ape.fa	358400	0.663047	0.0780059	0.789308	0.805903	200000
C:\Users\isaac\phlag\caster\data\ape.fa	358500	0.663047	0.0780059	0.789308	0.805903	200000
C:\Users\isaac\phlag\caster\data\ape.fa	358600	0.663047	0.0772178	0.777115	0.806393	200000
C:\Users\isaac\phlag\caster\data\ape.fa	358700	0.663047	0.0772178	0.772769	0.806142	200000
C:\Users\isaac\phlag\caster\data\ape.fa	358800	0.663047	0.0771824	0.773004	0.806209	200000
C:\Users\isaac\phlag\caster\data\ape.fa	358900	0.664802	0.0771824	0.775975	0.806622	200000
C:\Users\isaac\phlag\caster\data\ape.fa	359000	0.622564	0.0771824	0.769581	0.800394	200000
C:\Users\isaac\phlag\caster\data\ape.fa	359100	0.622564	0.0771824	0.773857	0.800668	200000
C:\Users\isaac\phlag\caster\data\ape.fa	359200	0.622564	0.0771824	0.773857	0.800668	200000
C:\Users\isaac\phlag\caster\data\ape.fa	359300	0.622564	0.0771824	0.773857	0.800668	200000
C:\Users\isaac\phlag\caster\data\ape.fa	359400	0.622564	0.0736241	0.773857	0.806128	200000
C:\Users\isaac\phlag\caster\data\ape.fa	359500	0.622564	0.0728713	0.785371	0.807949	200000
C:\Users\isaac\phlag\caster\data\ape.fa	359600	0.622564	0.0704549	0.785371	0.811669	200000
C:\Users\isaac\phlag\caster\data\ape.fa	359700	0.584977	0.0706771	0.785371	0.806131	200000
C:\Users\isaac\phlag\caster\data\ape.fa	359800	0.584977	0.0723692	0.788396	0.803711	200000
C:\Users\isaac\phlag\caster\data\ape.fa	359900	0.584977	0.0723692	0.775941	0.802945	200000
C:\Users\isaac\phlag\caster\data\ape.fa	360000	0.584977	0.0723692	0.773998	0.802824	200000
C:\Users\isaac\phlag\caster\data\ape.fa	360100	0.603769	0.0723692	0.773998	0.805459	200000
C:\Users\isaac\phlag\caster\data\ape.fa	360200	0.603769	0.0723692	0.770819	0.805268	200000
C:\Users\isaac\phlag\caster\data\ape.fa	360300	0.603769	0.0723692	0.770819	0.805268	200000
C:\Users\isaac\phlag\caster\data\ape.fa	360400	0.628206	0.0707029	0.770819	0.811285	200000
C:\Users\isaac\phlag\caster\data\ape.fa	360500	0.628206	0.0707029	0.770819	0.811285	200000
C:\Users\isaac\phlag\caster\data\ape.fa	360600	0.628206	0.0714636	0.776504	0.810407	200000
C:\Users\isaac\phlag\caster\data\ape.fa	360700	0.628206	0.0714636	0.770497	0.810078	200000
C:\Users\isaac\phlag\caster\data\ape.fa	360800	0.628206	0.0714636	0.770497	0.810078	200000
C:\Users\isaac\phlag\caster\data\ape.fa	360900	0.651751	0.0730564	0.767666	0.810712	200000
C:\Users\isaac\phlag\caster\data\ape.fa	361000	0.651751	0.0739493	0.76473	0.80916	200000
C:\Users\isaac\phlag\caster\data\ape.fa	361100	0.651751	0.0739493	0.759048	0.80884	200000
C:\Users\isaac\phlag\caster\data\ape.fa	361200	0.651751	0.0739108	0.759175	0.808907	200000
C:\Users\isaac\phlag\caster\data\ape.fa	361300	0.651751	0.0739108	0.772202	0.809635	200000
C:\Users\isaac\phlag\caster\data\ape.fa	361400	0.651751	0.0686741	0.772202	0.81781	200000
C:\Users\isaac\phlag\caster\data\ape.fa	361500	0.651751	0.0704569	0.769117	0.814854	200000
C:\Users\isaac\phlag\caster\data\ape.fa	361600	0.674853	0.0721462	0.769117	0.8154	200000
C:\Users\isaac\phlag\caster\data\ape.fa	361700	0.672533	0.0721462	0.772346	0.815241	200000
C:\Users\isaac\phlag\caster\data\ape.fa	361800	0.672533	0.0721462	0.777986	0.81552	200000
C:\Users\isaac\phlag\caster\data\ape.fa	361900	0.672533	0.0721462	0.777986	0.81552	200000
C:\Users\isaac\phlag\caster\data\ape.fa	362000	0.672533	0.0721462	0.777986	0.81552	200000
C:\Users\isaac\phlag\caster\data\ape.fa	362100	0.672533	0.0721462	0.783583	0.815793	200000
C:\Users\isaac\phlag\caster\data\ape.fa	362200	0.639856	0.0721462	0.784485	0.811385	200000
C:\Users\isaac\phlag\caster\data\ape.fa	362300	0.639856	0.0721462	0.78746	0.811543	200000
C:\Users\isaac\phlag\caster\data\ape.fa	362400	0.639856	0.0721462	0.799686	0.81218	200000
C:\Users\isaac\phlag\caster\data\ape.fa	362500	0.639856	0.0721462	0.799686	0.81218	200000
C:\Users\isaac\phlag\caster\data\ape.fa	362600	0.639856	0.0689077	0.799686	0.817123	200000
C:\Users\isaac\phlag\caster\data\ape.fa	362700	0.639856	0.0681199	0.799686	0.818334	200000
C:\Users\isaac\phlag\caster\data\ape.fa	362800	0.639856	0.0681199	0.799686	0.818334	200000
C:\Users\isaac\phlag\caster\data\ape.fa	362900	0.639856	0.0681199	0.799686	0.818334	200000
C:\Users\isaac\phlag\caster\data\ape.fa	363000	0.639856	0.0672948	0.804748	0.819832	200000
C:\Users\isaac\phlag\caster\data\ape.fa	363100	0.639856	0.068171	0.804748	0.818487	200000
C:\Users\isaac\phlag\caster\data\ape.fa	363200	0.639856	0.0697676	0.804748	0.816048	200000
C:\Users\isaac\phlag\caster\data\ape.fa	363300	0.639856	0.0697676	0.804748	0.816048	200000
C:\Users\isaac\phlag\caster\data\ape.fa	363400	0.596881	0.0697676	0.804748	0.810249	200000
C:\Users\isaac\phlag\caster\data\ape.fa	363500	0.596881	0.0697676	0.804748	0.810249	200000
C:\Users\isaac\phlag\caster\data\ape.fa	363600	0.596881	0.0697676	0.801638	0.810082	200000
C:\Users\isaac\phlag\caster\data\ape.fa	363700	0.577586	0.0697676	0.801638	0.807446	200000
C:\Users\isaac\phlag\caster\data\ape.fa	363800	0.577586	0.0697676	0.792196	0.806906	200000
C:\Users\isaac\phlag\caster\data\ape.fa	363900	0.577586	0.0697676	0.785965	0.806544	200000
C:\Users\isaac\phlag\caster\data\ape.fa	364000	0.534394	0.0697676	0.785965	0.800494	200000
C:\Users\isaac\phlag\caster\data\ape.fa	364100	0.534394	0.0697676	0.785965	0.800494	200000
C:\Users\isaac\phlag\caster\data\ape.fa	364200	0.556317	0.0706314	0.785965	0.80224	200000
C:\Users\isaac\phlag\caster\data\ape.fa	364300	0.576779	0.0706314	0.79236	0.805477	200000
C:\Users\isaac\phlag\caster\data\ape.fa	364400	0.576779	0.072227	0.79236	0.803036	200000
C:\Users\isaac\phlag\caster\data\ape.fa	364500	0.576779	0.072227	0.79236	0.803036	200000
C:\Users\isaac\phlag\caster\data\ape.fa	364600	0.555809	0.072227	0.79236	0.800129	200000
C:\Users\isaac\phlag\caster\data\ape.fa	364700	0.555809	0.072227	0.80468	0.800911	200000
C:\Users\isaac\phlag\caster\data\ape.fa	364800	0.555809	0.0738033	0.80468	0.798542	200000
C:\Users\isaac\phlag\caster\data\ape.fa	364900	0.555809	0.0738033	0.80468	0.798542	200000
C:\Users\isaac\phlag\caster\data\ape.fa	365000	0.555809	0.0738033	0.80468	0.798542	200000
C:\Users\isaac\phlag\caster\data\ape.fa	365100	0.555809	0.0738033	0.807619	0.798732	200000
C:\Users\isaac\phlag\caster\data\ape.fa	365200	0.579864	0.0738033	0.807619	0.802012	200000
C:\Users\isaac\phlag\caster\data\ape.fa	365300	0.579864	0.0738033	0.798421	0.801445	200000
C:\Users\isaac\phlag\caster\data\ape.fa	365400	0.579864	0.0738033	0.804179	0.801801	200000
C:\Users\isaac\phlag\caster\data\ape.fa	365500	0.579864	0.0747116	0.810499	0.800834	200000
C:\Users\isaac\phlag\caster\data\ape.fa	365600	0.579864	0.0747116	0.810499	0.800834	200000
C:\Users\isaac\phlag\caster\data\ape.fa	365700	0.579864	0.0747116	0.810499	0.800834	200000
C:\Users\isaac\phlag\caster\data\ape.fa	365800	0.579864	0.0738559	0.810499	0.802109	200000
C:\Users\isaac\phlag\caster\data\ape.fa	365900	0.579864	0.0738559	0.810499	0.802109	200000
C:\Users\isaac\phlag\caster\data\ape.fa	366000	0.538735	0.0738559	0.804003	0.796068	200000
C:\Users\isaac\phlag\caster\data\ape.fa	366100	0.538735	0.0738559	0.804003	0.796068	200000
C:\Users\isaac\phlag\caster\data\ape.fa	366200	0.538735	0.0738559	0.810299	0.796491	200000
C:\Users\isaac\phlag\caster\data\ape.fa	366300	0.561274	0.0738559	0.810405	0.799578	200000
C:\Users\isaac\phlag\caster\data\ape.fa	366400	0.561274	0.0772953	0.810405	0.794479	200000
C:\Users\isaac\phlag\caster\data\ape.fa	366500	0.561274	0.0772953	0.813263	0.794673	200000
C:\Users\isaac\phlag\caster\data\ape.fa	366600	0.561274	0.0790497	0.809991	0.791874	200000
C:\Users\isaac\phlag\caster\data\ape.fa	366700	0.561274	0.0798705	0.810264	0.790693	200000
C:\Users\isaac\phlag\caster\data\ape.fa	366800	0.561274	0.0798705	0.798235	0.789826	200000
C:\Users\isaac\phlag\caster\data\ape.fa	366900	0.561274	0.0750581	0.795237	0.796787	200000
C:\Users\isaac\phlag\caster\data\ape.fa	367000	0.540095	0.0750581	0.795237	0.793849	200000
C:\Users\isaac\phlag\caster\data\ape.fa	367100	0.540095	0.0741918	0.795237	0.795154	200000
C:\Users\isaac\phlag\caster\data\ape.fa	367200	0.540095	0.0741918	0.795237	0.795154	200000
C:\Users\isaac\phlag\caster\data\ape.fa	367300	0.540095	0.0757869	0.795237	0.792754	200000
C:\Users\isaac\phlag\caster\data\ape.fa	367400	0.540095	0.0757869	0.795237	0.792754	200000
C:\Users\isaac\phlag\caster\data\ape.fa	367500	0.540095	0.0757869	0.795237	0.792754	200000
C:\Users\isaac\phlag\caster\data\ape.fa	367600	0.540095	0.0757869	0.801564	0.7932	200000
C:\Users\isaac\phlag\caster\data\ape.fa	367700	0.540095	0.0757869	0.794632	0.792711	200000
C:\Users\isaac\phlag\caster\data\ape.fa	367800	0.540095	0.0757869	0.794632	0.792711	200000
C:\Users\isaac\phlag\caster\data\ape.fa	367900	0.540095	0.0733445	0.794632	0.796394	200000
C:\Users\isaac\phlag\caster\data\ape.fa	368000	0.540095	0.0740767	0.784815	0.794604	200000
C:\Users\isaac\phlag\caster\data\ape.fa	368100	0.540095	0.0733291	0.792122	0.796246	200000
C:\Users\isaac\phlag\caster\data\ape.fa	368200	0.540095	0.0733291	0.792122	0.796246	200000
C:\Users\isaac\phlag\caster\data\ape.fa	368300	0.540095	0.0733291	0.79212	0.796246	200000
C:\Users\isaac\phlag\caster\data\ape.fa	368400	0.560392	0.0709907	0.792196	0.802645	200000
C:\Users\isaac\phlag\caster\data\ape.fa	368500	0.560392	0.0728499	0.792196	0.799806	200000
C:\Users\isaac\phlag\caster\data\ape.fa	368600	0.560392	0.0728499	0.792196	0.799806	200000
C:\Users\isaac\phlag\caster\data\ape.fa	368700	0.581084	0.0744805	0.792196	0.800197	200000
C:\Users\isaac\phlag\caster\data\ape.fa	368800	0.581084	0.0770148	0.792196	0.796381	200000
C:\Users\isaac\phlag\caster\data\ape.fa	368900	0.56249	0.0770148	0.792196	0.793809	200000
C:\Users\isaac\phlag\caster\data\ape.fa	369000	0.58392	0.0770148	0.786136	0.796365	200000
C:\Users\isaac\phlag\caster\data\ape.fa	369100	0.58392	0.0770148	0.786027	0.796357	200000
C:\Users\isaac\phlag\caster\data\ape.fa	369200	0.58392	0.0770148	0.786027	0.796357	200000
C:\Users\isaac\phlag\caster\data\ape.fa	369300	0.562538	0.0770148	0.786027	0.793383	200000
C:\Users\isaac\phlag\caster\data\ape.fa	369400	0.541968	0.0770148	0.788542	0.790689	200000
C:\Users\isaac\phlag\caster\data\ape.fa	369500	0.505703	0.0755859	0.788542	0.787735	200000
C:\Users\isaac\phlag\caster\data\ape.fa	369600	0.505703	0.0755859	0.785711	0.787517	200000
C:\Users\isaac\phlag\caster\data\ape.fa	369700	0.484339	0.0755859	0.78867	0.784713	200000
C:\Users\isaac\phlag\caster\data\ape.fa	369800	0.484339	0.0755859	0.78867	0.784713	200000
C:\Users\isaac\phlag\caster\data\ape.fa	369900	0.484339	0.0755859	0.797999	0.785452	200000
C:\Users\isaac\phlag\caster\data\ape.fa	370000	0.506232	0.0755859	0.797999	0.788529	200000
C:\Users\isaac\phlag\caster\data\ape.fa	370100	0.506232	0.0755859	0.804122	0.788988	200000
C:\Users\isaac\phlag\caster\data\ape.fa	370200	0.506232	0.0755859	0.810211	0.789438	200000
C:\Users\isaac\phlag\caster\data\ape.fa	370300	0.506232	0.0755859	0.810211	0.789438	200000
C:\Users\isaac\phlag\caster\data\ape.fa	370400	0.506232	0.0755859	0.803768	0.788961	200000
C:\Users\isaac\phlag\caster\data\ape.fa	370500	0.506232	0.0755859	0.803768	0.788961	200000
C:\Users\isaac\phlag\caster\data\ape.fa	370600	0.495581	0.0755859	0.81184	0.788084	200000
C:\Users\isaac\phlag\caster\data\ape.fa	370700	0.495581	0.0738307	0.81184	0.790687	200000
C:\Users\isaac\phlag\caster\data\ape.fa	370800	0.495581	0.0768974	0.808559	0.785899	200000
C:\Users\isaac\phlag\caster\data\ape.fa	370900	0.495581	0.0768974	0.808559	0.785899	200000
C:\Users\isaac\phlag\caster\data\ape.fa	371000	0.495581	0.0777315	0.808559	0.78467	200000
C:\Users\isaac\phlag\caster\data\ape.fa	371100	0.495581	0.0777315	0.813784	0.785076	200000
C:\Users\isaac\phlag\caster\data\ape.fa	371200	0.495581	0.0777315	0.813918	0.785087	200000
C:\Users\isaac\phlag\caster\data\ape.fa	371300	0.495581	0.0777315	0.820002	0.785554	200000
C:\Users\isaac\phlag\caster\data\ape.fa	371400	0.495581	0.0777315	0.820002	0.785554	200000
C:\Users\isaac\phlag\caster\data\ape.fa	371500	0.495581	0.0777315	0.820002	0.785554	200000
C:\Users\isaac\phlag\caster\data\ape.fa	371600	0.495581	0.0777315	0.813627	0.785064	200000
C:\Users\isaac\phlag\caster\data\ape.fa	371700	0.495581	0.0777315	0.813627	0.785064	200000
C:\Users\isaac\phlag\caster\data\ape.fa	371800	0.495581	0.0759674	0.813627	0.787655	200000
C:\Users\isaac\phlag\caster\data\ape.fa	371900	0.495581	0.0759674	0.813627	0.787655	200000
C:\Users\isaac\phlag\caster\data\ape.fa	372000	0.495581	0.0759674	0.80772	0.787209	200000
C:\Users\isaac\phlag\caster\data\ape.fa	372100	0.495581	0.0759674	0.80772	0.787209	200000
C:\Users\isaac\phlag\caster\data\ape.fa	372200	0.495581	0.0759674	0.807753	0.787212	200000
C:\Users\isaac\phlag\caster\data\ape.fa	372300	0.495581	0.0759674	0.795123	0.786241	200000
C:\Users\isaac\phlag\caster\data\ape.fa	372400	0.472337	0.0759674	0.794609	0.782912	200000
C:\Users\isaac\phlag\caster\data\ape.fa	372500	0.472337	0.0759674	0.797565	0.783152	200000
C:\Users\isaac\phlag\caster\data\ape.fa	372600	0.472217	0.0759674	0.797565	0.783135	200000
C:\Users\isaac\phlag\caster\data\ape.fa	372700	0.472217	0.0759674	0.797565	0.783135	200000
C:\Users\isaac\phlag\caster\data\ape.fa	372800	0.472217	0.0759674	0.797565	0.783135	200000
C:\Users\isaac\phlag\caster\data\ape.fa	372900	0.472217	0.0759674	0.803564	0.783618	200000
C:\Users\isaac\phlag\caster\data\ape.fa	373000	0.554024	0.073331	0.804735	0.799009	200000
C:\Users\isaac\phlag\caster\data\ape.fa	373100	0.594772	0.073331	0.798736	0.804217	200000
C:\Users\isaac\phlag\caster\data\ape.fa	373200	0.63673	0.073331	0.798736	0.809914	200000
C:\Users\isaac\phlag\caster\data\ape.fa	373300	0.677939	0.073331	0.792278	0.815131	200000
C:\Users\isaac\phlag\caster\data\ape.fa	373400	0.677939	0.073331	0.792278	0.815131	200000
C:\Users\isaac\phlag\caster\data\ape.fa	373500	0.636001	0.0647023	0.801539	0.823185	200000
C:\Users\isaac\phlag\caster\data\ape.fa	373600	0.636001	0.0602256	0.798967	0.830118	200000
C:\Users\isaac\phlag\caster\data\ape.fa	373700	0.65681	0.0593565	0.795535	0.834198	200000
C:\Users\isaac\phlag\caster\data\ape.fa	373800	0.633891	0.0593565	0.795491	0.831094	200000
C:\Users\isaac\phlag\caster\data\ape.fa	373900	0.633891	0.0593565	0.795491	0.831094	200000
C:\Users\isaac\phlag\caster\data\ape.fa	374000	0.633891	0.0593565	0.792405	0.830987	200000
C:\Users\isaac\phlag\caster\data\ape.fa	374100	0.633891	0.0593565	0.786038	0.830766	200000
C:\Users\isaac\phlag\caster\data\ape.fa	374200	0.633891	0.0593565	0.786038	0.830766	200000
C:\Users\isaac\phlag\caster\data\ape.fa	374300	0.612614	0.0585181	0.786038	0.82919	200000
C:\Users\isaac\phlag\caster\data\ape.fa	374400	0.591531	0.0585181	0.786038	0.82627	200000
C:\Users\isaac\phlag\caster\data\ape.fa	374500	0.591531	0.0585181	0.783105	0.826153	200000
C:\Users\isaac\phlag\caster\data\ape.fa	374600	0.591531	0.0585181	0.777541	0.825929	200000
C:\Users\isaac\phlag\caster\data\ape.fa	374700	0.570617	0.0585181	0.777541	0.822989	200000
C:\Users\isaac\phlag\caster\data\ape.fa	374800	0.570617	0.0585181	0.777337	0.82298	200000
C:\Users\isaac\phlag\caster\data\ape.fa	374900	0.570617	0.0551468	0.777337	0.828502	200000
C:\Users\isaac\phlag\caster\data\ape.fa	375000	0.570617	0.0517347	0.777379	0.834165	200000
C:\Users\isaac\phlag\caster\data\ape.fa	375100	0.570617	0.0517347	0.771129	0.83396	200000
C:\Users\isaac\phlag\caster\data\ape.fa	375200	0.570617	0.0517347	0.771129	0.83396	200000
C:\Users\isaac\phlag\caster\data\ape.fa	375300	0.570617	0.050903	0.771129	0.83536	200000
C:\Users\isaac\phlag\caster\data\ape.fa	375400	0.611612	0.050903	0.764954	0.840994	200000
C:\Users\isaac\phlag\caster\data\ape.fa	375500	0.611612	0.050903	0.74917	0.84058	200000
C:\Users\isaac\phlag\caster\data\ape.fa	375600	0.611612	0.0538852	0.742677	0.835259	200000
C:\Users\isaac\phlag\caster\data\ape.fa	375700	0.611612	0.0538852	0.736112	0.835045	200000
C:\Users\isaac\phlag\caster\data\ape.fa	375800	0.611612	0.0538852	0.732319	0.83492	200000
C:\Users\isaac\phlag\caster\data\ape.fa	375900	0.611612	0.0569202	0.73747	0.829886	200000
C:\Users\isaac\phlag\caster\data\ape.fa	376000	0.655241	0.0569202	0.744229	0.836399	200000
C:\Users\isaac\phlag\caster\data\ape.fa	376100	0.676552	0.0569202	0.736077	0.8392	200000
C:\Users\isaac\phlag\caster\data\ape.fa	376200	0.676552	0.0584806	0.736077	0.836544	200000
C:\Users\isaac\phlag\caster\data\ape.fa	376300	0.676552	0.0584806	0.742399	0.836736	200000
C:\Users\isaac\phlag\caster\data\ape.fa	376400	0.676552	0.0584806	0.742399	0.836736	200000
C:\Users\isaac\phlag\caster\data\ape.fa	376500	0.676552	0.0593125	0.742641	0.835342	200000
C:\Users\isaac\phlag\caster\data\ape.fa	376600	0.699199	0.0593125	0.742641	0.838542	200000
C:\Users\isaac\phlag\caster\data\ape.fa	376700	0.699199	0.062461	0.742641	0.83328	200000
C:\Users\isaac\phlag\caster\data\ape.fa	376800	0.699199	0.0690108	0.736931	0.822282	200000
C:\Users\isaac\phlag\caster\data\ape.fa	376900	0.724538	0.0690106	0.737399	0.825872	200000
C:\Users\isaac\phlag\caster\data\ape.fa	377000	0.745893	0.0690106	0.746833	0.829208	200000
C:\Users\isaac\phlag\caster\data\ape.fa	377100	0.745893	0.0690106	0.752985	0.829433	200000
C:\Users\isaac\phlag\caster\data\ape.fa	377200	0.745893	0.0691009	0.752985	0.829288	200000
C:\Users\isaac\phlag\caster\data\ape.fa	377300	0.754579	0.0691009	0.757102	0.830622	200000
C:\Users\isaac\phlag\caster\data\ape.fa	377400	0.754579	0.0691009	0.756805	0.830612	200000
C:\Users\isaac\phlag\caster\data\ape.fa	377500	0.765755	0.0691009	0.760037	0.83224	200000
C:\Users\isaac\phlag\caster\data\ape.fa	377600	0.765755	0.0708768	0.765832	0.829623	200000
C:\Users\isaac\phlag\caster\data\ape.fa	377700	0.765755	0.0708768	0.76832	0.829711	200000
C:\Users\isaac\phlag\caster\data\ape.fa	377800	0.765755	0.0716725	0.771349	0.828572	200000
C:\Users\isaac\phlag\caster\data\ape.fa	377900	0.765755	0.0716725	0.771371	0.828573	200000
C:\Users\isaac\phlag\caster\data\ape.fa	378000	0.765755	0.0699599	0.771371	0.831258	200000
C:\Users\isaac\phlag\caster\data\ape.fa	378100	0.765755	0.0699599	0.777546	0.831464	200000
C:\Users\isaac\phlag\caster\data\ape.fa	378200	0.765755	0.0666107	0.777546	0.836733	200000
C:\Users\isaac\phlag\caster\data\ape.fa	378300	0.765715	0.0666107	0.777546	0.836727	200000
C:\Users\isaac\phlag\caster\data\ape.fa	378400	0.765715	0.0666107	0.772489	0.836583	200000
C:\Users\isaac\phlag\caster\data\ape.fa	378500	0.765715	0.0682437	0.778912	0.834192	200000
C:\Users\isaac\phlag\caster\data\ape.fa	378600	0.765715	0.0691871	0.785362	0.832918	200000
C:\Users\isaac\phlag\caster\data\ape.fa	378700	0.765715	0.0691871	0.779537	0.832733	200000
C:\Users\isaac\phlag\caster\data\ape.fa	378800	0.765715	0.0691871	0.77045	0.832439	200000
C:\Users\isaac\phlag\caster\data\ape.fa	378900	0.765715	0.0691871	0.776316	0.832629	200000
C:\Users\isaac\phlag\caster\data\ape.fa	379000	0.765715	0.0691871	0.776316	0.832629	200000
C:\Users\isaac\phlag\caster\data\ape.fa	379100	0.787184	0.0691871	0.776316	0.83548	200000
C:\Users\isaac\phlag\caster\data\ape.fa	379200	0.809444	0.0691871	0.786064	0.838672	200000
C:\Users\isaac\phlag\caster\data\ape.fa	379300	0.809444	0.0691871	0.786064	0.838672	200000
C:\Users\isaac\phlag\caster\data\ape.fa	379400	0.809444	0.0691871	0.773336	0.838338	200000
C:\Users\isaac\phlag\caster\data\ape.fa	379500	0.809444	0.0691871	0.773336	0.838338	200000
C:\Users\isaac\phlag\caster\data\ape.fa	379600	0.809444	0.0691871	0.782893	0.83859	200000
C:\Users\isaac\phlag\caster\data\ape.fa	379700	0.809444	0.0691871	0.782893	0.83859	200000
C:\Users\isaac\phlag\caster\data\ape.fa	379800	0.809444	0.0675454	0.782893	0.84116	200000
C:\Users\isaac\phlag\caster\data\ape.fa	379900	0.809444	0.0675454	0.786171	0.841237	200000
C:\Users\isaac\phlag\caster\data\ape.fa	380000	0.787339	0.0675454	0.786206	0.838349	200000
C:\Users\isaac\phlag\caster\data\ape.fa	380100	0.787339	0.0675454	0.786206	0.838349	200000
C:\Users\isaac\phlag\caster\data\ape.fa	380200	0.787339	0.0658635	0.786206	0.840989	200000
C:\Users\isaac\phlag\caster\data\ape.fa	380300	0.787339	0.0658635	0.786166	0.840988	200000
C:\Users\isaac\phlag\caster\data\ape.fa	380400	0.787339	0.0649706	0.782909	0.842322	200000
C:\Users\isaac\phlag\caster\data\ape.fa	380500	0.787339	0.0641131	0.789358	0.843821	200000
C:\Users\isaac\phlag\caster\data\ape.fa	380600	0.768843	0.0641131	0.789358	0.841396	200000
C:\Users\isaac\phlag\caster\data\ape.fa	380700	0.768843	0.0641131	0.789358	0.841396	200000
C:\Users\isaac\phlag\caster\data\ape.fa	380800	0.768843	0.0633151	0.798909	0.842871	200000
C:\Users\isaac\phlag\caster\data\ape.fa	380900	0.768843	0.0633151	0.801905	0.842937	200000
C:\Users\isaac\phlag\caster\data\ape.fa	381000	0.768843	0.0650576	0.801905	0.840217	200000
C:\Users\isaac\phlag\caster\data\ape.fa	381100	0.768843	0.0652537	0.790665	0.839632	200000
C:\Users\isaac\phlag\caster\data\ape.fa	381200	0.791965	0.0652537	0.796144	0.842777	200000
C:\Users\isaac\phlag\caster\data\ape.fa	381300	0.770366	0.0652537	0.796144	0.839968	200000
C:\Users\isaac\phlag\caster\data\ape.fa	381400	0.770366	0.0661701	0.796144	0.838538	200000
C:\Users\isaac\phlag\caster\data\ape.fa	381500	0.770366	0.067674	0.796144	0.836201	200000
C:\Users\isaac\phlag\caster\data\ape.fa	381600	0.770366	0.067674	0.802507	0.83638	200000
C:\Users\isaac\phlag\caster\data\ape.fa	381700	0.770366	0.067674	0.806497	0.836491	200000
C:\Users\isaac\phlag\caster\data\ape.fa	381800	0.770366	0.067674	0.812457	0.836655	200000
C:\Users\isaac\phlag\caster\data\ape.fa	381900	0.770366	0.0693031	0.815502	0.834265	200000
C:\Users\isaac\phlag\caster\data\ape.fa	382000	0.770366	0.0693031	0.822171	0.83446	200000
C:\Users\isaac\phlag\caster\data\ape.fa	382100	0.770366	0.0675539	0.822171	0.8371	200000
C:\Users\isaac\phlag\caster\data\ape.fa	382200	0.770366	0.0675539	0.822171	0.8371	200000
C:\Users\isaac\phlag\caster\data\ape.fa	382300	0.787684	0.0675539	0.819053	0.83922	200000
C:\Users\isaac\phlag\caster\data\ape.fa	382400	0.743763	0.0675539	0.819053	0.833611	200000
C:\Users\isaac\phlag\caster\data\ape.fa	382500	0.743763	0.0692736	0.822268	0.831112	200000
C:\Users\isaac\phlag\caster\data\ape.fa	382600	0.743763	0.0692736	0.828048	0.831298	200000
C:\Users\isaac\phlag\caster\data\ape.fa	382700	0.743763	0.0692736	0.822607	0.831123	200000
C:\Users\isaac\phlag\caster\data\ape.fa	382800	0.721814	0.0675425	0.809668	0.830487	200000
C:\Users\isaac\phlag\caster\data\ape.fa	382900	0.742867	0.0675425	0.809668	0.833226	200000
C:\Users\isaac\phlag\caster\data\ape.fa	383000	0.742867	0.0675425	0.800012	0.832926	200000
C:\Users\isaac\phlag\caster\data\ape.fa	383100	0.742867	0.0675425	0.802999	0.833019	200000
C:\Users\isaac\phlag\caster\data\ape.fa	383200	0.742867	0.0675425	0.802999	0.833019	200000
C:\Users\isaac\phlag\caster\data\ape.fa	383300	0.742867	0.0675425	0.802999	0.833019	200000
C:\Users\isaac\phlag\caster\data\ape.fa	383400	0.742867	0.0658836	0.806162	0.835673	200000
C:\Users\isaac\phlag\caster\data\ape.fa	383500	0.742867	0.0658836	0.80108	0.835526	200000
C:\Users\isaac\phlag\caster\data\ape.fa	383600	0.781777	0.0666502	0.797899	0.839321	200000
C:\Users\isaac\phlag\caster\data\ape.fa	383700	0.781777	0.0666502	0.797899	0.839321	200000
C:\Users\isaac\phlag\caster\data\ape.fa	383800	0.781777	0.0666502	0.807157	0.839553	200000
C:\Users\isaac\phlag\caster\data\ape.fa	383900	0.803761	0.0666502	0.803952	0.842301	200000
C:\Users\isaac\phlag\caster\data\ape.fa	384000	0.803761	0.0657974	0.810229	0.843751	200000
C:\Users\isaac\phlag\caster\data\ape.fa	384100	0.803761	0.0657974	0.80437	0.843629	200000
C:\Users\isaac\phlag\caster\data\ape.fa	384200	0.803761	0.0657974	0.787646	0.843273	200000
C:\Users\isaac\phlag\caster\data\ape.fa	384300	0.803761	0.0657974	0.790934	0.843344	200000
C:\Users\isaac\phlag\caster\data\ape.fa	384400	0.803761	0.064915	0.790934	0.844729	200000
C:\Users\isaac\phlag\caster\data\ape.fa	384500	0.792883	0.064915	0.786129	0.84321	200000
C:\Users\isaac\phlag\caster\data\ape.fa	384600	0.770977	0.064915	0.786129	0.840333	200000
C:\Users\isaac\phlag\caster\data\ape.fa	384700	0.770977	0.0642844	0.779757	0.841178	200000
C:\Users\isaac\phlag\caster\data\ape.fa	384800	0.770977	0.0651658	0.779757	0.839776	200000
C:\Users\isaac\phlag\caster\data\ape.fa	384900	0.770977	0.0651658	0.785957	0.839932	200000
C:\Users\isaac\phlag\caster\data\ape.fa	385000	0.770977	0.0651658	0.789111	0.840011	200000
C:\Users\isaac\phlag\caster\data\ape.fa	385100	0.770977	0.0651658	0.789111	0.840011	200000
C:\Users\isaac\phlag\caster\data\ape.fa	385200	0.770977	0.0651658	0.779712	0.839775	200000
C:\Users\isaac\phlag\caster\data\ape.fa	385300	0.770977	0.0651658	0.779712	0.839775	200000
C:\Users\isaac\phlag\caster\data\ape.fa	385400	0.770977	0.0651658	0.779712	0.839775	200000
C:\Users\isaac\phlag\caster\data\ape.fa	385500	0.770977	0.0651658	0.779712	0.839775	200000
C:\Users\isaac\phlag\caster\data\ape.fa	385600	0.770977	0.0651658	0.779712	0.839775	200000
C:\Users\isaac\phlag\caster\data\ape.fa	385700	0.749291	0.0651658	0.783015	0.836984	200000
C:\Users\isaac\phlag\caster\data\ape.fa	385800	0.749291	0.0659887	0.783015	0.835683	200000
C:\Users\isaac\phlag\caster\data\ape.fa	385900	0.752751	0.0659887	0.777073	0.835971	200000
C:\Users\isaac\phlag\caster\data\ape.fa	386000	0.752751	0.0659887	0.771768	0.835815	200000
C:\Users\isaac\phlag\caster\data\ape.fa	386100	0.774743	0.0659887	0.778245	0.838931	200000
C:\Users\isaac\phlag\caster\data\ape.fa	386200	0.774743	0.0659887	0.778245	0.838931	200000
C:\Users\isaac\phlag\caster\data\ape.fa	386300	0.774743	0.0643778	0.778245	0.841492	200000
C:\Users\isaac\phlag\caster\data\ape.fa	386400	0.774743	0.0643778	0.778245	0.841492	200000
C:\Users\isaac\phlag\caster\data\ape.fa	386500	0.774743	0.0643778	0.77548	0.841426	200000
C:\Users\isaac\phlag\caster\data\ape.fa	386600	0.752213	0.0643778	0.778474	0.8385	200000
C:\Users\isaac\phlag\caster\data\ape.fa	386700	0.752213	0.0629754	0.784883	0.840898	200000
C:\Users\isaac\phlag\caster\data\ape.fa	386800	0.752213	0.0629754	0.778653	0.840746	200000
C:\Users\isaac\phlag\caster\data\ape.fa	386900	0.752213	0.0629754	0.784637	0.840892	200000
C:\Users\isaac\phlag\caster\data\ape.fa	387000	0.752213	0.0629754	0.784637	0.840892	200000
C:\Users\isaac\phlag\caster\data\ape.fa	387100	0.752213	0.0629754	0.778785	0.840749	200000
C:\Users\isaac\phlag\caster\data\ape.fa	387200	0.752213	0.0629754	0.772303	0.840588	200000
C:\Users\isaac\phlag\caster\data\ape.fa	387300	0.774128	0.0629754	0.769046	0.843451	200000
C:\Users\isaac\phlag\caster\data\ape.fa	387400	0.774128	0.0629754	0.769046	0.843451	200000
C:\Users\isaac\phlag\caster\data\ape.fa	387500	0.774128	0.0629754	0.762514	0.843306	200000
C:\Users\isaac\phlag\caster\data\ape.fa	387600	0.774128	0.059731	0.762514	0.848618	200000
C:\Users\isaac\phlag\caster\data\ape.fa	387700	0.774128	0.0630423	0.765608	0.843267	200000
C:\Users\isaac\phlag\caster\data\ape.fa	387800	0.774128	0.0630423	0.759733	0.843135	200000
C:\Users\isaac\phlag\caster\data\ape.fa	387900	0.774128	0.0630423	0.759733	0.843135	200000
C:\Users\isaac\phlag\caster\data\ape.fa	388000	0.774128	0.0638883	0.754488	0.841631	200000
C:\Users\isaac\phlag\caster\data\ape.fa	388100	0.774128	0.0654615	0.757428	0.839145	200000
C:\Users\isaac\phlag\caster\data\ape.fa	388200	0.774128	0.0654615	0.757428	0.839145	200000
C:\Users\isaac\phlag\caster\data\ape.fa	388300	0.774833	0.0654615	0.754337	0.839159	200000
C:\Users\isaac\phlag\caster\data\ape.fa	388400	0.774833	0.0587706	0.754337	0.850169	200000
C:\Users\isaac\phlag\caster\data\ape.fa	388500	0.774833	0.0587706	0.754337	0.850169	200000
C:\Users\isaac\phlag\caster\data\ape.fa	388600	0.774833	0.0587706	0.754906	0.850178	200000
C:\Users\isaac\phlag\caster\data\ape.fa	388700	0.774833	0.0587706	0.754906	0.850178	200000
C:\Users\isaac\phlag\caster\data\ape.fa	388800	0.774833	0.0587706	0.757982	0.850227	200000
C:\Users\isaac\phlag\caster\data\ape.fa	388900	0.796741	0.0587706	0.757982	0.853185	200000
C:\Users\isaac\phlag\caster\data\ape.fa	389000	0.796741	0.0587706	0.757982	0.853185	200000
C:\Users\isaac\phlag\caster\data\ape.fa	389100	0.796741	0.0587706	0.757982	0.853185	200000
C:\Users\isaac\phlag\caster\data\ape.fa	389200	0.796741	0.0555316	0.757982	0.858596	200000
C:\Users\isaac\phlag\caster\data\ape.fa	389300	0.796741	0.0552966	0.758393	0.858994	200000
C:\Users\isaac\phlag\caster\data\ape.fa	389400	0.796741	0.0552966	0.757679	0.858989	200000
C:\Users\isaac\phlag\caster\data\ape.fa	389500	0.796741	0.0552966	0.757865	0.85899	200000
C:\Users\isaac\phlag\caster\data\ape.fa	389600	0.796741	0.0552983	0.760888	0.859008	200000
C:\Users\isaac\phlag\caster\data\ape.fa	389700	0.796741	0.056118	0.760888	0.857635	200000
C:\Users\isaac\phlag\caster\data\ape.fa	389800	0.796741	0.0567683	0.760888	0.856549	200000
C:\Users\isaac\phlag\caster\data\ape.fa	389900	0.796741	0.0567683	0.760888	0.856549	200000
C:\Users\isaac\phlag\caster\data\ape.fa	390000	0.764101	0.0567683	0.759286	0.852125	200000
C:\Users\isaac\phlag\caster\data\ape.fa	390100	0.764101	0.0567683	0.759963	0.852135	200000
C:\Users\isaac\phlag\caster\data\ape.fa	390200	0.764101	0.0550022	0.759963	0.855093	200000
C:\Users\isaac\phlag\caster\data\ape.fa	390300	0.743898	0.0550022	0.759963	0.852344	200000
C:\Users\isaac\phlag\caster\data\ape.fa	390400	0.743898	0.0550022	0.753886	0.852261	200000
C:\Users\isaac\phlag\caster\data\ape.fa	390500	0.743898	0.0550022	0.750965	0.85222	200000
C:\Users\isaac\phlag\caster\data\ape.fa	390600	0.743898	0.0550625	0.750965	0.852118	200000
C:\Users\isaac\phlag\caster\data\ape.fa	390700	0.743898	0.0550625	0.753828	0.852158	200000
C:\Users\isaac\phlag\caster\data\ape.fa	390800	0.743898	0.0550625	0.75701	0.852202	200000
C:\Users\isaac\phlag\caster\data\ape.fa	390900	0.723134	0.0550625	0.766395	0.849508	200000
C:\Users\isaac\phlag\caster\data\ape.fa	391000	0.723134	0.0550625	0.766395	0.849508	200000
C:\Users\isaac\phlag\caster\data\ape.fa	391100	0.723134	0.0550625	0.766395	0.849508	200000
C:\Users\isaac\phlag\caster\data\ape.fa	391200	0.723134	0.0550625	0.766395	0.849508	200000
C:\Users\isaac\phlag\caster\data\ape.fa	391300	0.679536	0.0516269	0.766395	0.849293	200000
C:\Users\isaac\phlag\caster\data\ape.fa	391400	0.679536	0.0516269	0.766139	0.849289	200000
C:\Users\isaac\phlag\caster\data\ape.fa	391500	0.679536	0.0498466	0.77901	0.852486	200000
C:\Users\isaac\phlag\caster\data\ape.fa	391600	0.679549	0.0490192	0.77901	0.853881	200000
C:\Users\isaac\phlag\caster\data\ape.fa	391700	0.679549	0.0528024	0.779529	0.847557	200000
C:\Users\isaac\phlag\caster\data\ape.fa	391800	0.679549	0.0528024	0.779529	0.847557	200000
C:\Users\isaac\phlag\caster\data\ape.fa	391900	0.679549	0.0528024	0.779529	0.847557	200000
C:\Users\isaac\phlag\caster\data\ape.fa	392000	0.679549	0.0528024	0.773241	0.84744	200000
C:\Users\isaac\phlag\caster\data\ape.fa	392100	0.679549	0.0511567	0.785796	0.850397	200000
C:\Users\isaac\phlag\caster\data\ape.fa	392200	0.679549	0.0511567	0.79213	0.850495	200000
C:\Users\isaac\phlag\caster\data\ape.fa	392300	0.679549	0.0511567	0.79213	0.850495	200000
C:\Users\isaac\phlag\caster\data\ape.fa	392400	0.679549	0.0511567	0.783149	0.850356	200000
C:\Users\isaac\phlag\caster\data\ape.fa	392500	0.679549	0.0511567	0.783149	0.850356	200000
C:\Users\isaac\phlag\caster\data\ape.fa	392600	0.679549	0.0545681	0.783149	0.84471	200000
C:\Users\isaac\phlag\caster\data\ape.fa	392700	0.679549	0.0545681	0.783149	0.84471	200000
C:\Users\isaac\phlag\caster\data\ape.fa	392800	0.657424	0.0545681	0.779852	0.841615	200000
C:\Users\isaac\phlag\caster\data\ape.fa	392900	0.719304	0.0545626	0.785927	0.850131	200000
C:\Users\isaac\phlag\caster\data\ape.fa	393000	0.719304	0.0512422	0.785927	0.855612	200000
C:\Users\isaac\phlag\caster\data\ape.fa	393100	0.719304	0.0512422	0.79231	0.855677	200000
C:\Users\isaac\phlag\caster\data\ape.fa	393200	0.719304	0.0512422	0.798498	0.855739	200000
C:\Users\isaac\phlag\caster\data\ape.fa	393300	0.719304	0.0512422	0.793133	0.855685	200000
C:\Users\isaac\phlag\caster\data\ape.fa	393400	0.738359	0.0512422	0.793133	0.858211	200000
C:\Users\isaac\phlag\caster\data\ape.fa	393500	0.779352	0.0464929	0.793133	0.8715	200000
C:\Users\isaac\phlag\caster\data\ape.fa	393600	0.757911	0.0464929	0.799465	0.868672	200000
C:\Users\isaac\phlag\caster\data\ape.fa	393700	0.757911	0.0464929	0.796283	0.868681	200000
C:\Users\isaac\phlag\caster\data\ape.fa	393800	0.757911	0.0464929	0.789884	0.8687	200000
C:\Users\isaac\phlag\caster\data\ape.fa	393900	0.757911	0.0480709	0.789884	0.86605	200000
C:\Users\isaac\phlag\caster\data\ape.fa	394000	0.757911	0.0480709	0.786418	0.866051	200000
C:\Users\isaac\phlag\caster\data\ape.fa	394100	0.713889	0.0480709	0.786418	0.860188	200000
C:\Users\isaac\phlag\caster\data\ape.fa	394200	0.713889	0.0480709	0.786418	0.860188	200000
C:\Users\isaac\phlag\caster\data\ape.fa	394300	0.713889	0.0433516	0.786418	0.868187	200000
C:\Users\isaac\phlag\caster\data\ape.fa	394400	0.757126	0.0417134	0.786418	0.876756	200000
C:\Users\isaac\phlag\caster\data\ape.fa	394500	0.736959	0.0417134	0.786418	0.874079	200000
C:\Users\isaac\phlag\caster\data\ape.fa	394600	0.736959	0.0417134	0.786418	0.874079	200000
C:\Users\isaac\phlag\caster\data\ape.fa	394700	0.736959	0.0417134	0.786418	0.874079	200000
C:\Users\isaac\phlag\caster\data\ape.fa	394800	0.736959	0.0417134	0.786418	0.874079	200000
C:\Users\isaac\phlag\caster\data\ape.fa	394900	0.736959	0.0401398	0.783416	0.876828	200000
C:\Users\isaac\phlag\caster\data\ape.fa	395000	0.715062	0.0416886	0.776967	0.871249	200000
C:\Users\isaac\phlag\caster\data\ape.fa	395100	0.715062	0.0416886	0.774234	0.871264	200000
C:\Users\isaac\phlag\caster\data\ape.fa	395200	0.715062	0.0447809	0.774234	0.865907	200000
C:\Users\isaac\phlag\caster\data\ape.fa	395300	0.715062	0.0455475	0.77416	0.864589	200000
C:\Users\isaac\phlag\caster\data\ape.fa	395400	0.737254	0.0455475	0.774586	0.867589	200000
C:\Users\isaac\phlag\caster\data\ape.fa	395500	0.737254	0.0455475	0.768026	0.867601	200000
C:\Users\isaac\phlag\caster\data\ape.fa	395600	0.737254	0.0455475	0.771441	0.867595	200000
C:\Users\isaac\phlag\caster\data\ape.fa	395700	0.737254	0.0485844	0.758829	0.862351	200000
C:\Users\isaac\phlag\caster\data\ape.fa	395800	0.737254	0.0494369	0.758829	0.860884	200000
C:\Users\isaac\phlag\caster\data\ape.fa	395900	0.715364	0.0485679	0.758829	0.859372	200000
C:\Users\isaac\phlag\caster\data\ape.fa	396000	0.779878	0.0476947	0.756217	0.869697	200000
C:\Users\isaac\phlag\caster\data\ape.fa	396100	0.832958	0.0476947	0.758822	0.876805	200000
C:\Users\isaac\phlag\caster\data\ape.fa	396200	0.832958	0.0476947	0.764616	0.876741	200000
C:\Users\isaac\phlag\caster\data\ape.fa	396300	0.832958	0.0476947	0.767625	0.876707	200000
C:\Users\isaac\phlag\caster\data\ape.fa	396400	0.832958	0.0476947	0.767625	0.876707	200000
C:\Users\isaac\phlag\caster\data\ape.fa	396500	0.832958	0.0476947	0.767915	0.876704	200000
C:\Users\isaac\phlag\caster\data\ape.fa	396600	0.832958	0.0476947	0.767915	0.876704	200000
C:\Users\isaac\phlag\caster\data\ape.fa	396700	0.832958	0.0476947	0.758294	0.876811	200000
C:\Users\isaac\phlag\caster\data\ape.fa	396800	0.813879	0.0478952	0.761854	0.873888	200000
C:\Users\isaac\phlag\caster\data\ape.fa	396900	0.813879	0.0478952	0.740921	0.874063	200000
C:\Users\isaac\phlag\caster\data\ape.fa	397000	0.813879	0.048735	0.740921	0.872586	200000
C:\Users\isaac\phlag\caster\data\ape.fa	397100	0.796196	0.048735	0.736012	0.870192	200000
C:\Users\isaac\phlag\caster\data\ape.fa	397200	0.796196	0.048735	0.730434	0.870218	200000
C:\Users\isaac\phlag\caster\data\ape.fa	397300	0.840779	0.048735	0.733469	0.876318	200000
C:\Users\isaac\phlag\caster\data\ape.fa	397400	0.840779	0.048735	0.730378	0.876352	200000
C:\Users\isaac\phlag\caster\data\ape.fa	397500	0.840779	0.048735	0.730378	0.876352	200000
C:\Users\isaac\phlag\caster\data\ape.fa	397600	0.840779	0.048735	0.727154	0.876387	200000
C:\Users\isaac\phlag\caster\data\ape.fa	397700	0.840779	0.048735	0.733066	0.876322	200000
C:\Users\isaac\phlag\caster\data\ape.fa	397800	0.840779	0.048735	0.729921	0.876357	200000
C:\Users\isaac\phlag\caster\data\ape.fa	397900	0.840779	0.048735	0.729921	0.876357	200000
C:\Users\isaac\phlag\caster\data\ape.fa	398000	0.840779	0.048735	0.723848	0.876424	200000
C:\Users\isaac\phlag\caster\data\ape.fa	398100	0.840779	0.048735	0.714102	0.876534	200000
C:\Users\isaac\phlag\caster\data\ape.fa	398200	0.817925	0.048735	0.707723	0.873398	200000
C:\Users\isaac\phlag\caster\data\ape.fa	398300	0.817925	0.048735	0.704949	0.873421	200000
C:\Users\isaac\phlag\caster\data\ape.fa	398400	0.817925	0.0470405	0.704949	0.876522	200000
C:\Users\isaac\phlag\caster\data\ape.fa	398500	0.817925	0.0454269	0.710927	0.879407	200000
C:\Users\isaac\phlag\caster\data\ape.fa	398600	0.807745	0.0454269	0.709014	0.878	200000
C:\Users\isaac\phlag\caster\data\ape.fa	398700	0.807745	0.0454269	0.708272	0.87801	200000
C:\Users\isaac\phlag\caster\data\ape.fa	398800	0.807745	0.0454269	0.708272	0.87801	200000
C:\Users\isaac\phlag\caster\data\ape.fa	398900	0.785926	0.0454269	0.708272	0.874917	200000
C:\Users\isaac\phlag\caster\data\ape.fa	399000	0.785926	0.0454269	0.714544	0.874856	200000
C:\Users\isaac\phlag\caster\data\ape.fa	399100	0.765156	0.046258	0.714544	0.870393	200000
C:\Users\isaac\phlag\caster\data\ape.fa	399200	0.765156	0.0471117	0.714544	0.868839	200000
C:\Users\isaac\phlag\caster\data\ape.fa	399300	0.765156	0.0471117	0.714544	0.868839	200000
C:\Users\isaac\phlag\caster\data\ape.fa	399400	0.743309	0.0471117	0.714544	0.865721	200000
C:\Users\isaac\phlag\caster\data\ape.fa	399500	0.743309	0.0471117	0.708006	0.86572	200000
C:\Users\isaac\phlag\caster\data\ape.fa	399600	0.743309	0.0471117	0.698709	0.865719	200000
C:\Users\isaac\phlag\caster\data\ape.fa	399700	0.763436	0.0471117	0.695681	0.868652	200000
C:\Users\isaac\phlag\caster\data\ape.fa	399800	0.763436	0.0463465	0.695681	0.870074	200000
C:\Users\isaac\phlag\caster\data\ape.fa	399900	0.721251	0.0455154	0.698528	0.865454	200000
C:\Users\isaac\phlag\caster\data\ape.fa	400000	0.721251	0.0455154	0.698528	0.865454	200000
C:\Users\isaac\phlag\caster\data\ape.fa	400100	0.721251	0.0455154	0.698451	0.865454	200000
C:\Users\isaac\phlag\caster\data\ape.fa	400200	0.721251	0.0455154	0.698451	0.865454	200000
C:\Users\isaac\phlag\caster\data\ape.fa	400300	0.721251	0.0455154	0.698451	0.865454	200000
C:\Users\isaac\phlag\caster\data\ape.fa	400400	0.742049	0.0455154	0.69841	0.868498	200000
C:\Users\isaac\phlag\caster\data\ape.fa	400500	0.742049	0.0464211	0.704759	0.866808	200000
C:\Users\isaac\phlag\caster\data\ape.fa	400600	0.742049	0.0464211	0.702103	0.866811	200000
C:\Users\isaac\phlag\caster\data\ape.fa	400700	0.764025	0.0507506	0.695712	0.862038	200000
C:\Users\isaac\phlag\caster\data\ape.fa	400800	0.764025	0.0516248	0.695712	0.860444	200000
C:\Users\isaac\phlag\caster\data\ape.fa	400900	0.764025	0.0515716	0.695712	0.86054	200000
C:\Users\isaac\phlag\caster\data\ape.fa	401000	0.764025	0.0515716	0.695568	0.86054	200000
C:\Users\isaac\phlag\caster\data\ape.fa	401100	0.764025	0.0515716	0.695568	0.86054	200000
C:\Users\isaac\phlag\caster\data\ape.fa	401200	0.764025	0.0515716	0.695568	0.86054	200000
C:\Users\isaac\phlag\caster\data\ape.fa	401300	0.764025	0.0515716	0.698411	0.860556	200000
C:\Users\isaac\phlag\caster\data\ape.fa	401400	0.764025	0.0515716	0.688887	0.860501	200000
C:\Users\isaac\phlag\caster\data\ape.fa	401500	0.764025	0.0515716	0.688887	0.860501	200000
C:\Users\isaac\phlag\caster\data\ape.fa	401600	0.764025	0.0515716	0.703184	0.860583	200000
C:\Users\isaac\phlag\caster\data\ape.fa	401700	0.786146	0.0515716	0.703184	0.863758	200000
C:\Users\isaac\phlag\caster\data\ape.fa	401800	0.786146	0.0515716	0.703184	0.863758	200000
C:\Users\isaac\phlag\caster\data\ape.fa	401900	0.786146	0.0515716	0.70309	0.863758	200000
C:\Users\isaac\phlag\caster\data\ape.fa	402000	0.808531	0.0515716	0.699823	0.866953	200000
C:\Users\isaac\phlag\caster\data\ape.fa	402100	0.808531	0.0515716	0.708345	0.866943	200000
C:\Users\isaac\phlag\caster\data\ape.fa	402200	0.827578	0.0515716	0.716759	0.869591	200000
C:\Users\isaac\phlag\caster\data\ape.fa	402300	0.848323	0.0507632	0.728511	0.873811	200000
C:\Users\isaac\phlag\caster\data\ape.fa	402400	0.848323	0.0474059	0.724261	0.879836	200000
C:\Users\isaac\phlag\caster\data\ape.fa	402500	0.848323	0.0474059	0.724261	0.879836	200000
C:\Users\isaac\phlag\caster\data\ape.fa	402600	0.848323	0.0474059	0.724261	0.879836	200000
C:\Users\isaac\phlag\caster\data\ape.fa	402700	0.848323	0.0474059	0.724261	0.879836	200000
C:\Users\isaac\phlag\caster\data\ape.fa	402800	0.848323	0.0474059	0.724261	0.879836	200000
C:\Users\isaac\phlag\caster\data\ape.fa	402900	0.848323	0.0474059	0.730731	0.879741	200000
C:\Users\isaac\phlag\caster\data\ape.fa	403000	0.848323	0.0455093	0.736198	0.883037	200000
C:\Users\isaac\phlag\caster\data\ape.fa	403100	0.871108	0.0455093	0.741791	0.885996	200000
C:\Users\isaac\phlag\caster\data\ape.fa	403200	0.871108	0.0455093	0.741791	0.885996	200000
C:\Users\isaac\phlag\caster\data\ape.fa	403300	0.871108	0.0455093	0.741791	0.885996	200000
C:\Users\isaac\phlag\caster\data\ape.fa	403400	0.859939	0.0437861	0.74328	0.887535	200000
C:\Users\isaac\phlag\caster\data\ape.fa	403500	0.903544	0.0437861	0.743658	0.893329	200000
C:\Users\isaac\phlag\caster\data\ape.fa	403600	0.903308	0.0437861	0.743658	0.893298	200000
C:\Users\isaac\phlag\caster\data\ape.fa	403700	0.903308	0.0437861	0.74684	0.893208	200000
C:\Users\isaac\phlag\caster\data\ape.fa	403800	0.902676	0.0454476	0.752425	0.890043	200000
C:\Users\isaac\phlag\caster\data\ape.fa	403900	0.902676	0.0454476	0.752425	0.890043	200000
C:\Users\isaac\phlag\caster\data\ape.fa	404000	0.902676	0.0454476	0.758634	0.889891	200000
C:\Users\isaac\phlag\caster\data\ape.fa	404100	0.902676	0.0454476	0.762336	0.889801	200000
C:\Users\isaac\phlag\caster\data\ape.fa	404200	0.902676	0.0454476	0.762451	0.889798	200000
C:\Users\isaac\phlag\caster\data\ape.fa	404300	0.902676	0.0454476	0.756188	0.889951	200000
C:\Users\isaac\phlag\caster\data\ape.fa	404400	0.902676	0.0454476	0.753608	0.890014	200000
C:\Users\isaac\phlag\caster\data\ape.fa	404500	0.902676	0.0463886	0.750443	0.888439	200000
C:\Users\isaac\phlag\caster\data\ape.fa	404600	0.882167	0.0463886	0.744402	0.88586	200000
C:\Users\isaac\phlag\caster\data\ape.fa	404700	0.882167	0.0463886	0.744402	0.88586	200000
C:\Users\isaac\phlag\caster\data\ape.fa	404800	0.860652	0.0463886	0.741335	0.883044	200000
C:\Users\isaac\phlag\caster\data\ape.fa	404900	0.860652	0.0463886	0.741335	0.883044	200000
C:\Users\isaac\phlag\caster\data\ape.fa	405000	0.860652	0.0463886	0.741091	0.883049	200000
C:\Users\isaac\phlag\caster\data\ape.fa	405100	0.860652	0.0463886	0.741091	0.883049	200000
C:\Users\isaac\phlag\caster\data\ape.fa	405200	0.882844	0.0455112	0.741091	0.887575	200000
C:\Users\isaac\phlag\caster\data\ape.fa	405300	0.882844	0.0455112	0.741091	0.887575	200000
C:\Users\isaac\phlag\caster\data\ape.fa	405400	0.882844	0.0455112	0.741091	0.887575	200000
C:\Users\isaac\phlag\caster\data\ape.fa	405500	0.882844	0.0455112	0.73784	0.887648	200000
C:\Users\isaac\phlag\caster\data\ape.fa	405600	0.882844	0.0455112	0.731971	0.887782	200000
C:\Users\isaac\phlag\caster\data\ape.fa	405700	0.882844	0.0455112	0.731971	0.887782	200000
C:\Users\isaac\phlag\caster\data\ape.fa	405800	0.882844	0.0471852	0.732447	0.884779	200000
C:\Users\isaac\phlag\caster\data\ape.fa	405900	0.882844	0.0471852	0.726168	0.884904	200000
C:\Users\isaac\phlag\caster\data\ape.fa	406000	0.883171	0.0471852	0.719851	0.885075	200000
C:\Users\isaac\phlag\caster\data\ape.fa	406100	0.883171	0.0471852	0.713905	0.885196	200000
C:\Users\isaac\phlag\caster\data\ape.fa	406200	0.883171	0.0471852	0.710793	0.88526	200000
C:\Users\isaac\phlag\caster\data\ape.fa	406300	0.883171	0.0471852	0.705015	0.88538	200000
C:\Users\isaac\phlag\caster\data\ape.fa	406400	0.883171	0.0471852	0.718161	0.885109	200000
C:\Users\isaac\phlag\caster\data\ape.fa	406500	0.883171	0.0471852	0.729948	0.884873	200000
C:\Users\isaac\phlag\caster\data\ape.fa	406600	0.883171	0.0471852	0.7426	0.884625	200000
C:\Users\isaac\phlag\caster\data\ape.fa	406700	0.883171	0.0471852	0.752483	0.884436	200000
C:\Users\isaac\phlag\caster\data\ape.fa	406800	0.905149	0.0471852	0.744248	0.887506	200000
C:\Users\isaac\phlag\caster\data\ape.fa	406900	0.905149	0.0471852	0.738078	0.887644	200000
C:\Users\isaac\phlag\caster\data\ape.fa	407000	0.867082	0.0480543	0.740914	0.880974	200000
C:\Users\isaac\phlag\caster\data\ape.fa	407100	0.766659	0.0480543	0.740914	0.867302	200000
C:\Users\isaac\phlag\caster\data\ape.fa	407200	0.751213	0.0480543	0.737441	0.865159	200000
C:\Users\isaac\phlag\caster\data\ape.fa	407300	0.730543	0.0480543	0.737441	0.862268	200000
C:\Users\isaac\phlag\caster\data\ape.fa	407400	0.730543	0.0480543	0.734509	0.862257	200000
C:\Users\isaac\phlag\caster\data\ape.fa	407500	0.75004	0.0488225	0.734509	0.863633	200000
C:\Users\isaac\phlag\caster\data\ape.fa	407600	0.771942	0.0488225	0.728194	0.866693	200000
C:\Users\isaac\phlag\caster\data\ape.fa	407700	0.771942	0.0488225	0.728194	0.866693	200000
C:\Users\isaac\phlag\caster\data\ape.fa	407800	0.771942	0.0488225	0.725457	0.866695	200000
C:\Users\isaac\phlag\caster\data\ape.fa	407900	0.750511	0.0488225	0.719016	0.863664	200000
C:\Users\isaac\phlag\caster\data\ape.fa	408000	0.750628	0.0455353	0.728044	0.869587	200000
C:\Users\isaac\phlag\caster\data\ape.fa	408100	0.750628	0.0455353	0.725027	0.869599	200000
C:\Users\isaac\phlag\caster\data\ape.fa	408200	0.750628	0.0455353	0.725027	0.869599	200000
C:\Users\isaac\phlag\caster\data\ape.fa	408300	0.710575	0.0455353	0.731451	0.863917	200000
C:\Users\isaac\phlag\caster\data\ape.fa	408400	0.710575	0.0455353	0.737051	0.863928	200000
C:\Users\isaac\phlag\caster\data\ape.fa	408500	0.710575	0.0455353	0.748749	0.863952	200000
C:\Users\isaac\phlag\caster\data\ape.fa	408600	0.710575	0.0421223	0.748749	0.87001	200000
C:\Users\isaac\phlag\caster\data\ape.fa	408700	0.710575	0.0412525	0.746594	0.87158	200000
C:\Users\isaac\phlag\caster\data\ape.fa	408800	0.710575	0.0412879	0.746659	0.871516	200000
C:\Users\isaac\phlag\caster\data\ape.fa	408900	0.710575	0.0412879	0.743687	0.871534	200000
C:\Users\isaac\phlag\caster\data\ape.fa	409000	0.752814	0.0412879	0.743687	0.877419	200000
C:\Users\isaac\phlag\caster\data\ape.fa	409100	0.752814	0.0428209	0.739411	0.874705	200000
C:\Users\isaac\phlag\caster\data\ape.fa	409200	0.752814	0.0428209	0.739111	0.874708	200000
C:\Users\isaac\phlag\caster\data\ape.fa	409300	0.752814	0.0428209	0.745313	0.87465	200000
C:\Users\isaac\phlag\caster\data\ape.fa	409400	0.752814	0.0442718	0.746613	0.872054	200000
C:\Users\isaac\phlag\caster\data\ape.fa	409500	0.752814	0.0442718	0.74096	0.872091	200000
C:\Users\isaac\phlag\caster\data\ape.fa	409600	0.752814	0.0442718	0.74096	0.872091	200000
C:\Users\isaac\phlag\caster\data\ape.fa	409700	0.752814	0.04762	0.74096	0.866149	200000
C:\Users\isaac\phlag\caster\data\ape.fa	409800	0.752814	0.04762	0.744195	0.866148	200000
C:\Users\isaac\phlag\caster\data\ape.fa	409900	0.752814	0.04762	0.744195	0.866148	200000
C:\Users\isaac\phlag\caster\data\ape.fa	410000	0.752814	0.04762	0.761556	0.866142	200000
C:\Users\isaac\phlag\caster\data\ape.fa	410100	0.734022	0.04762	0.767931	0.863595	200000
C:\Users\isaac\phlag\caster\data\ape.fa	410200	0.734022	0.04762	0.761898	0.863581	200000
C:\Users\isaac\phlag\caster\data\ape.fa	410300	0.754794	0.04762	0.764957	0.866409	200000
C:\Users\isaac\phlag\caster\data\ape.fa	410400	0.754794	0.0467513	0.764957	0.867905	200000
C:\Users\isaac\phlag\caster\data\ape.fa	410500	0.754794	0.0467513	0.764957	0.867905	200000
C:\Users\isaac\phlag\caster\data\ape.fa	410600	0.754794	0.0459906	0.759271	0.86924	200000
C:\Users\isaac\phlag\caster\data\ape.fa	410700	0.754794	0.0459906	0.759271	0.86924	200000
C:\Users\isaac\phlag\caster\data\ape.fa	410800	0.754794	0.0441909	0.759271	0.872383	200000
C:\Users\isaac\phlag\caster\data\ape.fa	410900	0.773035	0.0425981	0.759271	0.87766	200000
C:\Users\isaac\phlag\caster\data\ape.fa	411000	0.762	0.0416369	0.757646	0.877883	200000
C:\Users\isaac\phlag\caster\data\ape.fa	411100	0.779823	0.0416369	0.760271	0.880261	200000
C:\Users\isaac\phlag\caster\data\ape.fa	411200	0.800527	0.0416755	0.75402	0.88309	200000
C:\Users\isaac\phlag\caster\data\ape.fa	411300	0.800527	0.0425361	0.757639	0.881502	200000
C:\Users\isaac\phlag\caster\data\ape.fa	411400	0.800527	0.0425361	0.757639	0.881502	200000
C:\Users\isaac\phlag\caster\data\ape.fa	411500	0.800527	0.045945	0.754487	0.87555	200000
C:\Users\isaac\phlag\caster\data\ape.fa	411600	0.800527	0.0475392	0.754487	0.872769	200000
C:\Users\isaac\phlag\caster\data\ape.fa	411700	0.800527	0.0475392	0.751258	0.872792	200000
C:\Users\isaac\phlag\caster\data\ape.fa	411800	0.800527	0.0475392	0.745618	0.872833	200000
C:\Users\isaac\phlag\caster\data\ape.fa	411900	0.800527	0.0475392	0.745618	0.872833	200000
C:\Users\isaac\phlag\caster\data\ape.fa	412000	0.800527	0.0475392	0.745618	0.872833	200000
C:\Users\isaac\phlag\caster\data\ape.fa	412100	0.822002	0.0475392	0.740021	0.875805	200000
C:\Users\isaac\phlag\caster\data\ape.fa	412200	0.822002	0.0475392	0.737515	0.875831	200000
C:\Users\isaac\phlag\caster\data\ape.fa	412300	0.822002	0.0475392	0.727688	0.875935	200000
C:\Users\isaac\phlag\caster\data\ape.fa	412400	0.822002	0.0475392	0.715462	0.876067	200000
C:\Users\isaac\phlag\caster\data\ape.fa	412500	0.887833	0.0475392	0.715462	0.885161	200000
C:\Users\isaac\phlag\caster\data\ape.fa	412600	0.887833	0.0475392	0.715462	0.885161	200000
C:\Users\isaac\phlag\caster\data\ape.fa	412700	0.887833	0.050779	0.715462	0.87933	200000
C:\Users\isaac\phlag\caster\data\ape.fa	412800	0.887833	0.0498686	0.715462	0.880961	200000
C:\Users\isaac\phlag\caster\data\ape.fa	412900	0.887833	0.0498686	0.712339	0.881011	200000
C:\Users\isaac\phlag\caster\data\ape.fa	413000	0.887833	0.0506937	0.707277	0.8796	200000
C:\Users\isaac\phlag\caster\data\ape.fa	413100	0.887833	0.0506937	0.71036	0.879556	200000
C:\Users\isaac\phlag\caster\data\ape.fa	413200	0.96207	0.0506937	0.706578	0.88974	200000
C:\Users\isaac\phlag\caster\data\ape.fa	413300	0.96207	0.0506937	0.706578	0.88974	200000
C:\Users\isaac\phlag\caster\data\ape.fa	413400	0.96207	0.0506937	0.706578	0.88974	200000
C:\Users\isaac\phlag\caster\data\ape.fa	413500	0.96207	0.0506937	0.703212	0.889825	200000
C:\Users\isaac\phlag\caster\data\ape.fa	413600	0.96207	0.0506937	0.703212	0.889825	200000
C:\Users\isaac\phlag\caster\data\ape.fa	413700	0.981366	0.04983	0.703212	0.893996	200000
C:\Users\isaac\phlag\caster\data\ape.fa	413800	0.981366	0.04983	0.712655	0.89372	200000
C:\Users\isaac\phlag\caster\data\ape.fa	413900	0.981366	0.04983	0.712655	0.89372	200000
C:\Users\isaac\phlag\caster\data\ape.fa	414000	0.981366	0.0566741	0.712655	0.881567	200000
C:\Users\isaac\phlag\caster\data\ape.fa	414100	0.981366	0.0566741	0.712655	0.881567	200000
C:\Users\isaac\phlag\caster\data\ape.fa	414200	0.959443	0.0558103	0.712655	0.88015	200000
C:\Users\isaac\phlag\caster\data\ape.fa	414300	0.938981	0.0558103	0.716043	0.877355	200000
C:\Users\isaac\phlag\caster\data\ape.fa	414400	0.938981	0.0542147	0.716043	0.880159	200000
C:\Users\isaac\phlag\caster\data\ape.fa	414500	0.938981	0.0533956	0.722165	0.881507	200000
C:\Users\isaac\phlag\caster\data\ape.fa	414600	0.938981	0.0542039	0.728207	0.88	200000
C:\Users\isaac\phlag\caster\data\ape.fa	414700	0.938981	0.0542039	0.712627	0.880229	200000
C:\Users\isaac\phlag\caster\data\ape.fa	414800	0.938981	0.0526276	0.712627	0.883027	200000
C:\Users\isaac\phlag\caster\data\ape.fa	414900	0.938981	0.0517236	0.712627	0.884639	200000
C:\Users\isaac\phlag\caster\data\ape.fa	415000	0.938981	0.0517236	0.718709	0.884521	200000
C:\Users\isaac\phlag\caster\data\ape.fa	415100	0.938981	0.0517236	0.715769	0.884578	200000
C:\Users\isaac\phlag\caster\data\ape.fa	415200	0.938981	0.0517236	0.715769	0.884578	200000
C:\Users\isaac\phlag\caster\data\ape.fa	415300	0.938981	0.0517236	0.718942	0.884517	200000
C:\Users\isaac\phlag\caster\data\ape.fa	415400	0.938981	0.0517236	0.713184	0.884629	200000
C:\Users\isaac\phlag\caster\data\ape.fa	415500	0.938981	0.0524505	0.706864	0.883448	200000
C:\Users\isaac\phlag\caster\data\ape.fa	415600	0.938981	0.0531892	0.709624	0.882079	200000
C:\Users\isaac\phlag\caster\data\ape.fa	415700	0.938981	0.0531892	0.715115	0.881987	200000
C:\Users\isaac\phlag\caster\data\ape.fa	415800	0.938981	0.0531892	0.71822	0.881935	200000
C:\Users\isaac\phlag\caster\data\ape.fa	415900	0.938981	0.0531892	0.71822	0.881935	200000
C:\Users\isaac\phlag\caster\data\ape.fa	416000	0.938981	0.0564606	0.730807	0.876061	200000
C:\Users\isaac\phlag\caster\data\ape.fa	416100	0.938981	0.0555731	0.730807	0.877592	200000
C:\Users\isaac\phlag\caster\data\ape.fa	416200	0.938981	0.0555731	0.724511	0.877667	200000
C:\Users\isaac\phlag\caster\data\ape.fa	416300	0.938981	0.0587498	0.71832	0.872218	200000
C:\Users\isaac\phlag\caster\data\ape.fa	416400	0.938981	0.0604794	0.721552	0.869227	200000
C:\Users\isaac\phlag\caster\data\ape.fa	416500	0.938981	0.0588128	0.718694	0.872106	200000
C:\Users\isaac\phlag\caster\data\ape.fa	416600	0.938981	0.0588128	0.718694	0.872106	200000
C:\Users\isaac\phlag\caster\data\ape.fa	416700	0.938981	0.0588128	0.715726	0.872126	200000
C:\Users\isaac\phlag\caster\data\ape.fa	416800	0.938981	0.0588128	0.715726	0.872126	200000
C:\Users\isaac\phlag\caster\data\ape.fa	416900	0.938981	0.0596422	0.715726	0.870691	200000
C:\Users\isaac\phlag\caster\data\ape.fa	417000	0.938981	0.0596422	0.718811	0.870675	200000
C:\Users\isaac\phlag\caster\data\ape.fa	417100	0.938981	0.0596422	0.718811	0.870675	200000
C:\Users\isaac\phlag\caster\data\ape.fa	417200	0.938981	0.0596422	0.718811	0.870675	200000
C:\Users\isaac\phlag\caster\data\ape.fa	417300	0.938981	0.0580472	0.718811	0.87343	200000
C:\Users\isaac\phlag\caster\data\ape.fa	417400	0.938981	0.0580472	0.718811	0.87343	200000
C:\Users\isaac\phlag\caster\data\ape.fa	417500	0.938981	0.0580472	0.725124	0.873381	200000
C:\Users\isaac\phlag\caster\data\ape.fa	417600	0.938981	0.0580472	0.715592	0.873455	200000
C:\Users\isaac\phlag\caster\data\ape.fa	417700	0.957874	0.0564938	0.711398	0.878756	200000
C:\Users\isaac\phlag\caster\data\ape.fa	417800	0.957874	0.0564938	0.713731	0.878725	200000
C:\Users\isaac\phlag\caster\data\ape.fa	417900	0.957874	0.055772	0.713731	0.879991	200000
C:\Users\isaac\phlag\caster\data\ape.fa	418000	0.957874	0.0550398	0.72091	0.881166	200000
C:\Users\isaac\phlag\caster\data\ape.fa	418100	0.957874	0.0550398	0.704611	0.881426	200000
C:\Users\isaac\phlag\caster\data\ape.fa	418200	0.957874	0.0550398	0.704611	0.881426	200000
C:\Users\isaac\phlag\caster\data\ape.fa	418300	1	0.0550398	0.707714	0.887024	200000
C:\Users\isaac\phlag\caster\data\ape.fa	418400	0.979703	0.0550398	0.704726	0.884369	200000
C:\Users\isaac\phlag\caster\data\ape.fa	418500	0.979703	0.0550398	0.704726	0.884369	200000
C:\Users\isaac\phlag\caster\data\ape.fa	418600	0.979703	0.0550398	0.704726	0.884369	200000
C:\Users\isaac\phlag\caster\data\ape.fa	418700	0.959011	0.0534091	0.704726	0.884487	200000
C:\Users\isaac\phlag\caster\data\ape.fa	418800	0.959011	0.0534083	0.704726	0.884489	200000
C:\Users\isaac\phlag\caster\data\ape.fa	418900	0.959011	0.0534083	0.707648	0.884432	200000
C:\Users\isaac\phlag\caster\data\ape.fa	419000	0.93758	0.0534083	0.707716	0.88153	200000
C:\Users\isaac\phlag\caster\data\ape.fa	419100	0.93758	0.0534083	0.69566	0.88173	200000
C:\Users\isaac\phlag\caster\data\ape.fa	419200	0.93758	0.0534083	0.69566	0.88173	200000
C:\Users\isaac\phlag\caster\data\ape.fa	419300	0.93758	0.0534083	0.69566	0.88173	200000
C:\Users\isaac\phlag\caster\data\ape.fa	419400	0.93758	0.0534083	0.693145	0.881773	200000
C:\Users\isaac\phlag\caster\data\ape.fa	419500	0.93758	0.0534083	0.695921	0.881726	200000
C:\Users\isaac\phlag\caster\data\ape.fa	419600	0.93758	0.0534083	0.695921	0.881726	200000
C:\Users\isaac\phlag\caster\data\ape.fa	419700	0.93758	0.0534083	0.68667	0.881883	200000
C:\Users\isaac\phlag\caster\data\ape.fa	419800	0.93758	0.0534083	0.68667	0.881883	200000
C:\Users\isaac\phlag\caster\data\ape.fa	419900	0.93758	0.0534083	0.683455	0.881938	200000
C:\Users\isaac\phlag\caster\data\ape.fa	420000	0.915687	0.0516421	0.683455	0.882126	200000
C:\Users\isaac\phlag\caster\data\ape.fa	420100	0.915687	0.0516421	0.677332	0.882234	200000
C:\Users\isaac\phlag\caster\data\ape.fa	420200	0.915687	0.0516421	0.671243	0.882343	200000
C:\Users\isaac\phlag\caster\data\ape.fa	420300	0.915687	0.0508567	0.671243	0.883814	200000
C:\Users\isaac\phlag\caster\data\ape.fa	420400	0.915687	0.0499573	0.671243	0.885504	200000
C:\Users\isaac\phlag\caster\data\ape.fa	420500	0.915687	0.0499573	0.680235	0.885312	200000
C:\Users\isaac\phlag\caster\data\ape.fa	420600	0.904965	0.0499573	0.672396	0.883956	200000
C:\Users\isaac\phlag\caster\data\ape.fa	420700	0.904965	0.0475445	0.672396	0.888516	200000
C:\Users\isaac\phlag\caster\data\ape.fa	420800	0.904965	0.0444779	0.675676	0.894273	200000
C:\Users\isaac\phlag\caster\data\ape.fa	420900	0.948206	0.0444779	0.675676	0.900359	200000
C:\Users\isaac\phlag\caster\data\ape.fa	421000	0.948206	0.0436438	0.675676	0.90196	200000
C:\Users\isaac\phlag\caster\data\ape.fa	421100	0.948206	0.0436438	0.670452	0.902169	200000
C:\Users\isaac\phlag\caster\data\ape.fa	421200	0.926019	0.0436438	0.676504	0.898818	200000
C:\Users\isaac\phlag\caster\data\ape.fa	421300	0.926019	0.0436438	0.67042	0.899041	200000
C:\Users\isaac\phlag\caster\data\ape.fa	421400	0.902559	0.0409753	0.676016	0.90068	200000
C:\Users\isaac\phlag\caster\data\ape.fa	421500	0.902559	0.0409753	0.676017	0.90068	200000
C:\Users\isaac\phlag\caster\data\ape.fa	421600	0.902559	0.0409753	0.682325	0.900436	200000
C:\Users\isaac\phlag\caster\data\ape.fa	421700	0.902559	0.0409753	0.693278	0.900022	200000
C:\Users\isaac\phlag\caster\data\ape.fa	421800	0.921508	0.0418832	0.693278	0.900925	200000
C:\Users\isaac\phlag\caster\data\ape.fa	421900	0.898949	0.0418832	0.696418	0.897684	200000
C:\Users\isaac\phlag\caster\data\ape.fa	422000	0.898949	0.0451332	0.696418	0.891575	200000
C:\Users\isaac\phlag\caster\data\ape.fa	422100	0.898949	0.0459073	0.696418	0.890132	200000
C:\Users\isaac\phlag\caster\data\ape.fa	422200	0.898949	0.0459073	0.686976	0.890382	200000
C:\Users\isaac\phlag\caster\data\ape.fa	422300	0.919943	0.0450452	0.702434	0.894461	200000
C:\Users\isaac\phlag\caster\data\ape.fa	422400	0.943187	0.0450452	0.708847	0.897422	200000
C:\Users\isaac\phlag\caster\data\ape.fa	422500	0.943187	0.0450452	0.70589	0.897521	200000
C:\Users\isaac\phlag\caster\data\ape.fa	422600	0.96511	0.0459249	0.70589	0.898864	200000
C:\Users\isaac\phlag\caster\data\ape.fa	422700	0.96511	0.0459249	0.70589	0.898864	200000
C:\Users\isaac\phlag\caster\data\ape.fa	422800	0.96511	0.0451048	0.70589	0.900376	200000
C:\Users\isaac\phlag\caster\data\ape.fa	422900	0.96511	0.0451048	0.699892	0.900596	200000
C:\Users\isaac\phlag\caster\data\ape.fa	423000	0.9237	0.0451048	0.693794	0.895137	200000
C:\Users\isaac\phlag\caster\data\ape.fa	423100	0.882952	0.0451048	0.693794	0.889467	200000
C:\Users\isaac\phlag\caster\data\ape.fa	423200	0.840994	0.0451048	0.693794	0.883552	200000
C:\Users\isaac\phlag\caster\data\ape.fa	423300	0.799785	0.0451048	0.680699	0.877837	200000
C:\Users\isaac\phlag\caster\data\ape.fa	423400	0.799785	0.0451048	0.680699	0.877837	200000
C:\Users\isaac\phlag\caster\data\ape.fa	423500	0.841723	0.0451048	0.674668	0.884036	200000
C:\Users\isaac\phlag\caster\data\ape.fa	423600	0.841723	0.0451048	0.674451	0.88404	200000
C:\Users\isaac\phlag\caster\data\ape.fa	423700	0.820914	0.0451048	0.671386	0.881067	200000
C:\Users\isaac\phlag\caster\data\ape.fa	423800	0.843833	0.0451048	0.668314	0.884474	200000
C:\Users\isaac\phlag\caster\data\ape.fa	423900	0.843833	0.0451048	0.671434	0.884409	200000
C:\Users\isaac\phlag\caster\data\ape.fa	424000	0.843833	0.0479986	0.676842	0.878804	200000
C:\Users\isaac\phlag\caster\data\ape.fa	424100	0.843833	0.0479986	0.676849	0.878804	200000
C:\Users\isaac\phlag\caster\data\ape.fa	424200	0.843833	0.0479986	0.682795	0.878719	200000
C:\Users\isaac\phlag\caster\data\ape.fa	424300	0.843833	0.0479986	0.688887	0.878633	200000
C:\Users\isaac\phlag\caster\data\ape.fa	424400	0.864917	0.0479986	0.688887	0.881629	200000
C:\Users\isaac\phlag\caster\data\ape.fa	424500	0.864917	0.048869	0.689294	0.880005	200000
C:\Users\isaac\phlag\caster\data\ape.fa	424600	0.864917	0.048869	0.689294	0.880005	200000
C:\Users\isaac\phlag\caster\data\ape.fa	424700	0.844467	0.048869	0.689294	0.877101	200000
C:\Users\isaac\phlag\caster\data\ape.fa	424800	0.844467	0.048869	0.689497	0.877098	200000
C:\Users\isaac\phlag\caster\data\ape.fa	424900	0.844467	0.048869	0.695851	0.877021	200000
C:\Users\isaac\phlag\caster\data\ape.fa	425000	0.844467	0.048869	0.689433	0.877099	200000
C:\Users\isaac\phlag\caster\data\ape.fa	425100	0.844467	0.048869	0.698013	0.876995	200000
C:\Users\isaac\phlag\caster\data\ape.fa	425200	0.844467	0.048869	0.703732	0.876926	200000
C:\Users\isaac\phlag\caster\data\ape.fa	425300	0.844467	0.048869	0.706947	0.876888	200000
C:\Users\isaac\phlag\caster\data\ape.fa	425400	0.824439	0.048869	0.706947	0.874078	200000
C:\Users\isaac\phlag\caster\data\ape.fa	425500	0.806647	0.048869	0.721921	0.871476	200000
C:\Users\isaac\phlag\caster\data\ape.fa	425600	0.806647	0.0459038	0.728298	0.876741	200000
C:\Users\isaac\phlag\caster\data\ape.fa	425700	0.806647	0.046762	0.722565	0.875257	200000
C:\Users\isaac\phlag\caster\data\ape.fa	425800	0.806647	0.046762	0.723125	0.875251	200000
C:\Users\isaac\phlag\caster\data\ape.fa	425900	0.806647	0.043727	0.71501	0.880886	200000
C:\Users\isaac\phlag\caster\data\ape.fa	426000	0.763018	0.043727	0.701462	0.874856	200000
C:\Users\isaac\phlag\caster\data\ape.fa	426100	0.741708	0.043727	0.701462	0.871769	200000
C:\Users\isaac\phlag\caster\data\ape.fa	426200	0.741708	0.0421666	0.701462	0.874695	200000
C:\Users\isaac\phlag\caster\data\ape.fa	426300	0.741708	0.0421666	0.695061	0.874758	200000
C:\Users\isaac\phlag\caster\data\ape.fa	426400	0.741708	0.0421666	0.695061	0.874758	200000
C:\Users\isaac\phlag\caster\data\ape.fa	426500	0.741708	0.0413347	0.685733	0.876448	200000
C:\Users\isaac\phlag\caster\data\ape.fa	426600	0.741708	0.0413347	0.692203	0.876371	200000
C:\Users\isaac\phlag\caster\data\ape.fa	426700	0.741708	0.0381862	0.692203	0.882417	200000
C:\Users\isaac\phlag\caster\data\ape.fa	426800	0.741708	0.0316418	0.692193	0.895244	200000
C:\Users\isaac\phlag\caster\data\ape.fa	426900	0.741708	0.0342888	0.686073	0.890182	200000
C:\Users\isaac\phlag\caster\data\ape.fa	427000	0.720354	0.0369661	0.676639	0.88192	200000
C:\Users\isaac\phlag\caster\data\ape.fa	427100	0.720354	0.0369661	0.670486	0.882035	200000
C:\Users\isaac\phlag\caster\data\ape.fa	427200	0.740389	0.0369661	0.670486	0.88506	200000
C:\Users\isaac\phlag\caster\data\ape.fa	427300	0.721118	0.0369661	0.667708	0.882204	200000
C:\Users\isaac\phlag\caster\data\ape.fa	427400	0.721118	0.0369661	0.668005	0.882199	200000
C:\Users\isaac\phlag\caster\data\ape.fa	427500	0.721118	0.0369661	0.663167	0.882292	200000
C:\Users\isaac\phlag\caster\data\ape.fa	427600	0.721118	0.0369661	0.657372	0.882404	200000
C:\Users\isaac\phlag\caster\data\ape.fa	427700	0.721118	0.0369661	0.651652	0.882517	200000
C:\Users\isaac\phlag\caster\data\ape.fa	427800	0.721118	0.0361705	0.651652	0.884142	200000
C:\Users\isaac\phlag\caster\data\ape.fa	427900	0.721118	0.0353295	0.654789	0.885791	200000
C:\Users\isaac\phlag\caster\data\ape.fa	428000	0.721118	0.0370421	0.657535	0.882248	200000
C:\Users\isaac\phlag\caster\data\ape.fa	428100	0.721118	0.0370421	0.654383	0.882309	200000
C:\Users\isaac\phlag\caster\data\ape.fa	428200	0.721118	0.0370421	0.648092	0.882433	200000
C:\Users\isaac\phlag\caster\data\ape.fa	428300	0.721158	0.0370421	0.651326	0.882375	200000
C:\Users\isaac\phlag\caster\data\ape.fa	428400	0.721158	0.0370421	0.645246	0.882496	200000
C:\Users\isaac\phlag\caster\data\ape.fa	428500	0.721158	0.0370421	0.638823	0.882626	200000
C:\Users\isaac\phlag\caster\data\ape.fa	428600	0.721158	0.0370421	0.632373	0.882758	200000
C:\Users\isaac\phlag\caster\data\ape.fa	428700	0.721158	0.0370421	0.63492	0.882705	200000
C:\Users\isaac\phlag\caster\data\ape.fa	428800	0.721158	0.0370421	0.638096	0.88264	200000
C:\Users\isaac\phlag\caster\data\ape.fa	428900	0.721158	0.0370421	0.634885	0.882706	200000
C:\Users\isaac\phlag\caster\data\ape.fa	429000	0.721158	0.0370421	0.645103	0.882499	200000
C:\Users\isaac\phlag\caster\data\ape.fa	429100	0.721158	0.0370421	0.650924	0.882383	200000
C:\Users\isaac\phlag\caster\data\ape.fa	429200	0.721158	0.0370421	0.641176	0.882578	200000
C:\Users\isaac\phlag\caster\data\ape.fa	429300	0.721158	0.0370421	0.640894	0.882584	200000
C:\Users\isaac\phlag\caster\data\ape.fa	429400	0.721158	0.0387022	0.640894	0.879168	200000
C:\Users\isaac\phlag\caster\data\ape.fa	429500	0.721158	0.0387022	0.640894	0.879168	200000
C:\Users\isaac\phlag\caster\data\ape.fa	429600	0.721158	0.0387022	0.631338	0.879323	200000
C:\Users\isaac\phlag\caster\data\ape.fa	429700	0.721158	0.0351963	0.631338	0.886652	200000
C:\Users\isaac\phlag\caster\data\ape.fa	429800	0.721158	0.0351963	0.631338	0.886652	200000
C:\Users\isaac\phlag\caster\data\ape.fa	429900	0.700684	0.0351963	0.62806	0.883465	200000
C:\Users\isaac\phlag\caster\data\ape.fa	430000	0.700684	0.0351963	0.62806	0.883465	200000
C:\Users\isaac\phlag\caster\data\ape.fa	430100	0.700684	0.0351963	0.633899	0.883339	200000
C:\Users\isaac\phlag\caster\data\ape.fa	430200	0.700684	0.0368782	0.633899	0.879819	200000
C:\Users\isaac\phlag\caster\data\ape.fa	430300	0.700684	0.0360484	0.639455	0.881446	200000
C:\Users\isaac\phlag\caster\data\ape.fa	430400	0.700684	0.0369414	0.639455	0.879594	200000
C:\Users\isaac\phlag\caster\data\ape.fa	430500	0.679415	0.0369414	0.633006	0.876299	200000
C:\Users\isaac\phlag\caster\data\ape.fa	430600	0.679415	0.0369414	0.633006	0.876299	200000
C:\Users\isaac\phlag\caster\data\ape.fa	430700	0.679415	0.0369414	0.633006	0.876299	200000
C:\Users\isaac\phlag\caster\data\ape.fa	430800	0.722354	0.0369414	0.616718	0.883494	200000
C:\Users\isaac\phlag\caster\data\ape.fa	430900	0.722354	0.0369414	0.613722	0.88356	200000
C:\Users\isaac\phlag\caster\data\ape.fa	431000	0.722354	0.034308	0.613722	0.889223	200000
C:\Users\isaac\phlag\caster\data\ape.fa	431100	0.722354	0.034308	0.616484	0.889143	200000
C:\Users\isaac\phlag\caster\data\ape.fa	431200	0.722354	0.0351613	0.611005	0.887454	200000
C:\Users\isaac\phlag\caster\data\ape.fa	431300	0.743952	0.0351613	0.610736	0.890957	200000
C:\Users\isaac\phlag\caster\data\ape.fa	431400	0.743952	0.0351613	0.613259	0.890878	200000
C:\Users\isaac\phlag\caster\data\ape.fa	431500	0.743952	0.0336574	0.613259	0.894131	200000
C:\Users\isaac\phlag\caster\data\ape.fa	431600	0.743952	0.0336574	0.600331	0.894597	200000
C:\Users\isaac\phlag\caster\data\ape.fa	431700	0.743952	0.0336574	0.594145	0.894826	200000
C:\Users\isaac\phlag\caster\data\ape.fa	431800	0.743952	0.0336574	0.588184	0.895049	200000
C:\Users\isaac\phlag\caster\data\ape.fa	431900	0.743952	0.0320283	0.58514	0.89885	200000
C:\Users\isaac\phlag\caster\data\ape.fa	432000	0.723052	0.0320272	0.58514	0.895363	200000
C:\Users\isaac\phlag\caster\data\ape.fa	432100	0.723052	0.0369804	0.58514	0.884247	200000
C:\Users\isaac\phlag\caster\data\ape.fa	432200	0.700087	0.0369804	0.58514	0.880378	200000
C:\Users\isaac\phlag\caster\data\ape.fa	432300	0.682769	0.0369804	0.58514	0.877438	200000
C:\Users\isaac\phlag\caster\data\ape.fa	432400	0.682769	0.0369804	0.582	0.877486	200000
C:\Users\isaac\phlag\caster\data\ape.fa	432500	0.682769	0.0352606	0.578785	0.881398	200000
C:\Users\isaac\phlag\caster\data\ape.fa	432600	0.682769	0.0352606	0.573005	0.881518	200000
C:\Users\isaac\phlag\caster\data\ape.fa	432700	0.682769	0.0352606	0.573005	0.881518	200000
C:\Users\isaac\phlag\caster\data\ape.fa	432800	0.704718	0.0352606	0.573005	0.885299	200000
C:\Users\isaac\phlag\caster\data\ape.fa	432900	0.704718	0.0352606	0.573005	0.885299	200000
C:\Users\isaac\phlag\caster\data\ape.fa	433000	0.704718	0.0352606	0.573005	0.885299	200000
C:\Users\isaac\phlag\caster\data\ape.fa	433100	0.704718	0.0352606	0.570017	0.885376	200000
C:\Users\isaac\phlag\caster\data\ape.fa	433200	0.704718	0.0352606	0.570017	0.885376	200000
C:\Users\isaac\phlag\caster\data\ape.fa	433300	0.704718	0.0352606	0.566251	0.885474	200000
C:\Users\isaac\phlag\caster\data\ape.fa	433400	0.704718	0.0343074	0.566251	0.887666	200000
C:\Users\isaac\phlag\caster\data\ape.fa	433500	0.704718	0.0343074	0.572212	0.887493	200000
C:\Users\isaac\phlag\caster\data\ape.fa	433600	0.665808	0.0335408	0.575393	0.882447	200000
C:\Users\isaac\phlag\caster\data\ape.fa	433700	0.665808	0.0335408	0.575393	0.882447	200000
C:\Users\isaac\phlag\caster\data\ape.fa	433800	0.665808	0.0335408	0.569116	0.882588	200000
C:\Users\isaac\phlag\caster\data\ape.fa	433900	0.676502	0.0335408	0.570691	0.884416	200000
C:\Users\isaac\phlag\caster\data\ape.fa	434000	0.676502	0.0343936	0.567097	0.882539	200000
C:\Users\isaac\phlag\caster\data\ape.fa	434100	0.676502	0.0343936	0.567176	0.882537	200000
C:\Users\isaac\phlag\caster\data\ape.fa	434200	0.676502	0.0343936	0.571295	0.882445	200000
C:\Users\isaac\phlag\caster\data\ape.fa	434300	0.676502	0.0343936	0.571295	0.882445	200000
C:\Users\isaac\phlag\caster\data\ape.fa	434400	0.676502	0.035276	0.571295	0.88043	200000
C:\Users\isaac\phlag\caster\data\ape.fa	434500	0.676502	0.035276	0.571295	0.88043	200000
C:\Users\isaac\phlag\caster\data\ape.fa	434600	0.698409	0.0361134	0.574425	0.88225	200000
C:\Users\isaac\phlag\caster\data\ape.fa	434700	0.676677	0.036744	0.56888	0.877164	200000
C:\Users\isaac\phlag\caster\data\ape.fa	434800	0.676677	0.0399756	0.56888	0.869889	200000
C:\Users\isaac\phlag\caster\data\ape.fa	434900	0.676677	0.0399756	0.56588	0.869906	200000
C:\Users\isaac\phlag\caster\data\ape.fa	435000	0.676677	0.0399756	0.565487	0.869908	200000
C:\Users\isaac\phlag\caster\data\ape.fa	435100	0.676677	0.0399756	0.568446	0.869892	200000
C:\Users\isaac\phlag\caster\data\ape.fa	435200	0.676677	0.0399756	0.571641	0.869875	200000
C:\Users\isaac\phlag\caster\data\ape.fa	435300	0.676677	0.0392838	0.571641	0.871417	200000
C:\Users\isaac\phlag\caster\data\ape.fa	435400	0.657749	0.0392838	0.571641	0.868115	200000
C:\Users\isaac\phlag\caster\data\ape.fa	435500	0.657749	0.0392838	0.575812	0.868103	200000
C:\Users\isaac\phlag\caster\data\ape.fa	435600	0.657749	0.0392838	0.572704	0.868112	200000
C:\Users\isaac\phlag\caster\data\ape.fa	435700	0.657749	0.0392838	0.572589	0.868112	200000
C:\Users\isaac\phlag\caster\data\ape.fa	435800	0.657749	0.0384608	0.574988	0.869938	200000
C:\Users\isaac\phlag\caster\data\ape.fa	435900	0.676811	0.0384608	0.571808	0.873279	200000
C:\Users\isaac\phlag\caster\data\ape.fa	436000	0.676811	0.0384608	0.571808	0.873279	200000
C:\Users\isaac\phlag\caster\data\ape.fa	436100	0.691655	0.0384608	0.57618	0.875793	200000
C:\Users\isaac\phlag\caster\data\ape.fa	436200	0.691655	0.0400319	0.57618	0.872306	200000
C:\Users\isaac\phlag\caster\data\ape.fa	436300	0.691655	0.0400319	0.57618	0.872306	200000
C:\Users\isaac\phlag\caster\data\ape.fa	436400	0.691655	0.0400319	0.57618	0.872306	200000
C:\Users\isaac\phlag\caster\data\ape.fa	436500	0.691655	0.0400319	0.57618	0.872306	200000
C:\Users\isaac\phlag\caster\data\ape.fa	436600	0.714169	0.0400319	0.573186	0.876196	200000
C:\Users\isaac\phlag\caster\data\ape.fa	436700	0.691623	0.0408916	0.56667	0.870461	200000
C:\Users\isaac\phlag\caster\data\ape.fa	436800	0.691623	0.0408916	0.5729	0.870423	200000
C:\Users\isaac\phlag\caster\data\ape.fa	436900	0.691623	0.0408916	0.566916	0.870459	200000
C:\Users\isaac\phlag\caster\data\ape.fa	437000	0.691623	0.0408916	0.566916	0.870459	200000
C:\Users\isaac\phlag\caster\data\ape.fa	437100	0.691623	0.0408916	0.573312	0.870421	200000
C:\Users\isaac\phlag\caster\data\ape.fa	437200	0.691623	0.0408916	0.576614	0.870401	200000
C:\Users\isaac\phlag\caster\data\ape.fa	437300	0.691623	0.0415747	0.579871	0.868887	200000
C:\Users\isaac\phlag\caster\data\ape.fa	437400	0.691623	0.0415747	0.579871	0.868887	200000
C:\Users\isaac\phlag\caster\data\ape.fa	437500	0.691623	0.0415747	0.579871	0.868887	200000
C:\Users\isaac\phlag\caster\data\ape.fa	437600	0.71114	0.0415747	0.582745	0.872187	200000
C:\Users\isaac\phlag\caster\data\ape.fa	437700	0.753715	0.0382634	0.579651	0.886671	200000
C:\Users\isaac\phlag\caster\data\ape.fa	437800	0.753715	0.0382634	0.579651	0.886671	200000
C:\Users\isaac\phlag\caster\data\ape.fa	437900	0.753715	0.0382634	0.579455	0.886676	200000
C:\Users\isaac\phlag\caster\data\ape.fa	438000	0.753715	0.0374175	0.576513	0.888645	200000
C:\Users\isaac\phlag\caster\data\ape.fa	438100	0.753715	0.0358442	0.580017	0.892059	200000
C:\Users\isaac\phlag\caster\data\ape.fa	438200	0.753715	0.0350265	0.580017	0.893897	200000
C:\Users\isaac\phlag\caster\data\ape.fa	438300	0.753715	0.0350265	0.582906	0.893792	200000
C:\Users\isaac\phlag\caster\data\ape.fa	438400	0.753715	0.0350265	0.579492	0.893917	200000
C:\Users\isaac\phlag\caster\data\ape.fa	438500	0.753715	0.0350265	0.579492	0.893917	200000
C:\Users\isaac\phlag\caster\data\ape.fa	438600	0.753715	0.0350265	0.573214	0.894148	200000
C:\Users\isaac\phlag\caster\data\ape.fa	438700	0.753715	0.0350265	0.573214	0.894148	200000
C:\Users\isaac\phlag\caster\data\ape.fa	438800	0.753715	0.0315635	0.570138	0.902238	200000
C:\Users\isaac\phlag\caster\data\ape.fa	438900	0.753715	0.0315635	0.570138	0.902238	200000
C:\Users\isaac\phlag\caster\data\ape.fa	439000	0.753715	0.0315635	0.582531	0.901648	200000
C:\Users\isaac\phlag\caster\data\ape.fa	439100	0.753715	0.0315635	0.611377	0.900347	200000
C:\Users\isaac\phlag\caster\data\ape.fa	439200	0.753715	0.0315635	0.611377	0.900347	200000
C:\Users\isaac\phlag\caster\data\ape.fa	439300	0.753715	0.0317985	0.608341	0.899961	200000
C:\Users\isaac\phlag\caster\data\ape.fa	439400	0.753715	0.0317985	0.605811	0.90007	200000
C:\Users\isaac\phlag\caster\data\ape.fa	439500	0.753715	0.0309813	0.599633	0.902166	200000
C:\Users\isaac\phlag\caster\data\ape.fa	439600	0.753715	0.0309813	0.59661	0.902307	200000
C:\Users\isaac\phlag\caster\data\ape.fa	439700	0.753715	0.0301616	0.599681	0.904002	200000
C:\Users\isaac\phlag\caster\data\ape.fa	439800	0.753715	0.0295112	0.599681	0.905465	200000
C:\Users\isaac\phlag\caster\data\ape.fa	439900	0.753715	0.0295112	0.599681	0.905465	200000
C:\Users\isaac\phlag\caster\data\ape.fa	440000	0.753715	0.0302147	0.599681	0.903883	200000
C:\Users\isaac\phlag\caster\data\ape.fa	440100	0.753715	0.0302147	0.593323	0.904196	200000
C:\Users\isaac\phlag\caster\data\ape.fa	440200	0.753715	0.0319808	0.593323	0.900212	200000
C:\Users\isaac\phlag\caster\data\ape.fa	440300	0.75005	0.0319808	0.593323	0.89961	200000
C:\Users\isaac\phlag\caster\data\ape.fa	440400	0.816508	0.0319808	0.593323	0.910387	200000
C:\Users\isaac\phlag\caster\data\ape.fa	440500	0.816508	0.0319808	0.602861	0.909852	200000
C:\Users\isaac\phlag\caster\data\ape.fa	440600	0.816508	0.0311918	0.602861	0.911604	200000
C:\Users\isaac\phlag\caster\data\ape.fa	440700	0.816508	0.0311918	0.599997	0.91177	200000
C:\Users\isaac\phlag\caster\data\ape.fa	440800	0.816508	0.0311918	0.596815	0.911955	200000
C:\Users\isaac\phlag\caster\data\ape.fa	440900	0.816508	0.0320558	0.58743	0.910554	200000
C:\Users\isaac\phlag\caster\data\ape.fa	441000	0.816508	0.0320558	0.58743	0.910554	200000
C:\Users\isaac\phlag\caster\data\ape.fa	441100	0.816508	0.0320558	0.58743	0.910554	200000
C:\Users\isaac\phlag\caster\data\ape.fa	441200	0.816508	0.0320558	0.58743	0.910554	200000
C:\Users\isaac\phlag\caster\data\ape.fa	441300	0.816508	0.0339048	0.58743	0.906392	200000
C:\Users\isaac\phlag\caster\data\ape.fa	441400	0.816508	0.0339048	0.593201	0.906095	200000
C:\Users\isaac\phlag\caster\data\ape.fa	441500	0.816508	0.035685	0.58033	0.902752	200000
C:\Users\isaac\phlag\caster\data\ape.fa	441600	0.816508	0.035685	0.58033	0.902752	200000
C:\Users\isaac\phlag\caster\data\ape.fa	441700	0.816508	0.0348635	0.573959	0.904919	200000
C:\Users\isaac\phlag\caster\data\ape.fa	441800	0.816508	0.0348635	0.573959	0.904919	200000
C:\Users\isaac\phlag\caster\data\ape.fa	441900	0.816508	0.0348635	0.573959	0.904919	200000
C:\Users\isaac\phlag\caster\data\ape.fa	442000	0.859977	0.0348635	0.573959	0.911992	200000
C:\Users\isaac\phlag\caster\data\ape.fa	442100	0.838612	0.0365092	0.567945	0.905112	200000
C:\Users\isaac\phlag\caster\data\ape.fa	442200	0.838612	0.0365092	0.561611	0.905437	200000
C:\Users\isaac\phlag\caster\data\ape.fa	442300	0.849161	0.0365092	0.559985	0.907264	200000
C:\Users\isaac\phlag\caster\data\ape.fa	442400	0.849161	0.035626	0.565998	0.908956	200000
C:\Users\isaac\phlag\caster\data\ape.fa	442500	0.870164	0.035626	0.565914	0.912386	200000
C:\Users\isaac\phlag\caster\data\ape.fa	442600	0.890157	0.0322146	0.565914	0.923479	200000
C:\Users\isaac\phlag\caster\data\ape.fa	442700	0.890157	0.0322146	0.565914	0.923479	200000
C:\Users\isaac\phlag\caster\data\ape.fa	442800	0.912282	0.0322146	0.569211	0.926766	200000
C:\Users\isaac\phlag\caster\data\ape.fa	442900	0.850402	0.0322201	0.563136	0.917204	200000
C:\Users\isaac\phlag\caster\data\ape.fa	443000	0.850402	0.0322201	0.563062	0.917209	200000
C:\Users\isaac\phlag\caster\data\ape.fa	443100	0.850402	0.0322201	0.559891	0.917424	200000
C:\Users\isaac\phlag\caster\data\ape.fa	443200	0.850402	0.0322201	0.553693	0.917849	200000
C:\Users\isaac\phlag\caster\data\ape.fa	443300	0.850402	0.0322201	0.553693	0.917849	200000
C:\Users\isaac\phlag\caster\data\ape.fa	443400	0.831347	0.0322201	0.560127	0.914259	200000
C:\Users\isaac\phlag\caster\data\ape.fa	443500	0.790354	0.0322201	0.560113	0.907406	200000
C:\Users\isaac\phlag\caster\data\ape.fa	443600	0.790354	0.0329523	0.560113	0.905691	200000
C:\Users\isaac\phlag\caster\data\ape.fa	443700	0.790354	0.0329523	0.560113	0.905691	200000
C:\Users\isaac\phlag\caster\data\ape.fa	443800	0.790354	0.0329523	0.568974	0.905226	200000
C:\Users\isaac\phlag\caster\data\ape.fa	443900	0.800397	0.0313743	0.570453	0.910467	200000
C:\Users\isaac\phlag\caster\data\ape.fa	444000	0.800397	0.0313743	0.577178	0.910076	200000
C:\Users\isaac\phlag\caster\data\ape.fa	444100	0.800397	0.0313743	0.577178	0.910076	200000
C:\Users\isaac\phlag\caster\data\ape.fa	444200	0.800397	0.0346714	0.580259	0.902404	200000
C:\Users\isaac\phlag\caster\data\ape.fa	444300	0.800397	0.0346714	0.580259	0.902404	200000
C:\Users\isaac\phlag\caster\data\ape.fa	444400	0.75716	0.0346714	0.580259	0.895263	200000
C:\Users\isaac\phlag\caster\data\ape.fa	444500	0.713883	0.0346714	0.580259	0.887996	200000
C:\Users\isaac\phlag\caster\data\ape.fa	444600	0.713883	0.0346714	0.580259	0.887996	200000
C:\Users\isaac\phlag\caster\data\ape.fa	444700	0.713883	0.0346714	0.580259	0.887996	200000
C:\Users\isaac\phlag\caster\data\ape.fa	444800	0.713883	0.033831	0.580259	0.889897	200000
C:\Users\isaac\phlag\caster\data\ape.fa	444900	0.713883	0.0355256	0.580259	0.886072	200000
C:\Users\isaac\phlag\caster\data\ape.fa	445000	0.693288	0.033057	0.583256	0.888066	200000
C:\Users\isaac\phlag\caster\data\ape.fa	445100	0.693288	0.033057	0.583256	0.888066	200000
C:\Users\isaac\phlag\caster\data\ape.fa	445200	0.67152	0.0299646	0.586318	0.891311	200000
C:\Users\isaac\phlag\caster\data\ape.fa	445300	0.67152	0.0291981	0.583453	0.893175	200000
C:\Users\isaac\phlag\caster\data\ape.fa	445400	0.67152	0.0291873	0.576971	0.893439	200000
C:\Users\isaac\phlag\caster\data\ape.fa	445500	0.67152	0.0291873	0.589889	0.892967	200000
C:\Users\isaac\phlag\caster\data\ape.fa	445600	0.693583	0.0291873	0.583381	0.896966	200000
C:\Users\isaac\phlag\caster\data\ape.fa	445700	0.693583	0.0261504	0.583381	0.904034	200000
C:\Users\isaac\phlag\caster\data\ape.fa	445800	0.693583	0.0252979	0.583381	0.906038	200000
C:\Users\isaac\phlag\caster\data\ape.fa	445900	0.715472	0.0252979	0.583381	0.909737	200000
C:\Users\isaac\phlag\caster\data\ape.fa	446000	0.671354	0.0261711	0.583381	0.900196	200000
C:\Users\isaac\phlag\caster\data\ape.fa	446100	0.618275	0.0261711	0.580776	0.8911	200000
C:\Users\isaac\phlag\caster\data\ape.fa	446200	0.617786	0.0261711	0.571704	0.89133	200000
C:\Users\isaac\phlag\caster\data\ape.fa	446300	0.617786	0.0261711	0.568695	0.891436	200000
C:\Users\isaac\phlag\caster\data\ape.fa	446400	0.639575	0.0261711	0.568695	0.895306	200000
C:\Users\isaac\phlag\caster\data\ape.fa	446500	0.639575	0.0253339	0.562202	0.897601	200000
C:\Users\isaac\phlag\caster\data\ape.fa	446600	0.627359	0.0253339	0.563613	0.895359	200000
C:\Users\isaac\phlag\caster\data\ape.fa	446700	0.627359	0.0253339	0.563802	0.895351	200000
C:\Users\isaac\phlag\caster\data\ape.fa	446800	0.627359	0.0253339	0.563802	0.895351	200000
C:\Users\isaac\phlag\caster\data\ape.fa	446900	0.627359	0.0253339	0.563546	0.895362	200000
C:\Users\isaac\phlag\caster\data\ape.fa	447000	0.627359	0.0253339	0.556965	0.895636	200000
C:\Users\isaac\phlag\caster\data\ape.fa	447100	0.627359	0.026819	0.562516	0.891813	200000
C:\Users\isaac\phlag\caster\data\ape.fa	447200	0.627359	0.026819	0.568984	0.89158	200000
C:\Users\isaac\phlag\caster\data\ape.fa	447300	0.627359	0.026819	0.575235	0.89136	200000
C:\Users\isaac\phlag\caster\data\ape.fa	447400	0.605265	0.026819	0.591266	0.886984	200000
C:\Users\isaac\phlag\caster\data\ape.fa	447500	0.580277	0.026819	0.591266	0.882614	200000
C:\Users\isaac\phlag\caster\data\ape.fa	447600	0.580277	0.026819	0.591266	0.882614	200000
C:\Users\isaac\phlag\caster\data\ape.fa	447700	0.580277	0.026819	0.588745	0.882672	200000
C:\Users\isaac\phlag\caster\data\ape.fa	447800	0.580277	0.026819	0.588745	0.882672	200000
C:\Users\isaac\phlag\caster\data\ape.fa	447900	0.580277	0.0285022	0.588745	0.878779	200000
C:\Users\isaac\phlag\caster\data\ape.fa	448000	0.580277	0.0293218	0.588745	0.876895	200000
C:\Users\isaac\phlag\caster\data\ape.fa	448100	0.580277	0.0314122	0.588745	0.872125	200000
C:\Users\isaac\phlag\caster\data\ape.fa	448200	0.603131	0.0314122	0.588745	0.876138	200000
C:\Users\isaac\phlag\caster\data\ape.fa	448300	0.579734	0.0330417	0.588745	0.868345	200000
C:\Users\isaac\phlag\caster\data\ape.fa	448400	0.579734	0.0330417	0.588745	0.868345	200000
C:\Users\isaac\phlag\caster\data\ape.fa	448500	0.579734	0.0397176	0.589202	0.853569	200000
C:\Users\isaac\phlag\caster\data\ape.fa	448600	0.579734	0.0429747	0.58362	0.846394	200000
C:\Users\isaac\phlag\caster\data\ape.fa	448700	0.579734	0.0412872	0.581226	0.85	200000
C:\Users\isaac\phlag\caster\data\ape.fa	448800	0.579734	0.0412872	0.581226	0.85	200000
C:\Users\isaac\phlag\caster\data\ape.fa	448900	0.579734	0.0412872	0.581226	0.85	200000
C:\Users\isaac\phlag\caster\data\ape.fa	449000	0.579734	0.0412872	0.578266	0.849938	200000
C:\Users\isaac\phlag\caster\data\ape.fa	449100	0.579734	0.0450468	0.580612	0.841851	200000
C:\Users\isaac\phlag\caster\data\ape.fa	449200	0.579734	0.0441931	0.580612	0.843685	200000
C:\Users\isaac\phlag\caster\data\ape.fa	449300	0.579734	0.0450241	0.580612	0.8419	200000
C:\Users\isaac\phlag\caster\data\ape.fa	449400	0.579734	0.0450241	0.577494	0.841802	200000
C:\Users\isaac\phlag\caster\data\ape.fa	449500	0.579734	0.0450241	0.577494	0.841802	200000
C:\Users\isaac\phlag\caster\data\ape.fa	449600	0.579734	0.0450241	0.580659	0.841901	200000
C:\Users\isaac\phlag\caster\data\ape.fa	449700	0.559606	0.0450241	0.587131	0.838533	200000
C:\Users\isaac\phlag\caster\data\ape.fa	449800	0.559606	0.0450241	0.587131	0.838533	200000
C:\Users\isaac\phlag\caster\data\ape.fa	449900	0.559606	0.0450241	0.584283	0.838431	200000
C:\Users\isaac\phlag\caster\data\ape.fa	450000	0.559606	0.0450241	0.590735	0.83866	200000
