file	pos	c*ABBA	c*BABA	c*AABB	D*	QuartetCnt
C:\Users\isaac\phlag\caster\data\ape.fa	0	0.268185	0.235631	0.269793	0.865336	1600
C:\Users\isaac\phlag\caster\data\ape.fa	400	0.0927012	0.325743	0.423932	0.865189	1600
C:\Users\isaac\phlag\caster\data\ape.fa	800	0.327865	0.317114	0.410866	0.865392	1600
C:\Users\isaac\phlag\caster\data\ape.fa	1200	0.311977	0.18886	0.353125	0.865511	1600
C:\Users\isaac\phlag\caster\data\ape.fa	1600	0.348752	0.18886	0.420568	0.86552	1600
C:\Users\isaac\phlag\caster\data\ape.fa	2000	0.268185	0.18886	0.325521	0.865467	1600
C:\Users\isaac\phlag\caster\data\ape.fa	2400	0.268185	0.18886	0.321866	0.865467	1600
C:\Users\isaac\phlag\caster\data\ape.fa	2800	0.268185	0.18886	0.537076	0.865467	1600
C:\Users\isaac\phlag\caster\data\ape.fa	3200	0.435158	0.18886	0.373003	0.865573	1600
C:\Users\isaac\phlag\caster\data\ape.fa	3600	0.268185	0.28523	0.271399	0.865292	1600
C:\Users\isaac\phlag\caster\data\ape.fa	4000	0.268185	0.18886	0.429469	0.865467	1600
C:\Users\isaac\phlag\caster\data\ape.fa	4400	0.224411	0.18886	0.188149	0.865597	1600
C:\Users\isaac\phlag\caster\data\ape.fa	4800	0.268185	0.235307	0.691363	0.865441	1600
C:\Users\isaac\phlag\caster\data\ape.fa	5200	0.268185	0.211589	0.366339	0.865428	1600
C:\Users\isaac\phlag\caster\data\ape.fa	5600	0.440908	0.18886	0.271321	0.865642	1600
C:\Users\isaac\phlag\caster\data\ape.fa	6000	0.268185	0.284245	0.433311	0.865379	1600
C:\Users\isaac\phlag\caster\data\ape.fa	6400	0.268185	0.18886	0.323367	0.865467	1600
C:\Users\isaac\phlag\caster\data\ape.fa	6800	0.268185	0.164929	0.322054	0.865558	1600
C:\Users\isaac\phlag\caster\data\ape.fa	7200	0.222888	0.258378	0.295623	0.865248	1600
C:\Users\isaac\phlag\caster\data\ape.fa	7600	0.268185	0.163603	0.216683	0.865204	1600
C:\Users\isaac\phlag\caster\data\ape.fa	8000	0.521699	0.212401	0.323213	0.865587	1600
C:\Users\isaac\phlag\caster\data\ape.fa	8400	0.268185	0.18886	0.214998	0.865467	1600
C:\Users\isaac\phlag\caster\data\ape.fa	8800	0.268185	0.18886	0.216683	0.865467	1600
C:\Users\isaac\phlag\caster\data\ape.fa	9200	0.268185	0.0912564	0.216683	0.865204	1600
C:\Users\isaac\phlag\caster\data\ape.fa	9600	0.268185	0.0909137	0.705695	0.865545	1600
C:\Users\isaac\phlag\caster\data\ape.fa	10000	0.268185	0.18886	0.216683	0.865467	1600
C:\Users\isaac\phlag\caster\data\ape.fa	10400	0.187251	0.18886	0.264618	0.869588	1600
C:\Users\isaac\phlag\caster\data\ape.fa	10800	0.268184	0.18886	0.488451	0.865467	1600
C:\Users\isaac\phlag\caster\data\ape.fa	11200	0.268185	0.18886	0.216683	0.865467	1600
C:\Users\isaac\phlag\caster\data\ape.fa	11600	0.268185	0.138915	0.155515	0.86534	1600
C:\Users\isaac\phlag\caster\data\ape.fa	12000	0.268185	0.18886	0.893069	0.865467	1600
C:\Users\isaac\phlag\caster\data\ape.fa	12400	0.268185	0.187072	0.630755	0.865468	1600
C:\Users\isaac\phlag\caster\data\ape.fa	12800	0.268185	0.381193	0.216683	0.865204	1600
C:\Users\isaac\phlag\caster\data\ape.fa	13200	0.347111	0.210847	0.216683	0.865555	1600
C:\Users\isaac\phlag\caster\data\ape.fa	13600	0.349174	0.256544	0.267921	0.865429	1600
C:\Users\isaac\phlag\caster\data\ape.fa	14000	0.268185	0.141361	0.378489	0.865599	1600
C:\Users\isaac\phlag\caster\data\ape.fa	14400	0.351885	0.18886	0.216683	0.86573	1600
C:\Users\isaac\phlag\caster\data\ape.fa	14800	0.181262	0.18886	0.485917	0.8654	1600
C:\Users\isaac\phlag\caster\data\ape.fa	15200	0.268185	0.18886	0.214503	0.865467	1600
C:\Users\isaac\phlag\caster\data\ape.fa	15600	0.268185	0.234246	0.213757	0.865188	1600
C:\Users\isaac\phlag\caster\data\ape.fa	16000	0.268185	0.21187	0.216683	0.865204	1600
C:\Users\isaac\phlag\caster\data\ape.fa	16400	0.268185	0.18886	0.162216	0.865467	1600
C:\Users\isaac\phlag\caster\data\ape.fa	16800	0.268185	0.369216	0.216683	0.865204	1600
C:\Users\isaac\phlag\caster\data\ape.fa	17200	0.182458	0.234279	0.216683	0.875925	1600
C:\Users\isaac\phlag\caster\data\ape.fa	17600	0.268185	0.16423	0.324811	0.865559	1600
C:\Users\isaac\phlag\caster\data\ape.fa	18000	0.268185	0.18886	0.423706	0.865467	1600
C:\Users\isaac\phlag\caster\data\ape.fa	18400	0.183055	0.18886	0.323109	0.865198	1600
C:\Users\isaac\phlag\caster\data\ape.fa	18800	0.268185	0.18886	0.367915	0.865467	1600
C:\Users\isaac\phlag\caster\data\ape.fa	19200	0.268185	0.18886	0.216683	0.865467	1600
C:\Users\isaac\phlag\caster\data\ape.fa	19600	0.182344	0.18886	0.215691	0.865725	1600
C:\Users\isaac\phlag\caster\data\ape.fa	20000	0.268185	0.18886	0.324239	0.865467	1600
C:\Users\isaac\phlag\caster\data\ape.fa	20400	0.268185	0.0922139	0.269767	0.864958	1600
C:\Users\isaac\phlag\caster\data\ape.fa	20800	0.268185	0.18886	0.216683	0.865467	1600
C:\Users\isaac\phlag\caster\data\ape.fa	21200	0.268185	0.18886	0.211628	0.865467	1600
C:\Users\isaac\phlag\caster\data\ape.fa	21600	0.268185	0.234379	0.423438	0.865414	1600
C:\Users\isaac\phlag\caster\data\ape.fa	22000	0.268185	0.18886	0.322282	0.865467	1600
C:\Users\isaac\phlag\caster\data\ape.fa	22400	0.268185	0.18886	0.53601	0.865467	1600
C:\Users\isaac\phlag\caster\data\ape.fa	22800	0.181133	0.18886	0.323989	0.86519	1600
C:\Users\isaac\phlag\caster\data\ape.fa	23200	0.310787	0.236331	0.351447	0.865434	1600
C:\Users\isaac\phlag\caster\data\ape.fa	23600	0.268185	0.18886	0.10471	0.865467	1600
C:\Users\isaac\phlag\caster\data\ape.fa	24000	0.268185	0.18886	0.267676	0.865467	1600
C:\Users\isaac\phlag\caster\data\ape.fa	24400	0.268185	0.18886	0.269305	0.865467	1600
C:\Users\isaac\phlag\caster\data\ape.fa	24800	0.268185	0.18886	0.0463386	0.865467	1600
C:\Users\isaac\phlag\caster\data\ape.fa	25200	0.437673	0.18886	0.214878	0.865735	1600
C:\Users\isaac\phlag\caster\data\ape.fa	25600	0.484607	0.18886	0.517795	0.865549	1600
C:\Users\isaac\phlag\caster\data\ape.fa	26000	0.268185	0.18886	0.270916	0.865467	1600
C:\Users\isaac\phlag\caster\data\ape.fa	26400	0.268185	0.256727	0.480565	0.865408	1600
C:\Users\isaac\phlag\caster\data\ape.fa	26800	0.354223	0.260764	0.162203	0.865379	1600
C:\Users\isaac\phlag\caster\data\ape.fa	27200	0.354051	0.18886	0.106277	0.865212	1600
C:\Users\isaac\phlag\caster\data\ape.fa	27600	0.351122	0.18886	0.479039	0.865511	1600
C:\Users\isaac\phlag\caster\data\ape.fa	28000	0.310985	0.18886	0.404255	0.8655	1600
C:\Users\isaac\phlag\caster\data\ape.fa	28400	0.352507	0.165371	0.216683	0.866256	1600
C:\Users\isaac\phlag\caster\data\ape.fa	28800	0.350458	0.188853	0.320784	0.865555	1600
C:\Users\isaac\phlag\caster\data\ape.fa	29200	0.311045	0.18886	0.298029	0.865533	1600
C:\Users\isaac\phlag\caster\data\ape.fa	29600	0.268185	0.212573	0.324392	0.865414	1600
C:\Users\isaac\phlag\caster\data\ape.fa	30000	0.268185	0.116685	0.376527	0.865744	1600
C:\Users\isaac\phlag\caster\data\ape.fa	30400	0.349779	0.21159	0.371547	0.865496	1600
C:\Users\isaac\phlag\caster\data\ape.fa	30800	0.268185	0.21268	0.162282	0.865727	1600
C:\Users\isaac\phlag\caster\data\ape.fa	31200	0.350991	0.165343	0.216683	0.866277	1600
C:\Users\isaac\phlag\caster\data\ape.fa	31600	0.268185	0.18886	0.322478	0.865467	1600
C:\Users\isaac\phlag\caster\data\ape.fa	32000	0.348198	0.18886	0.216683	0.86573	1600
C:\Users\isaac\phlag\caster\data\ape.fa	32400	0.268185	0.23634	0.161303	0.875155	1600
C:\Users\isaac\phlag\caster\data\ape.fa	32800	0.268185	0.18886	0.162992	0.865467	1600
C:\Users\isaac\phlag\caster\data\ape.fa	33200	0.265636	0.18886	0.321697	0.865463	1600
C:\Users\isaac\phlag\caster\data\ape.fa	33600	0.505707	0.18886	0.316864	0.865625	1600
C:\Users\isaac\phlag\caster\data\ape.fa	34000	0.268185	0.0926324	0.4817	0.865652	1600
C:\Users\isaac\phlag\caster\data\ape.fa	34400	0.268185	0.18886	0.372392	0.865467	1600
C:\Users\isaac\phlag\caster\data\ape.fa	34800	0.350514	0.18886	0.216683	0.86573	1600
C:\Users\isaac\phlag\caster\data\ape.fa	35200	0.183244	0.18886	0.216683	0.86573	1600
C:\Users\isaac\phlag\caster\data\ape.fa	35600	1	0.18886	0.371014	0.865664	1600
C:\Users\isaac\phlag\caster\data\ape.fa	36000	0.428435	0.18886	0.318067	0.865599	1600
C:\Users\isaac\phlag\caster\data\ape.fa	36400	0.268185	0.18886	0.216683	0.865467	1600
C:\Users\isaac\phlag\caster\data\ape.fa	36800	0.268185	0.301787	0.214896	0.8652	1600
C:\Users\isaac\phlag\caster\data\ape.fa	37200	0.268185	0.18886	0.324036	0.865467	1600
C:\Users\isaac\phlag\caster\data\ape.fa	37600	0.353109	0.187795	0.377868	0.865535	1600
C:\Users\isaac\phlag\caster\data\ape.fa	38000	0.266653	0.18886	0.269562	0.865462	1600
C:\Users\isaac\phlag\caster\data\ape.fa	38400	0.268185	0.18886	0.216683	0.865467	1600
C:\Users\isaac\phlag\caster\data\ape.fa	38800	0.353928	0.308787	0.541713	0.865425	1600
C:\Users\isaac\phlag\caster\data\ape.fa	39200	0.268185	0.0943021	0.485007	0.865643	1600
C:\Users\isaac\phlag\caster\data\ape.fa	39600	0.177909	0.190434	0.430846	0.86537	1600
C:\Users\isaac\phlag\caster\data\ape.fa	40000	0.268185	0.422137	0.15552	0.865125	1600
C:\Users\isaac\phlag\caster\data\ape.fa	40400	0.268185	0.18886	0.579561	0.865467	1600
C:\Users\isaac\phlag\caster\data\ape.fa	40800	0.178257	0.160916	0.270193	0.865656	1600
C:\Users\isaac\phlag\caster\data\ape.fa	41200	0.268185	0.18886	0.216683	0.865467	1600
C:\Users\isaac\phlag\caster\data\ape.fa	41600	0.268185	0.14028	0.326653	0.865732	1600
C:\Users\isaac\phlag\caster\data\ape.fa	42000	0.268185	0.18886	0.269542	0.865467	1600
C:\Users\isaac\phlag\caster\data\ape.fa	42400	0.394018	0.235598	0.296293	0.8655	1600
C:\Users\isaac\phlag\caster\data\ape.fa	42800	0.351346	0.18869	0.374521	0.865533	1600
C:\Users\isaac\phlag\caster\data\ape.fa	43200	0.35437	0.213577	0.216683	0.865551	1600
C:\Users\isaac\phlag\caster\data\ape.fa	43600	0.268185	0.18886	0.266353	0.865467	1600
C:\Users\isaac\phlag\caster\data\ape.fa	44000	0.268185	0.18886	0.216683	0.865467	1600
C:\Users\isaac\phlag\caster\data\ape.fa	44400	0.348908	0.164741	0.376285	0.86558	1600
C:\Users\isaac\phlag\caster\data\ape.fa	44800	0.225297	0.164336	0.350308	0.865469	1600
C:\Users\isaac\phlag\caster\data\ape.fa	45200	0.268185	0.18886	0.268351	0.865467	1600
C:\Users\isaac\phlag\caster\data\ape.fa	45600	0.35313	0.284907	0.380282	0.865422	1600
C:\Users\isaac\phlag\caster\data\ape.fa	46000	0.308543	0.208938	0.180217	0.865528	1600
C:\Users\isaac\phlag\caster\data\ape.fa	46400	0.268185	0.165774	0.216683	0.865204	1600
C:\Users\isaac\phlag\caster\data\ape.fa	46800	0.268185	0.18886	0.160971	0.865467	1600
C:\Users\isaac\phlag\caster\data\ape.fa	47200	0.179883	0.18886	0.216683	0.86573	1600
C:\Users\isaac\phlag\caster\data\ape.fa	47600	0.429659	0.18886	0.271295	0.865638	1600
C:\Users\isaac\phlag\caster\data\ape.fa	48000	0.268185	0.18886	0.321816	0.865467	1600
C:\Users\isaac\phlag\caster\data\ape.fa	48400	0.268185	0.210542	0.216683	0.865204	1600
C:\Users\isaac\phlag\caster\data\ape.fa	48800	0.351916	0.235511	0.48358	0.865467	1600
C:\Users\isaac\phlag\caster\data\ape.fa	49200	0.350442	0.14121	0.370736	0.865651	1600
C:\Users\isaac\phlag\caster\data\ape.fa	49600	0.268185	0.18886	0.321302	0.865467	1600
C:\Users\isaac\phlag\caster\data\ape.fa	50000	0.348687	0.16629	0.318544	0.865625	1600
C:\Users\isaac\phlag\caster\data\ape.fa	50400	0.310032	0.18886	0.188323	0.861771	1600
C:\Users\isaac\phlag\caster\data\ape.fa	50800	0.268185	0.18886	0.320207	0.865467	1600
C:\Users\isaac\phlag\caster\data\ape.fa	51200	0.268185	0.18886	0.429095	0.865467	1600
C:\Users\isaac\phlag\caster\data\ape.fa	51600	0.268187	0.18886	0.161526	0.865467	1600
C:\Users\isaac\phlag\caster\data\ape.fa	52000	0.268185	0.235106	0.424587	0.865414	1600
C:\Users\isaac\phlag\caster\data\ape.fa	52400	0.353173	0.162708	0.162631	0.864735	1600
C:\Users\isaac\phlag\caster\data\ape.fa	52800	0.268185	0.140134	0.325695	0.865738	1600
C:\Users\isaac\phlag\caster\data\ape.fa	53200	0.34912	0.18886	0.211982	0.865757	1600
C:\Users\isaac\phlag\caster\data\ape.fa	53600	0.268185	0.18886	0.216683	0.865467	1600
C:\Users\isaac\phlag\caster\data\ape.fa	54000	0.181847	0.212731	0.377972	0.865306	1600
C:\Users\isaac\phlag\caster\data\ape.fa	54400	0.268185	0.18886	0.427581	0.865467	1600
C:\Users\isaac\phlag\caster\data\ape.fa	54800	0.268185	0.18886	0.216683	0.865467	1600
C:\Users\isaac\phlag\caster\data\ape.fa	55200	0.268185	0.18886	0.321625	0.865467	1600
C:\Users\isaac\phlag\caster\data\ape.fa	55600	0.268185	0.0969068	0.462573	0.865661	1600
C:\Users\isaac\phlag\caster\data\ape.fa	56000	0.268185	0.18886	0.216683	0.865467	1600
C:\Users\isaac\phlag\caster\data\ape.fa	56400	0.268185	0.0923902	0.32423	0.851056	1600
C:\Users\isaac\phlag\caster\data\ape.fa	56800	0.268185	0.18886	0.216683	0.865467	1600
C:\Users\isaac\phlag\caster\data\ape.fa	57200	0.268185	0.18886	0.370563	0.865467	1600
C:\Users\isaac\phlag\caster\data\ape.fa	57600	0.18118	0.18886	0.208389	0.865696	1600
C:\Users\isaac\phlag\caster\data\ape.fa	58000	0.352101	0.18886	0.269773	0.865599	1600
C:\Users\isaac\phlag\caster\data\ape.fa	58400	0.268185	0.18886	0.368273	0.865467	1600
C:\Users\isaac\phlag\caster\data\ape.fa	58800	0.268185	0.164546	0.322263	0.86556	1600
C:\Users\isaac\phlag\caster\data\ape.fa	59200	0.268185	0.1646	0.639126	0.865485	1600
C:\Users\isaac\phlag\caster\data\ape.fa	59600	0.268185	0.18886	0.163171	0.865467	1600
C:\Users\isaac\phlag\caster\data\ape.fa	60000	0.425252	0.18886	0.209102	0.865752	1600
C:\Users\isaac\phlag\caster\data\ape.fa	60400	0.268185	0.18886	0.425354	0.865467	1600
C:\Users\isaac\phlag\caster\data\ape.fa	60800	0.268185	0.18886	0.323408	0.865467	1600
C:\Users\isaac\phlag\caster\data\ape.fa	61200	0.268185	0.18886	0.647768	0.865467	1600
C:\Users\isaac\phlag\caster\data\ape.fa	61600	0.268185	0.18886	0.21376	0.865467	1600
C:\Users\isaac\phlag\caster\data\ape.fa	62000	0.35219	0.18886	0.162522	0.851671	1600
C:\Users\isaac\phlag\caster\data\ape.fa	62400	0.352308	0.18886	0.429569	0.86552	1600
C:\Users\isaac\phlag\caster\data\ape.fa	62800	0.268185	0.212039	0.269323	0.865379	1600
C:\Users\isaac\phlag\caster\data\ape.fa	63200	0.344831	0.210605	0.262943	0.865519	1600
C:\Users\isaac\phlag\caster\data\ape.fa	63600	0.268185	0.18886	0.267382	0.865467	1600
C:\Users\isaac\phlag\caster\data\ape.fa	64000	0.268185	0.18886	0.323035	0.865467	1600
C:\Users\isaac\phlag\caster\data\ape.fa	64400	0.268185	0.18886	0.262695	0.865467	1600
C:\Users\isaac\phlag\caster\data\ape.fa	64800	0.268185	0.162662	0.428098	0.86551	1600
C:\Users\isaac\phlag\caster\data\ape.fa	65200	0.268185	0.212544	0.378049	0.865429	1600
C:\Users\isaac\phlag\caster\data\ape.fa	65600	0.350479	0.2552	0.257691	0.865431	1600
C:\Users\isaac\phlag\caster\data\ape.fa	66000	0.268185	0.18886	0.216683	0.865467	1600
C:\Users\isaac\phlag\caster\data\ape.fa	66400	0.268185	0.18886	0.214629	0.865467	1600
C:\Users\isaac\phlag\caster\data\ape.fa	66800	0.268185	0.164767	0.540035	0.865491	1600
C:\Users\isaac\phlag\caster\data\ape.fa	67200	0.268185	0.18886	0.160353	0.865467	1600
C:\Users\isaac\phlag\caster\data\ape.fa	67600	0.310774	0.140146	0.297517	0.86588	1600
C:\Users\isaac\phlag\caster\data\ape.fa	68000	0.267002	0.18886	0.216763	0.865762	1600
C:\Users\isaac\phlag\caster\data\ape.fa	68400	0.182453	0.18886	0.324109	0.865199	1600
C:\Users\isaac\phlag\caster\data\ape.fa	68800	0.268185	0.187448	0.106892	0.865463	1600
C:\Users\isaac\phlag\caster\data\ape.fa	69200	0.0880288	0.18886	0.43037	0.865166	1600
C:\Users\isaac\phlag\caster\data\ape.fa	69600	0.268185	0.18886	0.269548	0.865467	1600
C:\Users\isaac\phlag\caster\data\ape.fa	70000	0.268185	0.18886	0.323483	0.865467	1600
C:\Users\isaac\phlag\caster\data\ape.fa	70400	0.439085	0.236468	0.432926	0.865505	1600
C:\Users\isaac\phlag\caster\data\ape.fa	70800	0.430662	0.18886	0.268079	0.865642	1600
C:\Users\isaac\phlag\caster\data\ape.fa	71200	0.268185	0.18886	0.363886	0.865467	1600
C:\Users\isaac\phlag\caster\data\ape.fa	71600	0.268185	0.18886	0.43409	0.865467	1600
C:\Users\isaac\phlag\caster\data\ape.fa	72000	0.268185	0.235941	0.267807	0.865333	1600
C:\Users\isaac\phlag\caster\data\ape.fa	72400	0.339737	0.235149	0.160472	0.865421	1600
C:\Users\isaac\phlag\caster\data\ape.fa	72800	0.268185	0.18886	0.216683	0.865467	1600
C:\Users\isaac\phlag\caster\data\ape.fa	73200	0.179435	0.115431	0.271059	0.865383	1600
C:\Users\isaac\phlag\caster\data\ape.fa	73600	0.34996	0.279981	0.216683	0.865379	1600
C:\Users\isaac\phlag\caster\data\ape.fa	74000	0.268185	0.18886	0.262114	0.865467	1600
C:\Users\isaac\phlag\caster\data\ape.fa	74400	0.268185	0.282807	0.106045	0.872561	1600
C:\Users\isaac\phlag\caster\data\ape.fa	74800	0.265665	0.18789	0.324437	0.865466	1600
C:\Users\isaac\phlag\caster\data\ape.fa	75200	0.182293	0.212686	0.487236	0.865379	1600
C:\Users\isaac\phlag\caster\data\ape.fa	75600	0.268185	0.188226	0.487001	0.865468	1600
C:\Users\isaac\phlag\caster\data\ape.fa	76000	0.268185	0.281415	0.374334	0.865362	1600
C:\Users\isaac\phlag\caster\data\ape.fa	76400	0.268185	0.18886	0.32294	0.865467	1600
C:\Users\isaac\phlag\caster\data\ape.fa	76800	0.268185	0.18886	0.323696	0.865467	1600
C:\Users\isaac\phlag\caster\data\ape.fa	77200	0.268185	0.164789	0.433116	0.865505	1600
C:\Users\isaac\phlag\caster\data\ape.fa	77600	0.0938354	0.18886	0.376122	0.864876	1600
C:\Users\isaac\phlag\caster\data\ape.fa	78000	0.0150326	0.18886	0.213393	0.865725	1600
C:\Users\isaac\phlag\caster\data\ape.fa	78400	0.0879617	0.212435	0.216683	0.865892	1600
C:\Users\isaac\phlag\caster\data\ape.fa	78800	0.268185	0.18886	0.266677	0.865467	1600
C:\Users\isaac\phlag\caster\data\ape.fa	79200	0.178527	0.234605	0.311015	0.865148	1600
C:\Users\isaac\phlag\caster\data\ape.fa	79600	0.268185	0.18886	0.321864	0.865467	1600
C:\Users\isaac\phlag\caster\data\ape.fa	80000	0.268185	0.116314	0.481119	0.865586	1600
C:\Users\isaac\phlag\caster\data\ape.fa	80400	0.181588	0.258288	0.321801	0.865195	1600
C:\Users\isaac\phlag\caster\data\ape.fa	80800	0.268185	0.18886	0.10424	0.865467	1600
C:\Users\isaac\phlag\caster\data\ape.fa	81200	0.17843	0.21253	0.592973	0.865404	1600
C:\Users\isaac\phlag\caster\data\ape.fa	81600	0.430862	0.18886	0.160049	0.866052	1600
C:\Users\isaac\phlag\caster\data\ape.fa	82000	0.268185	0.18886	0.216683	0.865467	1600
C:\Users\isaac\phlag\caster\data\ape.fa	82400	0.268185	0.237584	0.326833	0.865379	1600
C:\Users\isaac\phlag\caster\data\ape.fa	82800	0.268185	0.18886	0.431405	0.865467	1600
C:\Users\isaac\phlag\caster\data\ape.fa	83200	0.268185	0.18886	0.162948	0.865467	1600
C:\Users\isaac\phlag\caster\data\ape.fa	83600	0.268185	0.284163	0.378475	0.865362	1600
C:\Users\isaac\phlag\caster\data\ape.fa	84000	0.268185	0.18886	0.376726	0.865467	1600
C:\Users\isaac\phlag\caster\data\ape.fa	84400	0.268185	0.18886	0.542071	0.865467	1600
C:\Users\isaac\phlag\caster\data\ape.fa	84800	0.268185	0.18886	0.541226	0.865467	1600
C:\Users\isaac\phlag\caster\data\ape.fa	85200	0.183157	0.18886	0.371882	0.865328	1600
C:\Users\isaac\phlag\caster\data\ape.fa	85600	0.310396	0.186062	0.186183	0.86434	1600
C:\Users\isaac\phlag\caster\data\ape.fa	86000	0.35024	0.163677	0.476247	0.865542	1600
C:\Users\isaac\phlag\caster\data\ape.fa	86400	0.268185	0.18886	0.421455	0.865467	1600
C:\Users\isaac\phlag\caster\data\ape.fa	86800	0.268185	0.18886	0.436191	0.865467	1600
C:\Users\isaac\phlag\caster\data\ape.fa	87200	0.182334	0.18886	0.324065	0.865198	1600
C:\Users\isaac\phlag\caster\data\ape.fa	87600	0.181368	0.18886	0.322566	0.865183	1600
C:\Users\isaac\phlag\caster\data\ape.fa	88000	0.353129	0.330837	0.377905	0.865392	1600
C:\Users\isaac\phlag\caster\data\ape.fa	88400	0.43297	0.18886	0.216683	0.86573	1600
C:\Users\isaac\phlag\caster\data\ape.fa	88800	0.268185	0.165575	0.362699	0.865525	1600
C:\Users\isaac\phlag\caster\data\ape.fa	89200	0.268185	0.213064	0.326619	0.865414	1600
C:\Users\isaac\phlag\caster\data\ape.fa	89600	0.268185	0.18886	0.216683	0.865467	1600
C:\Users\isaac\phlag\caster\data\ape.fa	90000	0.268185	0.18886	0.27069	0.865467	1600
C:\Users\isaac\phlag\caster\data\ape.fa	90400	0.268185	0.23626	0.324333	0.865379	1600
C:\Users\isaac\phlag\caster\data\ape.fa	90800	0.431044	0.18886	0.216683	0.86573	1600
C:\Users\isaac\phlag\caster\data\ape.fa	91200	0.268185	0.236229	0.269184	0.865334	1600
C:\Users\isaac\phlag\caster\data\ape.fa	91600	0.268185	0.18886	0.317594	0.865467	1600
C:\Users\isaac\phlag\caster\data\ape.fa	92000	0.268185	0.234646	0.424651	0.865414	1600
C:\Users\isaac\phlag\caster\data\ape.fa	92400	0.309113	0.280071	0.346151	0.865388	1600
C:\Users\isaac\phlag\caster\data\ape.fa	92800	0.342091	0.210957	0.266866	0.865514	1600
C:\Users\isaac\phlag\caster\data\ape.fa	93200	0.268185	0.165258	0.427944	0.865505	1600
C:\Users\isaac\phlag\caster\data\ape.fa	93600	0.268185	0.0934547	0.324988	0	1600
C:\Users\isaac\phlag\caster\data\ape.fa	94000	0.268185	0.18886	0.102382	0.865467	1600
C:\Users\isaac\phlag\caster\data\ape.fa	94400	0.353271	0.187642	0.485836	0.865512	1600
C:\Users\isaac\phlag\caster\data\ape.fa	94800	0.0905984	0.259839	0.216683	0.867066	1600
C:\Users\isaac\phlag\caster\data\ape.fa	95200	0.350336	0.18696	0.318472	0.865561	1600
C:\Users\isaac\phlag\caster\data\ape.fa	95600	0.268185	0.235404	0.427564	0.865414	1600
C:\Users\isaac\phlag\caster\data\ape.fa	96000	0.268185	0.18886	0.435903	0.865467	1600
C:\Users\isaac\phlag\caster\data\ape.fa	96400	0.268185	0.18886	0.321525	0.865467	1600
C:\Users\isaac\phlag\caster\data\ape.fa	96800	0.268185	0.208809	0.361915	0.865432	1600
C:\Users\isaac\phlag\caster\data\ape.fa	97200	0.268185	0.18886	0.799537	0.865467	1600
C:\Users\isaac\phlag\caster\data\ape.fa	97600	0.268185	0.140222	0.216097	0.865207	1600
C:\Users\isaac\phlag\caster\data\ape.fa	98000	0.427539	0.208072	0.213294	0.865641	1600
C:\Users\isaac\phlag\caster\data\ape.fa	98400	0.268185	0.164744	0.322055	0.865559	1600
C:\Users\isaac\phlag\caster\data\ape.fa	98800	0.184006	0.18886	0.320252	0.865189	1600
C:\Users\isaac\phlag\caster\data\ape.fa	99200	0.181595	0.164855	0.216683	0.865555	1600
C:\Users\isaac\phlag\caster\data\ape.fa	99600	0.268185	0.164714	0.372137	0.865523	1600
C:\Users\isaac\phlag\caster\data\ape.fa	100000	0.268185	0.283233	0.216683	0.865204	1600
C:\Users\isaac\phlag\caster\data\ape.fa	100400	0.268185	0.279427	0.216683	0.865204	1600
C:\Users\isaac\phlag\caster\data\ape.fa	100800	0.268185	0.279591	0.216683	0.865204	1600
C:\Users\isaac\phlag\caster\data\ape.fa	101200	0.43862	0.378773	0.216683	0.865379	1600
C:\Users\isaac\phlag\caster\data\ape.fa	101600	0.268185	0.18842	0.269663	0.86547	1600
C:\Users\isaac\phlag\caster\data\ape.fa	102000	0.268185	0.280838	0.216683	0.865204	1600
C:\Users\isaac\phlag\caster\data\ape.fa	102400	0.268185	0.231361	0.216683	0.865204	1600
C:\Users\isaac\phlag\caster\data\ape.fa	102800	0.268185	0.569244	0.216683	0.865204	1600
C:\Users\isaac\phlag\caster\data\ape.fa	103200	0.268185	0.253596	0.216683	0.865204	1600
C:\Users\isaac\phlag\caster\data\ape.fa	103600	0.268185	0.480945	0.161216	0.865151	1600
C:\Users\isaac\phlag\caster\data\ape.fa	104000	0.268185	0.364867	0.216683	0.865204	1600
C:\Users\isaac\phlag\caster\data\ape.fa	104400	0.268185	0.495875	0.216683	0.865204	1600
C:\Users\isaac\phlag\caster\data\ape.fa	104800	0.268185	0.844423	0.216683	0.865204	1600
C:\Users\isaac\phlag\caster\data\ape.fa	105200	0.268185	0.370416	0.216683	0.865204	1600
C:\Users\isaac\phlag\caster\data\ape.fa	105600	0.268185	0.283402	0.216683	0.865204	1600
C:\Users\isaac\phlag\caster\data\ape.fa	106000	0.268185	0.14221	0.216683	0.865204	1600
C:\Users\isaac\phlag\caster\data\ape.fa	106400	0.268185	0.32737	0.216683	0.865204	1600
C:\Users\isaac\phlag\caster\data\ape.fa	106800	0.268185	0.521657	0.216683	0.865204	1600
C:\Users\isaac\phlag\caster\data\ape.fa	107200	0.268185	0.18886	0.216683	0.865467	1600
C:\Users\isaac\phlag\caster\data\ape.fa	107600	0.268185	0.28145	0.216683	0.865204	1600
C:\Users\isaac\phlag\caster\data\ape.fa	108000	0.268185	0.140149	0.216683	0.865204	1600
C:\Users\isaac\phlag\caster\data\ape.fa	108400	0.439461	0.18886	0.216683	0.86573	1600
C:\Users\isaac\phlag\caster\data\ape.fa	108800	0.181119	0.332957	0.216683	0.864937	1600
C:\Users\isaac\phlag\caster\data\ape.fa	109200	0.268185	0.0971609	0.216683	0.865204	1600
C:\Users\isaac\phlag\caster\data\ape.fa	109600	0.268185	0.280508	0.216683	0.865204	1600
C:\Users\isaac\phlag\caster\data\ape.fa	110000	0.268185	0.331323	0.216683	0.865204	1600
C:\Users\isaac\phlag\caster\data\ape.fa	110400	0.268185	0.422701	0.216683	0.865204	1600
C:\Users\isaac\phlag\caster\data\ape.fa	110800	0.352518	0.185482	0.216683	0.865771	1600
C:\Users\isaac\phlag\caster\data\ape.fa	111200	0.17956	0.303098	0.212502	0.864764	1600
C:\Users\isaac\phlag\caster\data\ape.fa	111600	0.268185	0.0882234	0.216683	0.865204	1600
C:\Users\isaac\phlag\caster\data\ape.fa	112000	0.181103	0.503997	0.216683	0.865108	1600
C:\Users\isaac\phlag\caster\data\ape.fa	112400	0.268185	0.70599	0.216683	0.865204	1600
C:\Users\isaac\phlag\caster\data\ape.fa	112800	0.268185	0.516922	0.216683	0.865204	1600
C:\Users\isaac\phlag\caster\data\ape.fa	113200	0.268185	0.520734	0.216683	0.865204	1600
C:\Users\isaac\phlag\caster\data\ape.fa	113600	0.268185	0.0668645	0.216683	0.865204	1600
C:\Users\isaac\phlag\caster\data\ape.fa	114000	0.268185	0.807714	0.216683	0.865204	1600
C:\Users\isaac\phlag\caster\data\ape.fa	114400	0.268185	0.350771	0.216683	0.865204	1600
C:\Users\isaac\phlag\caster\data\ape.fa	114800	0.351836	0.328676	0.108538	0.865198	1600
C:\Users\isaac\phlag\caster\data\ape.fa	115200	0.268185	0.442209	0.216683	0.865204	1600
C:\Users\isaac\phlag\caster\data\ape.fa	115600	0.22479	0.379377	0.297811	0.86523	1600
C:\Users\isaac\phlag\caster\data\ape.fa	116000	0.180374	0.570311	0.216683	0.865127	1600
C:\Users\isaac\phlag\caster\data\ape.fa	116400	0.353999	0.76248	0.216683	0.865244	1600
C:\Users\isaac\phlag\caster\data\ape.fa	116800	0.268185	0.283819	0.216683	0.865204	1600
C:\Users\isaac\phlag\caster\data\ape.fa	117200	0.268185	0.698321	0.216683	0.865204	1600
C:\Users\isaac\phlag\caster\data\ape.fa	117600	0.181822	0.371099	0.268418	0.86513	1600
C:\Users\isaac\phlag\caster\data\ape.fa	118000	0.268185	0.590086	0.268255	0.865231	1600
C:\Users\isaac\phlag\caster\data\ape.fa	118400	0.346946	0.439995	0.216683	0.865282	1600
C:\Users\isaac\phlag\caster\data\ape.fa	118800	0.268185	0.373385	0.216683	0.865204	1600
C:\Users\isaac\phlag\caster\data\ape.fa	119200	0.181192	0.498298	0.216683	0.865106	1600
C:\Users\isaac\phlag\caster\data\ape.fa	119600	0.268185	0.164818	0.216683	0.865204	1600
C:\Users\isaac\phlag\caster\data\ape.fa	120000	0.268185	0.498744	0.216683	0.865204	1600
C:\Users\isaac\phlag\caster\data\ape.fa	120400	0.268185	0.18886	0.216683	0.865467	1600
C:\Users\isaac\phlag\caster\data\ape.fa	120800	0.268185	0.418968	0.216683	0.865204	1600
C:\Users\isaac\phlag\caster\data\ape.fa	121200	0.268185	0.233926	0.216683	0.865204	1600
C:\Users\isaac\phlag\caster\data\ape.fa	121600	0.268185	0.468702	0.216683	0.865204	1600
C:\Users\isaac\phlag\caster\data\ape.fa	122000	0.268185	0.606814	0.269417	0.86523	1600
C:\Users\isaac\phlag\caster\data\ape.fa	122400	0.348854	0.455083	0.216683	0.86528	1600
C:\Users\isaac\phlag\caster\data\ape.fa	122800	0.268185	0.422196	0.216683	0.865204	1600
C:\Users\isaac\phlag\caster\data\ape.fa	123200	0.602274	0.281928	0.216683	0.865555	1600
C:\Users\isaac\phlag\caster\data\ape.fa	123600	0.268185	0.18886	0.216683	0.865467	1600
C:\Users\isaac\phlag\caster\data\ape.fa	124000	0.268185	0.562355	0.216683	0.865204	1600
C:\Users\isaac\phlag\caster\data\ape.fa	124400	0.268185	0.279884	0.216683	0.865204	1600
C:\Users\isaac\phlag\caster\data\ape.fa	124800	0.268185	0.373028	0.216683	0.865204	1600
C:\Users\isaac\phlag\caster\data\ape.fa	125200	0.268185	0.330547	0.216683	0.865204	1600
C:\Users\isaac\phlag\caster\data\ape.fa	125600	0.268185	0.184664	0.216683	0.865204	1600
C:\Users\isaac\phlag\caster\data\ape.fa	126000	0.268185	0.37073	0.216683	0.865204	1600
C:\Users\isaac\phlag\caster\data\ape.fa	126400	0.429479	0.548314	0.267705	0.865324	1600
C:\Users\isaac\phlag\caster\data\ape.fa	126800	0.268185	0.423328	0.216683	0.865204	1600
C:\Users\isaac\phlag\caster\data\ape.fa	127200	0.268185	0.443564	0.216683	0.865204	1600
C:\Users\isaac\phlag\caster\data\ape.fa	127600	0.352135	0.235633	0.216683	0.865467	1600
C:\Users\isaac\phlag\caster\data\ape.fa	128000	0.268185	0.28292	0.163176	0.86494	1600
C:\Users\isaac\phlag\caster\data\ape.fa	128400	0.31016	0.678399	0.188966	0.865216	1600
C:\Users\isaac\phlag\caster\data\ape.fa	128800	0.268185	0.282376	0.216683	0.865204	1600
C:\Users\isaac\phlag\caster\data\ape.fa	129200	0.268185	0.666851	0.216683	0.865204	1600
C:\Users\isaac\phlag\caster\data\ape.fa	129600	0.441298	0.285309	0.161113	0.865467	1600
C:\Users\isaac\phlag\caster\data\ape.fa	130000	0.268185	0.519941	0.216683	0.865204	1600
C:\Users\isaac\phlag\caster\data\ape.fa	130400	0.268185	0.273579	0.216683	0.865204	1600
C:\Users\isaac\phlag\caster\data\ape.fa	130800	0.268185	0.650074	0.216683	0.865204	1600
C:\Users\isaac\phlag\caster\data\ape.fa	131200	0.182332	0.498064	0.216683	0.865108	1600
C:\Users\isaac\phlag\caster\data\ape.fa	131600	0.181791	0.618802	0.27093	0.865174	1600
C:\Users\isaac\phlag\caster\data\ape.fa	132000	0.268185	0.283774	0.216683	0.865204	1600
C:\Users\isaac\phlag\caster\data\ape.fa	132400	0.268185	0.28172	0.216683	0.865204	1600
C:\Users\isaac\phlag\caster\data\ape.fa	132800	0.268185	0.0905897	0.216683	0.865204	1600
C:\Users\isaac\phlag\caster\data\ape.fa	133200	0.268185	0.332277	0.216683	0.865204	1600
C:\Users\isaac\phlag\caster\data\ape.fa	133600	0.268185	0.187862	0.216683	0.865204	1600
C:\Users\isaac\phlag\caster\data\ape.fa	134000	0.268185	0.369897	0.216683	0.865204	1600
C:\Users\isaac\phlag\caster\data\ape.fa	134400	0.268185	0.279124	0.216683	0.865204	1600
C:\Users\isaac\phlag\caster\data\ape.fa	134800	0.268185	0.280464	0.216683	0.865204	1600
C:\Users\isaac\phlag\caster\data\ape.fa	135200	0.437747	0.495889	0.163004	0.865309	1600
C:\Users\isaac\phlag\caster\data\ape.fa	135600	0.354832	0.478508	0.216683	0.865279	1600
C:\Users\isaac\phlag\caster\data\ape.fa	136000	0.266627	0.212168	0.216683	0.865184	1600
C:\Users\isaac\phlag\caster\data\ape.fa	136400	0.509812	0.417366	0.216683	0.865399	1600
C:\Users\isaac\phlag\caster\data\ape.fa	136800	0.437439	0.589242	0.216683	0.865304	1600
C:\Users\isaac\phlag\caster\data\ape.fa	137200	0.268185	0.467407	0.322117	0.86527	1600
C:\Users\isaac\phlag\caster\data\ape.fa	137600	0.268185	0.272983	0.318808	0.86534	1600
C:\Users\isaac\phlag\caster\data\ape.fa	138000	0.268185	0.701712	0.216683	0.865204	1600
C:\Users\isaac\phlag\caster\data\ape.fa	138400	0.182512	0.753774	0.216683	0.865155	1600
C:\Users\isaac\phlag\caster\data\ape.fa	138800	0.268185	0.375682	0.216683	0.865204	1600
C:\Users\isaac\phlag\caster\data\ape.fa	139200	0.268185	0.256216	0.215591	0.8652	1600
C:\Users\isaac\phlag\caster\data\ape.fa	139600	0.268185	0.622108	0.216683	0.865204	1600
C:\Users\isaac\phlag\caster\data\ape.fa	140000	0.268185	0.720542	0.216683	0.865204	1600
C:\Users\isaac\phlag\caster\data\ape.fa	140400	0.268185	0.18886	0.216683	0.865467	1600
C:\Users\isaac\phlag\caster\data\ape.fa	140800	0.268185	0.333327	0.216683	0.865204	1600
C:\Users\isaac\phlag\caster\data\ape.fa	141200	0.268185	0.474329	0.216683	0.865204	1600
C:\Users\isaac\phlag\caster\data\ape.fa	141600	0.268185	0.184767	0.216683	0.865204	1600
C:\Users\isaac\phlag\caster\data\ape.fa	142000	0.268185	0.558425	0.216683	0.865204	1600
C:\Users\isaac\phlag\caster\data\ape.fa	142400	0.268185	0.137989	0.216683	0.865204	1600
C:\Users\isaac\phlag\caster\data\ape.fa	142800	0.268185	0.534776	0.322894	0.86526	1600
C:\Users\isaac\phlag\caster\data\ape.fa	143200	0.268185	0.209992	0.216683	0.865204	1600
C:\Users\isaac\phlag\caster\data\ape.fa	143600	0.352029	0.793649	0.216683	0.865242	1600
C:\Users\isaac\phlag\caster\data\ape.fa	144000	0.268185	0.515982	0.323251	0.865263	1600
C:\Users\isaac\phlag\caster\data\ape.fa	144400	0.268185	0.449929	0.216683	0.865204	1600
C:\Users\isaac\phlag\caster\data\ape.fa	144800	0.268162	0.444746	0.216683	0.865204	1600
C:\Users\isaac\phlag\caster\data\ape.fa	145200	0.268185	0.516253	0.160053	0.865157	1600
C:\Users\isaac\phlag\caster\data\ape.fa	145600	0.268185	0.42501	0.216683	0.865204	1600
C:\Users\isaac\phlag\caster\data\ape.fa	146000	0.268185	0.572193	0.216683	0.865204	1600
C:\Users\isaac\phlag\caster\data\ape.fa	146400	0.268185	0.41017	0.216683	0.865204	1600
C:\Users\isaac\phlag\caster\data\ape.fa	146800	0.268185	0.278006	0.216683	0.865204	1600
C:\Users\isaac\phlag\caster\data\ape.fa	147200	0.268185	0.544971	0.216683	0.865204	1600
C:\Users\isaac\phlag\caster\data\ape.fa	147600	0.268185	1	0.216683	0.865204	1600
C:\Users\isaac\phlag\caster\data\ape.fa	148000	0.268185	0.206519	0.315416	0.865423	1600
C:\Users\isaac\phlag\caster\data\ape.fa	148400	0.268185	0.675847	0.322016	0.865246	1600
C:\Users\isaac\phlag\caster\data\ape.fa	148800	0.268185	0.582513	0.269461	0.865232	1600
C:\Users\isaac\phlag\caster\data\ape.fa	149200	0.347517	0.23306	0.216683	0.865467	1600
C:\Users\isaac\phlag\caster\data\ape.fa	149600	0.268185	0.306847	0.323867	0.865321	1600
C:\Users\isaac\phlag\caster\data\ape.fa	150000	0.268185	0.355961	0.216683	0.865204	1600
C:\Users\isaac\phlag\caster\data\ape.fa	150400	0.268185	0.378027	0.108337	0.864936	1600
C:\Users\isaac\phlag\caster\data\ape.fa	150800	0.268185	0.379126	0.216683	0.865204	1600
C:\Users\isaac\phlag\caster\data\ape.fa	151200	0.268185	0.187346	0.271427	0.865476	1600
C:\Users\isaac\phlag\caster\data\ape.fa	151600	0.268185	0.18886	0.216683	0.865467	1600
C:\Users\isaac\phlag\caster\data\ape.fa	152000	0.268185	0.315157	0.316506	0.865312	1600
C:\Users\isaac\phlag\caster\data\ape.fa	152400	0.268185	0.322474	0.216683	0.865204	1600
C:\Users\isaac\phlag\caster\data\ape.fa	152800	0.268185	0.475664	0.216683	0.865204	1600
C:\Users\isaac\phlag\caster\data\ape.fa	153200	0.268185	0.475867	0.216683	0.865204	1600
C:\Users\isaac\phlag\caster\data\ape.fa	153600	0.268185	0.455615	0.216683	0.865204	1600
C:\Users\isaac\phlag\caster\data\ape.fa	154000	0.268185	0.759517	0.216683	0.865204	1600
C:\Users\isaac\phlag\caster\data\ape.fa	154400	0.268185	0.528759	0.216683	0.865204	1600
C:\Users\isaac\phlag\caster\data\ape.fa	154800	0.268185	0.165037	0.216683	0.865204	1600
C:\Users\isaac\phlag\caster\data\ape.fa	155200	0.268185	0.418599	0.216683	0.865204	1600
C:\Users\isaac\phlag\caster\data\ape.fa	155600	0.440324	0.284767	0.216683	0.865467	1600
C:\Users\isaac\phlag\caster\data\ape.fa	156000	0.268185	0.374972	0.216683	0.865204	1600
C:\Users\isaac\phlag\caster\data\ape.fa	156400	0.268185	0.491433	0.216683	0.865204	1600
C:\Users\isaac\phlag\caster\data\ape.fa	156800	0.268185	0.282964	0.216683	0.865204	1600
C:\Users\isaac\phlag\caster\data\ape.fa	157200	0.268185	0.18886	0.216683	0.865467	1600
C:\Users\isaac\phlag\caster\data\ape.fa	157600	0.268185	0.279688	0.216683	0.865204	1600
C:\Users\isaac\phlag\caster\data\ape.fa	158000	0.268185	0.422308	0.216683	0.865204	1600
C:\Users\isaac\phlag\caster\data\ape.fa	158400	0.268185	0.375965	0.216683	0.865204	1600
C:\Users\isaac\phlag\caster\data\ape.fa	158800	0.268185	0.520281	0.216683	0.865204	1600
C:\Users\isaac\phlag\caster\data\ape.fa	159200	0.35249	0.564618	0.216683	0.865262	1600
C:\Users\isaac\phlag\caster\data\ape.fa	159600	0.268185	0.61199	0.216683	0.865204	1600
C:\Users\isaac\phlag\caster\data\ape.fa	160000	0.268185	0.314437	0.224394	0.865217	1600
C:\Users\isaac\phlag\caster\data\ape.fa	160400	0.268185	0.325512	0.216683	0.865204	1600
C:\Users\isaac\phlag\caster\data\ape.fa	160800	0.268185	0.280886	0.216683	0.865204	1600
C:\Users\isaac\phlag\caster\data\ape.fa	161200	0.266005	0.650363	0.216683	0.865203	1600
C:\Users\isaac\phlag\caster\data\ape.fa	161600	0.268185	0.334227	0.216683	0.865204	1600
C:\Users\isaac\phlag\caster\data\ape.fa	162000	0.348167	0.343931	0.216683	0.865321	1600
C:\Users\isaac\phlag\caster\data\ape.fa	162400	0.268185	0.18886	0.216683	0.865467	1600
C:\Users\isaac\phlag\caster\data\ape.fa	162800	0.268185	0.280962	0.216683	0.865204	1600
C:\Users\isaac\phlag\caster\data\ape.fa	163200	0.268185	0.18886	0.270344	0.865467	1600
C:\Users\isaac\phlag\caster\data\ape.fa	163600	0.333392	0.299213	0.216683	0.865334	1600
C:\Users\isaac\phlag\caster\data\ape.fa	164000	0.268185	0.279692	0.216683	0.865204	1600
C:\Users\isaac\phlag\caster\data\ape.fa	164400	0.268185	0.334972	0.327294	0.865309	1600
C:\Users\isaac\phlag\caster\data\ape.fa	164800	0.268185	0.211855	0.216683	0.865204	1600
C:\Users\isaac\phlag\caster\data\ape.fa	165200	0.268185	0.188333	0.216683	0.865204	1600
C:\Users\isaac\phlag\caster\data\ape.fa	165600	0.268185	0.454949	0.267042	0.865242	1600
C:\Users\isaac\phlag\caster\data\ape.fa	166000	0.268185	0.320787	0.159435	0.865041	1600
C:\Users\isaac\phlag\caster\data\ape.fa	166400	0.268185	0.444381	0.216683	0.865204	1600
C:\Users\isaac\phlag\caster\data\ape.fa	166800	0.268185	0.399159	0.161026	0.865124	1600
C:\Users\isaac\phlag\caster\data\ape.fa	167200	0.268185	0.259765	0.216683	0.865204	1600
C:\Users\isaac\phlag\caster\data\ape.fa	167600	0.268185	0.393746	0.216683	0.865204	1600
C:\Users\isaac\phlag\caster\data\ape.fa	168000	0.268185	0.349112	0.216683	0.865204	1600
C:\Users\isaac\phlag\caster\data\ape.fa	168400	0.268185	0.671633	0.216683	0.865204	1600
C:\Users\isaac\phlag\caster\data\ape.fa	168800	0.268185	0.568033	0.216683	0.865204	1600
C:\Users\isaac\phlag\caster\data\ape.fa	169200	0.225303	0.692307	0.189552	0.865163	1600
C:\Users\isaac\phlag\caster\data\ape.fa	169600	0.268185	0.377704	0.216683	0.865204	1600
C:\Users\isaac\phlag\caster\data\ape.fa	170000	0.268185	0.47932	0.216683	0.865204	1600
C:\Users\isaac\phlag\caster\data\ape.fa	170400	0.347502	0.441373	0.216683	0.865282	1600
C:\Users\isaac\phlag\caster\data\ape.fa	170800	0.268185	0.276687	0.216683	0.865204	1600
C:\Users\isaac\phlag\caster\data\ape.fa	171200	0.268185	0.570383	0.216683	0.865204	1600
C:\Users\isaac\phlag\caster\data\ape.fa	171600	0.268185	0.328406	0.0502842	0.870719	1600
C:\Users\isaac\phlag\caster\data\ape.fa	172000	0.268185	0.618928	0.216538	0.865204	1600
C:\Users\isaac\phlag\caster\data\ape.fa	172400	0.268185	0.569905	0.216683	0.865204	1600
C:\Users\isaac\phlag\caster\data\ape.fa	172800	0.436212	0.30301	0.216683	0.865441	1600
C:\Users\isaac\phlag\caster\data\ape.fa	173200	0.268185	0.390784	0.268626	0.865253	1600
C:\Users\isaac\phlag\caster\data\ape.fa	173600	0.268185	0.284001	0.216683	0.865204	1600
C:\Users\isaac\phlag\caster\data\ape.fa	174000	0.268185	0.542257	0.216683	0.865204	1600
C:\Users\isaac\phlag\caster\data\ape.fa	174400	0.179726	0.475224	0.216683	0.865095	1600
C:\Users\isaac\phlag\caster\data\ape.fa	174800	0.268185	0.255794	0.216683	0.865204	1600
C:\Users\isaac\phlag\caster\data\ape.fa	175200	0.268185	0.378722	0.216683	0.865204	1600
C:\Users\isaac\phlag\caster\data\ape.fa	175600	0.268185	0.471195	0.216683	0.865204	1600
C:\Users\isaac\phlag\caster\data\ape.fa	176000	0.349799	0.573361	0.216683	0.86526	1600
C:\Users\isaac\phlag\caster\data\ape.fa	176400	0.268185	0.256896	0.268188	0.865309	1600
C:\Users\isaac\phlag\caster\data\ape.fa	176800	0.268185	0.53278	0.161393	0.865161	1600
C:\Users\isaac\phlag\caster\data\ape.fa	177200	0.268185	0.280023	0.221526	0.865216	1600
C:\Users\isaac\phlag\caster\data\ape.fa	177600	0.268185	0.208314	0.216683	0.865204	1600
C:\Users\isaac\phlag\caster\data\ape.fa	178000	0.268185	0.37721	0.216683	0.865204	1600
C:\Users\isaac\phlag\caster\data\ape.fa	178400	0.268185	0.45467	0.216683	0.865204	1600
C:\Users\isaac\phlag\caster\data\ape.fa	178800	0.268185	0.274918	0.216683	0.865204	1600
C:\Users\isaac\phlag\caster\data\ape.fa	179200	0.268038	0.237119	0.216683	0.865203	1600
C:\Users\isaac\phlag\caster\data\ape.fa	179600	0.268185	0.530733	0.216683	0.865204	1600
C:\Users\isaac\phlag\caster\data\ape.fa	180000	0.268185	0.234185	0.216683	0.865204	1600
C:\Users\isaac\phlag\caster\data\ape.fa	180400	0.268185	0.182243	0.216683	0.865204	1600
C:\Users\isaac\phlag\caster\data\ape.fa	180800	0.268185	0.583299	0.216683	0.865204	1600
C:\Users\isaac\phlag\caster\data\ape.fa	181200	0.268185	0.373393	0.216683	0.865204	1600
C:\Users\isaac\phlag\caster\data\ape.fa	181600	0.184135	0.33588	0.104083	0.816127	1600
C:\Users\isaac\phlag\caster\data\ape.fa	182000	0.268185	0.211812	0.216683	0.865204	1600
C:\Users\isaac\phlag\caster\data\ape.fa	182400	0.268185	0.308343	0.216683	0.865204	1600
C:\Users\isaac\phlag\caster\data\ape.fa	182800	0.180337	0.415103	0.257255	0.865127	1600
C:\Users\isaac\phlag\caster\data\ape.fa	183200	0.268185	0.376712	0.216683	0.865204	1600
C:\Users\isaac\phlag\caster\data\ape.fa	183600	0.353079	0.448092	0.216683	0.865285	1600
C:\Users\isaac\phlag\caster\data\ape.fa	184000	0.268185	0.282731	0.159915	0.864904	1600
C:\Users\isaac\phlag\caster\data\ape.fa	184400	0.268185	0.18886	0.216683	0.865467	1600
C:\Users\isaac\phlag\caster\data\ape.fa	184800	0.268185	0.186705	0.216683	0.865204	1600
C:\Users\isaac\phlag\caster\data\ape.fa	185200	0.268185	0.233682	0.216683	0.865204	1600
C:\Users\isaac\phlag\caster\data\ape.fa	185600	0.268185	0.577366	0.216683	0.865204	1600
C:\Users\isaac\phlag\caster\data\ape.fa	186000	0.268185	0.450337	0.316717	0.86527	1600
C:\Users\isaac\phlag\caster\data\ape.fa	186400	0.266309	0.283549	0.216683	0.865198	1600
C:\Users\isaac\phlag\caster\data\ape.fa	186800	0.268185	0.18886	0.216578	0.865467	1600
C:\Users\isaac\phlag\caster\data\ape.fa	187200	0.268185	0.466699	0.216683	0.865204	1600
C:\Users\isaac\phlag\caster\data\ape.fa	187600	0.179449	0.410543	0.216683	0.865053	1600
C:\Users\isaac\phlag\caster\data\ape.fa	188000	0.265707	0.651842	0.216683	0.865202	1600
C:\Users\isaac\phlag\caster\data\ape.fa	188400	0.352971	0.283336	0.216683	0.865379	1600
C:\Users\isaac\phlag\caster\data\ape.fa	188800	0.180619	0.567757	0.216683	0.865126	1600
C:\Users\isaac\phlag\caster\data\ape.fa	189200	0.528981	0.237187	0.216683	0.865599	1600
C:\Users\isaac\phlag\caster\data\ape.fa	189600	0.268185	0.422475	0.216683	0.865204	1600
C:\Users\isaac\phlag\caster\data\ape.fa	190000	0.268185	0.670412	0.159207	0.865173	1600
C:\Users\isaac\phlag\caster\data\ape.fa	190400	0.268185	0.489562	0.216683	0.865204	1600
C:\Users\isaac\phlag\caster\data\ape.fa	190800	0.268185	0.135409	0.216683	0.865204	1600
C:\Users\isaac\phlag\caster\data\ape.fa	191200	0.268185	0.350199	0.216683	0.865204	1600
C:\Users\isaac\phlag\caster\data\ape.fa	191600	0.268185	0.331547	0.378711	0.865336	1600
C:\Users\isaac\phlag\caster\data\ape.fa	192000	0.268185	0.577793	0.216683	0.865204	1600
C:\Users\isaac\phlag\caster\data\ape.fa	192400	0.268185	0.23639	0.216683	0.865204	1600
C:\Users\isaac\phlag\caster\data\ape.fa	192800	0.268185	0.722941	0.161327	0.865178	1600
C:\Users\isaac\phlag\caster\data\ape.fa	193200	0.346547	0.232519	0.216683	0.865467	1600
C:\Users\isaac\phlag\caster\data\ape.fa	193600	0.268185	0.45382	0.27143	0.865244	1600
C:\Users\isaac\phlag\caster\data\ape.fa	194000	0.353379	0.566681	0.216683	0.865263	1600
C:\Users\isaac\phlag\caster\data\ape.fa	194400	0.268185	0.370125	0.216683	0.865204	1600
C:\Users\isaac\phlag\caster\data\ape.fa	194800	0.268185	0.283295	0.216683	0.865204	1600
C:\Users\isaac\phlag\caster\data\ape.fa	195200	0.0961836	0.488293	0.216683	0.864956	1600
C:\Users\isaac\phlag\caster\data\ape.fa	195600	0.268185	0.378228	0.216683	0.865204	1600
C:\Users\isaac\phlag\caster\data\ape.fa	196000	0.268185	0.391544	0.216683	0.865204	1600
C:\Users\isaac\phlag\caster\data\ape.fa	196400	0.268185	0.283606	0.216683	0.865204	1600
C:\Users\isaac\phlag\caster\data\ape.fa	196800	0.354134	0.379774	0.27106	0.865336	1600
C:\Users\isaac\phlag\caster\data\ape.fa	197200	0.268185	0.620762	0.216683	0.865204	1600
C:\Users\isaac\phlag\caster\data\ape.fa	197600	0.268185	0.643346	0.216683	0.865204	1600
C:\Users\isaac\phlag\caster\data\ape.fa	198000	0.268185	0.467321	0.269384	0.865242	1600
C:\Users\isaac\phlag\caster\data\ape.fa	198400	0.268185	0.284816	0.216683	0.865204	1600
C:\Users\isaac\phlag\caster\data\ape.fa	198800	0.268185	0.456231	0.216683	0.865204	1600
C:\Users\isaac\phlag\caster\data\ape.fa	199200	0.268185	0.470704	0.216683	0.865204	1600
C:\Users\isaac\phlag\caster\data\ape.fa	199600	0.268185	0.139615	0.317621	0.865794	1600
C:\Users\isaac\phlag\caster\data\ape.fa	200000	0.268185	0.189359	0.490214	0.865467	1600
C:\Users\isaac\phlag\caster\data\ape.fa	200400	0.268185	0.234735	0.16001	0.86846	1600
C:\Users\isaac\phlag\caster\data\ape.fa	200800	0.268185	0.305898	0.269844	0.865279	1600
C:\Users\isaac\phlag\caster\data\ape.fa	201200	0.352632	0.259434	0.376962	0.865443	1600
C:\Users\isaac\phlag\caster\data\ape.fa	201600	0.260693	0.164122	0.319576	0.865555	1600
C:\Users\isaac\phlag\caster\data\ape.fa	202000	0.182366	0.280261	0.164923	0.883827	1600
C:\Users\isaac\phlag\caster\data\ape.fa	202400	0.268185	0.236145	0.324469	0.86538	1600
C:\Users\isaac\phlag\caster\data\ape.fa	202800	0.268185	0.210652	0.266174	0.865379	1600
C:\Users\isaac\phlag\caster\data\ape.fa	203200	0.268185	0.212176	0.212316	0.865152	1600
C:\Users\isaac\phlag\caster\data\ape.fa	203600	0.268185	0.235968	0.270176	0.865336	1600
C:\Users\isaac\phlag\caster\data\ape.fa	204000	0.184636	0.165204	0.577952	0.865443	1600
C:\Users\isaac\phlag\caster\data\ape.fa	204400	0.268185	0.18886	0.162163	0.865467	1600
C:\Users\isaac\phlag\caster\data\ape.fa	204800	0.263979	0.18886	0.481427	0.865464	1600
C:\Users\isaac\phlag\caster\data\ape.fa	205200	0.268185	0.18886	0.374356	0.865467	1600
C:\Users\isaac\phlag\caster\data\ape.fa	205600	0.268185	0.18886	0.366815	0.865467	1600
C:\Users\isaac\phlag\caster\data\ape.fa	206000	0.268185	0.18886	0.321152	0.865467	1600
C:\Users\isaac\phlag\caster\data\ape.fa	206400	0.181608	0.18886	0.161909	0.865599	1600
C:\Users\isaac\phlag\caster\data\ape.fa	206800	0.182675	0.18886	0.324881	0.865204	1600
C:\Users\isaac\phlag\caster\data\ape.fa	207200	0.225809	0.18886	0.242115	0.870587	1600
C:\Users\isaac\phlag\caster\data\ape.fa	207600	0.182854	0.18886	0.355665	0.8653	1600
C:\Users\isaac\phlag\caster\data\ape.fa	208000	0.268185	0.188417	0.321042	0.865468	1600
C:\Users\isaac\phlag\caster\data\ape.fa	208400	0.351549	0.141	0.216683	0.847933	1600
C:\Users\isaac\phlag\caster\data\ape.fa	208800	0.268185	0.112291	0.531947	0.865567	1600
C:\Users\isaac\phlag\caster\data\ape.fa	209200	0.268185	0.0919693	0.213062	0.865212	1600
C:\Users\isaac\phlag\caster\data\ape.fa	209600	0.268185	0.18886	0.27055	0.865467	1600
C:\Users\isaac\phlag\caster\data\ape.fa	210000	0.180515	0.18886	0.269139	0.870314	1600
C:\Users\isaac\phlag\caster\data\ape.fa	210400	0.342407	0.18886	0.26364	0.865599	1600
C:\Users\isaac\phlag\caster\data\ape.fa	210800	0.268185	0.18886	0.270634	0.865467	1600
C:\Users\isaac\phlag\caster\data\ape.fa	211200	0.268185	0.259423	0.431857	0.865396	1600
C:\Users\isaac\phlag\caster\data\ape.fa	211600	0.180054	0.284119	0.540872	0.865353	1600
C:\Users\isaac\phlag\caster\data\ape.fa	212000	0.268185	0.18886	0.470999	0.865467	1600
C:\Users\isaac\phlag\caster\data\ape.fa	212400	0.268185	0.18886	0.271368	0.865467	1600
C:\Users\isaac\phlag\caster\data\ape.fa	212800	0.435395	0.28202	0.216683	0.865467	1600
C:\Users\isaac\phlag\caster\data\ape.fa	213200	0.353814	0.164322	0.595903	0.86552	1600
C:\Users\isaac\phlag\caster\data\ape.fa	213600	0.268185	0.18886	0.321741	0.865467	1600
C:\Users\isaac\phlag\caster\data\ape.fa	214000	0.309744	0.18886	0.350647	0.86551	1600
C:\Users\isaac\phlag\caster\data\ape.fa	214400	0.352428	0.18886	0.216658	0.86573	1600
C:\Users\isaac\phlag\caster\data\ape.fa	214800	0.268185	0.0934049	0.481893	0.865649	1600
C:\Users\isaac\phlag\caster\data\ape.fa	215200	0.351956	0.18886	0.428679	0.86552	1600
C:\Users\isaac\phlag\caster\data\ape.fa	215600	0.268185	0.212702	0.324976	0.865414	1600
C:\Users\isaac\phlag\caster\data\ape.fa	216000	0.311539	0.164643	0.189183	0.864943	1600
C:\Users\isaac\phlag\caster\data\ape.fa	216400	0.353955	0.18886	0.216683	0.86573	1600
C:\Users\isaac\phlag\caster\data\ape.fa	216800	0.268185	0.212497	0.270363	0.865379	1600
C:\Users\isaac\phlag\caster\data\ape.fa	217200	0.268185	0.18886	0.649048	0.865467	1600
C:\Users\isaac\phlag\caster\data\ape.fa	217600	0.354562	0.18886	0.216683	0.86573	1600
C:\Users\isaac\phlag\caster\data\ape.fa	218000	0.268185	0.212091	0.216683	0.865204	1600
C:\Users\isaac\phlag\caster\data\ape.fa	218400	0.436696	0.18886	0.482263	0.865542	1600
C:\Users\isaac\phlag\caster\data\ape.fa	218800	0.268185	0.211011	0.464482	0.865443	1600
C:\Users\isaac\phlag\caster\data\ape.fa	219200	0.176841	0.18886	0.319967	0.865133	1600
C:\Users\isaac\phlag\caster\data\ape.fa	219600	0.268185	0.18886	0.216683	0.865467	1600
C:\Users\isaac\phlag\caster\data\ape.fa	220000	0.268185	0.18886	0.687303	0.865467	1600
C:\Users\isaac\phlag\caster\data\ape.fa	220400	0.268185	0.140975	0.675774	0.865502	1600
C:\Users\isaac\phlag\caster\data\ape.fa	220800	0.268185	0.164505	0.374408	0.865523	1600
C:\Users\isaac\phlag\caster\data\ape.fa	221200	0.268185	0.18886	0.37418	0.865467	1600
C:\Users\isaac\phlag\caster\data\ape.fa	221600	0.268185	0.18886	0.321839	0.865467	1600
C:\Users\isaac\phlag\caster\data\ape.fa	222000	0.268185	0.18886	0.534629	0.865467	1600
C:\Users\isaac\phlag\caster\data\ape.fa	222400	0.432448	0.18886	0.216683	0.86573	1600
C:\Users\isaac\phlag\caster\data\ape.fa	222800	0.268185	0.185926	0.216683	0.865204	1600
C:\Users\isaac\phlag\caster\data\ape.fa	223200	0.268185	0.18886	0.216683	0.865467	1600
C:\Users\isaac\phlag\caster\data\ape.fa	223600	0.181783	0.18886	0.319375	0.865168	1600
C:\Users\isaac\phlag\caster\data\ape.fa	224000	0.353562	0.283994	0.270697	0.865401	1600
C:\Users\isaac\phlag\caster\data\ape.fa	224400	0.268185	0.165076	0.531297	0.865492	1600
C:\Users\isaac\phlag\caster\data\ape.fa	224800	0.268185	0.18886	0.216683	0.865467	1600
C:\Users\isaac\phlag\caster\data\ape.fa	225200	0.268185	0.18886	0.216683	0.865467	1600
C:\Users\isaac\phlag\caster\data\ape.fa	225600	0.268185	0.212718	0.323922	0.865414	1600
C:\Users\isaac\phlag\caster\data\ape.fa	226000	0.268185	0.236583	0.216683	0.865204	1600
C:\Users\isaac\phlag\caster\data\ape.fa	226400	0.268185	0.234223	0.216683	0.865204	1600
C:\Users\isaac\phlag\caster\data\ape.fa	226800	0.0956721	0.18886	0.16184	0.865642	1600
C:\Users\isaac\phlag\caster\data\ape.fa	227200	0.268185	0.165101	0.162723	0.865379	1600
C:\Users\isaac\phlag\caster\data\ape.fa	227600	0.268185	0.18886	0.267618	0.865467	1600
C:\Users\isaac\phlag\caster\data\ape.fa	228000	0.268185	0.18886	0.270102	0.865467	1600
C:\Users\isaac\phlag\caster\data\ape.fa	228400	0.268185	0.18886	0.425209	0.865467	1600
C:\Users\isaac\phlag\caster\data\ape.fa	228800	0.268185	0.185128	0.318758	0.865478	1600
C:\Users\isaac\phlag\caster\data\ape.fa	229200	0.268185	0.282457	0.482391	0.865392	1600
C:\Users\isaac\phlag\caster\data\ape.fa	229600	0.268185	0.18886	0.323359	0.865467	1600
C:\Users\isaac\phlag\caster\data\ape.fa	230000	0.268185	0.188471	0.534546	0.865467	1600
C:\Users\isaac\phlag\caster\data\ape.fa	230400	0.268185	0.165684	0.425621	0.865505	1600
C:\Users\isaac\phlag\caster\data\ape.fa	230800	0.261248	0.18886	0.265601	0.865441	1600
C:\Users\isaac\phlag\caster\data\ape.fa	231200	0.268185	0.18886	0.324102	0.865467	1600
C:\Users\isaac\phlag\caster\data\ape.fa	231600	0.268185	0.18886	0.209676	0.865467	1600
C:\Users\isaac\phlag\caster\data\ape.fa	232000	0.268185	0.18886	0.518974	0.865467	1600
C:\Users\isaac\phlag\caster\data\ape.fa	232400	0.389553	0.211086	0.295605	0.865542	1600
C:\Users\isaac\phlag\caster\data\ape.fa	232800	0.268185	0.18886	0.322049	0.865467	1600
C:\Users\isaac\phlag\caster\data\ape.fa	233200	0.268185	0.18886	0.216683	0.865467	1600
C:\Users\isaac\phlag\caster\data\ape.fa	233600	0.268185	0.212547	0.700839	0.865453	1600
C:\Users\isaac\phlag\caster\data\ape.fa	234000	0.268185	0.18886	0.375116	0.865467	1600
C:\Users\isaac\phlag\caster\data\ape.fa	234400	0.353088	0.0939531	0.216512	0.864684	1600
C:\Users\isaac\phlag\caster\data\ape.fa	234800	0.268185	0.18886	0.420717	0.865467	1600
C:\Users\isaac\phlag\caster\data\ape.fa	235200	0.268185	0.18886	0.31835	0.865467	1600
C:\Users\isaac\phlag\caster\data\ape.fa	235600	0.268185	0.18886	0.374993	0.865467	1600
C:\Users\isaac\phlag\caster\data\ape.fa	236000	0.352219	0.18886	0.216683	0.86573	1600
C:\Users\isaac\phlag\caster\data\ape.fa	236400	0.268185	0.258553	0.211427	0.865185	1600
C:\Users\isaac\phlag\caster\data\ape.fa	236800	0.350307	0.18886	0.372549	0.865533	1600
C:\Users\isaac\phlag\caster\data\ape.fa	237200	0.3539	0.18886	0.216683	0.86573	1600
C:\Users\isaac\phlag\caster\data\ape.fa	237600	0.268185	0.284912	0.271218	0.865292	1600
C:\Users\isaac\phlag\caster\data\ape.fa	238000	0.0936566	0.18886	0.212281	0.86572	1600
C:\Users\isaac\phlag\caster\data\ape.fa	238400	0.268185	0.18886	0.427473	0.865467	1600
C:\Users\isaac\phlag\caster\data\ape.fa	238800	0.0981608	0.18886	0.269381	0.865983	1600
C:\Users\isaac\phlag\caster\data\ape.fa	239200	0.354263	0.18886	0.434516	0.86552	1600
C:\Users\isaac\phlag\caster\data\ape.fa	239600	0.268185	0.261116	0.436012	0.865395	1600
C:\Users\isaac\phlag\caster\data\ape.fa	240000	0	0.18886	0.269929	0.86585	1600
C:\Users\isaac\phlag\caster\data\ape.fa	240400	0.351094	0.18661	0.216683	0.865757	1600
C:\Users\isaac\phlag\caster\data\ape.fa	240800	0.268185	0.18886	0.374577	0.865467	1600
C:\Users\isaac\phlag\caster\data\ape.fa	241200	0.346378	0.18886	0.314915	0.865555	1600
C:\Users\isaac\phlag\caster\data\ape.fa	241600	0.346364	0.18886	0.319305	0.865553	1600
C:\Users\isaac\phlag\caster\data\ape.fa	242000	0.268185	0.211838	0.216683	0.865204	1600
C:\Users\isaac\phlag\caster\data\ape.fa	242400	0.268185	0.186771	0.216683	0.865204	1600
C:\Users\isaac\phlag\caster\data\ape.fa	242800	0.0975557	0.18886	0.574666	0.865353	1600
C:\Users\isaac\phlag\caster\data\ape.fa	243200	0.268185	0.18886	0.534861	0.865467	1600
C:\Users\isaac\phlag\caster\data\ape.fa	243600	0.359843	0.234905	0.216683	0.865481	1600
C:\Users\isaac\phlag\caster\data\ape.fa	244000	0.268185	0.18886	0.323785	0.865467	1600
C:\Users\isaac\phlag\caster\data\ape.fa	244400	0.268185	0.18886	0.269863	0.865467	1600
C:\Users\isaac\phlag\caster\data\ape.fa	244800	0.309346	0.234726	0.294806	0.865423	1600
C:\Users\isaac\phlag\caster\data\ape.fa	245200	0.310803	0.18886	0.296902	0.865533	1600
C:\Users\isaac\phlag\caster\data\ape.fa	245600	0.137819	0.187413	0.349101	0.865027	1600
C:\Users\isaac\phlag\caster\data\ape.fa	246000	0.268185	0.18886	0.216683	0.865467	1600
C:\Users\isaac\phlag\caster\data\ape.fa	246400	0.268185	0.18886	0.216683	0.865467	1600
C:\Users\isaac\phlag\caster\data\ape.fa	246800	0.3527	0.18886	0.21478	0.86574	1600
C:\Users\isaac\phlag\caster\data\ape.fa	247200	0.268185	0.18886	0.375691	0.865467	1600
C:\Users\isaac\phlag\caster\data\ape.fa	247600	0.268185	0.18886	0.216683	0.865467	1600
C:\Users\isaac\phlag\caster\data\ape.fa	248000	0.268185	0.137055	0.315334	0.865856	1600
C:\Users\isaac\phlag\caster\data\ape.fa	248400	0.268185	0.18886	0.529713	0.865467	1600
C:\Users\isaac\phlag\caster\data\ape.fa	248800	0.309266	0.282715	0.401884	0.8654	1600
C:\Users\isaac\phlag\caster\data\ape.fa	249200	0.268185	0.18886	0.216683	0.865467	1600
C:\Users\isaac\phlag\caster\data\ape.fa	249600	0.226667	0.18886	0.502353	0.86544	1600
C:\Users\isaac\phlag\caster\data\ape.fa	250000	0.268185	0.18886	0.322533	0.865467	1600
C:\Users\isaac\phlag\caster\data\ape.fa	250400	0.268185	0.257946	0.422491	0.865394	1600
C:\Users\isaac\phlag\caster\data\ape.fa	250800	0.35391	0.18886	0.322989	0.865556	1600
C:\Users\isaac\phlag\caster\data\ape.fa	251200	0.268185	0.18886	0.32513	0.865467	1600
C:\Users\isaac\phlag\caster\data\ape.fa	251600	0.268185	0.259092	0.10678	0.866163	1600
C:\Users\isaac\phlag\caster\data\ape.fa	252000	0.268185	0.237256	0.216683	0.865204	1600
C:\Users\isaac\phlag\caster\data\ape.fa	252400	0.353818	0.18886	0.32483	0.865555	1600
C:\Users\isaac\phlag\caster\data\ape.fa	252800	0.354894	0.261324	0.436113	0.865447	1600
C:\Users\isaac\phlag\caster\data\ape.fa	253200	0.433816	0.213423	0.474912	0.865519	1600
C:\Users\isaac\phlag\caster\data\ape.fa	253600	0.268185	0.18886	0.324578	0.865467	1600
C:\Users\isaac\phlag\caster\data\ape.fa	254000	0.309618	0.18886	0.242543	0.865599	1600
C:\Users\isaac\phlag\caster\data\ape.fa	254400	0.309925	0.18886	0.295904	0.865533	1600
C:\Users\isaac\phlag\caster\data\ape.fa	254800	0.268185	0.236755	0.324465	0.865379	1600
C:\Users\isaac\phlag\caster\data\ape.fa	255200	0.182257	0.18886	0.320233	0.865176	1600
C:\Users\isaac\phlag\caster\data\ape.fa	255600	0.268185	0.236161	0.53896	0.865429	1600
C:\Users\isaac\phlag\caster\data\ape.fa	256000	0.350545	0.234746	0.215869	0.865467	1600
C:\Users\isaac\phlag\caster\data\ape.fa	256400	0.268185	0.18886	0.216683	0.865467	1600
C:\Users\isaac\phlag\caster\data\ape.fa	256800	0.268185	0.165827	0.320612	0.865556	1600
C:\Users\isaac\phlag\caster\data\ape.fa	257200	0.183786	0.18886	0.321623	0.865195	1600
C:\Users\isaac\phlag\caster\data\ape.fa	257600	0.268185	0.211839	0.216477	0.865202	1600
C:\Users\isaac\phlag\caster\data\ape.fa	258000	0.268185	0.164269	0.485246	0.865498	1600
C:\Users\isaac\phlag\caster\data\ape.fa	258400	0.178663	0.165077	0.216683	0.86556	1600
C:\Users\isaac\phlag\caster\data\ape.fa	258800	0.268185	0.18886	0.324405	0.865467	1600
C:\Users\isaac\phlag\caster\data\ape.fa	259200	0.267526	0.18886	0.378669	0.865466	1600
C:\Users\isaac\phlag\caster\data\ape.fa	259600	0.51785	0.18886	0.269056	0.865665	1600
C:\Users\isaac\phlag\caster\data\ape.fa	260000	0.268185	0.18886	0.216683	0.865467	1600
C:\Users\isaac\phlag\caster\data\ape.fa	260400	0.184881	0.161849	0.374283	0.865389	1600
C:\Users\isaac\phlag\caster\data\ape.fa	260800	0.268185	0.18886	0.216683	0.865467	1600
C:\Users\isaac\phlag\caster\data\ape.fa	261200	0.268185	0.18886	0.589451	0.865467	1600
C:\Users\isaac\phlag\caster\data\ape.fa	261600	0.268185	0.211456	0.418233	0.865437	1600
C:\Users\isaac\phlag\caster\data\ape.fa	262000	0.268185	0.282873	0.214911	0.8652	1600
C:\Users\isaac\phlag\caster\data\ape.fa	262400	0.268185	0.18886	0.269758	0.865467	1600
C:\Users\isaac\phlag\caster\data\ape.fa	262800	0.268185	0.212776	0.434987	0.865438	1600
C:\Users\isaac\phlag\caster\data\ape.fa	263200	0.268185	0.18886	0.380171	0.865467	1600
C:\Users\isaac\phlag\caster\data\ape.fa	263600	0.268185	0.211597	0.526511	0.865447	1600
C:\Users\isaac\phlag\caster\data\ape.fa	264000	0.268185	0.212377	0.265189	0.865374	1600
C:\Users\isaac\phlag\caster\data\ape.fa	264400	0.268185	0.164603	0.480328	0.865498	1600
C:\Users\isaac\phlag\caster\data\ape.fa	264800	0.351599	0.18886	0.376561	0.865532	1600
C:\Users\isaac\phlag\caster\data\ape.fa	265200	0.268185	0.18886	0.160522	0.865467	1600
C:\Users\isaac\phlag\caster\data\ape.fa	265600	0.353646	0.18886	0.21596	0.865734	1600
C:\Users\isaac\phlag\caster\data\ape.fa	266000	0.268185	0.18886	0.374464	0.865467	1600
C:\Users\isaac\phlag\caster\data\ape.fa	266400	0.268185	0.18886	0.216683	0.865467	1600
C:\Users\isaac\phlag\caster\data\ape.fa	266800	0.268185	0.18886	0.270375	0.865467	1600
C:\Users\isaac\phlag\caster\data\ape.fa	267200	0.348791	0.141294	0.267679	0.866043	1600
C:\Users\isaac\phlag\caster\data\ape.fa	267600	0.268185	0.235628	0.269789	0.865336	1600
C:\Users\isaac\phlag\caster\data\ape.fa	268000	0.268185	0.165225	0.484094	0.865496	1600
C:\Users\isaac\phlag\caster\data\ape.fa	268400	0.593562	0.18886	0.374415	0.865616	1600
C:\Users\isaac\phlag\caster\data\ape.fa	268800	0.268185	0.212189	0.534573	0.865447	1600
C:\Users\isaac\phlag\caster\data\ape.fa	269200	0.268185	0.165685	0.582909	0.865487	1600
C:\Users\isaac\phlag\caster\data\ape.fa	269600	0.268185	0.140672	0.324946	0.865736	1600
C:\Users\isaac\phlag\caster\data\ape.fa	270000	0.268185	0.23535	0.37434	0.865401	1600
C:\Users\isaac\phlag\caster\data\ape.fa	270400	0.268185	0.18886	0.216683	0.865467	1600
C:\Users\isaac\phlag\caster\data\ape.fa	270800	0.352241	0.18886	0.375275	0.865533	1600
C:\Users\isaac\phlag\caster\data\ape.fa	271200	0.180577	0.164455	0.326182	0.86519	1600
C:\Users\isaac\phlag\caster\data\ape.fa	271600	0.268185	0.18886	0.428024	0.865467	1600
C:\Users\isaac\phlag\caster\data\ape.fa	272000	0.426776	0.18886	0.317018	0.865599	1600
C:\Users\isaac\phlag\caster\data\ape.fa	272400	0.268185	0.18886	0.160718	0.865467	1600
C:\Users\isaac\phlag\caster\data\ape.fa	272800	0.268185	0.18886	0.669293	0.865467	1600
C:\Users\isaac\phlag\caster\data\ape.fa	273200	0.433568	0.140552	0.215412	0.866332	1600
C:\Users\isaac\phlag\caster\data\ape.fa	273600	0.352915	0.18886	0.267384	0.865602	1600
C:\Users\isaac\phlag\caster\data\ape.fa	274000	0.268185	0.306425	0.376883	0.865347	1600
C:\Users\isaac\phlag\caster\data\ape.fa	274400	0.268185	0.188833	0.548333	0.865467	1600
C:\Users\isaac\phlag\caster\data\ape.fa	274800	0.268185	0.139914	0.54425	0.865521	1600
C:\Users\isaac\phlag\caster\data\ape.fa	275200	0.268185	0.18886	0.270923	0.865467	1600
C:\Users\isaac\phlag\caster\data\ape.fa	275600	0.180836	0.18886	0.326992	0.865203	1600
C:\Users\isaac\phlag\caster\data\ape.fa	276000	0.179245	0.18886	0.216683	0.86573	1600
C:\Users\isaac\phlag\caster\data\ape.fa	276400	0.182348	0.18886	0.216683	0.86573	1600
C:\Users\isaac\phlag\caster\data\ape.fa	276800	0.268185	0.21096	0.417445	0.865438	1600
C:\Users\isaac\phlag\caster\data\ape.fa	277200	0.181327	0.18886	0.537935	0.865413	1600
C:\Users\isaac\phlag\caster\data\ape.fa	277600	0.353481	0.18886	0.4865	0.865511	1600
C:\Users\isaac\phlag\caster\data\ape.fa	278000	0.441747	0.345333	0.470863	0.865434	1600
C:\Users\isaac\phlag\caster\data\ape.fa	278400	0.268185	0.18886	0.428454	0.865467	1600
C:\Users\isaac\phlag\caster\data\ape.fa	278800	0.268185	0.18886	0.436659	0.865467	1600
C:\Users\isaac\phlag\caster\data\ape.fa	279200	0.437868	0.236129	0.485064	0.8655	1600
C:\Users\isaac\phlag\caster\data\ape.fa	279600	0.268185	0.236772	0.271089	0.865336	1600
C:\Users\isaac\phlag\caster\data\ape.fa	280000	0.268185	0.237116	0.216683	0.865204	1600
C:\Users\isaac\phlag\caster\data\ape.fa	280400	0.268185	0.18886	0.325363	0.865467	1600
C:\Users\isaac\phlag\caster\data\ape.fa	280800	0.268185	0.18886	0.323127	0.865467	1600
C:\Users\isaac\phlag\caster\data\ape.fa	281200	0.353027	0.212495	0.216683	0.865555	1600
C:\Users\isaac\phlag\caster\data\ape.fa	281600	0.349931	0.18886	0.475271	0.865511	1600
C:\Users\isaac\phlag\caster\data\ape.fa	282000	0.268185	0.256573	0.267943	0.865309	1600
C:\Users\isaac\phlag\caster\data\ape.fa	282400	0.180803	0.18886	0.542287	0.865413	1600
C:\Users\isaac\phlag\caster\data\ape.fa	282800	0.268185	0.18886	0.574742	0.865467	1600
C:\Users\isaac\phlag\caster\data\ape.fa	283200	0.268185	0.18886	0.431822	0.865467	1600
C:\Users\isaac\phlag\caster\data\ape.fa	283600	0.268185	0.18886	0.424371	0.865467	1600
C:\Users\isaac\phlag\caster\data\ape.fa	284000	0.1801	0.18886	0.323535	0.86518	1600
C:\Users\isaac\phlag\caster\data\ape.fa	284400	0.268185	0.18886	0.322869	0.865467	1600
C:\Users\isaac\phlag\caster\data\ape.fa	284800	0.268185	0.18886	0.432177	0.865467	1600
C:\Users\isaac\phlag\caster\data\ape.fa	285200	0.268185	0.235761	0.216683	0.865204	1600
C:\Users\isaac\phlag\caster\data\ape.fa	285600	0.268185	0.18886	0.270051	0.865467	1600
C:\Users\isaac\phlag\caster\data\ape.fa	286000	0.268185	0.188802	0.372293	0.865467	1600
C:\Users\isaac\phlag\caster\data\ape.fa	286400	0.268185	0.234204	0.268173	0.865336	1600
C:\Users\isaac\phlag\caster\data\ape.fa	286800	0.31108	0.236657	0.132782	0.868338	1600
C:\Users\isaac\phlag\caster\data\ape.fa	287200	0.268185	0.21166	0.63092	0.865452	1600
C:\Users\isaac\phlag\caster\data\ape.fa	287600	0.268185	0.18886	0.161862	0.865467	1600
C:\Users\isaac\phlag\caster\data\ape.fa	288000	0.182182	0.18886	0.434274	0.865379	1600
C:\Users\isaac\phlag\caster\data\ape.fa	288400	0.268185	0.18886	0.706768	0.865467	1600
C:\Users\isaac\phlag\caster\data\ape.fa	288800	0.268185	0.211757	0.580682	0.86545	1600
C:\Users\isaac\phlag\caster\data\ape.fa	289200	0.268185	0.140317	0.161548	0.865336	1600
C:\Users\isaac\phlag\caster\data\ape.fa	289600	0.268185	0.18886	0.317134	0.865467	1600
C:\Users\isaac\phlag\caster\data\ape.fa	290000	0.268185	0.235788	0.321321	0.865378	1600
C:\Users\isaac\phlag\caster\data\ape.fa	290400	0.2658	0.18886	0.427413	0.865465	1600
C:\Users\isaac\phlag\caster\data\ape.fa	290800	0.268185	0.235523	0.322339	0.865379	1600
C:\Users\isaac\phlag\caster\data\ape.fa	291200	0.268185	0.18886	0.270264	0.865467	1600
C:\Users\isaac\phlag\caster\data\ape.fa	291600	0.268185	0	0.42767	0.849225	1600
C:\Users\isaac\phlag\caster\data\ape.fa	292000	0.268185	0.285185	0.482538	0.86539	1600
C:\Users\isaac\phlag\caster\data\ape.fa	292400	0.268185	0.26095	0.325857	0.865354	1600
C:\Users\isaac\phlag\caster\data\ape.fa	292800	0.353963	0.18886	0.32522	0.865555	1600
C:\Users\isaac\phlag\caster\data\ape.fa	293200	0.351799	0.164678	0.214218	0.866387	1600
C:\Users\isaac\phlag\caster\data\ape.fa	293600	0.348441	0.18886	0.216683	0.86573	1600
C:\Users\isaac\phlag\caster\data\ape.fa	294000	0.352053	0.18886	0.322803	0.865555	1600
C:\Users\isaac\phlag\caster\data\ape.fa	294400	0.182214	0.0917164	0.324483	0.865209	1600
C:\Users\isaac\phlag\caster\data\ape.fa	294800	0.268185	0.18886	0.216581	0.865467	1600
C:\Users\isaac\phlag\caster\data\ape.fa	295200	0.268185	0.18886	0.326527	0.865467	1600
C:\Users\isaac\phlag\caster\data\ape.fa	295600	0.349713	0.18886	0.311978	0.865559	1600
C:\Users\isaac\phlag\caster\data\ape.fa	296000	0.185295	0.18886	0.32008	0.865196	1600
C:\Users\isaac\phlag\caster\data\ape.fa	296400	0.268185	0.18886	0.455994	0.865467	1600
C:\Users\isaac\phlag\caster\data\ape.fa	296800	0.263612	0.18886	0.324505	0.86546	1600
C:\Users\isaac\phlag\caster\data\ape.fa	297200	0.268185	0.18886	0.434394	0.865467	1600
C:\Users\isaac\phlag\caster\data\ape.fa	297600	0.268185	0.188159	0.322939	0.865469	1600
C:\Users\isaac\phlag\caster\data\ape.fa	298000	0.268185	0.18886	0.160896	0.865467	1600
C:\Users\isaac\phlag\caster\data\ape.fa	298400	0.268185	0.188248	0.377239	0.865468	1600
C:\Users\isaac\phlag\caster\data\ape.fa	298800	0.224166	0.119227	0.284019	0.865127	1600
C:\Users\isaac\phlag\caster\data\ape.fa	299200	0.268185	0.18886	0.476309	0.865467	1600
C:\Users\isaac\phlag\caster\data\ape.fa	299600	0.268185	0.212398	0.4294	0.865438	1600
C:\Users\isaac\phlag\caster\data\ape.fa	300000	0.268185	0.18886	0.323551	0.865467	1600
C:\Users\isaac\phlag\caster\data\ape.fa	300400	0.268185	0.18886	0.216683	0.865467	1600
C:\Users\isaac\phlag\caster\data\ape.fa	300800	0.268185	0.164637	0.435102	0.865505	1600
C:\Users\isaac\phlag\caster\data\ape.fa	301200	0.268185	0.18886	0.427402	0.865467	1600
C:\Users\isaac\phlag\caster\data\ape.fa	301600	0.268185	0.18886	0.373137	0.865467	1600
C:\Users\isaac\phlag\caster\data\ape.fa	302000	0.350259	0.18886	0.268389	0.865599	1600
C:\Users\isaac\phlag\caster\data\ape.fa	302400	0.175916	0.163157	0.214246	0.865552	1600
C:\Users\isaac\phlag\caster\data\ape.fa	302800	0.268185	0.188596	0.216683	0.865204	1600
C:\Users\isaac\phlag\caster\data\ape.fa	303200	0.268185	0.18886	0.320694	0.865467	1600
C:\Users\isaac\phlag\caster\data\ape.fa	303600	0.268185	0.18886	0.216683	0.865467	1600
C:\Users\isaac\phlag\caster\data\ape.fa	304000	0.268185	0.214071	0.320543	0.86541	1600
C:\Users\isaac\phlag\caster\data\ape.fa	304400	0.268185	0.18886	0.371643	0.865467	1600
C:\Users\isaac\phlag\caster\data\ape.fa	304800	0.268185	0.18886	0.58076	0.865467	1600
C:\Users\isaac\phlag\caster\data\ape.fa	305200	0.268185	0.18886	0.529137	0.865467	1600
C:\Users\isaac\phlag\caster\data\ape.fa	305600	0.182897	0.0711552	0.267958	0.865313	1600
C:\Users\isaac\phlag\caster\data\ape.fa	306000	0.268185	0.18886	0.631685	0.865467	1600
C:\Users\isaac\phlag\caster\data\ape.fa	306400	0.430767	0.165882	0.520113	0.865556	1600
C:\Users\isaac\phlag\caster\data\ape.fa	306800	0.346378	0.18886	0.315622	0.865555	1600
C:\Users\isaac\phlag\caster\data\ape.fa	307200	0.268185	0.238668	0.48386	0.865421	1600
C:\Users\isaac\phlag\caster\data\ape.fa	307600	0.340242	0.18886	0.267936	0.865591	1600
C:\Users\isaac\phlag\caster\data\ape.fa	308000	0.268185	0.18886	0.42188	0.865467	1600
C:\Users\isaac\phlag\caster\data\ape.fa	308400	0.182079	0.236647	0.216683	1	1600
C:\Users\isaac\phlag\caster\data\ape.fa	308800	0.268185	0.18886	0.37457	0.865467	1600
C:\Users\isaac\phlag\caster\data\ape.fa	309200	0.352102	0.18886	0.695182	0.865493	1600
C:\Users\isaac\phlag\caster\data\ape.fa	309600	0.437267	0.18886	0	0.865211	1600
C:\Users\isaac\phlag\caster\data\ape.fa	310000	0.268185	0.18886	0.216683	0.865467	1600
C:\Users\isaac\phlag\caster\data\ape.fa	310400	0.268185	0.18886	0.432806	0.865467	1600
C:\Users\isaac\phlag\caster\data\ape.fa	310800	0.268185	0.28355	0.108201	0.895026	1600
C:\Users\isaac\phlag\caster\data\ape.fa	311200	0.268185	0.140873	0.43463	0.865555	1600
C:\Users\isaac\phlag\caster\data\ape.fa	311600	0.268185	0.212276	0.801615	0.865456	1600
C:\Users\isaac\phlag\caster\data\ape.fa	312000	0.268185	0.18886	0.216683	0.865467	1600
C:\Users\isaac\phlag\caster\data\ape.fa	312400	0.268185	0.18886	0.269576	0.865467	1600
C:\Users\isaac\phlag\caster\data\ape.fa	312800	0.268185	0.18886	0.216683	0.865467	1600
C:\Users\isaac\phlag\caster\data\ape.fa	313200	0.268185	0.478347	0.490622	0.865324	1600
C:\Users\isaac\phlag\caster\data\ape.fa	313600	0.181078	0.284962	0.216102	0.864659	1600
C:\Users\isaac\phlag\caster\data\ape.fa	314000	0.268185	0.205119	0.317974	0.865427	1600
C:\Users\isaac\phlag\caster\data\ape.fa	314400	0.268185	0.18886	0.315859	0.865467	1600
C:\Users\isaac\phlag\caster\data\ape.fa	314800	0.268185	0.18886	0.432337	0.865467	1600
C:\Users\isaac\phlag\caster\data\ape.fa	315200	0.268185	0.18886	0.325425	0.865467	1600
C:\Users\isaac\phlag\caster\data\ape.fa	315600	0.349877	0.18886	0.216683	0.86573	1600
C:\Users\isaac\phlag\caster\data\ape.fa	316000	0.268185	0.0917092	0.214081	0.86521	1600
C:\Users\isaac\phlag\caster\data\ape.fa	316400	0.268185	0.187055	0.216683	0.865204	1600
C:\Users\isaac\phlag\caster\data\ape.fa	316800	0.268185	0.18886	0.376895	0.865467	1600
C:\Users\isaac\phlag\caster\data\ape.fa	317200	0.268185	0.18886	0.376372	0.865467	1600
C:\Users\isaac\phlag\caster\data\ape.fa	317600	0.430572	0.18886	0.213017	0.86574	1600
C:\Users\isaac\phlag\caster\data\ape.fa	318000	0.268185	0.212245	0.322899	0.865414	1600
C:\Users\isaac\phlag\caster\data\ape.fa	318400	0.268185	0.18886	0.431259	0.865467	1600
C:\Users\isaac\phlag\caster\data\ape.fa	318800	0.268185	0.253603	0.305584	0.865348	1600
C:\Users\isaac\phlag\caster\data\ape.fa	319200	0.268185	0.18886	0.322918	0.865467	1600
C:\Users\isaac\phlag\caster\data\ape.fa	319600	0.268185	0.18886	0.216683	0.865467	1600
C:\Users\isaac\phlag\caster\data\ape.fa	320000	0.266201	0.0904959	0.216683	0.86521	1600
C:\Users\isaac\phlag\caster\data\ape.fa	320400	0.349008	0.36898	0.267817	0.865336	1600
C:\Users\isaac\phlag\caster\data\ape.fa	320800	0.352388	0.18886	0.162499	0.850085	1600
C:\Users\isaac\phlag\caster\data\ape.fa	321200	0.268185	0.18886	0.368664	0.865467	1600
C:\Users\isaac\phlag\caster\data\ape.fa	321600	0.266846	0.16426	0.216683	0.865219	1600
C:\Users\isaac\phlag\caster\data\ape.fa	322000	0.268185	0.280679	0.216683	0.865204	1600
C:\Users\isaac\phlag\caster\data\ape.fa	322400	0.181086	0.259041	0.269812	0.865011	1600
C:\Users\isaac\phlag\caster\data\ape.fa	322800	0.268185	0.28337	0.215046	0.8652	1600
C:\Users\isaac\phlag\caster\data\ape.fa	323200	0.268185	0.164014	0.433165	0.865506	1600
C:\Users\isaac\phlag\caster\data\ape.fa	323600	0.352272	0.212285	0.635172	0.865481	1600
C:\Users\isaac\phlag\caster\data\ape.fa	324000	0.268185	0.165375	0.216683	0.865204	1600
C:\Users\isaac\phlag\caster\data\ape.fa	324400	0.268185	0.18886	0.268448	0.865467	1600
C:\Users\isaac\phlag\caster\data\ape.fa	324800	0.268185	0.237166	0.271536	0.865336	1600
C:\Users\isaac\phlag\caster\data\ape.fa	325200	0.268185	0.165247	0.428001	0.865505	1600
C:\Users\isaac\phlag\caster\data\ape.fa	325600	0.268185	0.212259	0.322962	0.865414	1600
C:\Users\isaac\phlag\caster\data\ape.fa	326000	0.268185	0.0921252	0.270912	0.864947	1600
C:\Users\isaac\phlag\caster\data\ape.fa	326400	0.268185	0.18886	0.378055	0.865467	1600
C:\Users\isaac\phlag\caster\data\ape.fa	326800	0.354761	0.18886	0.160848	0.851887	1600
C:\Users\isaac\phlag\caster\data\ape.fa	327200	0.263287	0.164839	0.216683	0.865258	1600
C:\Users\isaac\phlag\caster\data\ape.fa	327600	0.268185	0.164497	0.652727	0.865485	1600
C:\Users\isaac\phlag\caster\data\ape.fa	328000	0.268185	0.18886	0.32179	0.865467	1600
C:\Users\isaac\phlag\caster\data\ape.fa	328400	0.268185	0.241752	0.158985	0.858782	1600
C:\Users\isaac\phlag\caster\data\ape.fa	328800	0.268185	0.327976	0.374655	0.865336	1600
C:\Users\isaac\phlag\caster\data\ape.fa	329200	0.268185	0.211598	0.578152	0.86545	1600
C:\Users\isaac\phlag\caster\data\ape.fa	329600	0.268185	0.18886	0.648194	0.865467	1600
C:\Users\isaac\phlag\caster\data\ape.fa	330000	0.268185	0.18886	0.216683	0.865467	1600
C:\Users\isaac\phlag\caster\data\ape.fa	330400	0.268185	0.259692	0.216683	0.865204	1600
C:\Users\isaac\phlag\caster\data\ape.fa	330800	0.350248	0.234581	0.318216	0.865467	1600
C:\Users\isaac\phlag\caster\data\ape.fa	331200	0.268185	0.18886	0.326233	0.865467	1600
C:\Users\isaac\phlag\caster\data\ape.fa	331600	0.268185	0.18886	0.315544	0.865467	1600
C:\Users\isaac\phlag\caster\data\ape.fa	332000	0.268185	0.18886	0.369477	0.865467	1600
C:\Users\isaac\phlag\caster\data\ape.fa	332400	0.268185	0.212432	0.429006	0.865438	1600
C:\Users\isaac\phlag\caster\data\ape.fa	332800	0.264985	0.18886	0.320964	0.865462	1600
C:\Users\isaac\phlag\caster\data\ape.fa	333200	0.268185	0.18886	0.268446	0.865467	1600
C:\Users\isaac\phlag\caster\data\ape.fa	333600	0.184743	0.18886	0.372605	0.865332	1600
C:\Users\isaac\phlag\caster\data\ape.fa	334000	0.268185	0.18886	0.109875	0.865467	1600
C:\Users\isaac\phlag\caster\data\ape.fa	334400	0.268185	0.370918	0.371734	0.865317	1600
C:\Users\isaac\phlag\caster\data\ape.fa	334800	0.268185	0.18886	0.216683	0.865467	1600
C:\Users\isaac\phlag\caster\data\ape.fa	335200	0.351482	0.18886	0.215802	0.865735	1600
C:\Users\isaac\phlag\caster\data\ape.fa	335600	0.268185	0.212386	0.216683	0.865204	1600
C:\Users\isaac\phlag\caster\data\ape.fa	336000	0.268185	0.18886	0.216683	0.865467	1600
C:\Users\isaac\phlag\caster\data\ape.fa	336400	0.268185	0.18886	0.382393	0.865467	1600
C:\Users\isaac\phlag\caster\data\ape.fa	336800	0.268185	0.18886	0.316057	0.865467	1600
C:\Users\isaac\phlag\caster\data\ape.fa	337200	0.268185	0.210255	0.375158	0.865432	1600
C:\Users\isaac\phlag\caster\data\ape.fa	337600	0.266902	0.18886	0.216683	0.86573	1600
C:\Users\isaac\phlag\caster\data\ape.fa	338000	0.308272	0.18886	0.186727	0.864015	1600
C:\Users\isaac\phlag\caster\data\ape.fa	338400	0.268185	0.208314	0.318885	0.86542	1600
C:\Users\isaac\phlag\caster\data\ape.fa	338800	0.268185	0.18886	0.269975	0.865467	1600
C:\Users\isaac\phlag\caster\data\ape.fa	339200	0.268185	0.18886	0.375929	0.865467	1600
C:\Users\isaac\phlag\caster\data\ape.fa	339600	0.181776	0.18885	0.379808	0.865334	1600
C:\Users\isaac\phlag\caster\data\ape.fa	340000	0.268185	0.18886	0.2693	0.865467	1600
C:\Users\isaac\phlag\caster\data\ape.fa	340400	0.268185	0.18886	0.537487	0.865467	1600
C:\Users\isaac\phlag\caster\data\ape.fa	340800	0.268185	0.18886	0.318024	0.865467	1600
C:\Users\isaac\phlag\caster\data\ape.fa	341200	0.268185	0.18886	0.869773	0.865467	1600
C:\Users\isaac\phlag\caster\data\ape.fa	341600	0.34916	0.166099	0.211477	0.866472	1600
C:\Users\isaac\phlag\caster\data\ape.fa	342000	0.350004	0.211653	0.268447	0.86552	1600
C:\Users\isaac\phlag\caster\data\ape.fa	342400	0.108651	0.144419	0.514132	0.865376	1600
C:\Users\isaac\phlag\caster\data\ape.fa	342800	0.268185	0.18886	0.216257	0.865467	1600
C:\Users\isaac\phlag\caster\data\ape.fa	343200	0.268185	0.286089	0.216683	0.865204	1600
C:\Users\isaac\phlag\caster\data\ape.fa	343600	0.430354	0.18886	0.473179	0.865542	1600
C:\Users\isaac\phlag\caster\data\ape.fa	344000	0.35094	0.18886	0.37375	0.865533	1600
C:\Users\isaac\phlag\caster\data\ape.fa	344400	0.268185	0.162934	0.677369	0.865485	1600
C:\Users\isaac\phlag\caster\data\ape.fa	344800	0.268185	0.164447	0.270959	0.865742	1600
C:\Users\isaac\phlag\caster\data\ape.fa	345200	0.268185	0.18886	0.420512	0.865467	1600
C:\Users\isaac\phlag\caster\data\ape.fa	345600	0.268185	0.18886	0.214376	0.865467	1600
C:\Users\isaac\phlag\caster\data\ape.fa	346000	0.268185	0.21267	0.324831	0.865414	1600
C:\Users\isaac\phlag\caster\data\ape.fa	346400	0.33875	0.163895	0.368697	0.865581	1600
C:\Users\isaac\phlag\caster\data\ape.fa	346800	0.177562	0.18886	0.426354	0.865368	1600
C:\Users\isaac\phlag\caster\data\ape.fa	347200	0.268185	0.18886	0.459068	0.865467	1600
C:\Users\isaac\phlag\caster\data\ape.fa	347600	0.268185	0.191325	0.429966	0.865464	1600
C:\Users\isaac\phlag\caster\data\ape.fa	348000	0.268185	0.164555	0.327048	0.865555	1600
C:\Users\isaac\phlag\caster\data\ape.fa	348400	0.263838	0.212685	0.161604	0.865722	1600
C:\Users\isaac\phlag\caster\data\ape.fa	348800	0.268185	0.18886	0.106189	0.865467	1600
C:\Users\isaac\phlag\caster\data\ape.fa	349200	0.268185	0.212697	0.216683	0.865204	1600
C:\Users\isaac\phlag\caster\data\ape.fa	349600	0.268185	0.212193	0.375652	0.865429	1600
C:\Users\isaac\phlag\caster\data\ape.fa	350000	0.438137	0.18886	0.43037	0.865555	1600
C:\Users\isaac\phlag\caster\data\ape.fa	350400	0.18036	0.23714	0.216683	0.904716	1600
C:\Users\isaac\phlag\caster\data\ape.fa	350800	0.268185	0.18886	0.327049	0.865467	1600
C:\Users\isaac\phlag\caster\data\ape.fa	351200	0.268185	0.276496	0.316197	0.865336	1600
C:\Users\isaac\phlag\caster\data\ape.fa	351600	0.182706	0.18886	0.322594	0.865193	1600
C:\Users\isaac\phlag\caster\data\ape.fa	352000	0.268185	0.18886	0.479749	0.865467	1600
C:\Users\isaac\phlag\caster\data\ape.fa	352400	0.268185	0.18886	0.267381	0.865467	1600
C:\Users\isaac\phlag\caster\data\ape.fa	352800	0.268185	0.204569	0.256158	0.865385	1600
C:\Users\isaac\phlag\caster\data\ape.fa	353200	0.268185	0.18886	0.373663	0.865467	1600
C:\Users\isaac\phlag\caster\data\ape.fa	353600	0.268185	0.163942	0.216683	0.865204	1600
C:\Users\isaac\phlag\caster\data\ape.fa	354000	0.268185	0.284399	0.540176	0.865401	1600
C:\Users\isaac\phlag\caster\data\ape.fa	354400	0.26771	0.188596	0.32384	0.865467	1600
C:\Users\isaac\phlag\caster\data\ape.fa	354800	0.179568	0.164174	0.429127	0.86541	1600
C:\Users\isaac\phlag\caster\data\ape.fa	355200	0.268185	0.236528	0.37907	0.865401	1600
C:\Users\isaac\phlag\caster\data\ape.fa	355600	0.268185	0.18886	0.595501	0.865467	1600
C:\Users\isaac\phlag\caster\data\ape.fa	356000	0.268185	0.327158	0.216683	0.865204	1600
C:\Users\isaac\phlag\caster\data\ape.fa	356400	0.352589	0.212373	0.270082	0.86552	1600
C:\Users\isaac\phlag\caster\data\ape.fa	356800	0.268185	0.140195	0.106427	0.865379	1600
C:\Users\isaac\phlag\caster\data\ape.fa	357200	0.268185	0.18886	0.423529	0.865467	1600
C:\Users\isaac\phlag\caster\data\ape.fa	357600	0.268185	0.211186	0.419499	0.865438	1600
C:\Users\isaac\phlag\caster\data\ape.fa	358000	0.268185	0.18886	0.734336	0.865467	1600
C:\Users\isaac\phlag\caster\data\ape.fa	358400	0.268185	0.211955	0.642024	0.865452	1600
C:\Users\isaac\phlag\caster\data\ape.fa	358800	0.267999	0.18886	0.326496	0.865467	1600
C:\Users\isaac\phlag\caster\data\ape.fa	359200	0.268185	0.280144	0.216683	0.865204	1600
C:\Users\isaac\phlag\caster\data\ape.fa	359600	0.430126	0.133664	0.465183	0.865618	1600
C:\Users\isaac\phlag\caster\data\ape.fa	360000	0.177713	0.236561	0.379182	0.865283	1600
C:\Users\isaac\phlag\caster\data\ape.fa	360400	0.268185	0.18886	0.32437	0.865467	1600
C:\Users\isaac\phlag\caster\data\ape.fa	360800	0.180909	0.18886	0.522824	0.865409	1600
C:\Users\isaac\phlag\caster\data\ape.fa	361200	0.17946	0.284817	0.216638	0.864644	1600
C:\Users\isaac\phlag\caster\data\ape.fa	361600	0.270027	0.18886	0.216683	0.86573	1600
C:\Users\isaac\phlag\caster\data\ape.fa	362000	0.398776	0.18886	0.244223	0.865664	1600
C:\Users\isaac\phlag\caster\data\ape.fa	362400	0.268185	0.302741	0.216683	0.865204	1600
C:\Users\isaac\phlag\caster\data\ape.fa	362800	0.268185	0.116995	0.216683	0.865204	1600
C:\Users\isaac\phlag\caster\data\ape.fa	363200	0.43574	0.18886	0.269686	0.865642	1600
C:\Users\isaac\phlag\caster\data\ape.fa	363600	0.437722	0.18886	0.323943	0.865599	1600
C:\Users\isaac\phlag\caster\data\ape.fa	364000	0.268185	0.18886	0.163234	0.865467	1600
C:\Users\isaac\phlag\caster\data\ape.fa	364400	0.352935	0.18886	0.216683	0.86573	1600
C:\Users\isaac\phlag\caster\data\ape.fa	364800	0.176247	0.18886	0.216683	0.86573	1600
C:\Users\isaac\phlag\caster\data\ape.fa	365200	0.268185	0.165028	0.323972	0.865556	1600
C:\Users\isaac\phlag\caster\data\ape.fa	365600	0.438938	0.212644	0.216683	0.865625	1600
C:\Users\isaac\phlag\caster\data\ape.fa	366000	0.180329	0.0960354	0.318169	0.865247	1600
C:\Users\isaac\phlag\caster\data\ape.fa	366400	0.268185	0.116466	0.544266	0.865555	1600
C:\Users\isaac\phlag\caster\data\ape.fa	366800	0.3543	0.356785	0.271165	0.865347	1600
C:\Users\isaac\phlag\caster\data\ape.fa	367200	0.268185	0.18886	0.216683	0.865467	1600
C:\Users\isaac\phlag\caster\data\ape.fa	367600	0.268185	0.283282	0.484584	0.865392	1600
C:\Users\isaac\phlag\caster\data\ape.fa	368000	0.268185	0.282395	0.376003	0.865362	1600
C:\Users\isaac\phlag\caster\data\ape.fa	368400	0.268185	0.0920555	0.216683	0.865204	1600
C:\Users\isaac\phlag\caster\data\ape.fa	368800	0.353445	0.18886	0.540328	0.865505	1600
C:\Users\isaac\phlag\caster\data\ape.fa	369200	0.590901	0.23381	0.267726	0.865599	1600
C:\Users\isaac\phlag\caster\data\ape.fa	369600	0.3545	0.18886	0.214666	0.86574	1600
C:\Users\isaac\phlag\caster\data\ape.fa	370000	0.268185	0.18886	0.322623	0.865467	1600
C:\Users\isaac\phlag\caster\data\ape.fa	370400	0.268185	0.279051	0.215723	0.865202	1600
C:\Users\isaac\phlag\caster\data\ape.fa	370800	0.268185	0.18886	0.106906	0.865467	1600
C:\Users\isaac\phlag\caster\data\ape.fa	371200	0.268185	0.18886	0.325621	0.865467	1600
C:\Users\isaac\phlag\caster\data\ape.fa	371600	0.268185	0.212385	0.323534	0.865414	1600
C:\Users\isaac\phlag\caster\data\ape.fa	372000	0.268185	0.18886	0.593601	0.865467	1600
C:\Users\isaac\phlag\caster\data\ape.fa	372400	0.350372	0.18886	0.216683	0.86573	1600
C:\Users\isaac\phlag\caster\data\ape.fa	372800	0.0872355	0.277779	0.418626	0.865166	1600
C:\Users\isaac\phlag\caster\data\ape.fa	373200	0.268185	0.573523	0.489685	0.865305	1600
C:\Users\isaac\phlag\caster\data\ape.fa	373600	0.268185	0.212652	0.432459	0.865438	1600
C:\Users\isaac\phlag\caster\data\ape.fa	374000	0.355242	0.213112	0.326837	0.865505	1600
C:\Users\isaac\phlag\caster\data\ape.fa	374400	0.344679	0.18886	0.372512	0.865529	1600
C:\Users\isaac\phlag\caster\data\ape.fa	374800	0.268185	0.376818	0.430118	0.865336	1600
C:\Users\isaac\phlag\caster\data\ape.fa	375200	0.180682	0.211431	0.540642	0.865395	1600
C:\Users\isaac\phlag\caster\data\ape.fa	375600	0.268185	0.18886	0.691223	0.865467	1600
C:\Users\isaac\phlag\caster\data\ape.fa	376000	0.268185	0.18886	0.372972	0.865467	1600
C:\Users\isaac\phlag\caster\data\ape.fa	376400	0.18069	0.18886	0.482072	0.865398	1600
C:\Users\isaac\phlag\caster\data\ape.fa	376800	0.177211	0.188843	0.321381	0.865146	1600
C:\Users\isaac\phlag\caster\data\ape.fa	377200	0.26778	0.140209	0.27144	0.846065	1600
C:\Users\isaac\phlag\caster\data\ape.fa	377600	0.268185	0.18886	0.216337	0.865467	1600
C:\Users\isaac\phlag\caster\data\ape.fa	378000	0.268185	0.28157	0.374598	0.865362	1600
C:\Users\isaac\phlag\caster\data\ape.fa	378400	0.268185	0.11659	0.427735	0.865634	1600
C:\Users\isaac\phlag\caster\data\ape.fa	378800	0.0938206	0.18886	0.216414	0.86573	1600
C:\Users\isaac\phlag\caster\data\ape.fa	379200	0.268185	0.18886	0.435975	0.865467	1600
C:\Users\isaac\phlag\caster\data\ape.fa	379600	0.351588	0.235328	0.212661	0.865467	1600
C:\Users\isaac\phlag\caster\data\ape.fa	380000	0.268185	0.18886	0.271496	0.865467	1600
C:\Users\isaac\phlag\caster\data\ape.fa	380400	0.349658	0.234253	0.216683	0.865467	1600
C:\Users\isaac\phlag\caster\data\ape.fa	380800	0.178513	0.186788	0.41835	0.865367	1600
C:\Users\isaac\phlag\caster\data\ape.fa	381200	0.268185	0.165322	0.216683	0.865204	1600
C:\Users\isaac\phlag\caster\data\ape.fa	381600	0.268185	0.18886	0.154839	0.865467	1600
C:\Users\isaac\phlag\caster\data\ape.fa	382000	0.438525	0.238825	0.270567	0.865529	1600
C:\Users\isaac\phlag\caster\data\ape.fa	382400	0.268185	0.234746	0.529314	0.865429	1600
C:\Users\isaac\phlag\caster\data\ape.fa	382800	0.180814	0.18886	0.381193	0.865334	1600
C:\Users\isaac\phlag\caster\data\ape.fa	383200	0.268185	0.232782	0.263467	0.865331	1600
C:\Users\isaac\phlag\caster\data\ape.fa	383600	0.181762	0.18886	0.270892	0.896206	1600
C:\Users\isaac\phlag\caster\data\ape.fa	384000	0.268185	0.18886	0.591335	0.865467	1600
C:\Users\isaac\phlag\caster\data\ape.fa	384400	0.310365	0.165066	0.456851	0.865526	1600
C:\Users\isaac\phlag\caster\data\ape.fa	384800	0.268185	0.18886	0.266435	0.865467	1600
C:\Users\isaac\phlag\caster\data\ape.fa	385200	0.268185	0.18886	0.216683	0.865467	1600
C:\Users\isaac\phlag\caster\data\ape.fa	385600	0.268185	0.18886	0.372611	0.865467	1600
C:\Users\isaac\phlag\caster\data\ape.fa	386000	0.268185	0.236174	0.216683	0.865204	1600
C:\Users\isaac\phlag\caster\data\ape.fa	386400	0.27054	0.235637	0.269799	0.865341	1600
C:\Users\isaac\phlag\caster\data\ape.fa	386800	0.268185	0.18886	0.379866	0.865467	1600
C:\Users\isaac\phlag\caster\data\ape.fa	387200	0.182532	0.282727	0.323273	0.865201	1600
C:\Users\isaac\phlag\caster\data\ape.fa	387600	0.268185	0.18886	0.477421	0.865467	1600
C:\Users\isaac\phlag\caster\data\ape.fa	388000	0.266984	0.379478	0.270797	0.865255	1600
C:\Users\isaac\phlag\caster\data\ape.fa	388400	0.268185	0.18886	0.323965	0.865467	1600
C:\Users\isaac\phlag\caster\data\ape.fa	388800	0.182576	0.282658	0.216683	0.86466	1600
C:\Users\isaac\phlag\caster\data\ape.fa	389200	0.268185	0.188367	0.433859	0.865468	1600
C:\Users\isaac\phlag\caster\data\ape.fa	389600	0.395183	0.18886	0.243465	0.865664	1600
C:\Users\isaac\phlag\caster\data\ape.fa	390000	0.348924	0.18886	0.421006	0.86552	1600
C:\Users\isaac\phlag\caster\data\ape.fa	390400	0.268185	0.191119	0.268105	0.865455	1600
C:\Users\isaac\phlag\caster\data\ape.fa	390800	0.349693	0.18886	0.216683	0.86573	1600
C:\Users\isaac\phlag\caster\data\ape.fa	391200	0.43036	0.304073	0.321346	0.865445	1600
C:\Users\isaac\phlag\caster\data\ape.fa	391600	0.268185	0.0914351	0.428716	0.865754	1600
C:\Users\isaac\phlag\caster\data\ape.fa	392000	0.268185	0.18886	0.214903	0.865467	1600
C:\Users\isaac\phlag\caster\data\ape.fa	392400	0.268185	0.18886	0.216683	0.865467	1600
C:\Users\isaac\phlag\caster\data\ape.fa	392800	0.268185	0.283927	0.162394	0.864938	1600
C:\Users\isaac\phlag\caster\data\ape.fa	393200	0.352037	0.329013	0.213764	0.865334	1600
C:\Users\isaac\phlag\caster\data\ape.fa	393600	0.268185	0.18886	0.382081	0.865467	1600
C:\Users\isaac\phlag\caster\data\ape.fa	394000	0.43806	0.37815	0.216683	0.865379	1600
C:\Users\isaac\phlag\caster\data\ape.fa	394400	0.432807	0.18886	0.216683	0.86573	1600
C:\Users\isaac\phlag\caster\data\ape.fa	394800	0.350861	0.188002	0.424931	0.865521	1600
C:\Users\isaac\phlag\caster\data\ape.fa	395200	0.181395	0.18886	0.422893	0.865372	1600
C:\Users\isaac\phlag\caster\data\ape.fa	395600	0.181507	0.212323	0.483117	0.865377	1600
C:\Users\isaac\phlag\caster\data\ape.fa	396000	0.268185	0.18886	0.216683	0.865467	1600
C:\Users\isaac\phlag\caster\data\ape.fa	396400	0.352482	0.187742	0.427468	0.865522	1600
C:\Users\isaac\phlag\caster\data\ape.fa	396800	0.344533	0.166174	0.744789	0.865502	1600
C:\Users\isaac\phlag\caster\data\ape.fa	397200	0.0896794	0.18886	0.215955	0.865728	1600
C:\Users\isaac\phlag\caster\data\ape.fa	397600	0.268185	0.18886	0.379922	0.865467	1600
C:\Users\isaac\phlag\caster\data\ape.fa	398000	0.268185	0.235824	0.542712	0.86543	1600
C:\Users\isaac\phlag\caster\data\ape.fa	398400	0.311113	0.236694	0.352188	0.865434	1600
C:\Users\isaac\phlag\caster\data\ape.fa	398800	0.437024	0.165163	0.216477	0.865908	1600
C:\Users\isaac\phlag\caster\data\ape.fa	399200	0.354459	0.18886	0.435014	0.86552	1600
C:\Users\isaac\phlag\caster\data\ape.fa	399600	0.435363	0.235431	0.269567	0.865533	1600
C:\Users\isaac\phlag\caster\data\ape.fa	400000	0.268185	0.18886	0.216683	0.865467	1600
C:\Users\isaac\phlag\caster\data\ape.fa	400400	0.268185	0.165726	0.365651	0.865523	1600
C:\Users\isaac\phlag\caster\data\ape.fa	400800	0.268185	0.164853	0.270192	0.86574	1600
C:\Users\isaac\phlag\caster\data\ape.fa	401200	0.268185	0.18886	0.322429	0.865467	1600
C:\Users\isaac\phlag\caster\data\ape.fa	401600	0.0931593	0.18886	0.272049	0.865993	1600
C:\Users\isaac\phlag\caster\data\ape.fa	402000	0.183041	0.305098	0.161744	0.863358	1600
C:\Users\isaac\phlag\caster\data\ape.fa	402400	0.268185	0.18886	0.216683	0.865467	1600
C:\Users\isaac\phlag\caster\data\ape.fa	402800	0.187785	0.18886	0.216683	0.86573	1600
C:\Users\isaac\phlag\caster\data\ape.fa	403200	0.268185	0.1842	0.267576	0.865498	1600
C:\Users\isaac\phlag\caster\data\ape.fa	403600	0.269354	0.140925	0.216683	0.865197	1600
C:\Users\isaac\phlag\caster\data\ape.fa	404000	0.268185	0.18886	0.473223	0.865467	1600
C:\Users\isaac\phlag\caster\data\ape.fa	404400	0.349975	0.163131	0.37192	0.865587	1600
C:\Users\isaac\phlag\caster\data\ape.fa	404800	0.268185	0.18886	0.216997	0.865467	1600
C:\Users\isaac\phlag\caster\data\ape.fa	405200	0.268185	0.18886	0.326968	0.865467	1600
C:\Users\isaac\phlag\caster\data\ape.fa	405600	0.351652	0.140326	0.426446	0.865604	1600
C:\Users\isaac\phlag\caster\data\ape.fa	406000	0.268185	0.18886	0.356582	0.865467	1600
C:\Users\isaac\phlag\caster\data\ape.fa	406400	0.268185	0.18886	0.478389	0.865467	1600
C:\Users\isaac\phlag\caster\data\ape.fa	406800	0.881708	0.18886	0.265698	0.865701	1600
C:\Users\isaac\phlag\caster\data\ape.fa	407200	0.266729	0.18886	0.375636	0.865466	1600
C:\Users\isaac\phlag\caster\data\ape.fa	407600	0.267809	0.282003	0.374859	0.865361	1600
C:\Users\isaac\phlag\caster\data\ape.fa	408000	0.437756	0.18886	0.270323	0.865642	1600
C:\Users\isaac\phlag\caster\data\ape.fa	408400	0.268185	0.187856	0.36916	0.865469	1600
C:\Users\isaac\phlag\caster\data\ape.fa	408800	0.0942608	0.18886	0.366407	0.864738	1600
C:\Users\isaac\phlag\caster\data\ape.fa	409200	0.268185	0.0927507	0.432192	0.865737	1600
C:\Users\isaac\phlag\caster\data\ape.fa	409600	0.268185	0.18886	0.268999	0.865467	1600
C:\Users\isaac\phlag\caster\data\ape.fa	410000	0.352606	0.18886	0.323503	0.865555	1600
C:\Users\isaac\phlag\caster\data\ape.fa	410400	0.268185	0.210892	0.316754	0.865414	1600
C:\Users\isaac\phlag\caster\data\ape.fa	410800	0.268185	0.260866	0.324066	0.865353	1600
C:\Users\isaac\phlag\caster\data\ape.fa	411200	0.268185	0.235548	0.373997	0.865401	1600
C:\Users\isaac\phlag\caster\data\ape.fa	411600	0.268185	0.18886	0.376338	0.865467	1600
C:\Users\isaac\phlag\caster\data\ape.fa	412000	0.268185	0.18886	0.631594	0.865467	1600
C:\Users\isaac\phlag\caster\data\ape.fa	412400	0.268185	0.18886	0.216683	0.865467	1600
C:\Users\isaac\phlag\caster\data\ape.fa	412800	0.268185	0.16615	0.31813	0.865557	1600
C:\Users\isaac\phlag\caster\data\ape.fa	413200	0.268185	0.18886	0.216683	0.865467	1600
C:\Users\isaac\phlag\caster\data\ape.fa	413600	0.177195	0.18886	0.0533436	0.865536	1600
C:\Users\isaac\phlag\caster\data\ape.fa	414000	0.436019	0.258991	0.269774	0.865496	1600
C:\Users\isaac\phlag\caster\data\ape.fa	414400	0.268185	0.235427	0.427181	0.865414	1600
C:\Users\isaac\phlag\caster\data\ape.fa	414800	0.268185	0.18886	0.270572	0.865467	1600
C:\Users\isaac\phlag\caster\data\ape.fa	415200	0.268185	0.18886	0.374582	0.865467	1600
C:\Users\isaac\phlag\caster\data\ape.fa	415600	0.268185	0.18886	0.106052	0.865467	1600
C:\Users\isaac\phlag\caster\data\ape.fa	416000	0.268185	0.18886	0.434042	0.865467	1600
C:\Users\isaac\phlag\caster\data\ape.fa	416400	0.268185	0.18886	0.322248	0.865467	1600
C:\Users\isaac\phlag\caster\data\ape.fa	416800	0.268185	0.18886	0.216683	0.865467	1600
C:\Users\isaac\phlag\caster\data\ape.fa	417200	0.268185	0.23683	0.325626	0.865379	1600
C:\Users\isaac\phlag\caster\data\ape.fa	417600	0.268185	0.229292	0.210414	0.865162	1600
C:\Users\isaac\phlag\caster\data\ape.fa	418000	0.353674	0.18886	0.486888	0.865511	1600
C:\Users\isaac\phlag\caster\data\ape.fa	418400	0.349945	0.257924	0.216683	0.865413	1600
C:\Users\isaac\phlag\caster\data\ape.fa	418800	0.355571	0.18886	0.437801	0.86552	1600
C:\Users\isaac\phlag\caster\data\ape.fa	419200	0.268185	0.18886	0.267186	0.865467	1600
C:\Users\isaac\phlag\caster\data\ape.fa	419600	0.354573	0.18886	0.435301	0.86552	1600
C:\Users\isaac\phlag\caster\data\ape.fa	420000	0.268185	0.18886	0.425361	0.865467	1600
C:\Users\isaac\phlag\caster\data\ape.fa	420400	0.226587	0.327751	0.292755	0.865234	1600
C:\Users\isaac\phlag\caster\data\ape.fa	420800	0.268185	0.211133	0.209945	0.865108	1600
C:\Users\isaac\phlag\caster\data\ape.fa	421200	0.268185	0.18886	0.320321	0.865467	1600
C:\Users\isaac\phlag\caster\data\ape.fa	421600	0.268185	0.164235	0.216683	0.865204	1600
C:\Users\isaac\phlag\caster\data\ape.fa	422000	0.178819	0.18886	0.369145	0.865312	1600
C:\Users\isaac\phlag\caster\data\ape.fa	422400	0.352387	0.18886	0.269954	0.865599	1600
C:\Users\isaac\phlag\caster\data\ape.fa	422800	0.782177	0.18886	0.433472	0.865625	1600
C:\Users\isaac\phlag\caster\data\ape.fa	423200	0.257185	0.18886	0.480185	0.86546	1600
C:\Users\isaac\phlag\caster\data\ape.fa	423600	0.265451	0.18886	0.322906	0.865463	1600
C:\Users\isaac\phlag\caster\data\ape.fa	424000	0.183313	0.18886	0.216612	0.86573	1600
C:\Users\isaac\phlag\caster\data\ape.fa	424400	0.268185	0.18886	0.204823	0.865467	1600
C:\Users\isaac\phlag\caster\data\ape.fa	424800	0.268185	0.18886	0.324204	0.865467	1600
C:\Users\isaac\phlag\caster\data\ape.fa	425200	0.351251	0.28142	0.0531862	0.867835	1600
C:\Users\isaac\phlag\caster\data\ape.fa	425600	0.435287	0.28196	0.74528	0.865467	1600
C:\Users\isaac\phlag\caster\data\ape.fa	426000	0.34928	0.234042	0.319294	0.865467	1600
C:\Users\isaac\phlag\caster\data\ape.fa	426400	0.268185	0.491797	0.375451	0.865287	1600
C:\Users\isaac\phlag\caster\data\ape.fa	426800	0.354747	0.188683	0.600033	0.8655	1600
C:\Users\isaac\phlag\caster\data\ape.fa	427200	0.348049	0.18886	0.51142	0.865506	1600
C:\Users\isaac\phlag\caster\data\ape.fa	427600	0.268185	0.163971	0.323568	0.865562	1600
C:\Users\isaac\phlag\caster\data\ape.fa	428000	0.266978	0.18886	0.378997	0.865466	1600
C:\Users\isaac\phlag\caster\data\ape.fa	428400	0.268185	0.18886	0.380116	0.865467	1600
C:\Users\isaac\phlag\caster\data\ape.fa	428800	0.268185	0.18886	0.479115	0.865467	1600
C:\Users\isaac\phlag\caster\data\ape.fa	429200	0.268185	0.18886	0.379503	0.865467	1600
C:\Users\isaac\phlag\caster\data\ape.fa	429600	0.268185	0.18886	0.27045	0.865467	1600
C:\Users\isaac\phlag\caster\data\ape.fa	430000	0.268185	0.116632	0.214177	0.865212	1600
C:\Users\isaac\phlag\caster\data\ape.fa	430400	0.268185	0.18886	0.487144	0.865467	1600
C:\Users\isaac\phlag\caster\data\ape.fa	430800	0.268185	0.237153	0.3812	0.865401	1600
C:\Users\isaac\phlag\caster\data\ape.fa	431200	0.17909	0.236667	0.325256	0.865194	1600
C:\Users\isaac\phlag\caster\data\ape.fa	431600	0.268185	0.236356	0.486353	0.865423	1600
C:\Users\isaac\phlag\caster\data\ape.fa	432000	0.342873	0.18886	0.216683	0.86573	1600
C:\Users\isaac\phlag\caster\data\ape.fa	432400	0.180604	0.235049	0.376636	0.865286	1600
C:\Users\isaac\phlag\caster\data\ape.fa	432800	0.268185	0.18886	0.270402	0.865467	1600
C:\Users\isaac\phlag\caster\data\ape.fa	433200	0.429771	0.211367	0.161001	0.865747	1600
C:\Users\isaac\phlag\caster\data\ape.fa	433600	0.268185	0.164563	0.48556	0.865497	1600
C:\Users\isaac\phlag\caster\data\ape.fa	434000	0.268185	0.164702	0.270071	0.865745	1600
C:\Users\isaac\phlag\caster\data\ape.fa	434400	0.18137	0.165604	0.269207	0.865727	1600
C:\Users\isaac\phlag\caster\data\ape.fa	434800	0.268185	0.18886	0.262895	0.865467	1600
C:\Users\isaac\phlag\caster\data\ape.fa	435200	0.268185	0.18886	0.216683	0.865467	1600
C:\Users\isaac\phlag\caster\data\ape.fa	435600	0.17884	0.212593	0.216683	0.86621	1600
C:\Users\isaac\phlag\caster\data\ape.fa	436000	0.354444	0.18886	0.325828	0.865555	1600
C:\Users\isaac\phlag\caster\data\ape.fa	436400	0.178878	0.18886	0.268381	0.868561	1600
C:\Users\isaac\phlag\caster\data\ape.fa	436800	0.268185	0.18886	0.270817	0.865467	1600
C:\Users\isaac\phlag\caster\data\ape.fa	437200	0.268185	0.18886	0.162537	0.865467	1600
C:\Users\isaac\phlag\caster\data\ape.fa	437600	0.268185	0.303484	0.315856	0.865318	1600
C:\Users\isaac\phlag\caster\data\ape.fa	438000	0.268185	0.236038	0.270256	0.865336	1600
C:\Users\isaac\phlag\caster\data\ape.fa	438400	0.268185	0.18886	0.375744	0.865467	1600
C:\Users\isaac\phlag\caster\data\ape.fa	438800	0.268185	0.18886	0.214575	0.865467	1600
C:\Users\isaac\phlag\caster\data\ape.fa	439200	0.268185	0.18804	0.483479	0.865468	1600
C:\Users\isaac\phlag\caster\data\ape.fa	439600	0.268185	0.23387	0.216683	0.865204	1600
C:\Users\isaac\phlag\caster\data\ape.fa	440000	0.268185	0.140802	0.325827	0.86573	1600
C:\Users\isaac\phlag\caster\data\ape.fa	440400	0.268185	0.211946	0.321541	0.865414	1600
C:\Users\isaac\phlag\caster\data\ape.fa	440800	0.268185	0.18886	0.37883	0.865467	1600
C:\Users\isaac\phlag\caster\data\ape.fa	441200	0.268185	0.139939	0.537432	0.865522	1600
C:\Users\isaac\phlag\caster\data\ape.fa	441600	0.268185	0.18886	0.323023	0.865467	1600
C:\Users\isaac\phlag\caster\data\ape.fa	442000	0.268185	0.141035	0.378655	0.8656	1600
C:\Users\isaac\phlag\caster\data\ape.fa	442400	0.180914	0.283887	0.161716	0.884353	1600
C:\Users\isaac\phlag\caster\data\ape.fa	442800	0.520297	0.188686	0.478658	0.865567	1600
C:\Users\isaac\phlag\caster\data\ape.fa	443200	0.504226	0.18886	0.216683	0.86573	1600
C:\Users\isaac\phlag\caster\data\ape.fa	443600	0.268185	0.236	0.160279	0.870366	1600
C:\Users\isaac\phlag\caster\data\ape.fa	444000	0.439551	0.18886	0.216683	0.86573	1600
C:\Users\isaac\phlag\caster\data\ape.fa	444400	0.350769	0.18886	0.216683	0.86573	1600
C:\Users\isaac\phlag\caster\data\ape.fa	444800	0.268185	0.277911	0.216683	0.865204	1600
C:\Users\isaac\phlag\caster\data\ape.fa	445200	0.268185	0.212898	0.378064	0.865429	1600
C:\Users\isaac\phlag\caster\data\ape.fa	445600	0.354166	0.284724	0.216683	0.865379	1600
C:\Users\isaac\phlag\caster\data\ape.fa	446000	0.500662	0.18886	0.412789	0.86558	1600
C:\Users\isaac\phlag\caster\data\ape.fa	446400	0.268185	0.18886	0.325245	0.865467	1600
C:\Users\isaac\phlag\caster\data\ape.fa	446800	0.268185	0.18886	0.216683	0.865467	1600
C:\Users\isaac\phlag\caster\data\ape.fa	447200	0.268185	0.18886	0.163097	0.865467	1600
C:\Users\isaac\phlag\caster\data\ape.fa	447600	0.268185	0.18886	0.321583	0.865467	1600
C:\Users\isaac\phlag\caster\data\ape.fa	448000	0.179574	0.18886	0.216683	0.86573	1600
C:\Users\isaac\phlag\caster\data\ape.fa	448400	0.268185	0.18886	0.411808	0.865467	1600
C:\Users\isaac\phlag\caster\data\ape.fa	448800	0.268185	0.212662	0.324795	0.865414	1600
C:\Users\isaac\phlag\caster\data\ape.fa	449200	0.268185	0.18886	0.162106	0.865467	1600
C:\Users\isaac\phlag\caster\data\ape.fa	449600	0.351658	0.18886	0.267285	0.865601	1600
C:\Users\isaac\phlag\caster\data\ape.fa	450000	0.350908	0.18886	0.214011	0.865744	1600
C:\Users\isaac\phlag\caster\data\ape.fa	450400	0.355389	0.334616	0.327025	0.865379	1600
C:\Users\isaac\phlag\caster\data\ape.fa	450800	0.268185	0.165987	0.26801	0.865737	1600
C:\Users\isaac\phlag\caster\data\ape.fa	451200	0.268185	0.18886	0.473552	0.865467	1600
C:\Users\isaac\phlag\caster\data\ape.fa	451600	0.268185	0.18886	0.216683	0.865467	1600
C:\Users\isaac\phlag\caster\data\ape.fa	452000	0.346543	0.18886	0.597872	0.865497	1600
C:\Users\isaac\phlag\caster\data\ape.fa	452400	0.268185	0.18886	0.216683	0.865467	1600
C:\Users\isaac\phlag\caster\data\ape.fa	452800	0.268185	0.140583	0.526816	0.865524	1600
C:\Users\isaac\phlag\caster\data\ape.fa	453200	0.391967	0.139768	0.297649	0.865808	1600
C:\Users\isaac\phlag\caster\data\ape.fa	453600	0.268185	0.18886	0.48465	0.865467	1600
C:\Users\isaac\phlag\caster\data\ape.fa	454000	0.268185	0.18886	0.379201	0.865467	1600
C:\Users\isaac\phlag\caster\data\ape.fa	454400	0.182361	0.18886	0.162385	0.865599	1600
C:\Users\isaac\phlag\caster\data\ape.fa	454800	0.353092	0.164678	0.216683	0.86628	1600
C:\Users\isaac\phlag\caster\data\ape.fa	455200	0.268185	0.18886	0.161435	0.865467	1600
C:\Users\isaac\phlag\caster\data\ape.fa	455600	0.351068	0.18886	0.215882	0.865734	1600
C:\Users\isaac\phlag\caster\data\ape.fa	456000	0.268185	0.18886	0.321805	0.865467	1600
C:\Users\isaac\phlag\caster\data\ape.fa	456400	0.353101	0.18886	0.915087	0.865486	1600
C:\Users\isaac\phlag\caster\data\ape.fa	456800	0.268185	0.212177	0.161027	0.865706	1600
C:\Users\isaac\phlag\caster\data\ape.fa	457200	0.351403	0.212043	0.216683	0.865555	1600
C:\Users\isaac\phlag\caster\data\ape.fa	457600	0.181339	0.18886	0.380271	0.865334	1600
C:\Users\isaac\phlag\caster\data\ape.fa	458000	0.268185	0.18886	0.424748	0.865467	1600
C:\Users\isaac\phlag\caster\data\ape.fa	458400	0.268185	0.0651562	0.529047	0.865682	1600
C:\Users\isaac\phlag\caster\data\ape.fa	458800	0.268185	0.233916	0.20993	0.865164	1600
C:\Users\isaac\phlag\caster\data\ape.fa	459200	0.268185	0.118135	0.480268	0.865582	1600
C:\Users\isaac\phlag\caster\data\ape.fa	459600	0.268185	0.283423	0.646206	0.865414	1600
C:\Users\isaac\phlag\caster\data\ape.fa	460000	0.351058	0.16467	0.373975	0.865582	1600
C:\Users\isaac\phlag\caster\data\ape.fa	460400	0.268185	0.14025	0.216683	0.865204	1600
C:\Users\isaac\phlag\caster\data\ape.fa	460800	0.457464	0.187374	0.238058	0.865696	1600
C:\Users\isaac\phlag\caster\data\ape.fa	461200	0.268185	0.402728	0.377369	0.865309	1600
C:\Users\isaac\phlag\caster\data\ape.fa	461600	0.268185	0.18886	0.216683	0.865467	1600
C:\Users\isaac\phlag\caster\data\ape.fa	462000	0.354667	0.18886	0.10622	0.865209	1600
C:\Users\isaac\phlag\caster\data\ape.fa	462400	0.522461	0.258371	0.216683	0.865557	1600
C:\Users\isaac\phlag\caster\data\ape.fa	462800	0.597125	0.18886	0.160548	0.865827	1600
C:\Users\isaac\phlag\caster\data\ape.fa	463200	0.268185	0.18886	0.162511	0.865467	1600
C:\Users\isaac\phlag\caster\data\ape.fa	463600	0.268185	0.35398	0.216683	0.865204	1600
C:\Users\isaac\phlag\caster\data\ape.fa	464000	0.268185	0.18886	0.320855	0.865467	1600
C:\Users\isaac\phlag\caster\data\ape.fa	464400	0.268185	0.188854	0.375548	0.865467	1600
C:\Users\isaac\phlag\caster\data\ape.fa	464800	0.268185	0.164414	0.31897	0.865565	1600
C:\Users\isaac\phlag\caster\data\ape.fa	465200	0.268185	0.234374	0.268366	0.865336	1600
C:\Users\isaac\phlag\caster\data\ape.fa	465600	0.268185	0.277536	0.466667	0.865392	1600
C:\Users\isaac\phlag\caster\data\ape.fa	466000	0.268185	0.30355	0.269065	0.865279	1600
C:\Users\isaac\phlag\caster\data\ape.fa	466400	0.268185	0.140142	0.216683	0.865204	1600
C:\Users\isaac\phlag\caster\data\ape.fa	466800	0.268185	0.212311	0.273244	0.865383	1600
C:\Users\isaac\phlag\caster\data\ape.fa	467200	0.268185	0.18886	0.271146	0.865467	1600
C:\Users\isaac\phlag\caster\data\ape.fa	467600	0.345426	0.142267	0.258112	0.866183	1600
C:\Users\isaac\phlag\caster\data\ape.fa	468000	0.426676	0.18886	0.211519	0.865744	1600
C:\Users\isaac\phlag\caster\data\ape.fa	468400	0.268185	0.212139	0.216683	0.865204	1600
C:\Users\isaac\phlag\caster\data\ape.fa	468800	0.268185	0.18886	0.270391	0.865467	1600
C:\Users\isaac\phlag\caster\data\ape.fa	469200	0.268185	0.18886	0.267992	0.865467	1600
C:\Users\isaac\phlag\caster\data\ape.fa	469600	0.268185	0.140091	0.216683	0.865204	1600
C:\Users\isaac\phlag\caster\data\ape.fa	470000	0.268185	0.14042	0.216683	0.865204	1600
C:\Users\isaac\phlag\caster\data\ape.fa	470400	0.179902	0.164267	0.376741	0.865371	1600
C:\Users\isaac\phlag\caster\data\ape.fa	470800	0.348626	0.18886	0.216683	0.86573	1600
C:\Users\isaac\phlag\caster\data\ape.fa	471200	0.178575	0.11518	0.430628	0.865564	1600
C:\Users\isaac\phlag\caster\data\ape.fa	471600	0.262016	0.28277	0.483279	0.865388	1600
C:\Users\isaac\phlag\caster\data\ape.fa	472000	0.350948	0.187636	0.58321	0.865501	1600
C:\Users\isaac\phlag\caster\data\ape.fa	472400	0.439201	0.188869	0.216683	0.86573	1600
C:\Users\isaac\phlag\caster\data\ape.fa	472800	0.268185	0.18886	0.216683	0.865467	1600
C:\Users\isaac\phlag\caster\data\ape.fa	473200	0.268185	0.18886	0.154621	0.865467	1600
C:\Users\isaac\phlag\caster\data\ape.fa	473600	0.268185	0.280551	0.372861	0.865362	1600
C:\Users\isaac\phlag\caster\data\ape.fa	474000	0.268185	0.18886	0.430757	0.865467	1600
C:\Users\isaac\phlag\caster\data\ape.fa	474400	0.185154	0.211989	0.216683	0.866256	1600
C:\Users\isaac\phlag\caster\data\ape.fa	474800	0.268185	0.18886	0.581156	0.865467	1600
C:\Users\isaac\phlag\caster\data\ape.fa	475200	0.183115	0.18886	0.483609	0.865401	1600
C:\Users\isaac\phlag\caster\data\ape.fa	475600	0.268185	0.212859	0.269069	0.865377	1600
C:\Users\isaac\phlag\caster\data\ape.fa	476000	0.268185	0.18886	0.214776	0.865467	1600
C:\Users\isaac\phlag\caster\data\ape.fa	476400	0.268185	0.189881	0.324602	0.865464	1600
C:\Users\isaac\phlag\caster\data\ape.fa	476800	0.346169	0.362653	0.216683	0.865309	1600
C:\Users\isaac\phlag\caster\data\ape.fa	477200	0.268185	0.18886	0.270294	0.865467	1600
C:\Users\isaac\phlag\caster\data\ape.fa	477600	0.268185	0.165072	0.319046	0.865561	1600
C:\Users\isaac\phlag\caster\data\ape.fa	478000	0.268185	0.18886	0.159239	0.865467	1600
C:\Users\isaac\phlag\caster\data\ape.fa	478400	0.268185	0.18886	0.269433	0.865467	1600
C:\Users\isaac\phlag\caster\data\ape.fa	478800	0.268185	0.18886	0.575036	0.865467	1600
C:\Users\isaac\phlag\caster\data\ape.fa	479200	0.268185	0.236595	0.215536	0.865198	1600
C:\Users\isaac\phlag\caster\data\ape.fa	479600	0.18144	0.0922017	0.216683	0.865379	1600
C:\Users\isaac\phlag\caster\data\ape.fa	480000	0.268185	0.163636	0.42435	0.865509	1600
C:\Users\isaac\phlag\caster\data\ape.fa	480400	0.351762	0.18886	0.104947	0.865231	1600
C:\Users\isaac\phlag\caster\data\ape.fa	480800	0.268185	0.186828	0.267477	0.86548	1600
C:\Users\isaac\phlag\caster\data\ape.fa	481200	0.268185	0.18886	0.148994	0.865467	1600
C:\Users\isaac\phlag\caster\data\ape.fa	481600	0.182216	0.188351	0.216683	0.865725	1600
C:\Users\isaac\phlag\caster\data\ape.fa	482000	0.181974	0.332103	0.160678	0.864371	1600
C:\Users\isaac\phlag\caster\data\ape.fa	482400	0.268185	0.18886	0.216683	0.865467	1600
C:\Users\isaac\phlag\caster\data\ape.fa	482800	0.268185	0.18886	0.216683	0.865467	1600
C:\Users\isaac\phlag\caster\data\ape.fa	483200	0.268185	0.164722	0.265444	0.865805	1600
C:\Users\isaac\phlag\caster\data\ape.fa	483600	0.308902	0.18886	0.345484	0.865511	1600
C:\Users\isaac\phlag\caster\data\ape.fa	484000	0.268185	0.18886	0.324639	0.865467	1600
C:\Users\isaac\phlag\caster\data\ape.fa	484400	0.183279	0.30605	0.216195	0.864844	1600
C:\Users\isaac\phlag\caster\data\ape.fa	484800	0.268185	0.18886	0.31469	0.865467	1600
C:\Users\isaac\phlag\caster\data\ape.fa	485200	0.189091	0.166827	0.253704	0.86564	1600
C:\Users\isaac\phlag\caster\data\ape.fa	485600	0.268185	0.18886	0.212104	0.865467	1600
C:\Users\isaac\phlag\caster\data\ape.fa	486000	0.434272	0.235128	0.426838	0.865505	1600
C:\Users\isaac\phlag\caster\data\ape.fa	486400	0.1764	0.211233	0.209424	0.866017	1600
C:\Users\isaac\phlag\caster\data\ape.fa	486800	0.268185	0.18886	0.321121	0.865467	1600
C:\Users\isaac\phlag\caster\data\ape.fa	487200	0.352307	0.212294	0.269904	0.86552	1600
C:\Users\isaac\phlag\caster\data\ape.fa	487600	0.435137	0.18886	0.216304	0.865731	1600
C:\Users\isaac\phlag\caster\data\ape.fa	488000	0.268185	0.164985	0.319104	0.865562	1600
C:\Users\isaac\phlag\caster\data\ape.fa	488400	0.268185	0.0920667	0.216683	0.865204	1600
C:\Users\isaac\phlag\caster\data\ape.fa	488800	0.268185	0.18886	1	0.865467	1600
C:\Users\isaac\phlag\caster\data\ape.fa	489200	0.268185	0.165143	0.216683	0.865204	1600
C:\Users\isaac\phlag\caster\data\ape.fa	489600	0.268185	0.211771	0.268716	0.865379	1600
C:\Users\isaac\phlag\caster\data\ape.fa	490000	0.517509	0.18886	0.216683	0.86573	1600
C:\Users\isaac\phlag\caster\data\ape.fa	490400	0.268185	0.18886	0.376423	0.865467	1600
C:\Users\isaac\phlag\caster\data\ape.fa	490800	0.268185	0.212777	0.216683	0.865204	1600
C:\Users\isaac\phlag\caster\data\ape.fa	491200	0.268185	0.240226	0.422048	0.865409	1600
C:\Users\isaac\phlag\caster\data\ape.fa	491600	0.436995	0.16505	0.216683	0.865909	1600
C:\Users\isaac\phlag\caster\data\ape.fa	492000	0.222686	0.164425	0.242356	0.865476	1600
C:\Users\isaac\phlag\caster\data\ape.fa	492400	0.436732	0.18886	0.213973	0.865737	1600
C:\Users\isaac\phlag\caster\data\ape.fa	492800	0.268185	0.18886	0.214714	0.865467	1600
C:\Users\isaac\phlag\caster\data\ape.fa	493200	0.268185	0.212687	0.324882	0.865414	1600
C:\Users\isaac\phlag\caster\data\ape.fa	493600	0.309719	0.18886	0.453179	0.865493	1600
C:\Users\isaac\phlag\caster\data\ape.fa	494000	0.268185	0.280243	0.268568	0.865292	1600
C:\Users\isaac\phlag\caster\data\ape.fa	494400	0.181891	0.164423	0.216683	0.865553	1600
C:\Users\isaac\phlag\caster\data\ape.fa	494800	0.0947203	0.164844	0.320165	0.866114	1600
C:\Users\isaac\phlag\caster\data\ape.fa	495200	0.352079	0.188247	0.322836	0.865556	1600
C:\Users\isaac\phlag\caster\data\ape.fa	495600	0.268185	0.18886	0.216683	0.865467	1600
C:\Users\isaac\phlag\caster\data\ape.fa	496000	0.352834	0.18886	0.162333	0.84776	1600
C:\Users\isaac\phlag\caster\data\ape.fa	496400	0.225084	0.164596	0.242094	0.865465	1600
C:\Users\isaac\phlag\caster\data\ape.fa	496800	0.268185	0.235872	0.316138	0.865375	1600
C:\Users\isaac\phlag\caster\data\ape.fa	497200	0.0936345	0.18886	0.537434	0.865329	1600
C:\Users\isaac\phlag\caster\data\ape.fa	497600	0.268185	0.259551	0.2729	0.865312	1600
C:\Users\isaac\phlag\caster\data\ape.fa	498000	0.179191	0.320108	0.216683	0.864885	1600
C:\Users\isaac\phlag\caster\data\ape.fa	498400	0.268185	0.425444	0.270636	0.865248	1600
C:\Users\isaac\phlag\caster\data\ape.fa	498800	0.268185	0.28683	0.325938	0.865334	1600
C:\Users\isaac\phlag\caster\data\ape.fa	499200	0.268185	0.212303	0.162839	0.865724	1600
C:\Users\isaac\phlag\caster\data\ape.fa	499600	0.268185	0.18886	0.432833	0.865467	1600
