file	pos	c*ABBA	c*BABA	c*AABB	D*	QuartetCnt
/drive2/iang/msa/concat_default-500Kb-1-neoaves_anomaly_case-admixture-Strigiformes_N297_rate090_time7099554-500Kb-1_na.fa	0	106824	111992	138149	-0.0144771	11980800000
/drive2/iang/msa/concat_default-500Kb-1-neoaves_anomaly_case-admixture-Strigiformes_N297_rate090_time7099554-500Kb-1_na.fa	1000	108941	118240	138787	-0.025408	11980800000
/drive2/iang/msa/concat_default-500Kb-1-neoaves_anomaly_case-admixture-Strigiformes_N297_rate090_time7099554-500Kb-1_na.fa	2000	109000	116697	133523	-0.0214264	11980800000
/drive2/iang/msa/concat_default-500Kb-1-neoaves_anomaly_case-admixture-Strigiformes_N297_rate090_time7099554-500Kb-1_na.fa	3000	109003	119174	130936	-0.0283203	11980800000
/drive2/iang/msa/concat_default-500Kb-1-neoaves_anomaly_case-admixture-Strigiformes_N297_rate090_time7099554-500Kb-1_na.fa	4000	111239	114729	133868	-0.00969959	11980800000
/drive2/iang/msa/concat_default-500Kb-1-neoaves_anomaly_case-admixture-Strigiformes_N297_rate090_time7099554-500Kb-1_na.fa	5000	111980	118955	136196	-0.019001	11980800000
/drive2/iang/msa/concat_default-500Kb-1-neoaves_anomaly_case-admixture-Strigiformes_N297_rate090_time7099554-500Kb-1_na.fa	6000	113057	117221	134819	-0.0114067	11980800000
/drive2/iang/msa/concat_default-500Kb-1-neoaves_anomaly_case-admixture-Strigiformes_N297_rate090_time7099554-500Kb-1_na.fa	7000	111005	121922	130443	-0.0300445	11980800000
/drive2/iang/msa/concat_default-500Kb-1-neoaves_anomaly_case-admixture-Strigiformes_N297_rate090_time7099554-500Kb-1_na.fa	8000	114383	120840	122802	-0.0180338	11980800000
/drive2/iang/msa/concat_default-500Kb-1-neoaves_anomaly_case-admixture-Strigiformes_N297_rate090_time7099554-500Kb-1_na.fa	9000	113308	115372	123794	-0.00585767	11980800000
/drive2/iang/msa/concat_default-500Kb-1-neoaves_anomaly_case-admixture-Strigiformes_N297_rate090_time7099554-500Kb-1_na.fa	10000	113379	117123	122920	-0.0105919	11980800000
/drive2/iang/msa/concat_default-500Kb-1-neoaves_anomaly_case-admixture-Strigiformes_N297_rate090_time7099554-500Kb-1_na.fa	11000	117312	114485	122962	0.00796961	11980800000
/drive2/iang/msa/concat_default-500Kb-1-neoaves_anomaly_case-admixture-Strigiformes_N297_rate090_time7099554-500Kb-1_na.fa	12000	119292	112988	123293	0.0177296	11980800000
/drive2/iang/msa/concat_default-500Kb-1-neoaves_anomaly_case-admixture-Strigiformes_N297_rate090_time7099554-500Kb-1_na.fa	13000	117701	102959	127500	0.0423426	11980800000
/drive2/iang/msa/concat_default-500Kb-1-neoaves_anomaly_case-admixture-Strigiformes_N297_rate090_time7099554-500Kb-1_na.fa	14000	119565	98763.5	127724	0.0601106	11980800000
/drive2/iang/msa/concat_default-500Kb-1-neoaves_anomaly_case-admixture-Strigiformes_N297_rate090_time7099554-500Kb-1_na.fa	15000	119189	96733.8	127525	0.0653809	11980800000
/drive2/iang/msa/concat_default-500Kb-1-neoaves_anomaly_case-admixture-Strigiformes_N297_rate090_time7099554-500Kb-1_na.fa	16000	122140	79911.3	124886	0.129164	11980800000
/drive2/iang/msa/concat_default-500Kb-1-neoaves_anomaly_case-admixture-Strigiformes_N297_rate090_time7099554-500Kb-1_na.fa	17000	119720	77949.1	123327	0.13013	11980800000
/drive2/iang/msa/concat_default-500Kb-1-neoaves_anomaly_case-admixture-Strigiformes_N297_rate090_time7099554-500Kb-1_na.fa	18000	119715	70326.2	121721	0.158417	11980800000
/drive2/iang/msa/concat_default-500Kb-1-neoaves_anomaly_case-admixture-Strigiformes_N297_rate090_time7099554-500Kb-1_na.fa	19000	123624	69965.3	121706	0.170186	11980800000
/drive2/iang/msa/concat_default-500Kb-1-neoaves_anomaly_case-admixture-Strigiformes_N297_rate090_time7099554-500Kb-1_na.fa	20000	123145	72680.2	124446	0.157569	11980800000
/drive2/iang/msa/concat_default-500Kb-1-neoaves_anomaly_case-admixture-Strigiformes_N297_rate090_time7099554-500Kb-1_na.fa	21000	120917	75362.4	124997	0.141793	11980800000
/drive2/iang/msa/concat_default-500Kb-1-neoaves_anomaly_case-admixture-Strigiformes_N297_rate090_time7099554-500Kb-1_na.fa	22000	119800	79177.7	122605	0.12632	11980800000
/drive2/iang/msa/concat_default-500Kb-1-neoaves_anomaly_case-admixture-Strigiformes_N297_rate090_time7099554-500Kb-1_na.fa	23000	120444	84383.6	120382	0.110883	11980800000
/drive2/iang/msa/concat_default-500Kb-1-neoaves_anomaly_case-admixture-Strigiformes_N297_rate090_time7099554-500Kb-1_na.fa	24000	115849	99767.5	121054	0.0477673	11980800000
/drive2/iang/msa/concat_default-500Kb-1-neoaves_anomaly_case-admixture-Strigiformes_N297_rate090_time7099554-500Kb-1_na.fa	25000	99226.2	98678.7	122295	0.00170989	11980800000
/drive2/iang/msa/concat_default-500Kb-1-neoaves_anomaly_case-admixture-Strigiformes_N297_rate090_time7099554-500Kb-1_na.fa	26000	98573.1	101267	122710	-0.00835196	11980800000
/drive2/iang/msa/concat_default-500Kb-1-neoaves_anomaly_case-admixture-Strigiformes_N297_rate090_time7099554-500Kb-1_na.fa	27000	97893.9	101808	119822	-0.0122507	11980800000
/drive2/iang/msa/concat_default-500Kb-1-neoaves_anomaly_case-admixture-Strigiformes_N297_rate090_time7099554-500Kb-1_na.fa	28000	98889.2	99950.7	127995	-0.00324777	11980800000
/drive2/iang/msa/concat_default-500Kb-1-neoaves_anomaly_case-admixture-Strigiformes_N297_rate090_time7099554-500Kb-1_na.fa	29000	99231	101562	127313	-0.007104	11980800000
/drive2/iang/msa/concat_default-500Kb-1-neoaves_anomaly_case-admixture-Strigiformes_N297_rate090_time7099554-500Kb-1_na.fa	30000	99528.6	110487	126208	-0.0325912	11980800000
/drive2/iang/msa/concat_default-500Kb-1-neoaves_anomaly_case-admixture-Strigiformes_N297_rate090_time7099554-500Kb-1_na.fa	31000	99228.4	111081	124283	-0.0354246	11980800000
/drive2/iang/msa/concat_default-500Kb-1-neoaves_anomaly_case-admixture-Strigiformes_N297_rate090_time7099554-500Kb-1_na.fa	32000	100252	116225	118852	-0.047633	11980800000
/drive2/iang/msa/concat_default-500Kb-1-neoaves_anomaly_case-admixture-Strigiformes_N297_rate090_time7099554-500Kb-1_na.fa	33000	95023.7	117592	122010	-0.0674441	11980800000
/drive2/iang/msa/concat_default-500Kb-1-neoaves_anomaly_case-admixture-Strigiformes_N297_rate090_time7099554-500Kb-1_na.fa	34000	95522.7	117733	117851	-0.0670792	11980800000
/drive2/iang/msa/concat_default-500Kb-1-neoaves_anomaly_case-admixture-Strigiformes_N297_rate090_time7099554-500Kb-1_na.fa	35000	97950.8	119838	113413	-0.0660832	11980800000
/drive2/iang/msa/concat_default-500Kb-1-neoaves_anomaly_case-admixture-Strigiformes_N297_rate090_time7099554-500Kb-1_na.fa	36000	99984.7	123448	100167	-0.0725067	11980800000
/drive2/iang/msa/concat_default-500Kb-1-neoaves_anomaly_case-admixture-Strigiformes_N297_rate090_time7099554-500Kb-1_na.fa	37000	103824	125417	94881.4	-0.0666211	11980800000
/drive2/iang/msa/concat_default-500Kb-1-neoaves_anomaly_case-admixture-Strigiformes_N297_rate090_time7099554-500Kb-1_na.fa	38000	104636	137002	94407.1	-0.0963154	11980800000
/drive2/iang/msa/concat_default-500Kb-1-neoaves_anomaly_case-admixture-Strigiformes_N297_rate090_time7099554-500Kb-1_na.fa	39000	99399.2	137088	93158	-0.114333	11980800000
/drive2/iang/msa/concat_default-500Kb-1-neoaves_anomaly_case-admixture-Strigiformes_N297_rate090_time7099554-500Kb-1_na.fa	40000	100132	134291	94796.9	-0.103757	11980800000
/drive2/iang/msa/concat_default-500Kb-1-neoaves_anomaly_case-admixture-Strigiformes_N297_rate090_time7099554-500Kb-1_na.fa	41000	100605	136107	93780.1	-0.10742	11980800000
/drive2/iang/msa/concat_default-500Kb-1-neoaves_anomaly_case-admixture-Strigiformes_N297_rate090_time7099554-500Kb-1_na.fa	42000	100175	138257	93134	-0.114854	11980800000
/drive2/iang/msa/concat_default-500Kb-1-neoaves_anomaly_case-admixture-Strigiformes_N297_rate090_time7099554-500Kb-1_na.fa	43000	100484	138177	93392.7	-0.113515	11980800000
/drive2/iang/msa/concat_default-500Kb-1-neoaves_anomaly_case-admixture-Strigiformes_N297_rate090_time7099554-500Kb-1_na.fa	44000	97905.5	140425	98962.9	-0.126061	11980800000
/drive2/iang/msa/concat_default-500Kb-1-neoaves_anomaly_case-admixture-Strigiformes_N297_rate090_time7099554-500Kb-1_na.fa	45000	101961	142549	102259	-0.117046	11980800000
/drive2/iang/msa/concat_default-500Kb-1-neoaves_anomaly_case-admixture-Strigiformes_N297_rate090_time7099554-500Kb-1_na.fa	46000	98153.8	141931	104283	-0.127124	11980800000
/drive2/iang/msa/concat_default-500Kb-1-neoaves_anomaly_case-admixture-Strigiformes_N297_rate090_time7099554-500Kb-1_na.fa	47000	98167.7	144790	99125.6	-0.13629	11980800000
/drive2/iang/msa/concat_default-500Kb-1-neoaves_anomaly_case-admixture-Strigiformes_N297_rate090_time7099554-500Kb-1_na.fa	48000	98362	144083	90729.1	-0.137228	11980800000
/drive2/iang/msa/concat_default-500Kb-1-neoaves_anomaly_case-admixture-Strigiformes_N297_rate090_time7099554-500Kb-1_na.fa	49000	100641	144555	83104.8	-0.133761	11980800000
/drive2/iang/msa/concat_default-500Kb-1-neoaves_anomaly_case-admixture-Strigiformes_N297_rate090_time7099554-500Kb-1_na.fa	50000	98185.6	149539	82650.1	-0.155439	11980800000
/drive2/iang/msa/concat_default-500Kb-1-neoaves_anomaly_case-admixture-Strigiformes_N297_rate090_time7099554-500Kb-1_na.fa	51000	97727.2	141592	82194.1	-0.136431	11980800000
/drive2/iang/msa/concat_default-500Kb-1-neoaves_anomaly_case-admixture-Strigiformes_N297_rate090_time7099554-500Kb-1_na.fa	52000	97524.2	143777	94253.4	-0.13784	11980800000
/drive2/iang/msa/concat_default-500Kb-1-neoaves_anomaly_case-admixture-Strigiformes_N297_rate090_time7099554-500Kb-1_na.fa	53000	97313.3	140856	96273.8	-0.130195	11980800000
/drive2/iang/msa/concat_default-500Kb-1-neoaves_anomaly_case-admixture-Strigiformes_N297_rate090_time7099554-500Kb-1_na.fa	54000	98456.6	142141	92981.5	-0.130956	11980800000
/drive2/iang/msa/concat_default-500Kb-1-neoaves_anomaly_case-admixture-Strigiformes_N297_rate090_time7099554-500Kb-1_na.fa	55000	96173.2	135170	96228.8	-0.119048	11980800000
/drive2/iang/msa/concat_default-500Kb-1-neoaves_anomaly_case-admixture-Strigiformes_N297_rate090_time7099554-500Kb-1_na.fa	56000	95967.7	143134	101562	-0.138454	11980800000
/drive2/iang/msa/concat_default-500Kb-1-neoaves_anomaly_case-admixture-Strigiformes_N297_rate090_time7099554-500Kb-1_na.fa	57000	97985.9	139350	104868	-0.120876	11980800000
/drive2/iang/msa/concat_default-500Kb-1-neoaves_anomaly_case-admixture-Strigiformes_N297_rate090_time7099554-500Kb-1_na.fa	58000	96068.3	143361	105453	-0.137128	11980800000
/drive2/iang/msa/concat_default-500Kb-1-neoaves_anomaly_case-admixture-Strigiformes_N297_rate090_time7099554-500Kb-1_na.fa	59000	102640	145207	106378	-0.120168	11980800000
/drive2/iang/msa/concat_default-500Kb-1-neoaves_anomaly_case-admixture-Strigiformes_N297_rate090_time7099554-500Kb-1_na.fa	60000	100256	143718	113732	-0.121503	11980800000
/drive2/iang/msa/concat_default-500Kb-1-neoaves_anomaly_case-admixture-Strigiformes_N297_rate090_time7099554-500Kb-1_na.fa	61000	95158.9	140827	114729	-0.130214	11980800000
/drive2/iang/msa/concat_default-500Kb-1-neoaves_anomaly_case-admixture-Strigiformes_N297_rate090_time7099554-500Kb-1_na.fa	62000	93756.1	140016	112513	-0.133588	11980800000
/drive2/iang/msa/concat_default-500Kb-1-neoaves_anomaly_case-admixture-Strigiformes_N297_rate090_time7099554-500Kb-1_na.fa	63000	94762.7	140797	106829	-0.134449	11980800000
/drive2/iang/msa/concat_default-500Kb-1-neoaves_anomaly_case-admixture-Strigiformes_N297_rate090_time7099554-500Kb-1_na.fa	64000	100803	142347	106811	-0.118709	11980800000
/drive2/iang/msa/concat_default-500Kb-1-neoaves_anomaly_case-admixture-Strigiformes_N297_rate090_time7099554-500Kb-1_na.fa	65000	105689	143694	106312	-0.106846	11980800000
/drive2/iang/msa/concat_default-500Kb-1-neoaves_anomaly_case-admixture-Strigiformes_N297_rate090_time7099554-500Kb-1_na.fa	66000	102754	151525	107620	-0.134763	11980800000
/drive2/iang/msa/concat_default-500Kb-1-neoaves_anomaly_case-admixture-Strigiformes_N297_rate090_time7099554-500Kb-1_na.fa	67000	105779	153069	112816	-0.127239	11980800000
/drive2/iang/msa/concat_default-500Kb-1-neoaves_anomaly_case-admixture-Strigiformes_N297_rate090_time7099554-500Kb-1_na.fa	68000	105489	150560	115950	-0.121158	11980800000
/drive2/iang/msa/concat_default-500Kb-1-neoaves_anomaly_case-admixture-Strigiformes_N297_rate090_time7099554-500Kb-1_na.fa	69000	94939.3	152736	131301	-0.152506	11980800000
/drive2/iang/msa/concat_default-500Kb-1-neoaves_anomaly_case-admixture-Strigiformes_N297_rate090_time7099554-500Kb-1_na.fa	70000	97509.5	152367	137533	-0.141601	11980800000
/drive2/iang/msa/concat_default-500Kb-1-neoaves_anomaly_case-admixture-Strigiformes_N297_rate090_time7099554-500Kb-1_na.fa	71000	98849	146266	134544	-0.124893	11980800000
/drive2/iang/msa/concat_default-500Kb-1-neoaves_anomaly_case-admixture-Strigiformes_N297_rate090_time7099554-500Kb-1_na.fa	72000	98366.9	142252	138513	-0.115751	11980800000
/drive2/iang/msa/concat_default-500Kb-1-neoaves_anomaly_case-admixture-Strigiformes_N297_rate090_time7099554-500Kb-1_na.fa	73000	98793.6	137139	143863	-0.100963	11980800000
/drive2/iang/msa/concat_default-500Kb-1-neoaves_anomaly_case-admixture-Strigiformes_N297_rate090_time7099554-500Kb-1_na.fa	74000	100429	122936	145715	-0.060982	11980800000
/drive2/iang/msa/concat_default-500Kb-1-neoaves_anomaly_case-admixture-Strigiformes_N297_rate090_time7099554-500Kb-1_na.fa	75000	102604	124742	145935	-0.0593046	11980800000
/drive2/iang/msa/concat_default-500Kb-1-neoaves_anomaly_case-admixture-Strigiformes_N297_rate090_time7099554-500Kb-1_na.fa	76000	102207	127459	144503	-0.0674881	11980800000
/drive2/iang/msa/concat_default-500Kb-1-neoaves_anomaly_case-admixture-Strigiformes_N297_rate090_time7099554-500Kb-1_na.fa	77000	102354	126449	145445	-0.0643821	11980800000
/drive2/iang/msa/concat_default-500Kb-1-neoaves_anomaly_case-admixture-Strigiformes_N297_rate090_time7099554-500Kb-1_na.fa	78000	103962	127991	136256	-0.0652588	11980800000
/drive2/iang/msa/concat_default-500Kb-1-neoaves_anomaly_case-admixture-Strigiformes_N297_rate090_time7099554-500Kb-1_na.fa	79000	103475	126882	141305	-0.0629809	11980800000
/drive2/iang/msa/concat_default-500Kb-1-neoaves_anomaly_case-admixture-Strigiformes_N297_rate090_time7099554-500Kb-1_na.fa	80000	102420	116469	141855	-0.0389445	11980800000
/drive2/iang/msa/concat_default-500Kb-1-neoaves_anomaly_case-admixture-Strigiformes_N297_rate090_time7099554-500Kb-1_na.fa	81000	106419	118720	144118	-0.0333138	11980800000
/drive2/iang/msa/concat_default-500Kb-1-neoaves_anomaly_case-admixture-Strigiformes_N297_rate090_time7099554-500Kb-1_na.fa	82000	107874	114249	141868	-0.0175131	11980800000
/drive2/iang/msa/concat_default-500Kb-1-neoaves_anomaly_case-admixture-Strigiformes_N297_rate090_time7099554-500Kb-1_na.fa	83000	117488	112444	139100	0.0136687	11980800000
/drive2/iang/msa/concat_default-500Kb-1-neoaves_anomaly_case-admixture-Strigiformes_N297_rate090_time7099554-500Kb-1_na.fa	84000	116313	116930	141689	-0.00164685	11980800000
/drive2/iang/msa/concat_default-500Kb-1-neoaves_anomaly_case-admixture-Strigiformes_N297_rate090_time7099554-500Kb-1_na.fa	85000	116088	113482	145975	0.00693989	11980800000
/drive2/iang/msa/concat_default-500Kb-1-neoaves_anomaly_case-admixture-Strigiformes_N297_rate090_time7099554-500Kb-1_na.fa	86000	122660	110522	144032	0.032178	11980800000
/drive2/iang/msa/concat_default-500Kb-1-neoaves_anomaly_case-admixture-Strigiformes_N297_rate090_time7099554-500Kb-1_na.fa	87000	117974	105760	148179	0.0328423	11980800000
/drive2/iang/msa/concat_default-500Kb-1-neoaves_anomaly_case-admixture-Strigiformes_N297_rate090_time7099554-500Kb-1_na.fa	88000	119902	93084.6	150489	0.0737795	11980800000
/drive2/iang/msa/concat_default-500Kb-1-neoaves_anomaly_case-admixture-Strigiformes_N297_rate090_time7099554-500Kb-1_na.fa	89000	120510	97193.5	146812	0.0639655	11980800000
/drive2/iang/msa/concat_default-500Kb-1-neoaves_anomaly_case-admixture-Strigiformes_N297_rate090_time7099554-500Kb-1_na.fa	90000	120594	101771	147670	0.0508679	11980800000
/drive2/iang/msa/concat_default-500Kb-1-neoaves_anomaly_case-admixture-Strigiformes_N297_rate090_time7099554-500Kb-1_na.fa	91000	120919	96574.7	149318	0.0663677	11980800000
/drive2/iang/msa/concat_default-500Kb-1-neoaves_anomaly_case-admixture-Strigiformes_N297_rate090_time7099554-500Kb-1_na.fa	92000	138580	95696.1	148218	0.112117	11980800000
/drive2/iang/msa/concat_default-500Kb-1-neoaves_anomaly_case-admixture-Strigiformes_N297_rate090_time7099554-500Kb-1_na.fa	93000	139369	96169.8	151927	0.111491	11980800000
/drive2/iang/msa/concat_default-500Kb-1-neoaves_anomaly_case-admixture-Strigiformes_N297_rate090_time7099554-500Kb-1_na.fa	94000	144736	100668	147552	0.112144	11980800000
/drive2/iang/msa/concat_default-500Kb-1-neoaves_anomaly_case-admixture-Strigiformes_N297_rate090_time7099554-500Kb-1_na.fa	95000	142464	104261	145611	0.0973715	11980800000
/drive2/iang/msa/concat_default-500Kb-1-neoaves_anomaly_case-admixture-Strigiformes_N297_rate090_time7099554-500Kb-1_na.fa	96000	138348	104659	145469	0.0867206	11980800000
/drive2/iang/msa/concat_default-500Kb-1-neoaves_anomaly_case-admixture-Strigiformes_N297_rate090_time7099554-500Kb-1_na.fa	97000	137341	105667	157767	0.0790308	11980800000
/drive2/iang/msa/concat_default-500Kb-1-neoaves_anomaly_case-admixture-Strigiformes_N297_rate090_time7099554-500Kb-1_na.fa	98000	139676	102925	165289	0.0901016	11980800000
/drive2/iang/msa/concat_default-500Kb-1-neoaves_anomaly_case-admixture-Strigiformes_N297_rate090_time7099554-500Kb-1_na.fa	99000	138090	101879	165667	0.0892698	11980800000
/drive2/iang/msa/concat_default-500Kb-1-neoaves_anomaly_case-admixture-Strigiformes_N297_rate090_time7099554-500Kb-1_na.fa	100000	139611	99629	169658	0.0977804	11980800000
/drive2/iang/msa/concat_default-500Kb-1-neoaves_anomaly_case-admixture-Strigiformes_N297_rate090_time7099554-500Kb-1_na.fa	101000	139429	102079	171860	0.0903558	11980800000
/drive2/iang/msa/concat_default-500Kb-1-neoaves_anomaly_case-admixture-Strigiformes_N297_rate090_time7099554-500Kb-1_na.fa	102000	138826	101736	160840	0.0924009	11980800000
/drive2/iang/msa/concat_default-500Kb-1-neoaves_anomaly_case-admixture-Strigiformes_N297_rate090_time7099554-500Kb-1_na.fa	103000	135281	102988	166228	0.0798365	11980800000
/drive2/iang/msa/concat_default-500Kb-1-neoaves_anomaly_case-admixture-Strigiformes_N297_rate090_time7099554-500Kb-1_na.fa	104000	133048	109084	168212	0.0583993	11980800000
/drive2/iang/msa/concat_default-500Kb-1-neoaves_anomaly_case-admixture-Strigiformes_N297_rate090_time7099554-500Kb-1_na.fa	105000	144230	109165	164899	0.0838281	11980800000
/drive2/iang/msa/concat_default-500Kb-1-neoaves_anomaly_case-admixture-Strigiformes_N297_rate090_time7099554-500Kb-1_na.fa	106000	146841	104049	166579	0.102504	11980800000
/drive2/iang/msa/concat_default-500Kb-1-neoaves_anomaly_case-admixture-Strigiformes_N297_rate090_time7099554-500Kb-1_na.fa	107000	148223	103365	165914	0.107444	11980800000
/drive2/iang/msa/concat_default-500Kb-1-neoaves_anomaly_case-admixture-Strigiformes_N297_rate090_time7099554-500Kb-1_na.fa	108000	147872	105316	165749	0.101581	11980800000
/drive2/iang/msa/concat_default-500Kb-1-neoaves_anomaly_case-admixture-Strigiformes_N297_rate090_time7099554-500Kb-1_na.fa	109000	141355	103937	163524	0.0915272	11980800000
/drive2/iang/msa/concat_default-500Kb-1-neoaves_anomaly_case-admixture-Strigiformes_N297_rate090_time7099554-500Kb-1_na.fa	110000	140942	105525	161801	0.0867488	11980800000
/drive2/iang/msa/concat_default-500Kb-1-neoaves_anomaly_case-admixture-Strigiformes_N297_rate090_time7099554-500Kb-1_na.fa	111000	145305	107649	165592	0.08997	11980800000
/drive2/iang/msa/concat_default-500Kb-1-neoaves_anomaly_case-admixture-Strigiformes_N297_rate090_time7099554-500Kb-1_na.fa	112000	147754	110693	176885	0.0851321	11980800000
/drive2/iang/msa/concat_default-500Kb-1-neoaves_anomaly_case-admixture-Strigiformes_N297_rate090_time7099554-500Kb-1_na.fa	113000	148980	112561	179422	0.082589	11980800000
/drive2/iang/msa/concat_default-500Kb-1-neoaves_anomaly_case-admixture-Strigiformes_N297_rate090_time7099554-500Kb-1_na.fa	114000	142814	114339	178258	0.0653984	11980800000
/drive2/iang/msa/concat_default-500Kb-1-neoaves_anomaly_case-admixture-Strigiformes_N297_rate090_time7099554-500Kb-1_na.fa	115000	139355	115114	178354	0.0560054	11980800000
/drive2/iang/msa/concat_default-500Kb-1-neoaves_anomaly_case-admixture-Strigiformes_N297_rate090_time7099554-500Kb-1_na.fa	116000	138042	106089	177496	0.0757865	11980800000
/drive2/iang/msa/concat_default-500Kb-1-neoaves_anomaly_case-admixture-Strigiformes_N297_rate090_time7099554-500Kb-1_na.fa	117000	133278	104930	178674	0.0680016	11980800000
/drive2/iang/msa/concat_default-500Kb-1-neoaves_anomaly_case-admixture-Strigiformes_N297_rate090_time7099554-500Kb-1_na.fa	118000	134704	106653	176314	0.0671618	11980800000
/drive2/iang/msa/concat_default-500Kb-1-neoaves_anomaly_case-admixture-Strigiformes_N297_rate090_time7099554-500Kb-1_na.fa	119000	140412	109771	160285	0.0746487	11980800000
/drive2/iang/msa/concat_default-500Kb-1-neoaves_anomaly_case-admixture-Strigiformes_N297_rate090_time7099554-500Kb-1_na.fa	120000	139532	113423	153793	0.0641883	11980800000
/drive2/iang/msa/concat_default-500Kb-1-neoaves_anomaly_case-admixture-Strigiformes_N297_rate090_time7099554-500Kb-1_na.fa	121000	139480	117010	154039	0.0547342	11980800000
/drive2/iang/msa/concat_default-500Kb-1-neoaves_anomaly_case-admixture-Strigiformes_N297_rate090_time7099554-500Kb-1_na.fa	122000	141276	117361	148967	0.0586708	11980800000
/drive2/iang/msa/concat_default-500Kb-1-neoaves_anomaly_case-admixture-Strigiformes_N297_rate090_time7099554-500Kb-1_na.fa	123000	140071	114957	153514	0.0614737	11980800000
/drive2/iang/msa/concat_default-500Kb-1-neoaves_anomaly_case-admixture-Strigiformes_N297_rate090_time7099554-500Kb-1_na.fa	124000	138261	115503	149147	0.0564858	11980800000
/drive2/iang/msa/concat_default-500Kb-1-neoaves_anomaly_case-admixture-Strigiformes_N297_rate090_time7099554-500Kb-1_na.fa	125000	139839	120116	145744	0.048615	11980800000
/drive2/iang/msa/concat_default-500Kb-1-neoaves_anomaly_case-admixture-Strigiformes_N297_rate090_time7099554-500Kb-1_na.fa	126000	138595	115788	145624	0.0570152	11980800000
/drive2/iang/msa/concat_default-500Kb-1-neoaves_anomaly_case-admixture-Strigiformes_N297_rate090_time7099554-500Kb-1_na.fa	127000	136511	113329	142222	0.0591301	11980800000
/drive2/iang/msa/concat_default-500Kb-1-neoaves_anomaly_case-admixture-Strigiformes_N297_rate090_time7099554-500Kb-1_na.fa	128000	133073	114182	142819	0.0484274	11980800000
/drive2/iang/msa/concat_default-500Kb-1-neoaves_anomaly_case-admixture-Strigiformes_N297_rate090_time7099554-500Kb-1_na.fa	129000	128958	113651	138003	0.0402161	11980800000
/drive2/iang/msa/concat_default-500Kb-1-neoaves_anomaly_case-admixture-Strigiformes_N297_rate090_time7099554-500Kb-1_na.fa	130000	133142	117043	135619	0.0417287	11980800000
/drive2/iang/msa/concat_default-500Kb-1-neoaves_anomaly_case-admixture-Strigiformes_N297_rate090_time7099554-500Kb-1_na.fa	131000	131302	113759	132671	0.0464441	11980800000
/drive2/iang/msa/concat_default-500Kb-1-neoaves_anomaly_case-admixture-Strigiformes_N297_rate090_time7099554-500Kb-1_na.fa	132000	127616	114295	137457	0.0351156	11980800000
/drive2/iang/msa/concat_default-500Kb-1-neoaves_anomaly_case-admixture-Strigiformes_N297_rate090_time7099554-500Kb-1_na.fa	133000	119437	116803	136678	0.00706351	11980800000
/drive2/iang/msa/concat_default-500Kb-1-neoaves_anomaly_case-admixture-Strigiformes_N297_rate090_time7099554-500Kb-1_na.fa	134000	119382	107112	134857	0.0339557	11980800000
/drive2/iang/msa/concat_default-500Kb-1-neoaves_anomaly_case-admixture-Strigiformes_N297_rate090_time7099554-500Kb-1_na.fa	135000	118254	106413	133980	0.0330166	11980800000
/drive2/iang/msa/concat_default-500Kb-1-neoaves_anomaly_case-admixture-Strigiformes_N297_rate090_time7099554-500Kb-1_na.fa	136000	110085	108449	136237	0.00461197	11980800000
/drive2/iang/msa/concat_default-500Kb-1-neoaves_anomaly_case-admixture-Strigiformes_N297_rate090_time7099554-500Kb-1_na.fa	137000	108803	112339	136977	-0.00987198	11980800000
/drive2/iang/msa/concat_default-500Kb-1-neoaves_anomaly_case-admixture-Strigiformes_N297_rate090_time7099554-500Kb-1_na.fa	138000	106474	111516	132868	-0.0143705	11980800000
/drive2/iang/msa/concat_default-500Kb-1-neoaves_anomaly_case-admixture-Strigiformes_N297_rate090_time7099554-500Kb-1_na.fa	139000	104961	106181	134633	-0.00352744	11980800000
/drive2/iang/msa/concat_default-500Kb-1-neoaves_anomaly_case-admixture-Strigiformes_N297_rate090_time7099554-500Kb-1_na.fa	140000	103113	104395	132448	-0.00377145	11980800000
/drive2/iang/msa/concat_default-500Kb-1-neoaves_anomaly_case-admixture-Strigiformes_N297_rate090_time7099554-500Kb-1_na.fa	141000	101358	106273	130957	-0.0145164	11980800000
/drive2/iang/msa/concat_default-500Kb-1-neoaves_anomaly_case-admixture-Strigiformes_N297_rate090_time7099554-500Kb-1_na.fa	142000	85284.8	104395	132725	-0.0592739	11980800000
/drive2/iang/msa/concat_default-500Kb-1-neoaves_anomaly_case-admixture-Strigiformes_N297_rate090_time7099554-500Kb-1_na.fa	143000	85962.1	102737	128043	-0.0529598	11980800000
/drive2/iang/msa/concat_default-500Kb-1-neoaves_anomaly_case-admixture-Strigiformes_N297_rate090_time7099554-500Kb-1_na.fa	144000	83784.7	95463.5	126303	-0.0382222	11980800000
/drive2/iang/msa/concat_default-500Kb-1-neoaves_anomaly_case-admixture-Strigiformes_N297_rate090_time7099554-500Kb-1_na.fa	145000	82099.5	91269.1	124358	-0.0307986	11980800000
/drive2/iang/msa/concat_default-500Kb-1-neoaves_anomaly_case-admixture-Strigiformes_N297_rate090_time7099554-500Kb-1_na.fa	146000	80750.8	90578.8	123713	-0.0333107	11980800000
/drive2/iang/msa/concat_default-500Kb-1-neoaves_anomaly_case-admixture-Strigiformes_N297_rate090_time7099554-500Kb-1_na.fa	147000	80268.8	89272.2	119962	-0.0310996	11980800000
/drive2/iang/msa/concat_default-500Kb-1-neoaves_anomaly_case-admixture-Strigiformes_N297_rate090_time7099554-500Kb-1_na.fa	148000	79689.7	90042.7	116279	-0.0361978	11980800000
/drive2/iang/msa/concat_default-500Kb-1-neoaves_anomaly_case-admixture-Strigiformes_N297_rate090_time7099554-500Kb-1_na.fa	149000	80509.6	89630.6	114375	-0.032058	11980800000
/drive2/iang/msa/concat_default-500Kb-1-neoaves_anomaly_case-admixture-Strigiformes_N297_rate090_time7099554-500Kb-1_na.fa	150000	79515.2	88297.9	112180	-0.0313678	11980800000
/drive2/iang/msa/concat_default-500Kb-1-neoaves_anomaly_case-admixture-Strigiformes_N297_rate090_time7099554-500Kb-1_na.fa	151000	80616	88485.4	110939	-0.0281009	11980800000
/drive2/iang/msa/concat_default-500Kb-1-neoaves_anomaly_case-admixture-Strigiformes_N297_rate090_time7099554-500Kb-1_na.fa	152000	80644.9	92607	110532	-0.0421521	11980800000
/drive2/iang/msa/concat_default-500Kb-1-neoaves_anomaly_case-admixture-Strigiformes_N297_rate090_time7099554-500Kb-1_na.fa	153000	83162.3	95943.9	104264	-0.0451055	11980800000
/drive2/iang/msa/concat_default-500Kb-1-neoaves_anomaly_case-admixture-Strigiformes_N297_rate090_time7099554-500Kb-1_na.fa	154000	84148	94976.7	101770	-0.0385508	11980800000
/drive2/iang/msa/concat_default-500Kb-1-neoaves_anomaly_case-admixture-Strigiformes_N297_rate090_time7099554-500Kb-1_na.fa	155000	76869.5	96347.4	100994	-0.0710323	11980800000
/drive2/iang/msa/concat_default-500Kb-1-neoaves_anomaly_case-admixture-Strigiformes_N297_rate090_time7099554-500Kb-1_na.fa	156000	73041.8	95203.8	99632.9	-0.0827317	11980800000
/drive2/iang/msa/concat_default-500Kb-1-neoaves_anomaly_case-admixture-Strigiformes_N297_rate090_time7099554-500Kb-1_na.fa	157000	71599.6	94111.6	96033	-0.0860079	11980800000
/drive2/iang/msa/concat_default-500Kb-1-neoaves_anomaly_case-admixture-Strigiformes_N297_rate090_time7099554-500Kb-1_na.fa	158000	69792	87696.3	95866.8	-0.0706687	11980800000
/drive2/iang/msa/concat_default-500Kb-1-neoaves_anomaly_case-admixture-Strigiformes_N297_rate090_time7099554-500Kb-1_na.fa	159000	69397.9	89121.9	94383.5	-0.0779901	11980800000
/drive2/iang/msa/concat_default-500Kb-1-neoaves_anomaly_case-admixture-Strigiformes_N297_rate090_time7099554-500Kb-1_na.fa	160000	70316.9	86576.6	89811.5	-0.0659074	11980800000
/drive2/iang/msa/concat_default-500Kb-1-neoaves_anomaly_case-admixture-Strigiformes_N297_rate090_time7099554-500Kb-1_na.fa	161000	69071.2	84969.2	87509.2	-0.0658168	11980800000
/drive2/iang/msa/concat_default-500Kb-1-neoaves_anomaly_case-admixture-Strigiformes_N297_rate090_time7099554-500Kb-1_na.fa	162000	64785.5	82259.9	77258.3	-0.0779049	11980800000
/drive2/iang/msa/concat_default-500Kb-1-neoaves_anomaly_case-admixture-Strigiformes_N297_rate090_time7099554-500Kb-1_na.fa	163000	62615.8	80545.8	75151.5	-0.0821297	11980800000
/drive2/iang/msa/concat_default-500Kb-1-neoaves_anomaly_case-admixture-Strigiformes_N297_rate090_time7099554-500Kb-1_na.fa	164000	64667.3	78009.9	76366.9	-0.0609128	11980800000
/drive2/iang/msa/concat_default-500Kb-1-neoaves_anomaly_case-admixture-Strigiformes_N297_rate090_time7099554-500Kb-1_na.fa	165000	70599.8	76122.6	78090.1	-0.0245661	11980800000
/drive2/iang/msa/concat_default-500Kb-1-neoaves_anomaly_case-admixture-Strigiformes_N297_rate090_time7099554-500Kb-1_na.fa	166000	70515	76521.2	87952.7	-0.0255595	11980800000
/drive2/iang/msa/concat_default-500Kb-1-neoaves_anomaly_case-admixture-Strigiformes_N297_rate090_time7099554-500Kb-1_na.fa	167000	70527.2	76493.4	87746	-0.0254134	11980800000
/drive2/iang/msa/concat_default-500Kb-1-neoaves_anomaly_case-admixture-Strigiformes_N297_rate090_time7099554-500Kb-1_na.fa	168000	68074.3	75924.5	89111.9	-0.033676	11980800000
/drive2/iang/msa/concat_default-500Kb-1-neoaves_anomaly_case-admixture-Strigiformes_N297_rate090_time7099554-500Kb-1_na.fa	169000	61775.2	79515.1	89054.3	-0.0770147	11980800000
/drive2/iang/msa/concat_default-500Kb-1-neoaves_anomaly_case-admixture-Strigiformes_N297_rate090_time7099554-500Kb-1_na.fa	170000	59834.4	73750.9	87988.6	-0.0628073	11980800000
/drive2/iang/msa/concat_default-500Kb-1-neoaves_anomaly_case-admixture-Strigiformes_N297_rate090_time7099554-500Kb-1_na.fa	171000	58933.1	72030.8	91914.6	-0.0587663	11980800000
/drive2/iang/msa/concat_default-500Kb-1-neoaves_anomaly_case-admixture-Strigiformes_N297_rate090_time7099554-500Kb-1_na.fa	172000	56120.7	72117.9	96849.5	-0.0710709	11980800000
/drive2/iang/msa/concat_default-500Kb-1-neoaves_anomaly_case-admixture-Strigiformes_N297_rate090_time7099554-500Kb-1_na.fa	173000	55648.5	75394.1	89709.7	-0.0894467	11980800000
/drive2/iang/msa/concat_default-500Kb-1-neoaves_anomaly_case-admixture-Strigiformes_N297_rate090_time7099554-500Kb-1_na.fa	174000	54581.7	74934.2	95321.1	-0.0905213	11980800000
/drive2/iang/msa/concat_default-500Kb-1-neoaves_anomaly_case-admixture-Strigiformes_N297_rate090_time7099554-500Kb-1_na.fa	175000	50268.2	71489.8	100457	-0.0955006	11980800000
/drive2/iang/msa/concat_default-500Kb-1-neoaves_anomaly_case-admixture-Strigiformes_N297_rate090_time7099554-500Kb-1_na.fa	176000	49344.5	70063.6	103078	-0.0931253	11980800000
/drive2/iang/msa/concat_default-500Kb-1-neoaves_anomaly_case-admixture-Strigiformes_N297_rate090_time7099554-500Kb-1_na.fa	177000	49677.9	69622.1	104127	-0.0892651	11980800000
/drive2/iang/msa/concat_default-500Kb-1-neoaves_anomaly_case-admixture-Strigiformes_N297_rate090_time7099554-500Kb-1_na.fa	178000	48843.8	71918	101884	-0.103636	11980800000
/drive2/iang/msa/concat_default-500Kb-1-neoaves_anomaly_case-admixture-Strigiformes_N297_rate090_time7099554-500Kb-1_na.fa	179000	48694	73239	102852	-0.109193	11980800000
/drive2/iang/msa/concat_default-500Kb-1-neoaves_anomaly_case-admixture-Strigiformes_N297_rate090_time7099554-500Kb-1_na.fa	180000	45849.7	72302.6	104379	-0.118872	11980800000
/drive2/iang/msa/concat_default-500Kb-1-neoaves_anomaly_case-admixture-Strigiformes_N297_rate090_time7099554-500Kb-1_na.fa	181000	42487.9	78283.4	103933	-0.1593	11980800000
/drive2/iang/msa/concat_default-500Kb-1-neoaves_anomaly_case-admixture-Strigiformes_N297_rate090_time7099554-500Kb-1_na.fa	182000	43603.4	76145.2	99420.8	-0.148478	11980800000
/drive2/iang/msa/concat_default-500Kb-1-neoaves_anomaly_case-admixture-Strigiformes_N297_rate090_time7099554-500Kb-1_na.fa	183000	44912.5	75734.9	102298	-0.138251	11980800000
/drive2/iang/msa/concat_default-500Kb-1-neoaves_anomaly_case-admixture-Strigiformes_N297_rate090_time7099554-500Kb-1_na.fa	184000	46049.8	82472.7	99819	-0.15951	11980800000
/drive2/iang/msa/concat_default-500Kb-1-neoaves_anomaly_case-admixture-Strigiformes_N297_rate090_time7099554-500Kb-1_na.fa	185000	43902.9	80722.1	101779	-0.162626	11980800000
/drive2/iang/msa/concat_default-500Kb-1-neoaves_anomaly_case-admixture-Strigiformes_N297_rate090_time7099554-500Kb-1_na.fa	186000	43961.4	82725.4	101246	-0.170068	11980800000
/drive2/iang/msa/concat_default-500Kb-1-neoaves_anomaly_case-admixture-Strigiformes_N297_rate090_time7099554-500Kb-1_na.fa	187000	45242.1	82695.4	97060.1	-0.166461	11980800000
/drive2/iang/msa/concat_default-500Kb-1-neoaves_anomaly_case-admixture-Strigiformes_N297_rate090_time7099554-500Kb-1_na.fa	188000	45343.2	84349.1	99222	-0.170395	11980800000
/drive2/iang/msa/concat_default-500Kb-1-neoaves_anomaly_case-admixture-Strigiformes_N297_rate090_time7099554-500Kb-1_na.fa	189000	48422.4	89687.3	100967	-0.172601	11980800000
/drive2/iang/msa/concat_default-500Kb-1-neoaves_anomaly_case-admixture-Strigiformes_N297_rate090_time7099554-500Kb-1_na.fa	190000	48529.9	89027.6	101685	-0.169275	11980800000
/drive2/iang/msa/concat_default-500Kb-1-neoaves_anomaly_case-admixture-Strigiformes_N297_rate090_time7099554-500Kb-1_na.fa	191000	49826.1	91529.5	106907	-0.167981	11980800000
/drive2/iang/msa/concat_default-500Kb-1-neoaves_anomaly_case-admixture-Strigiformes_N297_rate090_time7099554-500Kb-1_na.fa	192000	48447	98807.6	105792	-0.199017	11980800000
/drive2/iang/msa/concat_default-500Kb-1-neoaves_anomaly_case-admixture-Strigiformes_N297_rate090_time7099554-500Kb-1_na.fa	193000	46247.4	106412	108131	-0.230701	11980800000
/drive2/iang/msa/concat_default-500Kb-1-neoaves_anomaly_case-admixture-Strigiformes_N297_rate090_time7099554-500Kb-1_na.fa	194000	44901.3	108316	108504	-0.242299	11980800000
/drive2/iang/msa/concat_default-500Kb-1-neoaves_anomaly_case-admixture-Strigiformes_N297_rate090_time7099554-500Kb-1_na.fa	195000	44516.5	118456	109258	-0.271608	11980800000
/drive2/iang/msa/concat_default-500Kb-1-neoaves_anomaly_case-admixture-Strigiformes_N297_rate090_time7099554-500Kb-1_na.fa	196000	51126.7	118923	107594	-0.244186	11980800000
/drive2/iang/msa/concat_default-500Kb-1-neoaves_anomaly_case-admixture-Strigiformes_N297_rate090_time7099554-500Kb-1_na.fa	197000	51972.8	118194	100086	-0.245034	11980800000
/drive2/iang/msa/concat_default-500Kb-1-neoaves_anomaly_case-admixture-Strigiformes_N297_rate090_time7099554-500Kb-1_na.fa	198000	49229.4	119204	97502.8	-0.263126	11980800000
/drive2/iang/msa/concat_default-500Kb-1-neoaves_anomaly_case-admixture-Strigiformes_N297_rate090_time7099554-500Kb-1_na.fa	199000	52653.7	120785	98532	-0.25051	11980800000
/drive2/iang/msa/concat_default-500Kb-1-neoaves_anomaly_case-admixture-Strigiformes_N297_rate090_time7099554-500Kb-1_na.fa	200000	51905.3	124688	96434.3	-0.266575	11980800000
/drive2/iang/msa/concat_default-500Kb-1-neoaves_anomaly_case-admixture-Strigiformes_N297_rate090_time7099554-500Kb-1_na.fa	201000	49748.1	127674	95299.3	-0.285736	11980800000
/drive2/iang/msa/concat_default-500Kb-1-neoaves_anomaly_case-admixture-Strigiformes_N297_rate090_time7099554-500Kb-1_na.fa	202000	65527.3	123870	94377.7	-0.205594	11980800000
/drive2/iang/msa/concat_default-500Kb-1-neoaves_anomaly_case-admixture-Strigiformes_N297_rate090_time7099554-500Kb-1_na.fa	203000	75247.5	120671	97052.6	-0.155044	11980800000
/drive2/iang/msa/concat_default-500Kb-1-neoaves_anomaly_case-admixture-Strigiformes_N297_rate090_time7099554-500Kb-1_na.fa	204000	74733.6	120098	99201.6	-0.154283	11980800000
/drive2/iang/msa/concat_default-500Kb-1-neoaves_anomaly_case-admixture-Strigiformes_N297_rate090_time7099554-500Kb-1_na.fa	205000	71758.4	129349	99789.2	-0.191396	11980800000
/drive2/iang/msa/concat_default-500Kb-1-neoaves_anomaly_case-admixture-Strigiformes_N297_rate090_time7099554-500Kb-1_na.fa	206000	73607.2	129329	100854	-0.183422	11980800000
/drive2/iang/msa/concat_default-500Kb-1-neoaves_anomaly_case-admixture-Strigiformes_N297_rate090_time7099554-500Kb-1_na.fa	207000	73799.1	132748	101948	-0.191086	11980800000
/drive2/iang/msa/concat_default-500Kb-1-neoaves_anomaly_case-admixture-Strigiformes_N297_rate090_time7099554-500Kb-1_na.fa	208000	75392.6	144558	102309	-0.214627	11980800000
/drive2/iang/msa/concat_default-500Kb-1-neoaves_anomaly_case-admixture-Strigiformes_N297_rate090_time7099554-500Kb-1_na.fa	209000	74471	142642	102157	-0.213521	11980800000
/drive2/iang/msa/concat_default-500Kb-1-neoaves_anomaly_case-admixture-Strigiformes_N297_rate090_time7099554-500Kb-1_na.fa	210000	74424.8	144571	106562	-0.215465	11980800000
/drive2/iang/msa/concat_default-500Kb-1-neoaves_anomaly_case-admixture-Strigiformes_N297_rate090_time7099554-500Kb-1_na.fa	211000	75793.4	149577	104924	-0.223388	11980800000
/drive2/iang/msa/concat_default-500Kb-1-neoaves_anomaly_case-admixture-Strigiformes_N297_rate090_time7099554-500Kb-1_na.fa	212000	78001.6	155069	105391	-0.227699	11980800000
/drive2/iang/msa/concat_default-500Kb-1-neoaves_anomaly_case-admixture-Strigiformes_N297_rate090_time7099554-500Kb-1_na.fa	213000	77885	155426	106282	-0.228335	11980800000
/drive2/iang/msa/concat_default-500Kb-1-neoaves_anomaly_case-admixture-Strigiformes_N297_rate090_time7099554-500Kb-1_na.fa	214000	75984.3	154640	109750	-0.231087	11980800000
/drive2/iang/msa/concat_default-500Kb-1-neoaves_anomaly_case-admixture-Strigiformes_N297_rate090_time7099554-500Kb-1_na.fa	215000	69181.2	163675	108192	-0.27707	11980800000
/drive2/iang/msa/concat_default-500Kb-1-neoaves_anomaly_case-admixture-Strigiformes_N297_rate090_time7099554-500Kb-1_na.fa	216000	69142.7	164510	104110	-0.282349	11980800000
/drive2/iang/msa/concat_default-500Kb-1-neoaves_anomaly_case-admixture-Strigiformes_N297_rate090_time7099554-500Kb-1_na.fa	217000	69450.5	165061	104086	-0.282372	11980800000
/drive2/iang/msa/concat_default-500Kb-1-neoaves_anomaly_case-admixture-Strigiformes_N297_rate090_time7099554-500Kb-1_na.fa	218000	69297.7	168579	100498	-0.293406	11980800000
/drive2/iang/msa/concat_default-500Kb-1-neoaves_anomaly_case-admixture-Strigiformes_N297_rate090_time7099554-500Kb-1_na.fa	219000	72190.8	160470	100297	-0.265136	11980800000
/drive2/iang/msa/concat_default-500Kb-1-neoaves_anomaly_case-admixture-Strigiformes_N297_rate090_time7099554-500Kb-1_na.fa	220000	77597.3	163691	99885.4	-0.252346	11980800000
/drive2/iang/msa/concat_default-500Kb-1-neoaves_anomaly_case-admixture-Strigiformes_N297_rate090_time7099554-500Kb-1_na.fa	221000	77228.4	164383	94578.5	-0.259242	11980800000
/drive2/iang/msa/concat_default-500Kb-1-neoaves_anomaly_case-admixture-Strigiformes_N297_rate090_time7099554-500Kb-1_na.fa	222000	76347.9	169873	89531.7	-0.278555	11980800000
/drive2/iang/msa/concat_default-500Kb-1-neoaves_anomaly_case-admixture-Strigiformes_N297_rate090_time7099554-500Kb-1_na.fa	223000	78116.6	176375	85380	-0.289105	11980800000
/drive2/iang/msa/concat_default-500Kb-1-neoaves_anomaly_case-admixture-Strigiformes_N297_rate090_time7099554-500Kb-1_na.fa	224000	79228.9	181938	82077.6	-0.299231	11980800000
/drive2/iang/msa/concat_default-500Kb-1-neoaves_anomaly_case-admixture-Strigiformes_N297_rate090_time7099554-500Kb-1_na.fa	225000	82587.7	178949	77745.1	-0.284017	11980800000
/drive2/iang/msa/concat_default-500Kb-1-neoaves_anomaly_case-admixture-Strigiformes_N297_rate090_time7099554-500Kb-1_na.fa	226000	90952	179812	79132.8	-0.253961	11980800000
/drive2/iang/msa/concat_default-500Kb-1-neoaves_anomaly_case-admixture-Strigiformes_N297_rate090_time7099554-500Kb-1_na.fa	227000	93761.8	180071	79462.4	-0.244297	11980800000
/drive2/iang/msa/concat_default-500Kb-1-neoaves_anomaly_case-admixture-Strigiformes_N297_rate090_time7099554-500Kb-1_na.fa	228000	94162.5	184884	78917.1	-0.253438	11980800000
/drive2/iang/msa/concat_default-500Kb-1-neoaves_anomaly_case-admixture-Strigiformes_N297_rate090_time7099554-500Kb-1_na.fa	229000	97570.5	183340	80113.6	-0.237574	11980800000
/drive2/iang/msa/concat_default-500Kb-1-neoaves_anomaly_case-admixture-Strigiformes_N297_rate090_time7099554-500Kb-1_na.fa	230000	96091.2	186911	79642.1	-0.250438	11980800000
/drive2/iang/msa/concat_default-500Kb-1-neoaves_anomaly_case-admixture-Strigiformes_N297_rate090_time7099554-500Kb-1_na.fa	231000	94505.2	182835	82114.7	-0.245732	11980800000
/drive2/iang/msa/concat_default-500Kb-1-neoaves_anomaly_case-admixture-Strigiformes_N297_rate090_time7099554-500Kb-1_na.fa	232000	95472	184360	81196.7	-0.246208	11980800000
/drive2/iang/msa/concat_default-500Kb-1-neoaves_anomaly_case-admixture-Strigiformes_N297_rate090_time7099554-500Kb-1_na.fa	233000	93223.5	182442	79549.2	-0.251169	11980800000
/drive2/iang/msa/concat_default-500Kb-1-neoaves_anomaly_case-admixture-Strigiformes_N297_rate090_time7099554-500Kb-1_na.fa	234000	92642.2	178173	82337.5	-0.242192	11980800000
/drive2/iang/msa/concat_default-500Kb-1-neoaves_anomaly_case-admixture-Strigiformes_N297_rate090_time7099554-500Kb-1_na.fa	235000	93775.9	179137	83348	-0.239602	11980800000
/drive2/iang/msa/concat_default-500Kb-1-neoaves_anomaly_case-admixture-Strigiformes_N297_rate090_time7099554-500Kb-1_na.fa	236000	94554.1	176477	81133.5	-0.232626	11980800000
/drive2/iang/msa/concat_default-500Kb-1-neoaves_anomaly_case-admixture-Strigiformes_N297_rate090_time7099554-500Kb-1_na.fa	237000	95170.1	176089	82908.9	-0.228475	11980800000
/drive2/iang/msa/concat_default-500Kb-1-neoaves_anomaly_case-admixture-Strigiformes_N297_rate090_time7099554-500Kb-1_na.fa	238000	97441	176564	82661.3	-0.221841	11980800000
/drive2/iang/msa/concat_default-500Kb-1-neoaves_anomaly_case-admixture-Strigiformes_N297_rate090_time7099554-500Kb-1_na.fa	239000	98089.3	172820	83135.9	-0.211076	11980800000
/drive2/iang/msa/concat_default-500Kb-1-neoaves_anomaly_case-admixture-Strigiformes_N297_rate090_time7099554-500Kb-1_na.fa	240000	100773	172366	84178.5	-0.200362	11980800000
/drive2/iang/msa/concat_default-500Kb-1-neoaves_anomaly_case-admixture-Strigiformes_N297_rate090_time7099554-500Kb-1_na.fa	241000	99617.7	169976	82893.3	-0.199606	11980800000
/drive2/iang/msa/concat_default-500Kb-1-neoaves_anomaly_case-admixture-Strigiformes_N297_rate090_time7099554-500Kb-1_na.fa	242000	99720	165498	82817.8	-0.188998	11980800000
/drive2/iang/msa/concat_default-500Kb-1-neoaves_anomaly_case-admixture-Strigiformes_N297_rate090_time7099554-500Kb-1_na.fa	243000	103703	158586	81195.6	-0.159784	11980800000
/drive2/iang/msa/concat_default-500Kb-1-neoaves_anomaly_case-admixture-Strigiformes_N297_rate090_time7099554-500Kb-1_na.fa	244000	102716	156514	80474.6	-0.158368	11980800000
/drive2/iang/msa/concat_default-500Kb-1-neoaves_anomaly_case-admixture-Strigiformes_N297_rate090_time7099554-500Kb-1_na.fa	245000	102739	146260	80557.7	-0.13206	11980800000
/drive2/iang/msa/concat_default-500Kb-1-neoaves_anomaly_case-admixture-Strigiformes_N297_rate090_time7099554-500Kb-1_na.fa	246000	96467.5	145912	81657.6	-0.152588	11980800000
/drive2/iang/msa/concat_default-500Kb-1-neoaves_anomaly_case-admixture-Strigiformes_N297_rate090_time7099554-500Kb-1_na.fa	247000	93997.4	143611	81806.4	-0.155327	11980800000
/drive2/iang/msa/concat_default-500Kb-1-neoaves_anomaly_case-admixture-Strigiformes_N297_rate090_time7099554-500Kb-1_na.fa	248000	96854.3	146350	82864.6	-0.151794	11980800000
/drive2/iang/msa/concat_default-500Kb-1-neoaves_anomaly_case-admixture-Strigiformes_N297_rate090_time7099554-500Kb-1_na.fa	249000	89611	144971	82135.3	-0.174794	11980800000
/drive2/iang/msa/concat_default-500Kb-1-neoaves_anomaly_case-admixture-Strigiformes_N297_rate090_time7099554-500Kb-1_na.fa	250000	91370.6	141596	81429.2	-0.159751	11980800000
/drive2/iang/msa/concat_default-500Kb-1-neoaves_anomaly_case-admixture-Strigiformes_N297_rate090_time7099554-500Kb-1_na.fa	251000	93178.8	137040	81378.7	-0.140763	11980800000
/drive2/iang/msa/concat_default-500Kb-1-neoaves_anomaly_case-admixture-Strigiformes_N297_rate090_time7099554-500Kb-1_na.fa	252000	79024.6	135544	83853.6	-0.189395	11980800000
/drive2/iang/msa/concat_default-500Kb-1-neoaves_anomaly_case-admixture-Strigiformes_N297_rate090_time7099554-500Kb-1_na.fa	253000	72801.9	134753	82337.5	-0.213703	11980800000
/drive2/iang/msa/concat_default-500Kb-1-neoaves_anomaly_case-admixture-Strigiformes_N297_rate090_time7099554-500Kb-1_na.fa	254000	70823.3	129902	83970.5	-0.207516	11980800000
/drive2/iang/msa/concat_default-500Kb-1-neoaves_anomaly_case-admixture-Strigiformes_N297_rate090_time7099554-500Kb-1_na.fa	255000	71919.6	119020	81506.5	-0.17288	11980800000
/drive2/iang/msa/concat_default-500Kb-1-neoaves_anomaly_case-admixture-Strigiformes_N297_rate090_time7099554-500Kb-1_na.fa	256000	70345.5	117527	74178.5	-0.180046	11980800000
/drive2/iang/msa/concat_default-500Kb-1-neoaves_anomaly_case-admixture-Strigiformes_N297_rate090_time7099554-500Kb-1_na.fa	257000	71017.6	114743	73481.7	-0.168665	11980800000
/drive2/iang/msa/concat_default-500Kb-1-neoaves_anomaly_case-admixture-Strigiformes_N297_rate090_time7099554-500Kb-1_na.fa	258000	69382.6	104536	73501.1	-0.142081	11980800000
/drive2/iang/msa/concat_default-500Kb-1-neoaves_anomaly_case-admixture-Strigiformes_N297_rate090_time7099554-500Kb-1_na.fa	259000	72479	103200	75287.6	-0.12241	11980800000
/drive2/iang/msa/concat_default-500Kb-1-neoaves_anomaly_case-admixture-Strigiformes_N297_rate090_time7099554-500Kb-1_na.fa	260000	72141.6	104689	74049.2	-0.129733	11980800000
/drive2/iang/msa/concat_default-500Kb-1-neoaves_anomaly_case-admixture-Strigiformes_N297_rate090_time7099554-500Kb-1_na.fa	261000	68904.7	99720.6	83155.6	-0.122392	11980800000
/drive2/iang/msa/concat_default-500Kb-1-neoaves_anomaly_case-admixture-Strigiformes_N297_rate090_time7099554-500Kb-1_na.fa	262000	67254.1	94384.5	90265.3	-0.107701	11980800000
/drive2/iang/msa/concat_default-500Kb-1-neoaves_anomaly_case-admixture-Strigiformes_N297_rate090_time7099554-500Kb-1_na.fa	263000	65097.7	94384.3	90248.5	-0.117273	11980800000
/drive2/iang/msa/concat_default-500Kb-1-neoaves_anomaly_case-admixture-Strigiformes_N297_rate090_time7099554-500Kb-1_na.fa	264000	64424	96448.4	89447.7	-0.127934	11980800000
/drive2/iang/msa/concat_default-500Kb-1-neoaves_anomaly_case-admixture-Strigiformes_N297_rate090_time7099554-500Kb-1_na.fa	265000	66514.2	87104.1	88781.3	-0.084942	11980800000
/drive2/iang/msa/concat_default-500Kb-1-neoaves_anomaly_case-admixture-Strigiformes_N297_rate090_time7099554-500Kb-1_na.fa	266000	66619.2	87585.5	93053.3	-0.0847955	11980800000
/drive2/iang/msa/concat_default-500Kb-1-neoaves_anomaly_case-admixture-Strigiformes_N297_rate090_time7099554-500Kb-1_na.fa	267000	66306.2	88493.3	87229.9	-0.0916708	11980800000
/drive2/iang/msa/concat_default-500Kb-1-neoaves_anomaly_case-admixture-Strigiformes_N297_rate090_time7099554-500Kb-1_na.fa	268000	68831.3	82368.8	102479	-0.0533646	11980800000
/drive2/iang/msa/concat_default-500Kb-1-neoaves_anomaly_case-admixture-Strigiformes_N297_rate090_time7099554-500Kb-1_na.fa	269000	66815.7	86491.5	112910	-0.0739089	11980800000
/drive2/iang/msa/concat_default-500Kb-1-neoaves_anomaly_case-admixture-Strigiformes_N297_rate090_time7099554-500Kb-1_na.fa	270000	68352.3	85035.1	111023	-0.0630945	11980800000
/drive2/iang/msa/concat_default-500Kb-1-neoaves_anomaly_case-admixture-Strigiformes_N297_rate090_time7099554-500Kb-1_na.fa	271000	80671.6	83313.6	113780	-0.0095116	11980800000
/drive2/iang/msa/concat_default-500Kb-1-neoaves_anomaly_case-admixture-Strigiformes_N297_rate090_time7099554-500Kb-1_na.fa	272000	84570.6	81530.5	112994	0.0108929	11980800000
/drive2/iang/msa/concat_default-500Kb-1-neoaves_anomaly_case-admixture-Strigiformes_N297_rate090_time7099554-500Kb-1_na.fa	273000	81974.2	87585.4	114445	-0.0197574	11980800000
/drive2/iang/msa/concat_default-500Kb-1-neoaves_anomaly_case-admixture-Strigiformes_N297_rate090_time7099554-500Kb-1_na.fa	274000	81511	81835.3	119960	-0.00114468	11980800000
/drive2/iang/msa/concat_default-500Kb-1-neoaves_anomaly_case-admixture-Strigiformes_N297_rate090_time7099554-500Kb-1_na.fa	275000	81548.9	83327.5	122745	-0.00618379	11980800000
/drive2/iang/msa/concat_default-500Kb-1-neoaves_anomaly_case-admixture-Strigiformes_N297_rate090_time7099554-500Kb-1_na.fa	276000	75072.1	82264.5	118126	-0.0261104	11980800000
/drive2/iang/msa/concat_default-500Kb-1-neoaves_anomaly_case-admixture-Strigiformes_N297_rate090_time7099554-500Kb-1_na.fa	277000	72788.8	80923.2	119561	-0.0297664	11980800000
/drive2/iang/msa/concat_default-500Kb-1-neoaves_anomaly_case-admixture-Strigiformes_N297_rate090_time7099554-500Kb-1_na.fa	278000	72514	76797.3	121520	-0.0158151	11980800000
/drive2/iang/msa/concat_default-500Kb-1-neoaves_anomaly_case-admixture-Strigiformes_N297_rate090_time7099554-500Kb-1_na.fa	279000	70114.7	79020.3	120642	-0.0330109	11980800000
/drive2/iang/msa/concat_default-500Kb-1-neoaves_anomaly_case-admixture-Strigiformes_N297_rate090_time7099554-500Kb-1_na.fa	280000	72067.4	79853.7	118949	-0.0287455	11980800000
/drive2/iang/msa/concat_default-500Kb-1-neoaves_anomaly_case-admixture-Strigiformes_N297_rate090_time7099554-500Kb-1_na.fa	281000	74198.6	77514.3	115600	-0.0124038	11980800000
/drive2/iang/msa/concat_default-500Kb-1-neoaves_anomaly_case-admixture-Strigiformes_N297_rate090_time7099554-500Kb-1_na.fa	282000	73716.4	80455.8	116251	-0.0249218	11980800000
/drive2/iang/msa/concat_default-500Kb-1-neoaves_anomaly_case-admixture-Strigiformes_N297_rate090_time7099554-500Kb-1_na.fa	283000	74124.3	80738.4	115827	-0.0244342	11980800000
/drive2/iang/msa/concat_default-500Kb-1-neoaves_anomaly_case-admixture-Strigiformes_N297_rate090_time7099554-500Kb-1_na.fa	284000	75407	80275.1	114836	-0.0179955	11980800000
/drive2/iang/msa/concat_default-500Kb-1-neoaves_anomaly_case-admixture-Strigiformes_N297_rate090_time7099554-500Kb-1_na.fa	285000	74427.6	79421.8	114071	-0.0186407	11980800000
/drive2/iang/msa/concat_default-500Kb-1-neoaves_anomaly_case-admixture-Strigiformes_N297_rate090_time7099554-500Kb-1_na.fa	286000	71172.7	78605.4	118922	-0.0276618	11980800000
/drive2/iang/msa/concat_default-500Kb-1-neoaves_anomaly_case-admixture-Strigiformes_N297_rate090_time7099554-500Kb-1_na.fa	287000	69670.6	77521	123438	-0.0290081	11980800000
/drive2/iang/msa/concat_default-500Kb-1-neoaves_anomaly_case-admixture-Strigiformes_N297_rate090_time7099554-500Kb-1_na.fa	288000	64202.4	78332	122740	-0.0532641	11980800000
/drive2/iang/msa/concat_default-500Kb-1-neoaves_anomaly_case-admixture-Strigiformes_N297_rate090_time7099554-500Kb-1_na.fa	289000	61310.7	77655.2	123760	-0.0622111	11980800000
/drive2/iang/msa/concat_default-500Kb-1-neoaves_anomaly_case-admixture-Strigiformes_N297_rate090_time7099554-500Kb-1_na.fa	290000	58661.3	76832.3	123670	-0.070114	11980800000
/drive2/iang/msa/concat_default-500Kb-1-neoaves_anomaly_case-admixture-Strigiformes_N297_rate090_time7099554-500Kb-1_na.fa	291000	69076.6	76394.6	123599	-0.0271974	11980800000
/drive2/iang/msa/concat_default-500Kb-1-neoaves_anomaly_case-admixture-Strigiformes_N297_rate090_time7099554-500Kb-1_na.fa	292000	72394.9	75405.2	125977	-0.0109955	11980800000
/drive2/iang/msa/concat_default-500Kb-1-neoaves_anomaly_case-admixture-Strigiformes_N297_rate090_time7099554-500Kb-1_na.fa	293000	70385.4	75399.1	131354	-0.0180909	11980800000
/drive2/iang/msa/concat_default-500Kb-1-neoaves_anomaly_case-admixture-Strigiformes_N297_rate090_time7099554-500Kb-1_na.fa	294000	71880.9	80368.4	134065	-0.0296441	11980800000
/drive2/iang/msa/concat_default-500Kb-1-neoaves_anomaly_case-admixture-Strigiformes_N297_rate090_time7099554-500Kb-1_na.fa	295000	72987.5	81850.8	136999	-0.0303707	11980800000
/drive2/iang/msa/concat_default-500Kb-1-neoaves_anomaly_case-admixture-Strigiformes_N297_rate090_time7099554-500Kb-1_na.fa	296000	70689.2	83246.3	140982	-0.0425783	11980800000
/drive2/iang/msa/concat_default-500Kb-1-neoaves_anomaly_case-admixture-Strigiformes_N297_rate090_time7099554-500Kb-1_na.fa	297000	72341.6	84850.5	139618	-0.0421444	11980800000
/drive2/iang/msa/concat_default-500Kb-1-neoaves_anomaly_case-admixture-Strigiformes_N297_rate090_time7099554-500Kb-1_na.fa	298000	71743.4	81344.4	143216	-0.0324027	11980800000
/drive2/iang/msa/concat_default-500Kb-1-neoaves_anomaly_case-admixture-Strigiformes_N297_rate090_time7099554-500Kb-1_na.fa	299000	73347.5	81138.1	147900	-0.0257639	11980800000
/drive2/iang/msa/concat_default-500Kb-1-neoaves_anomaly_case-admixture-Strigiformes_N297_rate090_time7099554-500Kb-1_na.fa	300000	71931.1	81144	147842	-0.0306161	11980800000
/drive2/iang/msa/concat_default-500Kb-1-neoaves_anomaly_case-admixture-Strigiformes_N297_rate090_time7099554-500Kb-1_na.fa	301000	70851.9	82263.3	154330	-0.037117	11980800000
/drive2/iang/msa/concat_default-500Kb-1-neoaves_anomaly_case-admixture-Strigiformes_N297_rate090_time7099554-500Kb-1_na.fa	302000	69295.8	83088.8	158270	-0.0443997	11980800000
/drive2/iang/msa/concat_default-500Kb-1-neoaves_anomaly_case-admixture-Strigiformes_N297_rate090_time7099554-500Kb-1_na.fa	303000	67817.6	80637	161492	-0.0413598	11980800000
/drive2/iang/msa/concat_default-500Kb-1-neoaves_anomaly_case-admixture-Strigiformes_N297_rate090_time7099554-500Kb-1_na.fa	304000	70253.6	81053.9	161494	-0.0345277	11980800000
/drive2/iang/msa/concat_default-500Kb-1-neoaves_anomaly_case-admixture-Strigiformes_N297_rate090_time7099554-500Kb-1_na.fa	305000	68930.5	84651.3	160187	-0.050103	11980800000
/drive2/iang/msa/concat_default-500Kb-1-neoaves_anomaly_case-admixture-Strigiformes_N297_rate090_time7099554-500Kb-1_na.fa	306000	69300	93201.4	162287	-0.0735907	11980800000
/drive2/iang/msa/concat_default-500Kb-1-neoaves_anomaly_case-admixture-Strigiformes_N297_rate090_time7099554-500Kb-1_na.fa	307000	67526.3	102918	161325	-0.106676	11980800000
/drive2/iang/msa/concat_default-500Kb-1-neoaves_anomaly_case-admixture-Strigiformes_N297_rate090_time7099554-500Kb-1_na.fa	308000	67949.7	103143	160542	-0.106121	11980800000
/drive2/iang/msa/concat_default-500Kb-1-neoaves_anomaly_case-admixture-Strigiformes_N297_rate090_time7099554-500Kb-1_na.fa	309000	66189.2	114621	163567	-0.140636	11980800000
/drive2/iang/msa/concat_default-500Kb-1-neoaves_anomaly_case-admixture-Strigiformes_N297_rate090_time7099554-500Kb-1_na.fa	310000	67641.4	110823	166083	-0.125328	11980800000
/drive2/iang/msa/concat_default-500Kb-1-neoaves_anomaly_case-admixture-Strigiformes_N297_rate090_time7099554-500Kb-1_na.fa	311000	76916.7	111106	157261	-0.0990187	11980800000
/drive2/iang/msa/concat_default-500Kb-1-neoaves_anomaly_case-admixture-Strigiformes_N297_rate090_time7099554-500Kb-1_na.fa	312000	78296.8	113684	153559	-0.102412	11980800000
/drive2/iang/msa/concat_default-500Kb-1-neoaves_anomaly_case-admixture-Strigiformes_N297_rate090_time7099554-500Kb-1_na.fa	313000	82790.5	114222	155214	-0.0892366	11980800000
/drive2/iang/msa/concat_default-500Kb-1-neoaves_anomaly_case-admixture-Strigiformes_N297_rate090_time7099554-500Kb-1_na.fa	314000	83130.5	112444	152400	-0.0842407	11980800000
/drive2/iang/msa/concat_default-500Kb-1-neoaves_anomaly_case-admixture-Strigiformes_N297_rate090_time7099554-500Kb-1_na.fa	315000	85206.3	112475	153568	-0.0776338	11980800000
/drive2/iang/msa/concat_default-500Kb-1-neoaves_anomaly_case-admixture-Strigiformes_N297_rate090_time7099554-500Kb-1_na.fa	316000	88045	112434	145811	-0.0704282	11980800000
/drive2/iang/msa/concat_default-500Kb-1-neoaves_anomaly_case-admixture-Strigiformes_N297_rate090_time7099554-500Kb-1_na.fa	317000	88208.3	111720	148675	-0.0674442	11980800000
/drive2/iang/msa/concat_default-500Kb-1-neoaves_anomaly_case-admixture-Strigiformes_N297_rate090_time7099554-500Kb-1_na.fa	318000	85916.1	113619	136401	-0.0824641	11980800000
/drive2/iang/msa/concat_default-500Kb-1-neoaves_anomaly_case-admixture-Strigiformes_N297_rate090_time7099554-500Kb-1_na.fa	319000	90989.4	109011	128473	-0.054866	11980800000
/drive2/iang/msa/concat_default-500Kb-1-neoaves_anomaly_case-admixture-Strigiformes_N297_rate090_time7099554-500Kb-1_na.fa	320000	87588.5	112620	131787	-0.075396	11980800000
/drive2/iang/msa/concat_default-500Kb-1-neoaves_anomaly_case-admixture-Strigiformes_N297_rate090_time7099554-500Kb-1_na.fa	321000	77138.9	118269	129559	-0.126567	11980800000
/drive2/iang/msa/concat_default-500Kb-1-neoaves_anomaly_case-admixture-Strigiformes_N297_rate090_time7099554-500Kb-1_na.fa	322000	76254	114939	134182	-0.118894	11980800000
/drive2/iang/msa/concat_default-500Kb-1-neoaves_anomaly_case-admixture-Strigiformes_N297_rate090_time7099554-500Kb-1_na.fa	323000	79034	98628.6	133948	-0.0628817	11980800000
/drive2/iang/msa/concat_default-500Kb-1-neoaves_anomaly_case-admixture-Strigiformes_N297_rate090_time7099554-500Kb-1_na.fa	324000	81152.6	100269	130248	-0.061335	11980800000
/drive2/iang/msa/concat_default-500Kb-1-neoaves_anomaly_case-admixture-Strigiformes_N297_rate090_time7099554-500Kb-1_na.fa	325000	83486.6	100439	128259	-0.054304	11980800000
/drive2/iang/msa/concat_default-500Kb-1-neoaves_anomaly_case-admixture-Strigiformes_N297_rate090_time7099554-500Kb-1_na.fa	326000	84861.3	100048	128978	-0.0483817	11980800000
/drive2/iang/msa/concat_default-500Kb-1-neoaves_anomaly_case-admixture-Strigiformes_N297_rate090_time7099554-500Kb-1_na.fa	327000	84706.6	100410	125658	-0.0505292	11980800000
/drive2/iang/msa/concat_default-500Kb-1-neoaves_anomaly_case-admixture-Strigiformes_N297_rate090_time7099554-500Kb-1_na.fa	328000	85628.7	99733.8	126362	-0.0452485	11980800000
/drive2/iang/msa/concat_default-500Kb-1-neoaves_anomaly_case-admixture-Strigiformes_N297_rate090_time7099554-500Kb-1_na.fa	329000	88560.4	97819.2	126390	-0.0296025	11980800000
/drive2/iang/msa/concat_default-500Kb-1-neoaves_anomaly_case-admixture-Strigiformes_N297_rate090_time7099554-500Kb-1_na.fa	330000	89863.5	95569.3	124868	-0.0183881	11980800000
/drive2/iang/msa/concat_default-500Kb-1-neoaves_anomaly_case-admixture-Strigiformes_N297_rate090_time7099554-500Kb-1_na.fa	331000	92018.3	97732.6	128858	-0.0179352	11980800000
/drive2/iang/msa/concat_default-500Kb-1-neoaves_anomaly_case-admixture-Strigiformes_N297_rate090_time7099554-500Kb-1_na.fa	332000	92657.3	103402	133231	-0.0326292	11980800000
/drive2/iang/msa/concat_default-500Kb-1-neoaves_anomaly_case-admixture-Strigiformes_N297_rate090_time7099554-500Kb-1_na.fa	333000	93840.1	105533	135577	-0.0349101	11980800000
/drive2/iang/msa/concat_default-500Kb-1-neoaves_anomaly_case-admixture-Strigiformes_N297_rate090_time7099554-500Kb-1_na.fa	334000	93375.1	107603	140109	-0.0417126	11980800000
/drive2/iang/msa/concat_default-500Kb-1-neoaves_anomaly_case-admixture-Strigiformes_N297_rate090_time7099554-500Kb-1_na.fa	335000	97343.9	109684	139065	-0.0356541	11980800000
/drive2/iang/msa/concat_default-500Kb-1-neoaves_anomaly_case-admixture-Strigiformes_N297_rate090_time7099554-500Kb-1_na.fa	336000	100817	111792	137702	-0.0313282	11980800000
/drive2/iang/msa/concat_default-500Kb-1-neoaves_anomaly_case-admixture-Strigiformes_N297_rate090_time7099554-500Kb-1_na.fa	337000	100671	111583	128600	-0.0320123	11980800000
/drive2/iang/msa/concat_default-500Kb-1-neoaves_anomaly_case-admixture-Strigiformes_N297_rate090_time7099554-500Kb-1_na.fa	338000	103799	109471	127487	-0.0166446	11980800000
/drive2/iang/msa/concat_default-500Kb-1-neoaves_anomaly_case-admixture-Strigiformes_N297_rate090_time7099554-500Kb-1_na.fa	339000	104214	110701	124083	-0.0191356	11980800000
/drive2/iang/msa/concat_default-500Kb-1-neoaves_anomaly_case-admixture-Strigiformes_N297_rate090_time7099554-500Kb-1_na.fa	340000	104163	110778	122610	-0.019597	11980800000
/drive2/iang/msa/concat_default-500Kb-1-neoaves_anomaly_case-admixture-Strigiformes_N297_rate090_time7099554-500Kb-1_na.fa	341000	93887.7	111826	118826	-0.0552742	11980800000
/drive2/iang/msa/concat_default-500Kb-1-neoaves_anomaly_case-admixture-Strigiformes_N297_rate090_time7099554-500Kb-1_na.fa	342000	90938.3	111512	116735	-0.0644553	11980800000
/drive2/iang/msa/concat_default-500Kb-1-neoaves_anomaly_case-admixture-Strigiformes_N297_rate090_time7099554-500Kb-1_na.fa	343000	89466.3	111326	111106	-0.0700855	11980800000
/drive2/iang/msa/concat_default-500Kb-1-neoaves_anomaly_case-admixture-Strigiformes_N297_rate090_time7099554-500Kb-1_na.fa	344000	90493.6	106599	110938	-0.0522847	11980800000
/drive2/iang/msa/concat_default-500Kb-1-neoaves_anomaly_case-admixture-Strigiformes_N297_rate090_time7099554-500Kb-1_na.fa	345000	91617.5	105749	108610	-0.0461856	11980800000
/drive2/iang/msa/concat_default-500Kb-1-neoaves_anomaly_case-admixture-Strigiformes_N297_rate090_time7099554-500Kb-1_na.fa	346000	92118.4	102794	105449	-0.0355439	11980800000
/drive2/iang/msa/concat_default-500Kb-1-neoaves_anomaly_case-admixture-Strigiformes_N297_rate090_time7099554-500Kb-1_na.fa	347000	92479.2	100725	108628	-0.0273201	11980800000
/drive2/iang/msa/concat_default-500Kb-1-neoaves_anomaly_case-admixture-Strigiformes_N297_rate090_time7099554-500Kb-1_na.fa	348000	92080.9	100358	122905	-0.026248	11980800000
/drive2/iang/msa/concat_default-500Kb-1-neoaves_anomaly_case-admixture-Strigiformes_N297_rate090_time7099554-500Kb-1_na.fa	349000	91209	100176	118320	-0.0289547	11980800000
/drive2/iang/msa/concat_default-500Kb-1-neoaves_anomaly_case-admixture-Strigiformes_N297_rate090_time7099554-500Kb-1_na.fa	350000	91094.5	96895.6	117274	-0.0190037	11980800000
/drive2/iang/msa/concat_default-500Kb-1-neoaves_anomaly_case-admixture-Strigiformes_N297_rate090_time7099554-500Kb-1_na.fa	351000	90238.2	95125.8	113505	-0.0163536	11980800000
/drive2/iang/msa/concat_default-500Kb-1-neoaves_anomaly_case-admixture-Strigiformes_N297_rate090_time7099554-500Kb-1_na.fa	352000	90281	94170.6	106773	-0.013356	11980800000
/drive2/iang/msa/concat_default-500Kb-1-neoaves_anomaly_case-admixture-Strigiformes_N297_rate090_time7099554-500Kb-1_na.fa	353000	87251	93830.3	101548	-0.0232787	11980800000
/drive2/iang/msa/concat_default-500Kb-1-neoaves_anomaly_case-admixture-Strigiformes_N297_rate090_time7099554-500Kb-1_na.fa	354000	84739.2	93574.5	98487.5	-0.0319192	11980800000
/drive2/iang/msa/concat_default-500Kb-1-neoaves_anomaly_case-admixture-Strigiformes_N297_rate090_time7099554-500Kb-1_na.fa	355000	84547.2	90220.1	99329.6	-0.0206966	11980800000
/drive2/iang/msa/concat_default-500Kb-1-neoaves_anomaly_case-admixture-Strigiformes_N297_rate090_time7099554-500Kb-1_na.fa	356000	84406	82275.4	99394.7	0.00800751	11980800000
/drive2/iang/msa/concat_default-500Kb-1-neoaves_anomaly_case-admixture-Strigiformes_N297_rate090_time7099554-500Kb-1_na.fa	357000	83190.8	72275.8	100443	0.042652	11980800000
/drive2/iang/msa/concat_default-500Kb-1-neoaves_anomaly_case-admixture-Strigiformes_N297_rate090_time7099554-500Kb-1_na.fa	358000	82905.9	71238.1	101018	0.0457271	11980800000
/drive2/iang/msa/concat_default-500Kb-1-neoaves_anomaly_case-admixture-Strigiformes_N297_rate090_time7099554-500Kb-1_na.fa	359000	81396.1	61767.3	100789	0.0804614	11980800000
/drive2/iang/msa/concat_default-500Kb-1-neoaves_anomaly_case-admixture-Strigiformes_N297_rate090_time7099554-500Kb-1_na.fa	360000	85244.9	63844.4	94611.4	0.0878146	11980800000
/drive2/iang/msa/concat_default-500Kb-1-neoaves_anomaly_case-admixture-Strigiformes_N297_rate090_time7099554-500Kb-1_na.fa	361000	79702.2	73577	96488	0.0245236	11980800000
/drive2/iang/msa/concat_default-500Kb-1-neoaves_anomaly_case-admixture-Strigiformes_N297_rate090_time7099554-500Kb-1_na.fa	362000	79337.6	73797.6	94485.6	0.022373	11980800000
/drive2/iang/msa/concat_default-500Kb-1-neoaves_anomaly_case-admixture-Strigiformes_N297_rate090_time7099554-500Kb-1_na.fa	363000	81634.1	73191.3	95607.6	0.0337124	11980800000
/drive2/iang/msa/concat_default-500Kb-1-neoaves_anomaly_case-admixture-Strigiformes_N297_rate090_time7099554-500Kb-1_na.fa	364000	84887.8	74435	96719.2	0.0408243	11980800000
/drive2/iang/msa/concat_default-500Kb-1-neoaves_anomaly_case-admixture-Strigiformes_N297_rate090_time7099554-500Kb-1_na.fa	365000	78897.4	78430.7	96243.9	0.00184048	11980800000
/drive2/iang/msa/concat_default-500Kb-1-neoaves_anomaly_case-admixture-Strigiformes_N297_rate090_time7099554-500Kb-1_na.fa	366000	78588.9	79623.6	95916.7	-0.00407181	11980800000
/drive2/iang/msa/concat_default-500Kb-1-neoaves_anomaly_case-admixture-Strigiformes_N297_rate090_time7099554-500Kb-1_na.fa	367000	79815.4	80507.7	102066	-0.00263864	11980800000
/drive2/iang/msa/concat_default-500Kb-1-neoaves_anomaly_case-admixture-Strigiformes_N297_rate090_time7099554-500Kb-1_na.fa	368000	81239.2	80510	102414	0.00276056	11980800000
/drive2/iang/msa/concat_default-500Kb-1-neoaves_anomaly_case-admixture-Strigiformes_N297_rate090_time7099554-500Kb-1_na.fa	369000	75864.2	82039.8	105009	-0.0234892	11980800000
/drive2/iang/msa/concat_default-500Kb-1-neoaves_anomaly_case-admixture-Strigiformes_N297_rate090_time7099554-500Kb-1_na.fa	370000	73516.5	78066.5	106100	-0.017657	11980800000
/drive2/iang/msa/concat_default-500Kb-1-neoaves_anomaly_case-admixture-Strigiformes_N297_rate090_time7099554-500Kb-1_na.fa	371000	71684.7	73887.1	112848	-0.00852259	11980800000
/drive2/iang/msa/concat_default-500Kb-1-neoaves_anomaly_case-admixture-Strigiformes_N297_rate090_time7099554-500Kb-1_na.fa	372000	71892	73239.1	110095	-0.00527798	11980800000
/drive2/iang/msa/concat_default-500Kb-1-neoaves_anomaly_case-admixture-Strigiformes_N297_rate090_time7099554-500Kb-1_na.fa	373000	71662.4	76443.8	112862	-0.0183219	11980800000
/drive2/iang/msa/concat_default-500Kb-1-neoaves_anomaly_case-admixture-Strigiformes_N297_rate090_time7099554-500Kb-1_na.fa	374000	73163	75730.5	109930	-0.00991968	11980800000
/drive2/iang/msa/concat_default-500Kb-1-neoaves_anomaly_case-admixture-Strigiformes_N297_rate090_time7099554-500Kb-1_na.fa	375000	70723.3	71082.6	114851	-0.00139997	11980800000
/drive2/iang/msa/concat_default-500Kb-1-neoaves_anomaly_case-admixture-Strigiformes_N297_rate090_time7099554-500Kb-1_na.fa	376000	68643.9	71296.5	117309	-0.0103115	11980800000
/drive2/iang/msa/concat_default-500Kb-1-neoaves_anomaly_case-admixture-Strigiformes_N297_rate090_time7099554-500Kb-1_na.fa	377000	72153.8	74877.1	124443	-0.0100315	11980800000
/drive2/iang/msa/concat_default-500Kb-1-neoaves_anomaly_case-admixture-Strigiformes_N297_rate090_time7099554-500Kb-1_na.fa	378000	71503.6	80221.2	121232	-0.0319373	11980800000
/drive2/iang/msa/concat_default-500Kb-1-neoaves_anomaly_case-admixture-Strigiformes_N297_rate090_time7099554-500Kb-1_na.fa	379000	66455.9	83037.8	118612	-0.0618486	11980800000
/drive2/iang/msa/concat_default-500Kb-1-neoaves_anomaly_case-admixture-Strigiformes_N297_rate090_time7099554-500Kb-1_na.fa	380000	64326.9	81780.3	122244	-0.0650396	11980800000
/drive2/iang/msa/concat_default-500Kb-1-neoaves_anomaly_case-admixture-Strigiformes_N297_rate090_time7099554-500Kb-1_na.fa	381000	75722.2	80572.5	120978	-0.0174929	11980800000
/drive2/iang/msa/concat_default-500Kb-1-neoaves_anomaly_case-admixture-Strigiformes_N297_rate090_time7099554-500Kb-1_na.fa	382000	83955.2	71880.1	114750	0.0446258	11980800000
/drive2/iang/msa/concat_default-500Kb-1-neoaves_anomaly_case-admixture-Strigiformes_N297_rate090_time7099554-500Kb-1_na.fa	383000	84199.4	69762.7	112661	0.0541466	11980800000
/drive2/iang/msa/concat_default-500Kb-1-neoaves_anomaly_case-admixture-Strigiformes_N297_rate090_time7099554-500Kb-1_na.fa	384000	88337.7	68904.8	111171	0.0723992	11980800000
/drive2/iang/msa/concat_default-500Kb-1-neoaves_anomaly_case-admixture-Strigiformes_N297_rate090_time7099554-500Kb-1_na.fa	385000	87857.8	72570.5	108444	0.0568569	11980800000
/drive2/iang/msa/concat_default-500Kb-1-neoaves_anomaly_case-admixture-Strigiformes_N297_rate090_time7099554-500Kb-1_na.fa	386000	83660.2	69908.7	110651	0.0520453	11980800000
/drive2/iang/msa/concat_default-500Kb-1-neoaves_anomaly_case-admixture-Strigiformes_N297_rate090_time7099554-500Kb-1_na.fa	387000	85146.2	70746.9	118882	0.0524039	11980800000
/drive2/iang/msa/concat_default-500Kb-1-neoaves_anomaly_case-admixture-Strigiformes_N297_rate090_time7099554-500Kb-1_na.fa	388000	86588.2	71112.4	122549	0.0552217	11980800000
/drive2/iang/msa/concat_default-500Kb-1-neoaves_anomaly_case-admixture-Strigiformes_N297_rate090_time7099554-500Kb-1_na.fa	389000	85221.1	72982.7	126633	0.0429664	11980800000
/drive2/iang/msa/concat_default-500Kb-1-neoaves_anomaly_case-admixture-Strigiformes_N297_rate090_time7099554-500Kb-1_na.fa	390000	86961	76162.8	138545	0.035795	11980800000
/drive2/iang/msa/concat_default-500Kb-1-neoaves_anomaly_case-admixture-Strigiformes_N297_rate090_time7099554-500Kb-1_na.fa	391000	85657.4	77361.2	140104	0.027369	11980800000
/drive2/iang/msa/concat_default-500Kb-1-neoaves_anomaly_case-admixture-Strigiformes_N297_rate090_time7099554-500Kb-1_na.fa	392000	88367.2	78677.8	144532	0.0310978	11980800000
/drive2/iang/msa/concat_default-500Kb-1-neoaves_anomaly_case-admixture-Strigiformes_N297_rate090_time7099554-500Kb-1_na.fa	393000	90494.6	82782.6	144486	0.0242695	11980800000
/drive2/iang/msa/concat_default-500Kb-1-neoaves_anomaly_case-admixture-Strigiformes_N297_rate090_time7099554-500Kb-1_na.fa	394000	91102.5	82948.2	141974	0.0258025	11980800000
/drive2/iang/msa/concat_default-500Kb-1-neoaves_anomaly_case-admixture-Strigiformes_N297_rate090_time7099554-500Kb-1_na.fa	395000	89442.7	82633.3	142268	0.0216626	11980800000
/drive2/iang/msa/concat_default-500Kb-1-neoaves_anomaly_case-admixture-Strigiformes_N297_rate090_time7099554-500Kb-1_na.fa	396000	93009.6	85047.4	140915	0.0249621	11980800000
/drive2/iang/msa/concat_default-500Kb-1-neoaves_anomaly_case-admixture-Strigiformes_N297_rate090_time7099554-500Kb-1_na.fa	397000	91879.6	86359.9	138467	0.0174282	11980800000
/drive2/iang/msa/concat_default-500Kb-1-neoaves_anomaly_case-admixture-Strigiformes_N297_rate090_time7099554-500Kb-1_na.fa	398000	92682.2	89986.5	120258	0.00889899	11980800000
/drive2/iang/msa/concat_default-500Kb-1-neoaves_anomaly_case-admixture-Strigiformes_N297_rate090_time7099554-500Kb-1_na.fa	399000	94159.4	90490.7	121490	0.0119837	11980800000
/drive2/iang/msa/concat_default-500Kb-1-neoaves_anomaly_case-admixture-Strigiformes_N297_rate090_time7099554-500Kb-1_na.fa	400000	94258.3	91131.9	121905	0.0101741	11980800000
/drive2/iang/msa/concat_default-500Kb-1-neoaves_anomaly_case-admixture-Strigiformes_N297_rate090_time7099554-500Kb-1_na.fa	401000	95375.3	90739	118727	0.0152087	11980800000
/drive2/iang/msa/concat_default-500Kb-1-neoaves_anomaly_case-admixture-Strigiformes_N297_rate090_time7099554-500Kb-1_na.fa	402000	97001.3	91150.5	119954	0.0189896	11980800000
/drive2/iang/msa/concat_default-500Kb-1-neoaves_anomaly_case-admixture-Strigiformes_N297_rate090_time7099554-500Kb-1_na.fa	403000	98003.7	93382.3	120116	0.0148356	11980800000
/drive2/iang/msa/concat_default-500Kb-1-neoaves_anomaly_case-admixture-Strigiformes_N297_rate090_time7099554-500Kb-1_na.fa	404000	101319	94607.9	120523	0.0212074	11980800000
/drive2/iang/msa/concat_default-500Kb-1-neoaves_anomaly_case-admixture-Strigiformes_N297_rate090_time7099554-500Kb-1_na.fa	405000	102767	94595.7	122027	0.0255838	11980800000
/drive2/iang/msa/concat_default-500Kb-1-neoaves_anomaly_case-admixture-Strigiformes_N297_rate090_time7099554-500Kb-1_na.fa	406000	100227	95367.6	123101	0.0152484	11980800000
/drive2/iang/msa/concat_default-500Kb-1-neoaves_anomaly_case-admixture-Strigiformes_N297_rate090_time7099554-500Kb-1_na.fa	407000	102609	95552	121662	0.022065	11980800000
/drive2/iang/msa/concat_default-500Kb-1-neoaves_anomaly_case-admixture-Strigiformes_N297_rate090_time7099554-500Kb-1_na.fa	408000	104836	97712.1	121547	0.0219798	11980800000
/drive2/iang/msa/concat_default-500Kb-1-neoaves_anomaly_case-admixture-Strigiformes_N297_rate090_time7099554-500Kb-1_na.fa	409000	105069	101455	116875	0.0111744	11980800000
/drive2/iang/msa/concat_default-500Kb-1-neoaves_anomaly_case-admixture-Strigiformes_N297_rate090_time7099554-500Kb-1_na.fa	410000	104586	100852	117336	0.0115688	11980800000
/drive2/iang/msa/concat_default-500Kb-1-neoaves_anomaly_case-admixture-Strigiformes_N297_rate090_time7099554-500Kb-1_na.fa	411000	101186	91262.8	113896	0.0323916	11980800000
/drive2/iang/msa/concat_default-500Kb-1-neoaves_anomaly_case-admixture-Strigiformes_N297_rate090_time7099554-500Kb-1_na.fa	412000	99765.5	87769	113140	0.0398985	11980800000
/drive2/iang/msa/concat_default-500Kb-1-neoaves_anomaly_case-admixture-Strigiformes_N297_rate090_time7099554-500Kb-1_na.fa	413000	95785.4	90323	110021	0.0184462	11980800000
/drive2/iang/msa/concat_default-500Kb-1-neoaves_anomaly_case-admixture-Strigiformes_N297_rate090_time7099554-500Kb-1_na.fa	414000	92194.5	88750.6	109644	0.0118517	11980800000
/drive2/iang/msa/concat_default-500Kb-1-neoaves_anomaly_case-admixture-Strigiformes_N297_rate090_time7099554-500Kb-1_na.fa	415000	92588.7	84822.1	109447	0.0270746	11980800000
/drive2/iang/msa/concat_default-500Kb-1-neoaves_anomaly_case-admixture-Strigiformes_N297_rate090_time7099554-500Kb-1_na.fa	416000	90780	83501.7	106989	0.0258765	11980800000
/drive2/iang/msa/concat_default-500Kb-1-neoaves_anomaly_case-admixture-Strigiformes_N297_rate090_time7099554-500Kb-1_na.fa	417000	92046.2	81133.4	99559.9	0.0400117	11980800000
/drive2/iang/msa/concat_default-500Kb-1-neoaves_anomaly_case-admixture-Strigiformes_N297_rate090_time7099554-500Kb-1_na.fa	418000	94976.2	80646.5	96197.4	0.0527178	11980800000
/drive2/iang/msa/concat_default-500Kb-1-neoaves_anomaly_case-admixture-Strigiformes_N297_rate090_time7099554-500Kb-1_na.fa	419000	95348.8	87632.3	94092.3	0.02785	11980800000
/drive2/iang/msa/concat_default-500Kb-1-neoaves_anomaly_case-admixture-Strigiformes_N297_rate090_time7099554-500Kb-1_na.fa	420000	95915.3	87818.6	93736.2	0.0291802	11980800000
/drive2/iang/msa/concat_default-500Kb-1-neoaves_anomaly_case-admixture-Strigiformes_N297_rate090_time7099554-500Kb-1_na.fa	421000	94341.5	90550.3	86873.4	0.01395	11980800000
/drive2/iang/msa/concat_default-500Kb-1-neoaves_anomaly_case-admixture-Strigiformes_N297_rate090_time7099554-500Kb-1_na.fa	422000	94222	94445.1	87651.8	-0.000807299	11980800000
/drive2/iang/msa/concat_default-500Kb-1-neoaves_anomaly_case-admixture-Strigiformes_N297_rate090_time7099554-500Kb-1_na.fa	423000	94640.2	93924.4	87701.3	0.00259083	11980800000
/drive2/iang/msa/concat_default-500Kb-1-neoaves_anomaly_case-admixture-Strigiformes_N297_rate090_time7099554-500Kb-1_na.fa	424000	95500	92102.4	87168.4	0.0123654	11980800000
/drive2/iang/msa/concat_default-500Kb-1-neoaves_anomaly_case-admixture-Strigiformes_N297_rate090_time7099554-500Kb-1_na.fa	425000	96865.7	95621.2	87202.8	0.00444936	11980800000
/drive2/iang/msa/concat_default-500Kb-1-neoaves_anomaly_case-admixture-Strigiformes_N297_rate090_time7099554-500Kb-1_na.fa	426000	99796.2	95424.9	90627.3	0.0152923	11980800000
/drive2/iang/msa/concat_default-500Kb-1-neoaves_anomaly_case-admixture-Strigiformes_N297_rate090_time7099554-500Kb-1_na.fa	427000	96420.9	93223	87519.1	0.0115381	11980800000
/drive2/iang/msa/concat_default-500Kb-1-neoaves_anomaly_case-admixture-Strigiformes_N297_rate090_time7099554-500Kb-1_na.fa	428000	95868.3	86543	89315.1	0.0343184	11980800000
/drive2/iang/msa/concat_default-500Kb-1-neoaves_anomaly_case-admixture-Strigiformes_N297_rate090_time7099554-500Kb-1_na.fa	429000	98384.3	85518.1	96386.4	0.0459033	11980800000
/drive2/iang/msa/concat_default-500Kb-1-neoaves_anomaly_case-admixture-Strigiformes_N297_rate090_time7099554-500Kb-1_na.fa	430000	101949	88147.6	94336.8	0.0485237	11980800000
/drive2/iang/msa/concat_default-500Kb-1-neoaves_anomaly_case-admixture-Strigiformes_N297_rate090_time7099554-500Kb-1_na.fa	431000	88632.4	90123	95538.6	-0.00543439	11980800000
/drive2/iang/msa/concat_default-500Kb-1-neoaves_anomaly_case-admixture-Strigiformes_N297_rate090_time7099554-500Kb-1_na.fa	432000	86132	91809.5	96658.1	-0.0206755	11980800000
/drive2/iang/msa/concat_default-500Kb-1-neoaves_anomaly_case-admixture-Strigiformes_N297_rate090_time7099554-500Kb-1_na.fa	433000	88728.1	91827.4	98079.7	-0.0111233	11980800000
/drive2/iang/msa/concat_default-500Kb-1-neoaves_anomaly_case-admixture-Strigiformes_N297_rate090_time7099554-500Kb-1_na.fa	434000	87562.7	105535	94383.7	-0.0625163	11980800000
/drive2/iang/msa/concat_default-500Kb-1-neoaves_anomaly_case-admixture-Strigiformes_N297_rate090_time7099554-500Kb-1_na.fa	435000	84640.6	106004	98774.3	-0.0738147	11980800000
/drive2/iang/msa/concat_default-500Kb-1-neoaves_anomaly_case-admixture-Strigiformes_N297_rate090_time7099554-500Kb-1_na.fa	436000	91178.7	105928	94616.3	-0.0505585	11980800000
/drive2/iang/msa/concat_default-500Kb-1-neoaves_anomaly_case-admixture-Strigiformes_N297_rate090_time7099554-500Kb-1_na.fa	437000	92626.3	106005	97057.9	-0.0452458	11980800000
/drive2/iang/msa/concat_default-500Kb-1-neoaves_anomaly_case-admixture-Strigiformes_N297_rate090_time7099554-500Kb-1_na.fa	438000	92821.6	108158	96225.9	-0.0516022	11980800000
/drive2/iang/msa/concat_default-500Kb-1-neoaves_anomaly_case-admixture-Strigiformes_N297_rate090_time7099554-500Kb-1_na.fa	439000	91749	105406	92807.1	-0.0470991	11980800000
/drive2/iang/msa/concat_default-500Kb-1-neoaves_anomaly_case-admixture-Strigiformes_N297_rate090_time7099554-500Kb-1_na.fa	440000	91182.6	101552	89134.4	-0.0367877	11980800000
/drive2/iang/msa/concat_default-500Kb-1-neoaves_anomaly_case-admixture-Strigiformes_N297_rate090_time7099554-500Kb-1_na.fa	441000	95256.6	99695	87604.5	-0.015708	11980800000
/drive2/iang/msa/concat_default-500Kb-1-neoaves_anomaly_case-admixture-Strigiformes_N297_rate090_time7099554-500Kb-1_na.fa	442000	92031.5	99818.3	83622.9	-0.0282672	11980800000
/drive2/iang/msa/concat_default-500Kb-1-neoaves_anomaly_case-admixture-Strigiformes_N297_rate090_time7099554-500Kb-1_na.fa	443000	90232.6	95477.2	85265.5	-0.0193545	11980800000
/drive2/iang/msa/concat_default-500Kb-1-neoaves_anomaly_case-admixture-Strigiformes_N297_rate090_time7099554-500Kb-1_na.fa	444000	88479.1	96331.2	84769.7	-0.0291274	11980800000
/drive2/iang/msa/concat_default-500Kb-1-neoaves_anomaly_case-admixture-Strigiformes_N297_rate090_time7099554-500Kb-1_na.fa	445000	87877.5	99991.9	82813.3	-0.0447549	11980800000
/drive2/iang/msa/concat_default-500Kb-1-neoaves_anomaly_case-admixture-Strigiformes_N297_rate090_time7099554-500Kb-1_na.fa	446000	84458.7	99526.6	86943.1	-0.0556158	11980800000
/drive2/iang/msa/concat_default-500Kb-1-neoaves_anomaly_case-admixture-Strigiformes_N297_rate090_time7099554-500Kb-1_na.fa	447000	87737.3	98016.6	85768.1	-0.0378584	11980800000
/drive2/iang/msa/concat_default-500Kb-1-neoaves_anomaly_case-admixture-Strigiformes_N297_rate090_time7099554-500Kb-1_na.fa	448000	85854.7	93249.1	88071.2	-0.0276761	11980800000
/drive2/iang/msa/concat_default-500Kb-1-neoaves_anomaly_case-admixture-Strigiformes_N297_rate090_time7099554-500Kb-1_na.fa	449000	83835.5	92479.4	86560	-0.0328821	11980800000
/drive2/iang/msa/concat_default-500Kb-1-neoaves_anomaly_case-admixture-Strigiformes_N297_rate090_time7099554-500Kb-1_na.fa	450000	83287	92665.8	84139.5	-0.0360596	11980800000
/drive2/iang/msa/concat_default-500Kb-1-neoaves_anomaly_case-admixture-Strigiformes_N297_rate090_time7099554-500Kb-1_na.fa	451000	85510.8	95639.3	88248.3	-0.0375967	11980800000
/drive2/iang/msa/concat_default-500Kb-1-neoaves_anomaly_case-admixture-Strigiformes_N297_rate090_time7099554-500Kb-1_na.fa	452000	84266.7	96264.8	92999.3	-0.0438637	11980800000
/drive2/iang/msa/concat_default-500Kb-1-neoaves_anomaly_case-admixture-Strigiformes_N297_rate090_time7099554-500Kb-1_na.fa	453000	84336.8	95762	93067.3	-0.0418251	11980800000
/drive2/iang/msa/concat_default-500Kb-1-neoaves_anomaly_case-admixture-Strigiformes_N297_rate090_time7099554-500Kb-1_na.fa	454000	82780.8	94690	93408.1	-0.043965	11980800000
/drive2/iang/msa/concat_default-500Kb-1-neoaves_anomaly_case-admixture-Strigiformes_N297_rate090_time7099554-500Kb-1_na.fa	455000	82184	92298.3	98212.7	-0.0370904	11980800000
/drive2/iang/msa/concat_default-500Kb-1-neoaves_anomaly_case-admixture-Strigiformes_N297_rate090_time7099554-500Kb-1_na.fa	456000	85335.2	91448.5	99905.8	-0.0220945	11980800000
/drive2/iang/msa/concat_default-500Kb-1-neoaves_anomaly_case-admixture-Strigiformes_N297_rate090_time7099554-500Kb-1_na.fa	457000	84913.5	94846.3	111654	-0.0340849	11980800000
/drive2/iang/msa/concat_default-500Kb-1-neoaves_anomaly_case-admixture-Strigiformes_N297_rate090_time7099554-500Kb-1_na.fa	458000	85747.9	96578.7	112651	-0.0367176	11980800000
/drive2/iang/msa/concat_default-500Kb-1-neoaves_anomaly_case-admixture-Strigiformes_N297_rate090_time7099554-500Kb-1_na.fa	459000	86710.5	94055	124023	-0.0240971	11980800000
/drive2/iang/msa/concat_default-500Kb-1-neoaves_anomaly_case-admixture-Strigiformes_N297_rate090_time7099554-500Kb-1_na.fa	460000	82475.8	95787.6	124303	-0.0439961	11980800000
/drive2/iang/msa/concat_default-500Kb-1-neoaves_anomaly_case-admixture-Strigiformes_N297_rate090_time7099554-500Kb-1_na.fa	461000	86555.5	95334.7	129547	-0.0281893	11980800000
/drive2/iang/msa/concat_default-500Kb-1-neoaves_anomaly_case-admixture-Strigiformes_N297_rate090_time7099554-500Kb-1_na.fa	462000	88792.5	96711.8	131086	-0.0250143	11980800000
/drive2/iang/msa/concat_default-500Kb-1-neoaves_anomaly_case-admixture-Strigiformes_N297_rate090_time7099554-500Kb-1_na.fa	463000	89506.7	93818.2	132453	-0.0136538	11980800000
/drive2/iang/msa/concat_default-500Kb-1-neoaves_anomaly_case-admixture-Strigiformes_N297_rate090_time7099554-500Kb-1_na.fa	464000	88621.9	96578.3	139147	-0.0245307	11980800000
/drive2/iang/msa/concat_default-500Kb-1-neoaves_anomaly_case-admixture-Strigiformes_N297_rate090_time7099554-500Kb-1_na.fa	465000	89347.7	94895.4	146389	-0.0167791	11980800000
/drive2/iang/msa/concat_default-500Kb-1-neoaves_anomaly_case-admixture-Strigiformes_N297_rate090_time7099554-500Kb-1_na.fa	466000	89882.4	93397.9	152221	-0.0104785	11980800000
/drive2/iang/msa/concat_default-500Kb-1-neoaves_anomaly_case-admixture-Strigiformes_N297_rate090_time7099554-500Kb-1_na.fa	467000	89307.8	96404.1	155277	-0.0208109	11980800000
/drive2/iang/msa/concat_default-500Kb-1-neoaves_anomaly_case-admixture-Strigiformes_N297_rate090_time7099554-500Kb-1_na.fa	468000	87935.8	95228.2	157389	-0.0214135	11980800000
/drive2/iang/msa/concat_default-500Kb-1-neoaves_anomaly_case-admixture-Strigiformes_N297_rate090_time7099554-500Kb-1_na.fa	469000	87519.8	84755.9	158359	0.00835945	11980800000
/drive2/iang/msa/concat_default-500Kb-1-neoaves_anomaly_case-admixture-Strigiformes_N297_rate090_time7099554-500Kb-1_na.fa	470000	89524.6	85636.5	158228	0.0116624	11980800000
/drive2/iang/msa/concat_default-500Kb-1-neoaves_anomaly_case-admixture-Strigiformes_N297_rate090_time7099554-500Kb-1_na.fa	471000	90892.4	84258.2	168362	0.0193127	11980800000
/drive2/iang/msa/concat_default-500Kb-1-neoaves_anomaly_case-admixture-Strigiformes_N297_rate090_time7099554-500Kb-1_na.fa	472000	90250.9	80765.1	168458	0.0279427	11980800000
/drive2/iang/msa/concat_default-500Kb-1-neoaves_anomaly_case-admixture-Strigiformes_N297_rate090_time7099554-500Kb-1_na.fa	473000	88061.4	81228.1	164990	0.020442	11980800000
/drive2/iang/msa/concat_default-500Kb-1-neoaves_anomaly_case-admixture-Strigiformes_N297_rate090_time7099554-500Kb-1_na.fa	474000	82530.7	83800.3	178851	-0.00367796	11980800000
/drive2/iang/msa/concat_default-500Kb-1-neoaves_anomaly_case-admixture-Strigiformes_N297_rate090_time7099554-500Kb-1_na.fa	475000	82822	84459.1	177966	-0.00474175	11980800000
/drive2/iang/msa/concat_default-500Kb-1-neoaves_anomaly_case-admixture-Strigiformes_N297_rate090_time7099554-500Kb-1_na.fa	476000	80782.8	86474.1	178250	-0.0164724	11980800000
/drive2/iang/msa/concat_default-500Kb-1-neoaves_anomaly_case-admixture-Strigiformes_N297_rate090_time7099554-500Kb-1_na.fa	477000	81253.5	83768.8	174835	-0.00740121	11980800000
/drive2/iang/msa/concat_default-500Kb-1-neoaves_anomaly_case-admixture-Strigiformes_N297_rate090_time7099554-500Kb-1_na.fa	478000	81375.6	85106.2	175930	-0.0108949	11980800000
/drive2/iang/msa/concat_default-500Kb-1-neoaves_anomaly_case-admixture-Strigiformes_N297_rate090_time7099554-500Kb-1_na.fa	479000	83276.9	85005.5	172619	-0.00507072	11980800000
/drive2/iang/msa/concat_default-500Kb-1-neoaves_anomaly_case-admixture-Strigiformes_N297_rate090_time7099554-500Kb-1_na.fa	480000	81409.5	88114.3	176228	-0.0193918	11980800000
/drive2/iang/msa/concat_default-500Kb-1-neoaves_anomaly_case-admixture-Strigiformes_N297_rate090_time7099554-500Kb-1_na.fa	481000	81150.6	85715.1	176033	-0.0133117	11980800000
/drive2/iang/msa/concat_default-500Kb-1-neoaves_anomaly_case-admixture-Strigiformes_N297_rate090_time7099554-500Kb-1_na.fa	482000	74988.7	85494.6	180617	-0.0308002	11980800000
/drive2/iang/msa/concat_default-500Kb-1-neoaves_anomaly_case-admixture-Strigiformes_N297_rate090_time7099554-500Kb-1_na.fa	483000	69912.6	87087.1	186428	-0.0500093	11980800000
/drive2/iang/msa/concat_default-500Kb-1-neoaves_anomaly_case-admixture-Strigiformes_N297_rate090_time7099554-500Kb-1_na.fa	484000	66397.4	74508.4	191260	-0.0244184	11980800000
/drive2/iang/msa/concat_default-500Kb-1-neoaves_anomaly_case-admixture-Strigiformes_N297_rate090_time7099554-500Kb-1_na.fa	485000	67405	73704.7	200066	-0.0184647	11980800000
/drive2/iang/msa/concat_default-500Kb-1-neoaves_anomaly_case-admixture-Strigiformes_N297_rate090_time7099554-500Kb-1_na.fa	486000	63013.3	74093.3	201712	-0.0327019	11980800000
/drive2/iang/msa/concat_default-500Kb-1-neoaves_anomaly_case-admixture-Strigiformes_N297_rate090_time7099554-500Kb-1_na.fa	487000	60504.7	73647.3	200390	-0.0392853	11980800000
/drive2/iang/msa/concat_default-500Kb-1-neoaves_anomaly_case-admixture-Strigiformes_N297_rate090_time7099554-500Kb-1_na.fa	488000	60206.3	73095.2	200786	-0.0385794	11980800000
/drive2/iang/msa/concat_default-500Kb-1-neoaves_anomaly_case-admixture-Strigiformes_N297_rate090_time7099554-500Kb-1_na.fa	489000	61067	73727.9	206171	-0.0371322	11980800000
/drive2/iang/msa/concat_default-500Kb-1-neoaves_anomaly_case-admixture-Strigiformes_N297_rate090_time7099554-500Kb-1_na.fa	490000	60005.5	76176.9	198036	-0.0483856	11980800000
/drive2/iang/msa/concat_default-500Kb-1-neoaves_anomaly_case-admixture-Strigiformes_N297_rate090_time7099554-500Kb-1_na.fa	491000	58113.1	73721.6	202988	-0.0466173	11980800000
/drive2/iang/msa/concat_default-500Kb-1-neoaves_anomaly_case-admixture-Strigiformes_N297_rate090_time7099554-500Kb-1_na.fa	492000	58423.6	71669.3	214307	-0.03846	11980800000
/drive2/iang/msa/concat_default-500Kb-1-neoaves_anomaly_case-admixture-Strigiformes_N297_rate090_time7099554-500Kb-1_na.fa	493000	59622.6	74588.3	220374	-0.0422062	11980800000
/drive2/iang/msa/concat_default-500Kb-1-neoaves_anomaly_case-admixture-Strigiformes_N297_rate090_time7099554-500Kb-1_na.fa	494000	60451.3	78560.3	233934	-0.0485567	11980800000
/drive2/iang/msa/concat_default-500Kb-1-neoaves_anomaly_case-admixture-Strigiformes_N297_rate090_time7099554-500Kb-1_na.fa	495000	62344.7	73812.7	243620	-0.0301967	11980800000
/drive2/iang/msa/concat_default-500Kb-1-neoaves_anomaly_case-admixture-Strigiformes_N297_rate090_time7099554-500Kb-1_na.fa	496000	62291.2	74509.4	248819	-0.0316847	11980800000
/drive2/iang/msa/concat_default-500Kb-1-neoaves_anomaly_case-admixture-Strigiformes_N297_rate090_time7099554-500Kb-1_na.fa	497000	60251.9	75427.2	257179	-0.0386278	11980800000
/drive2/iang/msa/concat_default-500Kb-1-neoaves_anomaly_case-admixture-Strigiformes_N297_rate090_time7099554-500Kb-1_na.fa	498000	60670.3	78347.3	261168	-0.044172	11980800000
/drive2/iang/msa/concat_default-500Kb-1-neoaves_anomaly_case-admixture-Strigiformes_N297_rate090_time7099554-500Kb-1_na.fa	499000	61085.2	79853.5	264069	-0.0463406	11980800000
/drive2/iang/msa/concat_default-500Kb-1-neoaves_anomaly_case-admixture-Strigiformes_N297_rate090_time7099554-500Kb-1_na.fa	500000	62583.9	80175	272986	-0.0423121	11980800000
/drive2/iang/msa/concat_default-500Kb-1-neoaves_anomaly_case-admixture-Strigiformes_N297_rate090_time7099554-500Kb-1_na.fa	501000	61375.5	80312.4	272838	-0.0456832	11980800000
/drive2/iang/msa/concat_default-500Kb-1-neoaves_anomaly_case-admixture-Strigiformes_N297_rate090_time7099554-500Kb-1_na.fa	502000	62094.8	79630.8	275667	-0.0420133	11980800000
/drive2/iang/msa/concat_default-500Kb-1-neoaves_anomaly_case-admixture-Strigiformes_N297_rate090_time7099554-500Kb-1_na.fa	503000	62082.5	81841.5	288277	-0.045717	11980800000
/drive2/iang/msa/concat_default-500Kb-1-neoaves_anomaly_case-admixture-Strigiformes_N297_rate090_time7099554-500Kb-1_na.fa	504000	60931.6	77819.6	293738	-0.0390484	11980800000
/drive2/iang/msa/concat_default-500Kb-1-neoaves_anomaly_case-admixture-Strigiformes_N297_rate090_time7099554-500Kb-1_na.fa	505000	60350.5	81835.6	293433	-0.0493207	11980800000
/drive2/iang/msa/concat_default-500Kb-1-neoaves_anomaly_case-admixture-Strigiformes_N297_rate090_time7099554-500Kb-1_na.fa	506000	61765	82282	293429	-0.0468984	11980800000
/drive2/iang/msa/concat_default-500Kb-1-neoaves_anomaly_case-admixture-Strigiformes_N297_rate090_time7099554-500Kb-1_na.fa	507000	62296.1	81988.4	286803	-0.0456806	11980800000
/drive2/iang/msa/concat_default-500Kb-1-neoaves_anomaly_case-admixture-Strigiformes_N297_rate090_time7099554-500Kb-1_na.fa	508000	61089.9	79661.2	287802	-0.0433349	11980800000
/drive2/iang/msa/concat_default-500Kb-1-neoaves_anomaly_case-admixture-Strigiformes_N297_rate090_time7099554-500Kb-1_na.fa	509000	61189.8	82213	275853	-0.0501441	11980800000
/drive2/iang/msa/concat_default-500Kb-1-neoaves_anomaly_case-admixture-Strigiformes_N297_rate090_time7099554-500Kb-1_na.fa	510000	60879.7	78343.3	277945	-0.0418621	11980800000
/drive2/iang/msa/concat_default-500Kb-1-neoaves_anomaly_case-admixture-Strigiformes_N297_rate090_time7099554-500Kb-1_na.fa	511000	58801.2	80429.2	276771	-0.0519901	11980800000
/drive2/iang/msa/concat_default-500Kb-1-neoaves_anomaly_case-admixture-Strigiformes_N297_rate090_time7099554-500Kb-1_na.fa	512000	57014	81057	278480	-0.0577193	11980800000
/drive2/iang/msa/concat_default-500Kb-1-neoaves_anomaly_case-admixture-Strigiformes_N297_rate090_time7099554-500Kb-1_na.fa	513000	52698.3	82375.6	278488	-0.0717601	11980800000
/drive2/iang/msa/concat_default-500Kb-1-neoaves_anomaly_case-admixture-Strigiformes_N297_rate090_time7099554-500Kb-1_na.fa	514000	54638.7	80080.3	271338	-0.0626553	11980800000
/drive2/iang/msa/concat_default-500Kb-1-neoaves_anomaly_case-admixture-Strigiformes_N297_rate090_time7099554-500Kb-1_na.fa	515000	55656.6	80958.2	267069	-0.0626768	11980800000
/drive2/iang/msa/concat_default-500Kb-1-neoaves_anomaly_case-admixture-Strigiformes_N297_rate090_time7099554-500Kb-1_na.fa	516000	54712.6	81951.4	271915	-0.0666671	11980800000
/drive2/iang/msa/concat_default-500Kb-1-neoaves_anomaly_case-admixture-Strigiformes_N297_rate090_time7099554-500Kb-1_na.fa	517000	52902.3	82700.3	278500	-0.0719579	11980800000
/drive2/iang/msa/concat_default-500Kb-1-neoaves_anomaly_case-admixture-Strigiformes_N297_rate090_time7099554-500Kb-1_na.fa	518000	50665.6	82227.8	282094	-0.0760558	11980800000
/drive2/iang/msa/concat_default-500Kb-1-neoaves_anomaly_case-admixture-Strigiformes_N297_rate090_time7099554-500Kb-1_na.fa	519000	49120.6	83372.9	281225	-0.0827913	11980800000
/drive2/iang/msa/concat_default-500Kb-1-neoaves_anomaly_case-admixture-Strigiformes_N297_rate090_time7099554-500Kb-1_na.fa	520000	46388.1	80588.1	282169	-0.0835889	11980800000
/drive2/iang/msa/concat_default-500Kb-1-neoaves_anomaly_case-admixture-Strigiformes_N297_rate090_time7099554-500Kb-1_na.fa	521000	44530.4	82149.9	284028	-0.0915966	11980800000
/drive2/iang/msa/concat_default-500Kb-1-neoaves_anomaly_case-admixture-Strigiformes_N297_rate090_time7099554-500Kb-1_na.fa	522000	44727.7	79679.4	284240	-0.0855303	11980800000
/drive2/iang/msa/concat_default-500Kb-1-neoaves_anomaly_case-admixture-Strigiformes_N297_rate090_time7099554-500Kb-1_na.fa	523000	46743.7	78104.6	301305	-0.0735907	11980800000
/drive2/iang/msa/concat_default-500Kb-1-neoaves_anomaly_case-admixture-Strigiformes_N297_rate090_time7099554-500Kb-1_na.fa	524000	48954.5	76704.2	289430	-0.0668523	11980800000
/drive2/iang/msa/concat_default-500Kb-1-neoaves_anomaly_case-admixture-Strigiformes_N297_rate090_time7099554-500Kb-1_na.fa	525000	49704.1	73647.9	294411	-0.0573144	11980800000
/drive2/iang/msa/concat_default-500Kb-1-neoaves_anomaly_case-admixture-Strigiformes_N297_rate090_time7099554-500Kb-1_na.fa	526000	49959.6	75276.2	292086	-0.0606642	11980800000
/drive2/iang/msa/concat_default-500Kb-1-neoaves_anomaly_case-admixture-Strigiformes_N297_rate090_time7099554-500Kb-1_na.fa	527000	47850.3	76729.8	294227	-0.0689567	11980800000
/drive2/iang/msa/concat_default-500Kb-1-neoaves_anomaly_case-admixture-Strigiformes_N297_rate090_time7099554-500Kb-1_na.fa	528000	48996.2	77824.8	293307	-0.0686184	11980800000
/drive2/iang/msa/concat_default-500Kb-1-neoaves_anomaly_case-admixture-Strigiformes_N297_rate090_time7099554-500Kb-1_na.fa	529000	45967.5	75946.8	300172	-0.0710266	11980800000
/drive2/iang/msa/concat_default-500Kb-1-neoaves_anomaly_case-admixture-Strigiformes_N297_rate090_time7099554-500Kb-1_na.fa	530000	44436.8	69299.1	303582	-0.0595763	11980800000
/drive2/iang/msa/concat_default-500Kb-1-neoaves_anomaly_case-admixture-Strigiformes_N297_rate090_time7099554-500Kb-1_na.fa	531000	46422.3	70970.5	311531	-0.0572321	11980800000
/drive2/iang/msa/concat_default-500Kb-1-neoaves_anomaly_case-admixture-Strigiformes_N297_rate090_time7099554-500Kb-1_na.fa	532000	46557.4	72230.5	313891	-0.0593351	11980800000
/drive2/iang/msa/concat_default-500Kb-1-neoaves_anomaly_case-admixture-Strigiformes_N297_rate090_time7099554-500Kb-1_na.fa	533000	47984.7	70268.1	307358	-0.0523561	11980800000
/drive2/iang/msa/concat_default-500Kb-1-neoaves_anomaly_case-admixture-Strigiformes_N297_rate090_time7099554-500Kb-1_na.fa	534000	47700.2	68040	308406	-0.0479547	11980800000
/drive2/iang/msa/concat_default-500Kb-1-neoaves_anomaly_case-admixture-Strigiformes_N297_rate090_time7099554-500Kb-1_na.fa	535000	46286	63848.3	303247	-0.0424845	11980800000
/drive2/iang/msa/concat_default-500Kb-1-neoaves_anomaly_case-admixture-Strigiformes_N297_rate090_time7099554-500Kb-1_na.fa	536000	46164.5	64249.1	303897	-0.0436499	11980800000
/drive2/iang/msa/concat_default-500Kb-1-neoaves_anomaly_case-admixture-Strigiformes_N297_rate090_time7099554-500Kb-1_na.fa	537000	45375.4	64048	300909	-0.045506	11980800000
/drive2/iang/msa/concat_default-500Kb-1-neoaves_anomaly_case-admixture-Strigiformes_N297_rate090_time7099554-500Kb-1_na.fa	538000	45204.2	63098.1	305074	-0.043287	11980800000
/drive2/iang/msa/concat_default-500Kb-1-neoaves_anomaly_case-admixture-Strigiformes_N297_rate090_time7099554-500Kb-1_na.fa	539000	44283.1	63107.6	306717	-0.045458	11980800000
/drive2/iang/msa/concat_default-500Kb-1-neoaves_anomaly_case-admixture-Strigiformes_N297_rate090_time7099554-500Kb-1_na.fa	540000	46835.6	62022.8	312108	-0.0360769	11980800000
/drive2/iang/msa/concat_default-500Kb-1-neoaves_anomaly_case-admixture-Strigiformes_N297_rate090_time7099554-500Kb-1_na.fa	541000	47367.2	62949.6	310250	-0.0370509	11980800000
/drive2/iang/msa/concat_default-500Kb-1-neoaves_anomaly_case-admixture-Strigiformes_N297_rate090_time7099554-500Kb-1_na.fa	542000	48844.8	66288.5	301473	-0.041871	11980800000
/drive2/iang/msa/concat_default-500Kb-1-neoaves_anomaly_case-admixture-Strigiformes_N297_rate090_time7099554-500Kb-1_na.fa	543000	49427	62164.4	291993	-0.0315608	11980800000
/drive2/iang/msa/concat_default-500Kb-1-neoaves_anomaly_case-admixture-Strigiformes_N297_rate090_time7099554-500Kb-1_na.fa	544000	51911.8	57983.1	285165	-0.015368	11980800000
/drive2/iang/msa/concat_default-500Kb-1-neoaves_anomaly_case-admixture-Strigiformes_N297_rate090_time7099554-500Kb-1_na.fa	545000	50792.9	58971	290491	-0.0204323	11980800000
/drive2/iang/msa/concat_default-500Kb-1-neoaves_anomaly_case-admixture-Strigiformes_N297_rate090_time7099554-500Kb-1_na.fa	546000	53499.2	59604.9	282816	-0.0154215	11980800000
/drive2/iang/msa/concat_default-500Kb-1-neoaves_anomaly_case-admixture-Strigiformes_N297_rate090_time7099554-500Kb-1_na.fa	547000	52779.8	59106.5	272992	-0.0164383	11980800000
/drive2/iang/msa/concat_default-500Kb-1-neoaves_anomaly_case-admixture-Strigiformes_N297_rate090_time7099554-500Kb-1_na.fa	548000	52165	61476.8	273213	-0.0240705	11980800000
/drive2/iang/msa/concat_default-500Kb-1-neoaves_anomaly_case-admixture-Strigiformes_N297_rate090_time7099554-500Kb-1_na.fa	549000	53966.7	60076	283774	-0.0153571	11980800000
/drive2/iang/msa/concat_default-500Kb-1-neoaves_anomaly_case-admixture-Strigiformes_N297_rate090_time7099554-500Kb-1_na.fa	550000	50300.9	61789.9	287173	-0.0287754	11980800000
/drive2/iang/msa/concat_default-500Kb-1-neoaves_anomaly_case-admixture-Strigiformes_N297_rate090_time7099554-500Kb-1_na.fa	551000	49020.3	61322.1	286988	-0.0309611	11980800000
/drive2/iang/msa/concat_default-500Kb-1-neoaves_anomaly_case-admixture-Strigiformes_N297_rate090_time7099554-500Kb-1_na.fa	552000	51999.4	64396.2	279520	-0.0313116	11980800000
/drive2/iang/msa/concat_default-500Kb-1-neoaves_anomaly_case-admixture-Strigiformes_N297_rate090_time7099554-500Kb-1_na.fa	553000	50170	61098.9	266764	-0.0289098	11980800000
/drive2/iang/msa/concat_default-500Kb-1-neoaves_anomaly_case-admixture-Strigiformes_N297_rate090_time7099554-500Kb-1_na.fa	554000	50251.2	65187.4	265239	-0.0392359	11980800000
/drive2/iang/msa/concat_default-500Kb-1-neoaves_anomaly_case-admixture-Strigiformes_N297_rate090_time7099554-500Kb-1_na.fa	555000	47863.1	63878.6	266427	-0.0423502	11980800000
/drive2/iang/msa/concat_default-500Kb-1-neoaves_anomaly_case-admixture-Strigiformes_N297_rate090_time7099554-500Kb-1_na.fa	556000	47993.6	66833.6	268404	-0.0491611	11980800000
/drive2/iang/msa/concat_default-500Kb-1-neoaves_anomaly_case-admixture-Strigiformes_N297_rate090_time7099554-500Kb-1_na.fa	557000	48016.3	63882.8	268784	-0.0416791	11980800000
/drive2/iang/msa/concat_default-500Kb-1-neoaves_anomaly_case-admixture-Strigiformes_N297_rate090_time7099554-500Kb-1_na.fa	558000	46673.9	61209.3	262167	-0.0392795	11980800000
/drive2/iang/msa/concat_default-500Kb-1-neoaves_anomaly_case-admixture-Strigiformes_N297_rate090_time7099554-500Kb-1_na.fa	559000	45228.8	57619.2	268006	-0.0334106	11980800000
/drive2/iang/msa/concat_default-500Kb-1-neoaves_anomaly_case-admixture-Strigiformes_N297_rate090_time7099554-500Kb-1_na.fa	560000	43491.4	58995.5	267336	-0.0419231	11980800000
/drive2/iang/msa/concat_default-500Kb-1-neoaves_anomaly_case-admixture-Strigiformes_N297_rate090_time7099554-500Kb-1_na.fa	561000	43268.7	57389.2	269952	-0.0381005	11980800000
/drive2/iang/msa/concat_default-500Kb-1-neoaves_anomaly_case-admixture-Strigiformes_N297_rate090_time7099554-500Kb-1_na.fa	562000	43277.1	55136.4	271287	-0.0320783	11980800000
/drive2/iang/msa/concat_default-500Kb-1-neoaves_anomaly_case-admixture-Strigiformes_N297_rate090_time7099554-500Kb-1_na.fa	563000	46543	55554.6	281715	-0.0234793	11980800000
/drive2/iang/msa/concat_default-500Kb-1-neoaves_anomaly_case-admixture-Strigiformes_N297_rate090_time7099554-500Kb-1_na.fa	564000	47150.1	56887.6	293500	-0.0244945	11980800000
/drive2/iang/msa/concat_default-500Kb-1-neoaves_anomaly_case-admixture-Strigiformes_N297_rate090_time7099554-500Kb-1_na.fa	565000	48070.1	59295.2	299533	-0.0275868	11980800000
/drive2/iang/msa/concat_default-500Kb-1-neoaves_anomaly_case-admixture-Strigiformes_N297_rate090_time7099554-500Kb-1_na.fa	566000	48867.7	56918.4	299275	-0.0198753	11980800000
/drive2/iang/msa/concat_default-500Kb-1-neoaves_anomaly_case-admixture-Strigiformes_N297_rate090_time7099554-500Kb-1_na.fa	567000	49379.7	59096.3	296957	-0.0239658	11980800000
/drive2/iang/msa/concat_default-500Kb-1-neoaves_anomaly_case-admixture-Strigiformes_N297_rate090_time7099554-500Kb-1_na.fa	568000	51491	60989.2	301258	-0.022957	11980800000
/drive2/iang/msa/concat_default-500Kb-1-neoaves_anomaly_case-admixture-Strigiformes_N297_rate090_time7099554-500Kb-1_na.fa	569000	56280.7	64267.8	302641	-0.0188736	11980800000
/drive2/iang/msa/concat_default-500Kb-1-neoaves_anomaly_case-admixture-Strigiformes_N297_rate090_time7099554-500Kb-1_na.fa	570000	61257.9	68432.6	300506	-0.0166777	11980800000
/drive2/iang/msa/concat_default-500Kb-1-neoaves_anomaly_case-admixture-Strigiformes_N297_rate090_time7099554-500Kb-1_na.fa	571000	65418.9	65416.8	292068	4.83089e-06	11980800000
/drive2/iang/msa/concat_default-500Kb-1-neoaves_anomaly_case-admixture-Strigiformes_N297_rate090_time7099554-500Kb-1_na.fa	572000	68724	71224.2	291368	-0.00579658	11980800000
/drive2/iang/msa/concat_default-500Kb-1-neoaves_anomaly_case-admixture-Strigiformes_N297_rate090_time7099554-500Kb-1_na.fa	573000	67740.2	72628.2	279516	-0.0116412	11980800000
/drive2/iang/msa/concat_default-500Kb-1-neoaves_anomaly_case-admixture-Strigiformes_N297_rate090_time7099554-500Kb-1_na.fa	574000	71927.6	72408.6	289054	-0.0011098	11980800000
/drive2/iang/msa/concat_default-500Kb-1-neoaves_anomaly_case-admixture-Strigiformes_N297_rate090_time7099554-500Kb-1_na.fa	575000	69551.1	75875	288160	-0.014585	11980800000
/drive2/iang/msa/concat_default-500Kb-1-neoaves_anomaly_case-admixture-Strigiformes_N297_rate090_time7099554-500Kb-1_na.fa	576000	69535.7	71966.5	295101	-0.00556761	11980800000
/drive2/iang/msa/concat_default-500Kb-1-neoaves_anomaly_case-admixture-Strigiformes_N297_rate090_time7099554-500Kb-1_na.fa	577000	73929.2	74755.2	300278	-0.00183976	11980800000
/drive2/iang/msa/concat_default-500Kb-1-neoaves_anomaly_case-admixture-Strigiformes_N297_rate090_time7099554-500Kb-1_na.fa	578000	71414.1	73485.8	308625	-0.00456814	11980800000
/drive2/iang/msa/concat_default-500Kb-1-neoaves_anomaly_case-admixture-Strigiformes_N297_rate090_time7099554-500Kb-1_na.fa	579000	70916.9	74444.2	301227	-0.00789835	11980800000
/drive2/iang/msa/concat_default-500Kb-1-neoaves_anomaly_case-admixture-Strigiformes_N297_rate090_time7099554-500Kb-1_na.fa	580000	72335	74774.2	300361	-0.00545112	11980800000
/drive2/iang/msa/concat_default-500Kb-1-neoaves_anomaly_case-admixture-Strigiformes_N297_rate090_time7099554-500Kb-1_na.fa	581000	70489.4	73540.3	293241	-0.00697714	11980800000
/drive2/iang/msa/concat_default-500Kb-1-neoaves_anomaly_case-admixture-Strigiformes_N297_rate090_time7099554-500Kb-1_na.fa	582000	73063.1	72451.4	293830	0.00139225	11980800000
/drive2/iang/msa/concat_default-500Kb-1-neoaves_anomaly_case-admixture-Strigiformes_N297_rate090_time7099554-500Kb-1_na.fa	583000	74814.1	68666.5	300210	0.0138555	11980800000
/drive2/iang/msa/concat_default-500Kb-1-neoaves_anomaly_case-admixture-Strigiformes_N297_rate090_time7099554-500Kb-1_na.fa	584000	76981.5	69027.6	293621	0.0180924	11980800000
/drive2/iang/msa/concat_default-500Kb-1-neoaves_anomaly_case-admixture-Strigiformes_N297_rate090_time7099554-500Kb-1_na.fa	585000	78871.6	71730.2	288091	0.0162789	11980800000
/drive2/iang/msa/concat_default-500Kb-1-neoaves_anomaly_case-admixture-Strigiformes_N297_rate090_time7099554-500Kb-1_na.fa	586000	81814.9	73311	288357	0.0191752	11980800000
/drive2/iang/msa/concat_default-500Kb-1-neoaves_anomaly_case-admixture-Strigiformes_N297_rate090_time7099554-500Kb-1_na.fa	587000	81393.6	74812.9	292118	0.0146784	11980800000
/drive2/iang/msa/concat_default-500Kb-1-neoaves_anomaly_case-admixture-Strigiformes_N297_rate090_time7099554-500Kb-1_na.fa	588000	79821.7	74948.7	286740	0.011037	11980800000
/drive2/iang/msa/concat_default-500Kb-1-neoaves_anomaly_case-admixture-Strigiformes_N297_rate090_time7099554-500Kb-1_na.fa	589000	80638.6	72977.7	287743	0.0173574	11980800000
/drive2/iang/msa/concat_default-500Kb-1-neoaves_anomaly_case-admixture-Strigiformes_N297_rate090_time7099554-500Kb-1_na.fa	590000	80033.2	74284	294001	0.012824	11980800000
/drive2/iang/msa/concat_default-500Kb-1-neoaves_anomaly_case-admixture-Strigiformes_N297_rate090_time7099554-500Kb-1_na.fa	591000	81990.5	75258.7	296669	0.0148303	11980800000
/drive2/iang/msa/concat_default-500Kb-1-neoaves_anomaly_case-admixture-Strigiformes_N297_rate090_time7099554-500Kb-1_na.fa	592000	82170.7	73721.1	302938	0.0184157	11980800000
/drive2/iang/msa/concat_default-500Kb-1-neoaves_anomaly_case-admixture-Strigiformes_N297_rate090_time7099554-500Kb-1_na.fa	593000	80228.4	76525	305167	0.00801747	11980800000
/drive2/iang/msa/concat_default-500Kb-1-neoaves_anomaly_case-admixture-Strigiformes_N297_rate090_time7099554-500Kb-1_na.fa	594000	79221.8	76588.1	301225	0.00576256	11980800000
/drive2/iang/msa/concat_default-500Kb-1-neoaves_anomaly_case-admixture-Strigiformes_N297_rate090_time7099554-500Kb-1_na.fa	595000	80108.2	78448.3	298877	0.00362884	11980800000
/drive2/iang/msa/concat_default-500Kb-1-neoaves_anomaly_case-admixture-Strigiformes_N297_rate090_time7099554-500Kb-1_na.fa	596000	79400.2	78502	301363	0.00195579	11980800000
/drive2/iang/msa/concat_default-500Kb-1-neoaves_anomaly_case-admixture-Strigiformes_N297_rate090_time7099554-500Kb-1_na.fa	597000	79727	79119.5	311023	0.00129308	11980800000
/drive2/iang/msa/concat_default-500Kb-1-neoaves_anomaly_case-admixture-Strigiformes_N297_rate090_time7099554-500Kb-1_na.fa	598000	83051.1	76260.8	309475	0.0144847	11980800000
/drive2/iang/msa/concat_default-500Kb-1-neoaves_anomaly_case-admixture-Strigiformes_N297_rate090_time7099554-500Kb-1_na.fa	599000	82945.3	77804.6	302217	0.0111039	11980800000
/drive2/iang/msa/concat_default-500Kb-1-neoaves_anomaly_case-admixture-Strigiformes_N297_rate090_time7099554-500Kb-1_na.fa	600000	84769.7	75508.9	308884	0.019739	11980800000
/drive2/iang/msa/concat_default-500Kb-1-neoaves_anomaly_case-admixture-Strigiformes_N297_rate090_time7099554-500Kb-1_na.fa	601000	84684.4	75899.4	318320	0.018344	11980800000
/drive2/iang/msa/concat_default-500Kb-1-neoaves_anomaly_case-admixture-Strigiformes_N297_rate090_time7099554-500Kb-1_na.fa	602000	80618.9	71607.5	337272	0.0184093	11980800000
/drive2/iang/msa/concat_default-500Kb-1-neoaves_anomaly_case-admixture-Strigiformes_N297_rate090_time7099554-500Kb-1_na.fa	603000	80516.3	70539.9	354901	0.0197179	11980800000
/drive2/iang/msa/concat_default-500Kb-1-neoaves_anomaly_case-admixture-Strigiformes_N297_rate090_time7099554-500Kb-1_na.fa	604000	82032.7	75080.1	355858	0.0135535	11980800000
/drive2/iang/msa/concat_default-500Kb-1-neoaves_anomaly_case-admixture-Strigiformes_N297_rate090_time7099554-500Kb-1_na.fa	605000	87966.1	76437.7	352631	0.0222973	11980800000
/drive2/iang/msa/concat_default-500Kb-1-neoaves_anomaly_case-admixture-Strigiformes_N297_rate090_time7099554-500Kb-1_na.fa	606000	86456.3	77344.2	353181	0.0176255	11980800000
/drive2/iang/msa/concat_default-500Kb-1-neoaves_anomaly_case-admixture-Strigiformes_N297_rate090_time7099554-500Kb-1_na.fa	607000	88081.9	83670.9	360710	0.00828419	11980800000
/drive2/iang/msa/concat_default-500Kb-1-neoaves_anomaly_case-admixture-Strigiformes_N297_rate090_time7099554-500Kb-1_na.fa	608000	87492.3	85578.3	371551	0.00351435	11980800000
/drive2/iang/msa/concat_default-500Kb-1-neoaves_anomaly_case-admixture-Strigiformes_N297_rate090_time7099554-500Kb-1_na.fa	609000	89229	86147.7	376271	0.00558562	11980800000
/drive2/iang/msa/concat_default-500Kb-1-neoaves_anomaly_case-admixture-Strigiformes_N297_rate090_time7099554-500Kb-1_na.fa	610000	90567.2	85496.6	375866	0.00918701	11980800000
/drive2/iang/msa/concat_default-500Kb-1-neoaves_anomaly_case-admixture-Strigiformes_N297_rate090_time7099554-500Kb-1_na.fa	611000	90285.2	85318.7	375020	0.00901987	11980800000
/drive2/iang/msa/concat_default-500Kb-1-neoaves_anomaly_case-admixture-Strigiformes_N297_rate090_time7099554-500Kb-1_na.fa	612000	92834.5	88313.7	377936	0.00808609	11980800000
/drive2/iang/msa/concat_default-500Kb-1-neoaves_anomaly_case-admixture-Strigiformes_N297_rate090_time7099554-500Kb-1_na.fa	613000	93251	88214.5	376212	0.00903115	11980800000
/drive2/iang/msa/concat_default-500Kb-1-neoaves_anomaly_case-admixture-Strigiformes_N297_rate090_time7099554-500Kb-1_na.fa	614000	91166.2	87390.3	370579	0.0068761	11980800000
/drive2/iang/msa/concat_default-500Kb-1-neoaves_anomaly_case-admixture-Strigiformes_N297_rate090_time7099554-500Kb-1_na.fa	615000	92053.9	86186	364044	0.0108207	11980800000
/drive2/iang/msa/concat_default-500Kb-1-neoaves_anomaly_case-admixture-Strigiformes_N297_rate090_time7099554-500Kb-1_na.fa	616000	90842.2	87566.3	360637	0.00607721	11980800000
/drive2/iang/msa/concat_default-500Kb-1-neoaves_anomaly_case-admixture-Strigiformes_N297_rate090_time7099554-500Kb-1_na.fa	617000	93339.5	84992	359519	0.0155201	11980800000
/drive2/iang/msa/concat_default-500Kb-1-neoaves_anomaly_case-admixture-Strigiformes_N297_rate090_time7099554-500Kb-1_na.fa	618000	91053.4	86703.4	356128	0.00814779	11980800000
/drive2/iang/msa/concat_default-500Kb-1-neoaves_anomaly_case-admixture-Strigiformes_N297_rate090_time7099554-500Kb-1_na.fa	619000	90969.5	84211.5	355653	0.0127309	11980800000
/drive2/iang/msa/concat_default-500Kb-1-neoaves_anomaly_case-admixture-Strigiformes_N297_rate090_time7099554-500Kb-1_na.fa	620000	86897.4	82661.1	358975	0.00801523	11980800000
/drive2/iang/msa/concat_default-500Kb-1-neoaves_anomaly_case-admixture-Strigiformes_N297_rate090_time7099554-500Kb-1_na.fa	621000	85442.4	82586.4	375225	0.00525733	11980800000
/drive2/iang/msa/concat_default-500Kb-1-neoaves_anomaly_case-admixture-Strigiformes_N297_rate090_time7099554-500Kb-1_na.fa	622000	80601	78144.7	383976	0.00452589	11980800000
/drive2/iang/msa/concat_default-500Kb-1-neoaves_anomaly_case-admixture-Strigiformes_N297_rate090_time7099554-500Kb-1_na.fa	623000	80912.8	77122.2	385019	0.00698033	11980800000
/drive2/iang/msa/concat_default-500Kb-1-neoaves_anomaly_case-admixture-Strigiformes_N297_rate090_time7099554-500Kb-1_na.fa	624000	75342.9	77553.4	382069	-0.00413195	11980800000
/drive2/iang/msa/concat_default-500Kb-1-neoaves_anomaly_case-admixture-Strigiformes_N297_rate090_time7099554-500Kb-1_na.fa	625000	75452.8	77080.2	379819	-0.00305704	11980800000
/drive2/iang/msa/concat_default-500Kb-1-neoaves_anomaly_case-admixture-Strigiformes_N297_rate090_time7099554-500Kb-1_na.fa	626000	74770.4	84561.3	372819	-0.0183988	11980800000
/drive2/iang/msa/concat_default-500Kb-1-neoaves_anomaly_case-admixture-Strigiformes_N297_rate090_time7099554-500Kb-1_na.fa	627000	72037.7	83254.3	364411	-0.0215827	11980800000
/drive2/iang/msa/concat_default-500Kb-1-neoaves_anomaly_case-admixture-Strigiformes_N297_rate090_time7099554-500Kb-1_na.fa	628000	71287.5	78901.7	356476	-0.0150282	11980800000
/drive2/iang/msa/concat_default-500Kb-1-neoaves_anomaly_case-admixture-Strigiformes_N297_rate090_time7099554-500Kb-1_na.fa	629000	71143.4	80392.9	359274	-0.0181075	11980800000
/drive2/iang/msa/concat_default-500Kb-1-neoaves_anomaly_case-admixture-Strigiformes_N297_rate090_time7099554-500Kb-1_na.fa	630000	69049.2	80692.2	360009	-0.0228406	11980800000
/drive2/iang/msa/concat_default-500Kb-1-neoaves_anomaly_case-admixture-Strigiformes_N297_rate090_time7099554-500Kb-1_na.fa	631000	68764.4	79781.3	362541	-0.0215558	11980800000
/drive2/iang/msa/concat_default-500Kb-1-neoaves_anomaly_case-admixture-Strigiformes_N297_rate090_time7099554-500Kb-1_na.fa	632000	64702.2	77433.4	358099	-0.0254503	11980800000
/drive2/iang/msa/concat_default-500Kb-1-neoaves_anomaly_case-admixture-Strigiformes_N297_rate090_time7099554-500Kb-1_na.fa	633000	62891.8	81029.6	354345	-0.0364019	11980800000
/drive2/iang/msa/concat_default-500Kb-1-neoaves_anomaly_case-admixture-Strigiformes_N297_rate090_time7099554-500Kb-1_na.fa	634000	63233.8	81357.7	358549	-0.0360215	11980800000
/drive2/iang/msa/concat_default-500Kb-1-neoaves_anomaly_case-admixture-Strigiformes_N297_rate090_time7099554-500Kb-1_na.fa	635000	61263.4	78100	357375	-0.0338942	11980800000
/drive2/iang/msa/concat_default-500Kb-1-neoaves_anomaly_case-admixture-Strigiformes_N297_rate090_time7099554-500Kb-1_na.fa	636000	56671.9	74382.9	356288	-0.0363419	11980800000
/drive2/iang/msa/concat_default-500Kb-1-neoaves_anomaly_case-admixture-Strigiformes_N297_rate090_time7099554-500Kb-1_na.fa	637000	59292.4	72351.4	351445	-0.0270322	11980800000
/drive2/iang/msa/concat_default-500Kb-1-neoaves_anomaly_case-admixture-Strigiformes_N297_rate090_time7099554-500Kb-1_na.fa	638000	59115.5	72855.2	358458	-0.0280156	11980800000
/drive2/iang/msa/concat_default-500Kb-1-neoaves_anomaly_case-admixture-Strigiformes_N297_rate090_time7099554-500Kb-1_na.fa	639000	58833.4	73746.4	351766	-0.03079	11980800000
/drive2/iang/msa/concat_default-500Kb-1-neoaves_anomaly_case-admixture-Strigiformes_N297_rate090_time7099554-500Kb-1_na.fa	640000	56732.1	72059.3	343385	-0.0324608	11980800000
/drive2/iang/msa/concat_default-500Kb-1-neoaves_anomaly_case-admixture-Strigiformes_N297_rate090_time7099554-500Kb-1_na.fa	641000	53721.6	72808.6	341019	-0.0408234	11980800000
/drive2/iang/msa/concat_default-500Kb-1-neoaves_anomaly_case-admixture-Strigiformes_N297_rate090_time7099554-500Kb-1_na.fa	642000	51845	70722.7	336938	-0.0410825	11980800000
/drive2/iang/msa/concat_default-500Kb-1-neoaves_anomaly_case-admixture-Strigiformes_N297_rate090_time7099554-500Kb-1_na.fa	643000	55715.5	66158.3	346153	-0.0223123	11980800000
/drive2/iang/msa/concat_default-500Kb-1-neoaves_anomaly_case-admixture-Strigiformes_N297_rate090_time7099554-500Kb-1_na.fa	644000	51857.3	66002.7	346817	-0.0304413	11980800000
/drive2/iang/msa/concat_default-500Kb-1-neoaves_anomaly_case-admixture-Strigiformes_N297_rate090_time7099554-500Kb-1_na.fa	645000	52247.9	63048	346501	-0.023387	11980800000
/drive2/iang/msa/concat_default-500Kb-1-neoaves_anomaly_case-admixture-Strigiformes_N297_rate090_time7099554-500Kb-1_na.fa	646000	52698.6	62265.6	349957	-0.0205775	11980800000
/drive2/iang/msa/concat_default-500Kb-1-neoaves_anomaly_case-admixture-Strigiformes_N297_rate090_time7099554-500Kb-1_na.fa	647000	55239.2	60898.1	342968	-0.012326	11980800000
/drive2/iang/msa/concat_default-500Kb-1-neoaves_anomaly_case-admixture-Strigiformes_N297_rate090_time7099554-500Kb-1_na.fa	648000	53884.8	61888.8	339354	-0.0175862	11980800000
/drive2/iang/msa/concat_default-500Kb-1-neoaves_anomaly_case-admixture-Strigiformes_N297_rate090_time7099554-500Kb-1_na.fa	649000	53602.5	60033.9	342140	-0.0141109	11980800000
/drive2/iang/msa/concat_default-500Kb-1-neoaves_anomaly_case-admixture-Strigiformes_N297_rate090_time7099554-500Kb-1_na.fa	650000	55152	61508.9	326797	-0.0143349	11980800000
/drive2/iang/msa/concat_default-500Kb-1-neoaves_anomaly_case-admixture-Strigiformes_N297_rate090_time7099554-500Kb-1_na.fa	651000	55673.3	63390.4	314827	-0.0177857	11980800000
/drive2/iang/msa/concat_default-500Kb-1-neoaves_anomaly_case-admixture-Strigiformes_N297_rate090_time7099554-500Kb-1_na.fa	652000	58467.5	65655.5	296318	-0.0170964	11980800000
/drive2/iang/msa/concat_default-500Kb-1-neoaves_anomaly_case-admixture-Strigiformes_N297_rate090_time7099554-500Kb-1_na.fa	653000	61231.6	69616.1	285463	-0.02014	11980800000
/drive2/iang/msa/concat_default-500Kb-1-neoaves_anomaly_case-admixture-Strigiformes_N297_rate090_time7099554-500Kb-1_na.fa	654000	60452.4	66092.7	290810	-0.0135144	11980800000
/drive2/iang/msa/concat_default-500Kb-1-neoaves_anomaly_case-admixture-Strigiformes_N297_rate090_time7099554-500Kb-1_na.fa	655000	54874	61189	293560	-0.0154165	11980800000
/drive2/iang/msa/concat_default-500Kb-1-neoaves_anomaly_case-admixture-Strigiformes_N297_rate090_time7099554-500Kb-1_na.fa	656000	55706	57960.5	288942	-0.00559984	11980800000
/drive2/iang/msa/concat_default-500Kb-1-neoaves_anomaly_case-admixture-Strigiformes_N297_rate090_time7099554-500Kb-1_na.fa	657000	52242.1	50893.9	280279	0.0035162	11980800000
/drive2/iang/msa/concat_default-500Kb-1-neoaves_anomaly_case-admixture-Strigiformes_N297_rate090_time7099554-500Kb-1_na.fa	658000	59332.2	50753.1	273832	0.0223462	11980800000
/drive2/iang/msa/concat_default-500Kb-1-neoaves_anomaly_case-admixture-Strigiformes_N297_rate090_time7099554-500Kb-1_na.fa	659000	59767.7	51934.8	265469	0.0207677	11980800000
/drive2/iang/msa/concat_default-500Kb-1-neoaves_anomaly_case-admixture-Strigiformes_N297_rate090_time7099554-500Kb-1_na.fa	660000	59393.7	55197.6	279630	0.010644	11980800000
/drive2/iang/msa/concat_default-500Kb-1-neoaves_anomaly_case-admixture-Strigiformes_N297_rate090_time7099554-500Kb-1_na.fa	661000	58230.1	55212	284030	0.0075933	11980800000
/drive2/iang/msa/concat_default-500Kb-1-neoaves_anomaly_case-admixture-Strigiformes_N297_rate090_time7099554-500Kb-1_na.fa	662000	55504.1	55028.3	283620	0.00120719	11980800000
/drive2/iang/msa/concat_default-500Kb-1-neoaves_anomaly_case-admixture-Strigiformes_N297_rate090_time7099554-500Kb-1_na.fa	663000	57381.4	53515.3	285069	0.0097636	11980800000
/drive2/iang/msa/concat_default-500Kb-1-neoaves_anomaly_case-admixture-Strigiformes_N297_rate090_time7099554-500Kb-1_na.fa	664000	56017.7	53553	285027	0.0062461	11980800000
/drive2/iang/msa/concat_default-500Kb-1-neoaves_anomaly_case-admixture-Strigiformes_N297_rate090_time7099554-500Kb-1_na.fa	665000	51520.9	51200.5	290654	0.00081453	11980800000
/drive2/iang/msa/concat_default-500Kb-1-neoaves_anomaly_case-admixture-Strigiformes_N297_rate090_time7099554-500Kb-1_na.fa	666000	52594.5	53163.1	292688	-0.00142721	11980800000
/drive2/iang/msa/concat_default-500Kb-1-neoaves_anomaly_case-admixture-Strigiformes_N297_rate090_time7099554-500Kb-1_na.fa	667000	51010.3	52416.5	288009	-0.00359235	11980800000
/drive2/iang/msa/concat_default-500Kb-1-neoaves_anomaly_case-admixture-Strigiformes_N297_rate090_time7099554-500Kb-1_na.fa	668000	51789.9	49722.7	292029	0.00525278	11980800000
/drive2/iang/msa/concat_default-500Kb-1-neoaves_anomaly_case-admixture-Strigiformes_N297_rate090_time7099554-500Kb-1_na.fa	669000	49731.1	50293.6	299771	-0.00140693	11980800000
/drive2/iang/msa/concat_default-500Kb-1-neoaves_anomaly_case-admixture-Strigiformes_N297_rate090_time7099554-500Kb-1_na.fa	670000	45243.7	49083.4	304416	-0.00962935	11980800000
/drive2/iang/msa/concat_default-500Kb-1-neoaves_anomaly_case-admixture-Strigiformes_N297_rate090_time7099554-500Kb-1_na.fa	671000	46094.8	48841	290736	-0.00712045	11980800000
/drive2/iang/msa/concat_default-500Kb-1-neoaves_anomaly_case-admixture-Strigiformes_N297_rate090_time7099554-500Kb-1_na.fa	672000	46258.4	48895.2	286479	-0.0069094	11980800000
/drive2/iang/msa/concat_default-500Kb-1-neoaves_anomaly_case-admixture-Strigiformes_N297_rate090_time7099554-500Kb-1_na.fa	673000	46134.8	48106.3	287785	-0.00516046	11980800000
/drive2/iang/msa/concat_default-500Kb-1-neoaves_anomaly_case-admixture-Strigiformes_N297_rate090_time7099554-500Kb-1_na.fa	674000	50726.5	49252.4	284601	0.00383318	11980800000
/drive2/iang/msa/concat_default-500Kb-1-neoaves_anomaly_case-admixture-Strigiformes_N297_rate090_time7099554-500Kb-1_na.fa	675000	50391.3	49786	284600	0.00157315	11980800000
/drive2/iang/msa/concat_default-500Kb-1-neoaves_anomaly_case-admixture-Strigiformes_N297_rate090_time7099554-500Kb-1_na.fa	676000	48924.7	47239.6	281420	0.00446282	11980800000
/drive2/iang/msa/concat_default-500Kb-1-neoaves_anomaly_case-admixture-Strigiformes_N297_rate090_time7099554-500Kb-1_na.fa	677000	49285.3	44575.7	288702	0.0123105	11980800000
/drive2/iang/msa/concat_default-500Kb-1-neoaves_anomaly_case-admixture-Strigiformes_N297_rate090_time7099554-500Kb-1_na.fa	678000	52399.3	47371.4	291862	0.0128383	11980800000
/drive2/iang/msa/concat_default-500Kb-1-neoaves_anomaly_case-admixture-Strigiformes_N297_rate090_time7099554-500Kb-1_na.fa	679000	51594.4	45545	293921	0.0154692	11980800000
/drive2/iang/msa/concat_default-500Kb-1-neoaves_anomaly_case-admixture-Strigiformes_N297_rate090_time7099554-500Kb-1_na.fa	680000	51071	45260.9	288183	0.0151101	11980800000
/drive2/iang/msa/concat_default-500Kb-1-neoaves_anomaly_case-admixture-Strigiformes_N297_rate090_time7099554-500Kb-1_na.fa	681000	51273.7	45561.5	290440	0.0147497	11980800000
/drive2/iang/msa/concat_default-500Kb-1-neoaves_anomaly_case-admixture-Strigiformes_N297_rate090_time7099554-500Kb-1_na.fa	682000	52406.3	47899.9	293499	0.011443	11980800000
/drive2/iang/msa/concat_default-500Kb-1-neoaves_anomaly_case-admixture-Strigiformes_N297_rate090_time7099554-500Kb-1_na.fa	683000	51259.3	46805.8	293316	0.0113791	11980800000
/drive2/iang/msa/concat_default-500Kb-1-neoaves_anomaly_case-admixture-Strigiformes_N297_rate090_time7099554-500Kb-1_na.fa	684000	50083.2	48269	291548	0.00465284	11980800000
/drive2/iang/msa/concat_default-500Kb-1-neoaves_anomaly_case-admixture-Strigiformes_N297_rate090_time7099554-500Kb-1_na.fa	685000	49493.8	47970.7	293814	0.00389271	11980800000
/drive2/iang/msa/concat_default-500Kb-1-neoaves_anomaly_case-admixture-Strigiformes_N297_rate090_time7099554-500Kb-1_na.fa	686000	52905.6	48567.7	299917	0.0108071	11980800000
/drive2/iang/msa/concat_default-500Kb-1-neoaves_anomaly_case-admixture-Strigiformes_N297_rate090_time7099554-500Kb-1_na.fa	687000	51571.2	48962.2	304677	0.00643849	11980800000
/drive2/iang/msa/concat_default-500Kb-1-neoaves_anomaly_case-admixture-Strigiformes_N297_rate090_time7099554-500Kb-1_na.fa	688000	52547.5	48413.7	301187	0.0102792	11980800000
/drive2/iang/msa/concat_default-500Kb-1-neoaves_anomaly_case-admixture-Strigiformes_N297_rate090_time7099554-500Kb-1_na.fa	689000	52858.8	48053.3	305102	0.0118358	11980800000
/drive2/iang/msa/concat_default-500Kb-1-neoaves_anomaly_case-admixture-Strigiformes_N297_rate090_time7099554-500Kb-1_na.fa	690000	52559.4	47819.5	310266	0.0115424	11980800000
/drive2/iang/msa/concat_default-500Kb-1-neoaves_anomaly_case-admixture-Strigiformes_N297_rate090_time7099554-500Kb-1_na.fa	691000	51300.9	47245.6	312660	0.00986196	11980800000
/drive2/iang/msa/concat_default-500Kb-1-neoaves_anomaly_case-admixture-Strigiformes_N297_rate090_time7099554-500Kb-1_na.fa	692000	55682.9	46940.3	307647	0.0213094	11980800000
/drive2/iang/msa/concat_default-500Kb-1-neoaves_anomaly_case-admixture-Strigiformes_N297_rate090_time7099554-500Kb-1_na.fa	693000	51278.6	50215	307185	0.00260262	11980800000
/drive2/iang/msa/concat_default-500Kb-1-neoaves_anomaly_case-admixture-Strigiformes_N297_rate090_time7099554-500Kb-1_na.fa	694000	53926.1	50234.5	307658	0.00896413	11980800000
/drive2/iang/msa/concat_default-500Kb-1-neoaves_anomaly_case-admixture-Strigiformes_N297_rate090_time7099554-500Kb-1_na.fa	695000	55150.8	56416.7	304486	-0.00304259	11980800000
/drive2/iang/msa/concat_default-500Kb-1-neoaves_anomaly_case-admixture-Strigiformes_N297_rate090_time7099554-500Kb-1_na.fa	696000	55648.4	55659.3	301054	-2.64763e-05	11980800000
/drive2/iang/msa/concat_default-500Kb-1-neoaves_anomaly_case-admixture-Strigiformes_N297_rate090_time7099554-500Kb-1_na.fa	697000	52956	57103.6	302791	-0.0100463	11980800000
/drive2/iang/msa/concat_default-500Kb-1-neoaves_anomaly_case-admixture-Strigiformes_N297_rate090_time7099554-500Kb-1_na.fa	698000	52109.7	53902.9	308639	-0.00432468	11980800000
/drive2/iang/msa/concat_default-500Kb-1-neoaves_anomaly_case-admixture-Strigiformes_N297_rate090_time7099554-500Kb-1_na.fa	699000	50449.3	54562.3	301619	-0.0101147	11980800000
/drive2/iang/msa/concat_default-500Kb-1-neoaves_anomaly_case-admixture-Strigiformes_N297_rate090_time7099554-500Kb-1_na.fa	700000	49522.5	53906	310499	-0.0105901	11980800000
/drive2/iang/msa/concat_default-500Kb-1-neoaves_anomaly_case-admixture-Strigiformes_N297_rate090_time7099554-500Kb-1_na.fa	701000	48055.8	52565.3	310298	-0.0109741	11980800000
/drive2/iang/msa/concat_default-500Kb-1-neoaves_anomaly_case-admixture-Strigiformes_N297_rate090_time7099554-500Kb-1_na.fa	702000	45066.8	49496	312104	-0.0108913	11980800000
/drive2/iang/msa/concat_default-500Kb-1-neoaves_anomaly_case-admixture-Strigiformes_N297_rate090_time7099554-500Kb-1_na.fa	703000	42294.3	46763	316936	-0.0110069	11980800000
/drive2/iang/msa/concat_default-500Kb-1-neoaves_anomaly_case-admixture-Strigiformes_N297_rate090_time7099554-500Kb-1_na.fa	704000	41229.7	47308.5	306663	-0.0153814	11980800000
/drive2/iang/msa/concat_default-500Kb-1-neoaves_anomaly_case-admixture-Strigiformes_N297_rate090_time7099554-500Kb-1_na.fa	705000	49264.3	50750.8	309854	-0.00362675	11980800000
/drive2/iang/msa/concat_default-500Kb-1-neoaves_anomaly_case-admixture-Strigiformes_N297_rate090_time7099554-500Kb-1_na.fa	706000	48613.6	48894.1	313864	-0.000681774	11980800000
/drive2/iang/msa/concat_default-500Kb-1-neoaves_anomaly_case-admixture-Strigiformes_N297_rate090_time7099554-500Kb-1_na.fa	707000	49817.3	51727.3	315818	-0.00457625	11980800000
/drive2/iang/msa/concat_default-500Kb-1-neoaves_anomaly_case-admixture-Strigiformes_N297_rate090_time7099554-500Kb-1_na.fa	708000	43778.5	50096.5	328607	-0.0149546	11980800000
/drive2/iang/msa/concat_default-500Kb-1-neoaves_anomaly_case-admixture-Strigiformes_N297_rate090_time7099554-500Kb-1_na.fa	709000	40471.7	49507.7	332109	-0.0214078	11980800000
/drive2/iang/msa/concat_default-500Kb-1-neoaves_anomaly_case-admixture-Strigiformes_N297_rate090_time7099554-500Kb-1_na.fa	710000	40739.1	48091.2	325649	-0.017738	11980800000
/drive2/iang/msa/concat_default-500Kb-1-neoaves_anomaly_case-admixture-Strigiformes_N297_rate090_time7099554-500Kb-1_na.fa	711000	41797.3	49013.3	322901	-0.0174421	11980800000
/drive2/iang/msa/concat_default-500Kb-1-neoaves_anomaly_case-admixture-Strigiformes_N297_rate090_time7099554-500Kb-1_na.fa	712000	41712.6	48650	319325	-0.0169334	11980800000
/drive2/iang/msa/concat_default-500Kb-1-neoaves_anomaly_case-admixture-Strigiformes_N297_rate090_time7099554-500Kb-1_na.fa	713000	40346.7	51020.6	310349	-0.0265708	11980800000
/drive2/iang/msa/concat_default-500Kb-1-neoaves_anomaly_case-admixture-Strigiformes_N297_rate090_time7099554-500Kb-1_na.fa	714000	42398	50933.3	311519	-0.0210827	11980800000
/drive2/iang/msa/concat_default-500Kb-1-neoaves_anomaly_case-admixture-Strigiformes_N297_rate090_time7099554-500Kb-1_na.fa	715000	43841.8	52067.2	305808	-0.0204757	11980800000
/drive2/iang/msa/concat_default-500Kb-1-neoaves_anomaly_case-admixture-Strigiformes_N297_rate090_time7099554-500Kb-1_na.fa	716000	41984.9	50784.3	295597	-0.0226574	11980800000
/drive2/iang/msa/concat_default-500Kb-1-neoaves_anomaly_case-admixture-Strigiformes_N297_rate090_time7099554-500Kb-1_na.fa	717000	40567.5	48039.5	305882	-0.018941	11980800000
/drive2/iang/msa/concat_default-500Kb-1-neoaves_anomaly_case-admixture-Strigiformes_N297_rate090_time7099554-500Kb-1_na.fa	718000	39803	47371.6	304022	-0.0193471	11980800000
/drive2/iang/msa/concat_default-500Kb-1-neoaves_anomaly_case-admixture-Strigiformes_N297_rate090_time7099554-500Kb-1_na.fa	719000	38556	44921.7	300247	-0.0165894	11980800000
/drive2/iang/msa/concat_default-500Kb-1-neoaves_anomaly_case-admixture-Strigiformes_N297_rate090_time7099554-500Kb-1_na.fa	720000	41883.6	45410.3	290950	-0.00932401	11980800000
/drive2/iang/msa/concat_default-500Kb-1-neoaves_anomaly_case-admixture-Strigiformes_N297_rate090_time7099554-500Kb-1_na.fa	721000	41497.3	44892.3	285867	-0.00912011	11980800000
/drive2/iang/msa/concat_default-500Kb-1-neoaves_anomaly_case-admixture-Strigiformes_N297_rate090_time7099554-500Kb-1_na.fa	722000	41964.1	45503.5	287900	-0.00942907	11980800000
/drive2/iang/msa/concat_default-500Kb-1-neoaves_anomaly_case-admixture-Strigiformes_N297_rate090_time7099554-500Kb-1_na.fa	723000	40917.1	45543	283482	-0.0125044	11980800000
/drive2/iang/msa/concat_default-500Kb-1-neoaves_anomaly_case-admixture-Strigiformes_N297_rate090_time7099554-500Kb-1_na.fa	724000	38146.5	45443.5	280982	-0.0200153	11980800000
/drive2/iang/msa/concat_default-500Kb-1-neoaves_anomaly_case-admixture-Strigiformes_N297_rate090_time7099554-500Kb-1_na.fa	725000	36404.4	42761.3	286469	-0.017386	11980800000
/drive2/iang/msa/concat_default-500Kb-1-neoaves_anomaly_case-admixture-Strigiformes_N297_rate090_time7099554-500Kb-1_na.fa	726000	37634.1	38048.3	288473	-0.00113751	11980800000
/drive2/iang/msa/concat_default-500Kb-1-neoaves_anomaly_case-admixture-Strigiformes_N297_rate090_time7099554-500Kb-1_na.fa	727000	35571	40945.7	289257	-0.0146941	11980800000
/drive2/iang/msa/concat_default-500Kb-1-neoaves_anomaly_case-admixture-Strigiformes_N297_rate090_time7099554-500Kb-1_na.fa	728000	34731.1	39997.6	290280	-0.0144287	11980800000
/drive2/iang/msa/concat_default-500Kb-1-neoaves_anomaly_case-admixture-Strigiformes_N297_rate090_time7099554-500Kb-1_na.fa	729000	36814.9	40461.6	288119	-0.00998021	11980800000
/drive2/iang/msa/concat_default-500Kb-1-neoaves_anomaly_case-admixture-Strigiformes_N297_rate090_time7099554-500Kb-1_na.fa	730000	37482.9	41001.8	298068	-0.00934489	11980800000
/drive2/iang/msa/concat_default-500Kb-1-neoaves_anomaly_case-admixture-Strigiformes_N297_rate090_time7099554-500Kb-1_na.fa	731000	36721.5	42051	292101	-0.01437	11980800000
/drive2/iang/msa/concat_default-500Kb-1-neoaves_anomaly_case-admixture-Strigiformes_N297_rate090_time7099554-500Kb-1_na.fa	732000	37405	40088	288233	-0.00733597	11980800000
/drive2/iang/msa/concat_default-500Kb-1-neoaves_anomaly_case-admixture-Strigiformes_N297_rate090_time7099554-500Kb-1_na.fa	733000	42903.9	42682.6	290485	0.000588407	11980800000
/drive2/iang/msa/concat_default-500Kb-1-neoaves_anomaly_case-admixture-Strigiformes_N297_rate090_time7099554-500Kb-1_na.fa	734000	45849.7	40571.1	291108	0.0139821	11980800000
/drive2/iang/msa/concat_default-500Kb-1-neoaves_anomaly_case-admixture-Strigiformes_N297_rate090_time7099554-500Kb-1_na.fa	735000	47330.1	42242.5	289339	0.0134268	11980800000
/drive2/iang/msa/concat_default-500Kb-1-neoaves_anomaly_case-admixture-Strigiformes_N297_rate090_time7099554-500Kb-1_na.fa	736000	45922.8	41600.3	299891	0.0111574	11980800000
/drive2/iang/msa/concat_default-500Kb-1-neoaves_anomaly_case-admixture-Strigiformes_N297_rate090_time7099554-500Kb-1_na.fa	737000	47907.1	41879.5	297026	0.0155827	11980800000
/drive2/iang/msa/concat_default-500Kb-1-neoaves_anomaly_case-admixture-Strigiformes_N297_rate090_time7099554-500Kb-1_na.fa	738000	47089	43902.7	304190	0.00806289	11980800000
/drive2/iang/msa/concat_default-500Kb-1-neoaves_anomaly_case-admixture-Strigiformes_N297_rate090_time7099554-500Kb-1_na.fa	739000	52919.3	49003	299087	0.00976608	11980800000
/drive2/iang/msa/concat_default-500Kb-1-neoaves_anomaly_case-admixture-Strigiformes_N297_rate090_time7099554-500Kb-1_na.fa	740000	55097.9	50730	295373	0.0108871	11980800000
/drive2/iang/msa/concat_default-500Kb-1-neoaves_anomaly_case-admixture-Strigiformes_N297_rate090_time7099554-500Kb-1_na.fa	741000	56704.7	49816.1	302055	0.0168601	11980800000
/drive2/iang/msa/concat_default-500Kb-1-neoaves_anomaly_case-admixture-Strigiformes_N297_rate090_time7099554-500Kb-1_na.fa	742000	51892	52311	302939	-0.00102908	11980800000
/drive2/iang/msa/concat_default-500Kb-1-neoaves_anomaly_case-admixture-Strigiformes_N297_rate090_time7099554-500Kb-1_na.fa	743000	52408.8	50632.2	296252	0.00444939	11980800000
/drive2/iang/msa/concat_default-500Kb-1-neoaves_anomaly_case-admixture-Strigiformes_N297_rate090_time7099554-500Kb-1_na.fa	744000	52442.9	50442.5	298369	0.00498524	11980800000
/drive2/iang/msa/concat_default-500Kb-1-neoaves_anomaly_case-admixture-Strigiformes_N297_rate090_time7099554-500Kb-1_na.fa	745000	49092	45734.1	296792	0.00857453	11980800000
/drive2/iang/msa/concat_default-500Kb-1-neoaves_anomaly_case-admixture-Strigiformes_N297_rate090_time7099554-500Kb-1_na.fa	746000	46631.7	45177.8	297561	0.00373383	11980800000
/drive2/iang/msa/concat_default-500Kb-1-neoaves_anomaly_case-admixture-Strigiformes_N297_rate090_time7099554-500Kb-1_na.fa	747000	45631.2	45294.3	297546	0.000867039	11980800000
/drive2/iang/msa/concat_default-500Kb-1-neoaves_anomaly_case-admixture-Strigiformes_N297_rate090_time7099554-500Kb-1_na.fa	748000	44437.1	45338.4	290683	-0.00236908	11980800000
/drive2/iang/msa/concat_default-500Kb-1-neoaves_anomaly_case-admixture-Strigiformes_N297_rate090_time7099554-500Kb-1_na.fa	749000	44044.5	43725.8	288387	0.000847149	11980800000
/drive2/iang/msa/concat_default-500Kb-1-neoaves_anomaly_case-admixture-Strigiformes_N297_rate090_time7099554-500Kb-1_na.fa	750000	42778.3	43442.4	278210	-0.00182222	11980800000
/drive2/iang/msa/concat_default-500Kb-1-neoaves_anomaly_case-admixture-Strigiformes_N297_rate090_time7099554-500Kb-1_na.fa	751000	43800.1	41120.5	281731	0.00730814	11980800000
/drive2/iang/msa/concat_default-500Kb-1-neoaves_anomaly_case-admixture-Strigiformes_N297_rate090_time7099554-500Kb-1_na.fa	752000	44538.3	43671.2	281266	0.00234694	11980800000
/drive2/iang/msa/concat_default-500Kb-1-neoaves_anomaly_case-admixture-Strigiformes_N297_rate090_time7099554-500Kb-1_na.fa	753000	47768.3	46238.2	271498	0.00418607	11980800000
/drive2/iang/msa/concat_default-500Kb-1-neoaves_anomaly_case-admixture-Strigiformes_N297_rate090_time7099554-500Kb-1_na.fa	754000	47097.3	45289.8	271726	0.00496421	11980800000
/drive2/iang/msa/concat_default-500Kb-1-neoaves_anomaly_case-admixture-Strigiformes_N297_rate090_time7099554-500Kb-1_na.fa	755000	40312	45122.7	266310	-0.0136767	11980800000
/drive2/iang/msa/concat_default-500Kb-1-neoaves_anomaly_case-admixture-Strigiformes_N297_rate090_time7099554-500Kb-1_na.fa	756000	39164	47578.3	264050	-0.0239866	11980800000
/drive2/iang/msa/concat_default-500Kb-1-neoaves_anomaly_case-admixture-Strigiformes_N297_rate090_time7099554-500Kb-1_na.fa	757000	39896.7	46809.8	259782	-0.0199516	11980800000
/drive2/iang/msa/concat_default-500Kb-1-neoaves_anomaly_case-admixture-Strigiformes_N297_rate090_time7099554-500Kb-1_na.fa	758000	40925.9	47966.3	253526	-0.0205608	11980800000
/drive2/iang/msa/concat_default-500Kb-1-neoaves_anomaly_case-admixture-Strigiformes_N297_rate090_time7099554-500Kb-1_na.fa	759000	43373.7	46882	253248	-0.0102132	11980800000
/drive2/iang/msa/concat_default-500Kb-1-neoaves_anomaly_case-admixture-Strigiformes_N297_rate090_time7099554-500Kb-1_na.fa	760000	43555.9	45866.7	249879	-0.00681043	11980800000
/drive2/iang/msa/concat_default-500Kb-1-neoaves_anomaly_case-admixture-Strigiformes_N297_rate090_time7099554-500Kb-1_na.fa	761000	42385	43469.1	247048	-0.00325636	11980800000
/drive2/iang/msa/concat_default-500Kb-1-neoaves_anomaly_case-admixture-Strigiformes_N297_rate090_time7099554-500Kb-1_na.fa	762000	41575.4	39543.5	249551	0.00614461	11980800000
/drive2/iang/msa/concat_default-500Kb-1-neoaves_anomaly_case-admixture-Strigiformes_N297_rate090_time7099554-500Kb-1_na.fa	763000	39528.1	34098.8	249040	0.0168262	11980800000
/drive2/iang/msa/concat_default-500Kb-1-neoaves_anomaly_case-admixture-Strigiformes_N297_rate090_time7099554-500Kb-1_na.fa	764000	41228.6	33088.9	246392	0.0253801	11980800000
/drive2/iang/msa/concat_default-500Kb-1-neoaves_anomaly_case-admixture-Strigiformes_N297_rate090_time7099554-500Kb-1_na.fa	765000	41942.5	35357.6	245814	0.0203795	11980800000
/drive2/iang/msa/concat_default-500Kb-1-neoaves_anomaly_case-admixture-Strigiformes_N297_rate090_time7099554-500Kb-1_na.fa	766000	45212.8	36687.7	253010	0.0254547	11980800000
/drive2/iang/msa/concat_default-500Kb-1-neoaves_anomaly_case-admixture-Strigiformes_N297_rate090_time7099554-500Kb-1_na.fa	767000	44109.9	36225.6	242127	0.0244502	11980800000
/drive2/iang/msa/concat_default-500Kb-1-neoaves_anomaly_case-admixture-Strigiformes_N297_rate090_time7099554-500Kb-1_na.fa	768000	41883.4	36235	235679	0.0179999	11980800000
/drive2/iang/msa/concat_default-500Kb-1-neoaves_anomaly_case-admixture-Strigiformes_N297_rate090_time7099554-500Kb-1_na.fa	769000	42856.1	37168.8	231110	0.0182791	11980800000
/drive2/iang/msa/concat_default-500Kb-1-neoaves_anomaly_case-admixture-Strigiformes_N297_rate090_time7099554-500Kb-1_na.fa	770000	45740.7	36643.8	233009	0.0288432	11980800000
/drive2/iang/msa/concat_default-500Kb-1-neoaves_anomaly_case-admixture-Strigiformes_N297_rate090_time7099554-500Kb-1_na.fa	771000	44592.5	39070.3	243252	0.0168917	11980800000
/drive2/iang/msa/concat_default-500Kb-1-neoaves_anomaly_case-admixture-Strigiformes_N297_rate090_time7099554-500Kb-1_na.fa	772000	44858.9	37116	247244	0.0235191	11980800000
/drive2/iang/msa/concat_default-500Kb-1-neoaves_anomaly_case-admixture-Strigiformes_N297_rate090_time7099554-500Kb-1_na.fa	773000	43910.2	36215.5	247037	0.0235193	11980800000
/drive2/iang/msa/concat_default-500Kb-1-neoaves_anomaly_case-admixture-Strigiformes_N297_rate090_time7099554-500Kb-1_na.fa	774000	45749.3	34621	255576	0.0331254	11980800000
/drive2/iang/msa/concat_default-500Kb-1-neoaves_anomaly_case-admixture-Strigiformes_N297_rate090_time7099554-500Kb-1_na.fa	775000	50889	37360.9	248684	0.0401508	11980800000
/drive2/iang/msa/concat_default-500Kb-1-neoaves_anomaly_case-admixture-Strigiformes_N297_rate090_time7099554-500Kb-1_na.fa	776000	50335.5	37735.8	248837	0.0373979	11980800000
/drive2/iang/msa/concat_default-500Kb-1-neoaves_anomaly_case-admixture-Strigiformes_N297_rate090_time7099554-500Kb-1_na.fa	777000	54241.2	37886.2	245196	0.0484847	11980800000
/drive2/iang/msa/concat_default-500Kb-1-neoaves_anomaly_case-admixture-Strigiformes_N297_rate090_time7099554-500Kb-1_na.fa	778000	56703	39819.9	244322	0.0495332	11980800000
/drive2/iang/msa/concat_default-500Kb-1-neoaves_anomaly_case-admixture-Strigiformes_N297_rate090_time7099554-500Kb-1_na.fa	779000	55901.2	40048.7	248116	0.046074	11980800000
/drive2/iang/msa/concat_default-500Kb-1-neoaves_anomaly_case-admixture-Strigiformes_N297_rate090_time7099554-500Kb-1_na.fa	780000	56029.2	40650.7	240744	0.0455759	11980800000
/drive2/iang/msa/concat_default-500Kb-1-neoaves_anomaly_case-admixture-Strigiformes_N297_rate090_time7099554-500Kb-1_na.fa	781000	55582.2	39524.8	247638	0.0468494	11980800000
/drive2/iang/msa/concat_default-500Kb-1-neoaves_anomaly_case-admixture-Strigiformes_N297_rate090_time7099554-500Kb-1_na.fa	782000	54942	42960.7	250626	0.0343769	11980800000
/drive2/iang/msa/concat_default-500Kb-1-neoaves_anomaly_case-admixture-Strigiformes_N297_rate090_time7099554-500Kb-1_na.fa	783000	50117.9	40593.7	245861	0.0282977	11980800000
/drive2/iang/msa/concat_default-500Kb-1-neoaves_anomaly_case-admixture-Strigiformes_N297_rate090_time7099554-500Kb-1_na.fa	784000	46639.5	40461.3	245919	0.0185522	11980800000
/drive2/iang/msa/concat_default-500Kb-1-neoaves_anomaly_case-admixture-Strigiformes_N297_rate090_time7099554-500Kb-1_na.fa	785000	49252.8	40618.3	256735	0.0249116	11980800000
/drive2/iang/msa/concat_default-500Kb-1-neoaves_anomaly_case-admixture-Strigiformes_N297_rate090_time7099554-500Kb-1_na.fa	786000	48618.2	43740.5	252192	0.0141566	11980800000
/drive2/iang/msa/concat_default-500Kb-1-neoaves_anomaly_case-admixture-Strigiformes_N297_rate090_time7099554-500Kb-1_na.fa	787000	47098.7	45221.4	260151	0.00532611	11980800000
/drive2/iang/msa/concat_default-500Kb-1-neoaves_anomaly_case-admixture-Strigiformes_N297_rate090_time7099554-500Kb-1_na.fa	788000	48649.2	40967.8	269813	0.0213712	11980800000
/drive2/iang/msa/concat_default-500Kb-1-neoaves_anomaly_case-admixture-Strigiformes_N297_rate090_time7099554-500Kb-1_na.fa	789000	40377.6	37559.3	277775	0.00792315	11980800000
/drive2/iang/msa/concat_default-500Kb-1-neoaves_anomaly_case-admixture-Strigiformes_N297_rate090_time7099554-500Kb-1_na.fa	790000	40077.9	31858	282339	0.0232018	11980800000
/drive2/iang/msa/concat_default-500Kb-1-neoaves_anomaly_case-admixture-Strigiformes_N297_rate090_time7099554-500Kb-1_na.fa	791000	37751.2	33935.9	266511	0.0112812	11980800000
/drive2/iang/msa/concat_default-500Kb-1-neoaves_anomaly_case-admixture-Strigiformes_N297_rate090_time7099554-500Kb-1_na.fa	792000	36282	33370.7	273153	0.0084928	11980800000
/drive2/iang/msa/concat_default-500Kb-1-neoaves_anomaly_case-admixture-Strigiformes_N297_rate090_time7099554-500Kb-1_na.fa	793000	35903.8	38920.7	274004	-0.00864861	11980800000
/drive2/iang/msa/concat_default-500Kb-1-neoaves_anomaly_case-admixture-Strigiformes_N297_rate090_time7099554-500Kb-1_na.fa	794000	33746.3	38017.8	274659	-0.0123305	11980800000
/drive2/iang/msa/concat_default-500Kb-1-neoaves_anomaly_case-admixture-Strigiformes_N297_rate090_time7099554-500Kb-1_na.fa	795000	33630.1	38686.2	270369	-0.0147542	11980800000
/drive2/iang/msa/concat_default-500Kb-1-neoaves_anomaly_case-admixture-Strigiformes_N297_rate090_time7099554-500Kb-1_na.fa	796000	33535.1	38425.8	286725	-0.0136349	11980800000
/drive2/iang/msa/concat_default-500Kb-1-neoaves_anomaly_case-admixture-Strigiformes_N297_rate090_time7099554-500Kb-1_na.fa	797000	38336.5	37984.5	294039	0.000950385	11980800000
/drive2/iang/msa/concat_default-500Kb-1-neoaves_anomaly_case-admixture-Strigiformes_N297_rate090_time7099554-500Kb-1_na.fa	798000	38468.7	39301.4	298513	-0.0022129	11980800000
/drive2/iang/msa/concat_default-500Kb-1-neoaves_anomaly_case-admixture-Strigiformes_N297_rate090_time7099554-500Kb-1_na.fa	799000	39062.4	40615.9	315082	-0.00393535	11980800000
/drive2/iang/msa/concat_default-500Kb-1-neoaves_anomaly_case-admixture-Strigiformes_N297_rate090_time7099554-500Kb-1_na.fa	800000	45001	40460.2	322731	0.0111241	11980800000
/drive2/iang/msa/concat_default-500Kb-1-neoaves_anomaly_case-admixture-Strigiformes_N297_rate090_time7099554-500Kb-1_na.fa	801000	42962.2	41319.3	324764	0.00401633	11980800000
/drive2/iang/msa/concat_default-500Kb-1-neoaves_anomaly_case-admixture-Strigiformes_N297_rate090_time7099554-500Kb-1_na.fa	802000	42949.7	39547.9	326010	0.00832745	11980800000
/drive2/iang/msa/concat_default-500Kb-1-neoaves_anomaly_case-admixture-Strigiformes_N297_rate090_time7099554-500Kb-1_na.fa	803000	42851.8	38045.5	325827	0.0118171	11980800000
/drive2/iang/msa/concat_default-500Kb-1-neoaves_anomaly_case-admixture-Strigiformes_N297_rate090_time7099554-500Kb-1_na.fa	804000	45532.8	37296.4	327345	0.0200801	11980800000
/drive2/iang/msa/concat_default-500Kb-1-neoaves_anomaly_case-admixture-Strigiformes_N297_rate090_time7099554-500Kb-1_na.fa	805000	47476.9	37658.8	330672	0.023612	11980800000
/drive2/iang/msa/concat_default-500Kb-1-neoaves_anomaly_case-admixture-Strigiformes_N297_rate090_time7099554-500Kb-1_na.fa	806000	47286.1	36537.9	328928	0.0260404	11980800000
/drive2/iang/msa/concat_default-500Kb-1-neoaves_anomaly_case-admixture-Strigiformes_N297_rate090_time7099554-500Kb-1_na.fa	807000	50896.6	34809.5	337169	0.0380422	11980800000
/drive2/iang/msa/concat_default-500Kb-1-neoaves_anomaly_case-admixture-Strigiformes_N297_rate090_time7099554-500Kb-1_na.fa	808000	50074.9	36616.9	338946	0.0316184	11980800000
/drive2/iang/msa/concat_default-500Kb-1-neoaves_anomaly_case-admixture-Strigiformes_N297_rate090_time7099554-500Kb-1_na.fa	809000	49171.2	35954.7	341221	0.0309993	11980800000
/drive2/iang/msa/concat_default-500Kb-1-neoaves_anomaly_case-admixture-Strigiformes_N297_rate090_time7099554-500Kb-1_na.fa	810000	49168	39111.1	339496	0.0235097	11980800000
/drive2/iang/msa/concat_default-500Kb-1-neoaves_anomaly_case-admixture-Strigiformes_N297_rate090_time7099554-500Kb-1_na.fa	811000	50664.8	40627.7	357012	0.0223891	11980800000
/drive2/iang/msa/concat_default-500Kb-1-neoaves_anomaly_case-admixture-Strigiformes_N297_rate090_time7099554-500Kb-1_na.fa	812000	52463.3	41502.6	359699	0.0241603	11980800000
/drive2/iang/msa/concat_default-500Kb-1-neoaves_anomaly_case-admixture-Strigiformes_N297_rate090_time7099554-500Kb-1_na.fa	813000	53030	44045.8	371000	0.0191939	11980800000
/drive2/iang/msa/concat_default-500Kb-1-neoaves_anomaly_case-admixture-Strigiformes_N297_rate090_time7099554-500Kb-1_na.fa	814000	50533.7	46102.7	376659	0.00936192	11980800000
/drive2/iang/msa/concat_default-500Kb-1-neoaves_anomaly_case-admixture-Strigiformes_N297_rate090_time7099554-500Kb-1_na.fa	815000	49217.5	41296.3	389828	0.0164909	11980800000
/drive2/iang/msa/concat_default-500Kb-1-neoaves_anomaly_case-admixture-Strigiformes_N297_rate090_time7099554-500Kb-1_na.fa	816000	46838.4	40331	384116	0.0138078	11980800000
/drive2/iang/msa/concat_default-500Kb-1-neoaves_anomaly_case-admixture-Strigiformes_N297_rate090_time7099554-500Kb-1_na.fa	817000	48433.7	40340.4	385198	0.0170754	11980800000
/drive2/iang/msa/concat_default-500Kb-1-neoaves_anomaly_case-admixture-Strigiformes_N297_rate090_time7099554-500Kb-1_na.fa	818000	51694.6	40678.4	390340	0.0228215	11980800000
/drive2/iang/msa/concat_default-500Kb-1-neoaves_anomaly_case-admixture-Strigiformes_N297_rate090_time7099554-500Kb-1_na.fa	819000	54164.4	39425.9	391001	0.0304142	11980800000
/drive2/iang/msa/concat_default-500Kb-1-neoaves_anomaly_case-admixture-Strigiformes_N297_rate090_time7099554-500Kb-1_na.fa	820000	50707.2	42805	394938	0.0161783	11980800000
/drive2/iang/msa/concat_default-500Kb-1-neoaves_anomaly_case-admixture-Strigiformes_N297_rate090_time7099554-500Kb-1_na.fa	821000	51400.7	41716.9	389272	0.0200745	11980800000
/drive2/iang/msa/concat_default-500Kb-1-neoaves_anomaly_case-admixture-Strigiformes_N297_rate090_time7099554-500Kb-1_na.fa	822000	52005.7	44702.7	383171	0.0152185	11980800000
/drive2/iang/msa/concat_default-500Kb-1-neoaves_anomaly_case-admixture-Strigiformes_N297_rate090_time7099554-500Kb-1_na.fa	823000	54480.2	47644.6	384824	0.0140375	11980800000
/drive2/iang/msa/concat_default-500Kb-1-neoaves_anomaly_case-admixture-Strigiformes_N297_rate090_time7099554-500Kb-1_na.fa	824000	52524.3	51926.7	385209	0.00122046	11980800000
/drive2/iang/msa/concat_default-500Kb-1-neoaves_anomaly_case-admixture-Strigiformes_N297_rate090_time7099554-500Kb-1_na.fa	825000	50615.1	50062.8	388384	0.00112927	11980800000
/drive2/iang/msa/concat_default-500Kb-1-neoaves_anomaly_case-admixture-Strigiformes_N297_rate090_time7099554-500Kb-1_na.fa	826000	55526.7	51835.9	395517	0.00733925	11980800000
/drive2/iang/msa/concat_default-500Kb-1-neoaves_anomaly_case-admixture-Strigiformes_N297_rate090_time7099554-500Kb-1_na.fa	827000	53136	54135.4	397281	-0.00198073	11980800000
/drive2/iang/msa/concat_default-500Kb-1-neoaves_anomaly_case-admixture-Strigiformes_N297_rate090_time7099554-500Kb-1_na.fa	828000	50981.9	53261.6	416187	-0.00438028	11980800000
/drive2/iang/msa/concat_default-500Kb-1-neoaves_anomaly_case-admixture-Strigiformes_N297_rate090_time7099554-500Kb-1_na.fa	829000	52467.1	50495.5	412909	0.00382191	11980800000
/drive2/iang/msa/concat_default-500Kb-1-neoaves_anomaly_case-admixture-Strigiformes_N297_rate090_time7099554-500Kb-1_na.fa	830000	56306.6	48484.8	415845	0.0150235	11980800000
/drive2/iang/msa/concat_default-500Kb-1-neoaves_anomaly_case-admixture-Strigiformes_N297_rate090_time7099554-500Kb-1_na.fa	831000	58357	49756.5	408017	0.0166634	11980800000
/drive2/iang/msa/concat_default-500Kb-1-neoaves_anomaly_case-admixture-Strigiformes_N297_rate090_time7099554-500Kb-1_na.fa	832000	58304.7	50243.9	405208	0.0156899	11980800000
/drive2/iang/msa/concat_default-500Kb-1-neoaves_anomaly_case-admixture-Strigiformes_N297_rate090_time7099554-500Kb-1_na.fa	833000	56847.3	54452.7	399434	0.00468857	11980800000
/drive2/iang/msa/concat_default-500Kb-1-neoaves_anomaly_case-admixture-Strigiformes_N297_rate090_time7099554-500Kb-1_na.fa	834000	58634.9	52097.4	397852	0.0128543	11980800000
/drive2/iang/msa/concat_default-500Kb-1-neoaves_anomaly_case-admixture-Strigiformes_N297_rate090_time7099554-500Kb-1_na.fa	835000	55123.6	53514.1	386032	0.00325377	11980800000
/drive2/iang/msa/concat_default-500Kb-1-neoaves_anomaly_case-admixture-Strigiformes_N297_rate090_time7099554-500Kb-1_na.fa	836000	58537.1	55114.1	379308	0.00694378	11980800000
/drive2/iang/msa/concat_default-500Kb-1-neoaves_anomaly_case-admixture-Strigiformes_N297_rate090_time7099554-500Kb-1_na.fa	837000	59531.4	52522.3	364690	0.0147021	11980800000
/drive2/iang/msa/concat_default-500Kb-1-neoaves_anomaly_case-admixture-Strigiformes_N297_rate090_time7099554-500Kb-1_na.fa	838000	57867.4	53441.6	348606	0.00962313	11980800000
/drive2/iang/msa/concat_default-500Kb-1-neoaves_anomaly_case-admixture-Strigiformes_N297_rate090_time7099554-500Kb-1_na.fa	839000	60372.5	51762.8	347176	0.0187448	11980800000
/drive2/iang/msa/concat_default-500Kb-1-neoaves_anomaly_case-admixture-Strigiformes_N297_rate090_time7099554-500Kb-1_na.fa	840000	57655.6	56221.9	338062	0.00317223	11980800000
/drive2/iang/msa/concat_default-500Kb-1-neoaves_anomaly_case-admixture-Strigiformes_N297_rate090_time7099554-500Kb-1_na.fa	841000	59573.7	53135.6	345998	0.0140353	11980800000
/drive2/iang/msa/concat_default-500Kb-1-neoaves_anomaly_case-admixture-Strigiformes_N297_rate090_time7099554-500Kb-1_na.fa	842000	60989	53075.2	339195	0.0174597	11980800000
/drive2/iang/msa/concat_default-500Kb-1-neoaves_anomaly_case-admixture-Strigiformes_N297_rate090_time7099554-500Kb-1_na.fa	843000	62430	48729.8	335521	0.0306712	11980800000
/drive2/iang/msa/concat_default-500Kb-1-neoaves_anomaly_case-admixture-Strigiformes_N297_rate090_time7099554-500Kb-1_na.fa	844000	63316.3	48788.8	337762	0.0322928	11980800000
/drive2/iang/msa/concat_default-500Kb-1-neoaves_anomaly_case-admixture-Strigiformes_N297_rate090_time7099554-500Kb-1_na.fa	845000	64168.6	47889.1	345032	0.0356157	11980800000
/drive2/iang/msa/concat_default-500Kb-1-neoaves_anomaly_case-admixture-Strigiformes_N297_rate090_time7099554-500Kb-1_na.fa	846000	64406.5	48340	331000	0.0362065	11980800000
/drive2/iang/msa/concat_default-500Kb-1-neoaves_anomaly_case-admixture-Strigiformes_N297_rate090_time7099554-500Kb-1_na.fa	847000	61139.5	47547.8	325947	0.0312714	11980800000
/drive2/iang/msa/concat_default-500Kb-1-neoaves_anomaly_case-admixture-Strigiformes_N297_rate090_time7099554-500Kb-1_na.fa	848000	61503.3	45862.7	325281	0.0361509	11980800000
/drive2/iang/msa/concat_default-500Kb-1-neoaves_anomaly_case-admixture-Strigiformes_N297_rate090_time7099554-500Kb-1_na.fa	849000	61261.3	45756.6	313143	0.0369018	11980800000
/drive2/iang/msa/concat_default-500Kb-1-neoaves_anomaly_case-admixture-Strigiformes_N297_rate090_time7099554-500Kb-1_na.fa	850000	57584.2	45720.6	313385	0.0284711	11980800000
/drive2/iang/msa/concat_default-500Kb-1-neoaves_anomaly_case-admixture-Strigiformes_N297_rate090_time7099554-500Kb-1_na.fa	851000	58517.2	44693.9	307695	0.0336412	11980800000
/drive2/iang/msa/concat_default-500Kb-1-neoaves_anomaly_case-admixture-Strigiformes_N297_rate090_time7099554-500Kb-1_na.fa	852000	57383.1	45242.8	305999	0.0297102	11980800000
/drive2/iang/msa/concat_default-500Kb-1-neoaves_anomaly_case-admixture-Strigiformes_N297_rate090_time7099554-500Kb-1_na.fa	853000	56029.6	45743.4	307957	0.0251047	11980800000
/drive2/iang/msa/concat_default-500Kb-1-neoaves_anomaly_case-admixture-Strigiformes_N297_rate090_time7099554-500Kb-1_na.fa	854000	53772.7	45583.2	308443	0.0200823	11980800000
/drive2/iang/msa/concat_default-500Kb-1-neoaves_anomaly_case-admixture-Strigiformes_N297_rate090_time7099554-500Kb-1_na.fa	855000	51671.5	45174.5	305029	0.0161667	11980800000
/drive2/iang/msa/concat_default-500Kb-1-neoaves_anomaly_case-admixture-Strigiformes_N297_rate090_time7099554-500Kb-1_na.fa	856000	52281.8	43552.4	307721	0.0216312	11980800000
/drive2/iang/msa/concat_default-500Kb-1-neoaves_anomaly_case-admixture-Strigiformes_N297_rate090_time7099554-500Kb-1_na.fa	857000	48147	44472	298247	0.00940222	11980800000
/drive2/iang/msa/concat_default-500Kb-1-neoaves_anomaly_case-admixture-Strigiformes_N297_rate090_time7099554-500Kb-1_na.fa	858000	47857.5	39393.2	292567	0.0222852	11980800000
/drive2/iang/msa/concat_default-500Kb-1-neoaves_anomaly_case-admixture-Strigiformes_N297_rate090_time7099554-500Kb-1_na.fa	859000	46889.5	40419.5	281536	0.0175413	11980800000
/drive2/iang/msa/concat_default-500Kb-1-neoaves_anomaly_case-admixture-Strigiformes_N297_rate090_time7099554-500Kb-1_na.fa	860000	46984.5	36938.4	282818	0.0273932	11980800000
/drive2/iang/msa/concat_default-500Kb-1-neoaves_anomaly_case-admixture-Strigiformes_N297_rate090_time7099554-500Kb-1_na.fa	861000	45767.3	36509.2	267050	0.0265028	11980800000
/drive2/iang/msa/concat_default-500Kb-1-neoaves_anomaly_case-admixture-Strigiformes_N297_rate090_time7099554-500Kb-1_na.fa	862000	45409.3	38921.4	259451	0.018872	11980800000
/drive2/iang/msa/concat_default-500Kb-1-neoaves_anomaly_case-admixture-Strigiformes_N297_rate090_time7099554-500Kb-1_na.fa	863000	48127.8	41156.5	252462	0.0203989	11980800000
/drive2/iang/msa/concat_default-500Kb-1-neoaves_anomaly_case-admixture-Strigiformes_N297_rate090_time7099554-500Kb-1_na.fa	864000	48766.6	39082.4	241126	0.0294374	11980800000
/drive2/iang/msa/concat_default-500Kb-1-neoaves_anomaly_case-admixture-Strigiformes_N297_rate090_time7099554-500Kb-1_na.fa	865000	51100.8	42821.5	227238	0.0257793	11980800000
/drive2/iang/msa/concat_default-500Kb-1-neoaves_anomaly_case-admixture-Strigiformes_N297_rate090_time7099554-500Kb-1_na.fa	866000	50062.6	42665.7	238427	0.0223366	11980800000
/drive2/iang/msa/concat_default-500Kb-1-neoaves_anomaly_case-admixture-Strigiformes_N297_rate090_time7099554-500Kb-1_na.fa	867000	49194.5	44447	251248	0.0137655	11980800000
/drive2/iang/msa/concat_default-500Kb-1-neoaves_anomaly_case-admixture-Strigiformes_N297_rate090_time7099554-500Kb-1_na.fa	868000	50713.2	43327.6	246405	0.0216939	11980800000
/drive2/iang/msa/concat_default-500Kb-1-neoaves_anomaly_case-admixture-Strigiformes_N297_rate090_time7099554-500Kb-1_na.fa	869000	48245.1	45888	247191	0.00690571	11980800000
/drive2/iang/msa/concat_default-500Kb-1-neoaves_anomaly_case-admixture-Strigiformes_N297_rate090_time7099554-500Kb-1_na.fa	870000	50361.6	44922.5	243738	0.0160434	11980800000
/drive2/iang/msa/concat_default-500Kb-1-neoaves_anomaly_case-admixture-Strigiformes_N297_rate090_time7099554-500Kb-1_na.fa	871000	52344.6	42388.1	238737	0.0298573	11980800000
/drive2/iang/msa/concat_default-500Kb-1-neoaves_anomaly_case-admixture-Strigiformes_N297_rate090_time7099554-500Kb-1_na.fa	872000	51195.4	42063.6	239686	0.0274275	11980800000
/drive2/iang/msa/concat_default-500Kb-1-neoaves_anomaly_case-admixture-Strigiformes_N297_rate090_time7099554-500Kb-1_na.fa	873000	55026.7	41919.1	238562	0.0390678	11980800000
/drive2/iang/msa/concat_default-500Kb-1-neoaves_anomaly_case-admixture-Strigiformes_N297_rate090_time7099554-500Kb-1_na.fa	874000	59745.8	37958.5	231441	0.0661935	11980800000
/drive2/iang/msa/concat_default-500Kb-1-neoaves_anomaly_case-admixture-Strigiformes_N297_rate090_time7099554-500Kb-1_na.fa	875000	61073.6	37041.7	225817	0.0741879	11980800000
/drive2/iang/msa/concat_default-500Kb-1-neoaves_anomaly_case-admixture-Strigiformes_N297_rate090_time7099554-500Kb-1_na.fa	876000	57570.8	36943.4	231253	0.0633195	11980800000
/drive2/iang/msa/concat_default-500Kb-1-neoaves_anomaly_case-admixture-Strigiformes_N297_rate090_time7099554-500Kb-1_na.fa	877000	58624.3	33300.5	228525	0.0790259	11980800000
/drive2/iang/msa/concat_default-500Kb-1-neoaves_anomaly_case-admixture-Strigiformes_N297_rate090_time7099554-500Kb-1_na.fa	878000	57719.8	34019.9	208466	0.0789458	11980800000
/drive2/iang/msa/concat_default-500Kb-1-neoaves_anomaly_case-admixture-Strigiformes_N297_rate090_time7099554-500Kb-1_na.fa	879000	58948.9	35749.6	206775	0.0769531	11980800000
/drive2/iang/msa/concat_default-500Kb-1-neoaves_anomaly_case-admixture-Strigiformes_N297_rate090_time7099554-500Kb-1_na.fa	880000	55432.3	37075	204031	0.0619053	11980800000
/drive2/iang/msa/concat_default-500Kb-1-neoaves_anomaly_case-admixture-Strigiformes_N297_rate090_time7099554-500Kb-1_na.fa	881000	55548.1	39569.2	206090	0.0530496	11980800000
/drive2/iang/msa/concat_default-500Kb-1-neoaves_anomaly_case-admixture-Strigiformes_N297_rate090_time7099554-500Kb-1_na.fa	882000	57430.5	37023.4	214754	0.065998	11980800000
/drive2/iang/msa/concat_default-500Kb-1-neoaves_anomaly_case-admixture-Strigiformes_N297_rate090_time7099554-500Kb-1_na.fa	883000	61608.6	32925	224115	0.0900165	11980800000
/drive2/iang/msa/concat_default-500Kb-1-neoaves_anomaly_case-admixture-Strigiformes_N297_rate090_time7099554-500Kb-1_na.fa	884000	60807.8	34324.1	228085	0.0819381	11980800000
/drive2/iang/msa/concat_default-500Kb-1-neoaves_anomaly_case-admixture-Strigiformes_N297_rate090_time7099554-500Kb-1_na.fa	885000	62676.9	31727.3	231677	0.0949137	11980800000
/drive2/iang/msa/concat_default-500Kb-1-neoaves_anomaly_case-admixture-Strigiformes_N297_rate090_time7099554-500Kb-1_na.fa	886000	56876.4	26545.2	221840	0.0993616	11980800000
/drive2/iang/msa/concat_default-500Kb-1-neoaves_anomaly_case-admixture-Strigiformes_N297_rate090_time7099554-500Kb-1_na.fa	887000	56191.2	29187.6	227407	0.0863325	11980800000
/drive2/iang/msa/concat_default-500Kb-1-neoaves_anomaly_case-admixture-Strigiformes_N297_rate090_time7099554-500Kb-1_na.fa	888000	56379.2	29282.6	225198	0.0871667	11980800000
/drive2/iang/msa/concat_default-500Kb-1-neoaves_anomaly_case-admixture-Strigiformes_N297_rate090_time7099554-500Kb-1_na.fa	889000	59369.2	33847.6	224797	0.0802532	11980800000
/drive2/iang/msa/concat_default-500Kb-1-neoaves_anomaly_case-admixture-Strigiformes_N297_rate090_time7099554-500Kb-1_na.fa	890000	64011.9	32826.1	233972	0.0942712	11980800000
/drive2/iang/msa/concat_default-500Kb-1-neoaves_anomaly_case-admixture-Strigiformes_N297_rate090_time7099554-500Kb-1_na.fa	891000	64045.8	32264.4	237932	0.0950847	11980800000
/drive2/iang/msa/concat_default-500Kb-1-neoaves_anomaly_case-admixture-Strigiformes_N297_rate090_time7099554-500Kb-1_na.fa	892000	66978.6	30389.4	240578	0.108269	11980800000
/drive2/iang/msa/concat_default-500Kb-1-neoaves_anomaly_case-admixture-Strigiformes_N297_rate090_time7099554-500Kb-1_na.fa	893000	66653.3	31801.3	252888	0.0991965	11980800000
/drive2/iang/msa/concat_default-500Kb-1-neoaves_anomaly_case-admixture-Strigiformes_N297_rate090_time7099554-500Kb-1_na.fa	894000	67832.4	32166.6	255698	0.10027	11980800000
/drive2/iang/msa/concat_default-500Kb-1-neoaves_anomaly_case-admixture-Strigiformes_N297_rate090_time7099554-500Kb-1_na.fa	895000	68056.1	32567.5	247154	0.102044	11980800000
/drive2/iang/msa/concat_default-500Kb-1-neoaves_anomaly_case-admixture-Strigiformes_N297_rate090_time7099554-500Kb-1_na.fa	896000	68199.9	31004.8	243509	0.108531	11980800000
/drive2/iang/msa/concat_default-500Kb-1-neoaves_anomaly_case-admixture-Strigiformes_N297_rate090_time7099554-500Kb-1_na.fa	897000	68658.5	31334.5	249306	0.106854	11980800000
/drive2/iang/msa/concat_default-500Kb-1-neoaves_anomaly_case-admixture-Strigiformes_N297_rate090_time7099554-500Kb-1_na.fa	898000	68300.5	32360	250669	0.102299	11980800000
/drive2/iang/msa/concat_default-500Kb-1-neoaves_anomaly_case-admixture-Strigiformes_N297_rate090_time7099554-500Kb-1_na.fa	899000	65853.9	32072.9	252220	0.0964767	11980800000
/drive2/iang/msa/concat_default-500Kb-1-neoaves_anomaly_case-admixture-Strigiformes_N297_rate090_time7099554-500Kb-1_na.fa	900000	65879.7	32153.1	249036	0.0971757	11980800000
/drive2/iang/msa/concat_default-500Kb-1-neoaves_anomaly_case-admixture-Strigiformes_N297_rate090_time7099554-500Kb-1_na.fa	901000	66609.8	31432.1	250140	0.101033	11980800000
/drive2/iang/msa/concat_default-500Kb-1-neoaves_anomaly_case-admixture-Strigiformes_N297_rate090_time7099554-500Kb-1_na.fa	902000	66091.9	30242.2	253852	0.102373	11980800000
/drive2/iang/msa/concat_default-500Kb-1-neoaves_anomaly_case-admixture-Strigiformes_N297_rate090_time7099554-500Kb-1_na.fa	903000	67164.6	28518.7	252212	0.111085	11980800000
/drive2/iang/msa/concat_default-500Kb-1-neoaves_anomaly_case-admixture-Strigiformes_N297_rate090_time7099554-500Kb-1_na.fa	904000	66891	29111	255453	0.107496	11980800000
/drive2/iang/msa/concat_default-500Kb-1-neoaves_anomaly_case-admixture-Strigiformes_N297_rate090_time7099554-500Kb-1_na.fa	905000	66029.7	29485.6	253721	0.10464	11980800000
/drive2/iang/msa/concat_default-500Kb-1-neoaves_anomaly_case-admixture-Strigiformes_N297_rate090_time7099554-500Kb-1_na.fa	906000	66330	31510.7	262329	0.0966745	11980800000
/drive2/iang/msa/concat_default-500Kb-1-neoaves_anomaly_case-admixture-Strigiformes_N297_rate090_time7099554-500Kb-1_na.fa	907000	66270.8	32793	263853	0.0922466	11980800000
/drive2/iang/msa/concat_default-500Kb-1-neoaves_anomaly_case-admixture-Strigiformes_N297_rate090_time7099554-500Kb-1_na.fa	908000	65189.9	36618.8	271530	0.0765285	11980800000
/drive2/iang/msa/concat_default-500Kb-1-neoaves_anomaly_case-admixture-Strigiformes_N297_rate090_time7099554-500Kb-1_na.fa	909000	64457.4	35762.6	280161	0.075437	11980800000
/drive2/iang/msa/concat_default-500Kb-1-neoaves_anomaly_case-admixture-Strigiformes_N297_rate090_time7099554-500Kb-1_na.fa	910000	62432	34935.1	276210	0.0736042	11980800000
/drive2/iang/msa/concat_default-500Kb-1-neoaves_anomaly_case-admixture-Strigiformes_N297_rate090_time7099554-500Kb-1_na.fa	911000	63305.3	36088.3	291187	0.0696835	11980800000
/drive2/iang/msa/concat_default-500Kb-1-neoaves_anomaly_case-admixture-Strigiformes_N297_rate090_time7099554-500Kb-1_na.fa	912000	62985.7	35429.5	290439	0.0708651	11980800000
/drive2/iang/msa/concat_default-500Kb-1-neoaves_anomaly_case-admixture-Strigiformes_N297_rate090_time7099554-500Kb-1_na.fa	913000	60300	35123.5	285028	0.0661751	11980800000
/drive2/iang/msa/concat_default-500Kb-1-neoaves_anomaly_case-admixture-Strigiformes_N297_rate090_time7099554-500Kb-1_na.fa	914000	60117.8	34950.5	285290	0.0661672	11980800000
/drive2/iang/msa/concat_default-500Kb-1-neoaves_anomaly_case-admixture-Strigiformes_N297_rate090_time7099554-500Kb-1_na.fa	915000	57077	35168.9	291749	0.0570533	11980800000
/drive2/iang/msa/concat_default-500Kb-1-neoaves_anomaly_case-admixture-Strigiformes_N297_rate090_time7099554-500Kb-1_na.fa	916000	56587.9	34349.6	281253	0.0597498	11980800000
/drive2/iang/msa/concat_default-500Kb-1-neoaves_anomaly_case-admixture-Strigiformes_N297_rate090_time7099554-500Kb-1_na.fa	917000	56951.6	34307.4	272998	0.0621654	11980800000
/drive2/iang/msa/concat_default-500Kb-1-neoaves_anomaly_case-admixture-Strigiformes_N297_rate090_time7099554-500Kb-1_na.fa	918000	57397.7	35473.4	277421	0.0592083	11980800000
/drive2/iang/msa/concat_default-500Kb-1-neoaves_anomaly_case-admixture-Strigiformes_N297_rate090_time7099554-500Kb-1_na.fa	919000	59698.2	33614.5	281887	0.0695195	11980800000
/drive2/iang/msa/concat_default-500Kb-1-neoaves_anomaly_case-admixture-Strigiformes_N297_rate090_time7099554-500Kb-1_na.fa	920000	55742.4	29879.1	298305	0.0673653	11980800000
/drive2/iang/msa/concat_default-500Kb-1-neoaves_anomaly_case-admixture-Strigiformes_N297_rate090_time7099554-500Kb-1_na.fa	921000	56029.4	30750.1	305521	0.0644383	11980800000
/drive2/iang/msa/concat_default-500Kb-1-neoaves_anomaly_case-admixture-Strigiformes_N297_rate090_time7099554-500Kb-1_na.fa	922000	61932.6	33899.4	304462	0.0700316	11980800000
/drive2/iang/msa/concat_default-500Kb-1-neoaves_anomaly_case-admixture-Strigiformes_N297_rate090_time7099554-500Kb-1_na.fa	923000	57671.2	30741.4	303125	0.0687797	11980800000
/drive2/iang/msa/concat_default-500Kb-1-neoaves_anomaly_case-admixture-Strigiformes_N297_rate090_time7099554-500Kb-1_na.fa	924000	53166.9	33056.6	302748	0.0517014	11980800000
/drive2/iang/msa/concat_default-500Kb-1-neoaves_anomaly_case-admixture-Strigiformes_N297_rate090_time7099554-500Kb-1_na.fa	925000	50858.9	34735.7	301552	0.0416465	11980800000
/drive2/iang/msa/concat_default-500Kb-1-neoaves_anomaly_case-admixture-Strigiformes_N297_rate090_time7099554-500Kb-1_na.fa	926000	52318.8	32886.1	289848	0.0518132	11980800000
/drive2/iang/msa/concat_default-500Kb-1-neoaves_anomaly_case-admixture-Strigiformes_N297_rate090_time7099554-500Kb-1_na.fa	927000	52476.7	35548.7	291273	0.0446298	11980800000
/drive2/iang/msa/concat_default-500Kb-1-neoaves_anomaly_case-admixture-Strigiformes_N297_rate090_time7099554-500Kb-1_na.fa	928000	51284.2	36447.7	289921	0.039286	11980800000
/drive2/iang/msa/concat_default-500Kb-1-neoaves_anomaly_case-admixture-Strigiformes_N297_rate090_time7099554-500Kb-1_na.fa	929000	47683.5	36898.7	293069	0.0285574	11980800000
/drive2/iang/msa/concat_default-500Kb-1-neoaves_anomaly_case-admixture-Strigiformes_N297_rate090_time7099554-500Kb-1_na.fa	930000	48195.3	35801.6	294583	0.0327375	11980800000
/drive2/iang/msa/concat_default-500Kb-1-neoaves_anomaly_case-admixture-Strigiformes_N297_rate090_time7099554-500Kb-1_na.fa	931000	47186	34771.2	292623	0.0331432	11980800000
/drive2/iang/msa/concat_default-500Kb-1-neoaves_anomaly_case-admixture-Strigiformes_N297_rate090_time7099554-500Kb-1_na.fa	932000	46183.5	34821.3	280527	0.031428	11980800000
/drive2/iang/msa/concat_default-500Kb-1-neoaves_anomaly_case-admixture-Strigiformes_N297_rate090_time7099554-500Kb-1_na.fa	933000	44280.4	34668.6	283098	0.0265486	11980800000
/drive2/iang/msa/concat_default-500Kb-1-neoaves_anomaly_case-admixture-Strigiformes_N297_rate090_time7099554-500Kb-1_na.fa	934000	45889	38379.9	283143	0.0204379	11980800000
/drive2/iang/msa/concat_default-500Kb-1-neoaves_anomaly_case-admixture-Strigiformes_N297_rate090_time7099554-500Kb-1_na.fa	935000	46010.3	39174.8	284632	0.0184834	11980800000
/drive2/iang/msa/concat_default-500Kb-1-neoaves_anomaly_case-admixture-Strigiformes_N297_rate090_time7099554-500Kb-1_na.fa	936000	46805.8	39228.5	287322	0.0202949	11980800000
/drive2/iang/msa/concat_default-500Kb-1-neoaves_anomaly_case-admixture-Strigiformes_N297_rate090_time7099554-500Kb-1_na.fa	937000	47161.5	39002.6	289524	0.021717	11980800000
/drive2/iang/msa/concat_default-500Kb-1-neoaves_anomaly_case-admixture-Strigiformes_N297_rate090_time7099554-500Kb-1_na.fa	938000	48281.2	41169.4	298824	0.0183166	11980800000
/drive2/iang/msa/concat_default-500Kb-1-neoaves_anomaly_case-admixture-Strigiformes_N297_rate090_time7099554-500Kb-1_na.fa	939000	43552.4	37570.4	302044	0.0156119	11980800000
/drive2/iang/msa/concat_default-500Kb-1-neoaves_anomaly_case-admixture-Strigiformes_N297_rate090_time7099554-500Kb-1_na.fa	940000	40044.2	36615	298636	0.00913732	11980800000
/drive2/iang/msa/concat_default-500Kb-1-neoaves_anomaly_case-admixture-Strigiformes_N297_rate090_time7099554-500Kb-1_na.fa	941000	39935.3	37433.1	293543	0.00674605	11980800000
/drive2/iang/msa/concat_default-500Kb-1-neoaves_anomaly_case-admixture-Strigiformes_N297_rate090_time7099554-500Kb-1_na.fa	942000	36857.3	37117.9	289553	-0.00071701	11980800000
/drive2/iang/msa/concat_default-500Kb-1-neoaves_anomaly_case-admixture-Strigiformes_N297_rate090_time7099554-500Kb-1_na.fa	943000	36264.3	37386.3	277448	-0.00319565	11980800000
/drive2/iang/msa/concat_default-500Kb-1-neoaves_anomaly_case-admixture-Strigiformes_N297_rate090_time7099554-500Kb-1_na.fa	944000	35190.1	37423.6	268749	-0.00654305	11980800000
/drive2/iang/msa/concat_default-500Kb-1-neoaves_anomaly_case-admixture-Strigiformes_N297_rate090_time7099554-500Kb-1_na.fa	945000	34073	36679.1	278877	-0.00745385	11980800000
/drive2/iang/msa/concat_default-500Kb-1-neoaves_anomaly_case-admixture-Strigiformes_N297_rate090_time7099554-500Kb-1_na.fa	946000	33917.7	38168.8	275287	-0.0122379	11980800000
/drive2/iang/msa/concat_default-500Kb-1-neoaves_anomaly_case-admixture-Strigiformes_N297_rate090_time7099554-500Kb-1_na.fa	947000	32245.7	37955.4	272914	-0.0166406	11980800000
/drive2/iang/msa/concat_default-500Kb-1-neoaves_anomaly_case-admixture-Strigiformes_N297_rate090_time7099554-500Kb-1_na.fa	948000	32611.4	37333.3	268953	-0.013933	11980800000
/drive2/iang/msa/concat_default-500Kb-1-neoaves_anomaly_case-admixture-Strigiformes_N297_rate090_time7099554-500Kb-1_na.fa	949000	35364.7	36945	269431	-0.00462426	11980800000
/drive2/iang/msa/concat_default-500Kb-1-neoaves_anomaly_case-admixture-Strigiformes_N297_rate090_time7099554-500Kb-1_na.fa	950000	37370.1	36449.1	269781	0.00268043	11980800000
